 Note: create a file called 'STOP' to stop the code at next iteration and write out the result.
 Use option '-h' for more help.

  --- PARAMETERS : ---
  power to distribute ASR correction term:    1.0000000000000000     
  threshold of ASR violation:    9.9999999999999998E-013
  number of iterations max:        10000
  use periodic bounday conditions:  F
  --- ------------ ---
 ** Reading full grid FC3 file mat3R
     alat (bohr)    4.607423
     tpiba (1/bohr)    1.363709
     at_1 = (    1.000000    0.000000    0.000000 )
     at_2 = (   -0.500000    0.866025    0.000000 )
     at_3 = (    0.000000    0.000000    3.000000 )
     bg_1 = (    1.000000    0.577350   -0.000000 )
     bg_2 = (    0.000000    1.154701    0.000000 )
     bg_3 = (    0.000000   -0.000000    0.333333 )
     volume (bohr^3)  254.112647
 WARNING: Masses seem to be in Dalton units: rescaling
 old:   12.010700000000000     
 new:   10947.082792886500     
 Importing old force constant file: setting periodicity along ALL directions.
 If system is isolated along one direction, please regenerate FCs with option '-n'.
    Original FC3 grid:           2           2           1
    Number of R:                49
  grid size           2           2           1
 Reading : done. //  Mem used:  -1.0000000000000000E-003 Mb
 R indexing : done. //  Mem used:           0 Mb
 FC3 reindex : done. //  Mem used:           0 Mb
 Pre-symmetrization:   1.7287376860410512E-015
  Minimization started: create a file named 'STOP' to stop.
  asr3      iter        SQRT(deltot)SQRT(ABS(deltot-dels             delperm
  asr3         1        0.586961E+01        0.586961E+01        0.120017E+00
  asr3         2        0.325284E+01        0.325279E+01        0.539195E-01
  asr3         3        0.189681E+01        0.189664E+01        0.333024E-01
  asr3         4        0.124811E+01        0.124810E+01        0.226866E-01
  asr3         5        0.879437E+00        0.879374E+00        0.162564E-01
  asr3         6        0.643186E+00        0.643152E+00        0.114332E-01
  asr3         7        0.483601E+00        0.483601E+00        0.991273E-02
  asr3         8        0.375647E+00        0.375638E+00        0.735052E-02
  asr3         9        0.293390E+00        0.293390E+00        0.561006E-02
  asr3        10        0.231882E+00        0.231882E+00        0.462119E-02
  asr3        11        0.184828E+00        0.184828E+00        0.414260E-02
  asr3        12        0.147898E+00        0.147898E+00        0.328739E-02
  asr3        13        0.118488E+00        0.118488E+00        0.239623E-02
  asr3        14        0.953327E-01        0.953327E-01        0.208577E-02
  asr3        15        0.770478E-01        0.770474E-01        0.163067E-02
  asr3        16        0.621777E-01        0.621777E-01        0.135616E-02
  asr3        17        0.506085E-01        0.506078E-01        0.114358E-02
  asr3        18        0.407810E-01        0.407808E-01        0.868798E-03
  asr3        19        0.331559E-01        0.331558E-01        0.694091E-03
  asr3        20        0.269749E-01        0.269749E-01        0.623483E-03
  asr3        21        0.219374E-01        0.219374E-01        0.531528E-03
  asr3        22        0.178520E-01        0.178520E-01        0.391054E-03
  asr3        23        0.145789E-01        0.145789E-01        0.314610E-03
  asr3        24        0.118970E-01        0.118970E-01        0.276939E-03
  asr3        25        0.971048E-02        0.971048E-02        0.212354E-03
  asr3        26        0.793476E-02        0.793476E-02        0.180939E-03
  asr3        27        0.649507E-02        0.649507E-02        0.149278E-03
  asr3        28        0.533193E-02        0.533193E-02        0.129900E-03
  asr3        29        0.437584E-02        0.437584E-02        0.986793E-04
  asr3        30        0.360906E-02        0.360906E-02        0.842731E-04
  asr3        31        0.298516E-02        0.298516E-02        0.650148E-04
  asr3        32        0.247903E-02        0.247903E-02        0.573001E-04
  asr3        33        0.206654E-02        0.206654E-02        0.485881E-04
  asr3        34        0.172707E-02        0.172707E-02        0.366294E-04
  asr3        35        0.144452E-02        0.144452E-02        0.326223E-04
  asr3        36        0.121797E-02        0.121797E-02        0.276307E-04
  asr3        37        0.102700E-02        0.102700E-02        0.205834E-04
  asr3        38        0.870396E-03        0.870396E-03        0.181721E-04
  asr3        39        0.743909E-03        0.743909E-03        0.151800E-04
  asr3        40        0.637272E-03        0.637272E-03        0.128278E-04
  asr3        41        0.548642E-03        0.548642E-03        0.112442E-04
  asr3        42        0.477701E-03        0.477701E-03        0.101829E-04
  asr3        43        0.418323E-03        0.418323E-03        0.823222E-05
  asr3        44        0.370214E-03        0.370214E-03        0.748916E-05
  asr3        45        0.328958E-03        0.328958E-03        0.655889E-05
  asr3        46        0.294407E-03        0.294407E-03        0.486250E-05
  asr3        47        0.265486E-03        0.265486E-03        0.551621E-05
  asr3        48        0.241186E-03        0.241186E-03        0.482311E-05
  asr3        49        0.220333E-03        0.220333E-03        0.466872E-05
  asr3        50        0.202705E-03        0.202705E-03        0.412742E-05
  asr3        51        0.187721E-03        0.187721E-03        0.422495E-05
  asr3        52        0.175095E-03        0.175095E-03        0.450199E-05
  asr3        53        0.163937E-03        0.163937E-03        0.385443E-05
  asr3        54        0.154623E-03        0.154623E-03        0.354638E-05
  asr3        55        0.146482E-03        0.146482E-03        0.355405E-05
  asr3        56        0.139371E-03        0.139371E-03        0.320747E-05
  asr3        57        0.133263E-03        0.133263E-03        0.335854E-05
  asr3        58        0.127770E-03        0.127770E-03        0.312536E-05
  asr3        59        0.122600E-03        0.122600E-03        0.335108E-05
  asr3        60        0.119195E-03        0.119195E-03        0.313838E-05
  asr3        61        0.114798E-03        0.114798E-03        0.281287E-05
  asr3        62        0.111232E-03        0.111232E-03        0.268107E-05
  asr3        63        0.108188E-03        0.108188E-03        0.274215E-05
  asr3        64        0.105168E-03        0.105168E-03        0.287674E-05
  asr3        65        0.102493E-03        0.102493E-03        0.248590E-05
  asr3        66        0.100228E-03        0.100228E-03        0.251244E-05
  asr3        67        0.977992E-04        0.977992E-04        0.271282E-05
  asr3        68        0.956376E-04        0.956376E-04        0.258919E-05
  asr3        69        0.939428E-04        0.939428E-04        0.239049E-05
  asr3        70        0.918728E-04        0.918728E-04        0.243674E-05
  asr3        71        0.900634E-04        0.900634E-04        0.217345E-05
  asr3        72        0.883267E-04        0.883267E-04        0.222370E-05
  asr3        73        0.867085E-04        0.867085E-04        0.218699E-05
  asr3        74        0.851363E-04        0.851363E-04        0.229058E-05
  asr3        75        0.836328E-04        0.836328E-04        0.212273E-05
  asr3        76        0.821891E-04        0.821891E-04        0.220653E-05
  asr3        77        0.807817E-04        0.807817E-04        0.204650E-05
  asr3        78        0.794748E-04        0.794748E-04        0.210553E-05
  asr3        79        0.781946E-04        0.781946E-04        0.199870E-05
  asr3        80        0.769606E-04        0.769606E-04        0.201295E-05
  asr3        81        0.756499E-04        0.756499E-04        0.206724E-05
  asr3        82        0.746238E-04        0.746238E-04        0.206382E-05
  asr3        83        0.735160E-04        0.735160E-04        0.203664E-05
  asr3        84        0.723878E-04        0.723878E-04        0.186576E-05
  asr3        85        0.714292E-04        0.714292E-04        0.186969E-05
  asr3        86        0.704106E-04        0.704106E-04        0.185035E-05
  asr3        87        0.694449E-04        0.694449E-04        0.180863E-05
  asr3        88        0.684973E-04        0.684973E-04        0.180018E-05
  asr3        89        0.675846E-04        0.675846E-04        0.175813E-05
  asr3        90        0.666996E-04        0.666996E-04        0.180305E-05
  asr3        91        0.658212E-04        0.658212E-04        0.178340E-05
  asr3        92        0.650037E-04        0.650037E-04        0.169872E-05
  asr3        93        0.641931E-04        0.641931E-04        0.173707E-05
  asr3        94        0.635030E-04        0.635030E-04        0.170542E-05
  asr3        95        0.626463E-04        0.626463E-04        0.172548E-05
  asr3        96        0.618979E-04        0.618979E-04        0.167824E-05
  asr3        97        0.614333E-04        0.614333E-04        0.164455E-05
  asr3        98        0.604692E-04        0.604692E-04        0.164423E-05
  asr3        99        0.596615E-04        0.596615E-04        0.173271E-05
  asr3       100        0.591420E-04        0.591420E-04        0.163027E-05
  asr3       101        0.583046E-04        0.583046E-04        0.157773E-05
  asr3       102        0.577894E-04        0.577894E-04        0.162604E-05
  asr3       103        0.571868E-04        0.571868E-04        0.171004E-05
  asr3       104        0.565437E-04        0.565437E-04        0.159837E-05
  asr3       105        0.559661E-04        0.559661E-04        0.157505E-05
  asr3       106        0.553783E-04        0.553783E-04        0.152042E-05
  asr3       107        0.548084E-04        0.548084E-04        0.164713E-05
  asr3       108        0.542758E-04        0.542758E-04        0.147227E-05
  asr3       109        0.537010E-04        0.537010E-04        0.155239E-05
  asr3       110        0.531658E-04        0.531658E-04        0.151964E-05
  asr3       111        0.525950E-04        0.525950E-04        0.152395E-05
  asr3       112        0.521326E-04        0.521326E-04        0.152342E-05
  asr3       113        0.514026E-04        0.514026E-04        0.145940E-05
  asr3       114        0.511261E-04        0.511261E-04        0.153614E-05
  asr3       115        0.507089E-04        0.507089E-04        0.155699E-05
  asr3       116        0.500497E-04        0.500497E-04        0.153692E-05
  asr3       117        0.498294E-04        0.498294E-04        0.142835E-05
  asr3       118        0.490142E-04        0.490142E-04        0.146069E-05
  asr3       119        0.488626E-04        0.488626E-04        0.137681E-05
  asr3       120        0.483711E-04        0.483711E-04        0.141883E-05
  asr3       121        0.479374E-04        0.479374E-04        0.135896E-05
  asr3       122        0.475028E-04        0.475028E-04        0.136867E-05
  asr3       123        0.471064E-04        0.471064E-04        0.133115E-05
  asr3       124        0.466859E-04        0.466859E-04        0.141131E-05
  asr3       125        0.462765E-04        0.462765E-04        0.132822E-05
  asr3       126        0.457739E-04        0.457739E-04        0.137008E-05
  asr3       127        0.456197E-04        0.456197E-04        0.130148E-05
  asr3       128        0.451258E-04        0.451258E-04        0.132357E-05
  asr3       129        0.447268E-04        0.447268E-04        0.130769E-05
  asr3       130        0.443786E-04        0.443786E-04        0.131796E-05
  asr3       131        0.439996E-04        0.439996E-04        0.123214E-05
  asr3       132        0.436029E-04        0.436029E-04        0.137183E-05
  asr3       133        0.431904E-04        0.431904E-04        0.129037E-05
  asr3       134        0.429266E-04        0.429266E-04        0.123765E-05
  asr3       135        0.425929E-04        0.425929E-04        0.126354E-05
  asr3       136        0.421317E-04        0.421317E-04        0.124172E-05
  asr3       137        0.419066E-04        0.419066E-04        0.119262E-05
  asr3       138        0.415868E-04        0.415868E-04        0.120908E-05
  asr3       139        0.412551E-04        0.412551E-04        0.126438E-05
  asr3       140        0.408251E-04        0.408251E-04        0.121610E-05
  asr3       141        0.406098E-04        0.406098E-04        0.123355E-05
  asr3       142        0.401114E-04        0.401114E-04        0.120428E-05
  asr3       143        0.398990E-04        0.398990E-04        0.124306E-05
  asr3       144        0.395731E-04        0.395731E-04        0.120844E-05
  asr3       145        0.393738E-04        0.393738E-04        0.115580E-05
  asr3       146        0.390597E-04        0.390597E-04        0.113714E-05
  asr3       147        0.387917E-04        0.387917E-04        0.115820E-05
  asr3       148        0.384534E-04        0.384534E-04        0.120345E-05
  asr3       149        0.381798E-04        0.381798E-04        0.120464E-05
  asr3       150        0.379108E-04        0.379108E-04        0.120497E-05
  asr3       151        0.376393E-04        0.376393E-04        0.114161E-05
  asr3       152        0.373751E-04        0.373751E-04        0.113133E-05
  asr3       153        0.370888E-04        0.370888E-04        0.109419E-05
  asr3       154        0.368177E-04        0.368177E-04        0.109740E-05
  asr3       155        0.365289E-04        0.365289E-04        0.118410E-05
  asr3       156        0.362836E-04        0.362836E-04        0.122025E-05
  asr3       157        0.359632E-04        0.359632E-04        0.112977E-05
  asr3       158        0.357615E-04        0.357615E-04        0.110396E-05
  asr3       159        0.355056E-04        0.355056E-04        0.113586E-05
  asr3       160        0.352518E-04        0.352518E-04        0.107164E-05
  asr3       161        0.349866E-04        0.349866E-04        0.106814E-05
  asr3       162        0.347520E-04        0.347520E-04        0.108866E-05
  asr3       163        0.345068E-04        0.345068E-04        0.105074E-05
  asr3       164        0.342701E-04        0.342701E-04        0.102890E-05
  asr3       165        0.340230E-04        0.340230E-04        0.105260E-05
  asr3       166        0.337900E-04        0.337900E-04        0.110558E-05
  asr3       167        0.335468E-04        0.335468E-04        0.101358E-05
  asr3       168        0.332454E-04        0.332454E-04        0.101937E-05
  asr3       169        0.330074E-04        0.330074E-04        0.100797E-05
  asr3       170        0.328529E-04        0.328529E-04        0.102053E-05
  asr3       171        0.326256E-04        0.326256E-04        0.110104E-05
  asr3       172        0.323798E-04        0.323798E-04        0.101541E-05
  asr3       173        0.321783E-04        0.321783E-04        0.102698E-05
  asr3       174        0.319574E-04        0.319574E-04        0.974903E-06
  asr3       175        0.317382E-04        0.317382E-04        0.103257E-05
  asr3       176        0.315205E-04        0.315205E-04        0.103242E-05
  asr3       177        0.312237E-04        0.312237E-04        0.991908E-06
  asr3       178        0.311000E-04        0.311000E-04        0.964800E-06
  asr3       179        0.309787E-04        0.309787E-04        0.936150E-06
  asr3       180        0.306802E-04        0.306802E-04        0.952441E-06
  asr3       181        0.304657E-04        0.304657E-04        0.939389E-06
  asr3       182        0.302739E-04        0.302739E-04        0.882918E-06
  asr3       183        0.300550E-04        0.300550E-04        0.994329E-06
  asr3       184        0.298494E-04        0.298494E-04        0.976522E-06
  asr3       185        0.296339E-04        0.296339E-04        0.909357E-06
  asr3       186        0.294553E-04        0.294553E-04        0.894383E-06
  asr3       187        0.292537E-04        0.292537E-04        0.903454E-06
  asr3       188        0.290640E-04        0.290640E-04        0.897820E-06
  asr3       189        0.288686E-04        0.288686E-04        0.918911E-06
  asr3       190        0.286788E-04        0.286788E-04        0.869943E-06
  asr3       191        0.284872E-04        0.284872E-04        0.884789E-06
  asr3       192        0.282977E-04        0.282977E-04        0.892048E-06
  asr3       193        0.281132E-04        0.281132E-04        0.870901E-06
  asr3       194        0.279298E-04        0.279298E-04        0.866415E-06
  asr3       195        0.277437E-04        0.277437E-04        0.890236E-06
  asr3       196        0.276041E-04        0.276041E-04        0.926873E-06
  asr3       197        0.274709E-04        0.274709E-04        0.858499E-06
  asr3       198        0.272023E-04        0.272023E-04        0.903775E-06
  asr3       199        0.270262E-04        0.270262E-04        0.866345E-06
  asr3       200        0.267587E-04        0.267587E-04        0.901708E-06
  asr3       201        0.266714E-04        0.266714E-04        0.828423E-06
  asr3       202        0.264984E-04        0.264984E-04        0.835168E-06
  asr3       203        0.263163E-04        0.263163E-04        0.823004E-06
  asr3       204        0.261459E-04        0.261459E-04        0.846725E-06
  asr3       205        0.259852E-04        0.259852E-04        0.782595E-06
  asr3       206        0.258055E-04        0.258055E-04        0.827072E-06
  asr3       207        0.256506E-04        0.256506E-04        0.840329E-06
  asr3       208        0.254852E-04        0.254852E-04        0.782619E-06
  asr3       209        0.253218E-04        0.253218E-04        0.860589E-06
  asr3       210        0.251521E-04        0.251521E-04        0.873297E-06
  asr3       211        0.248362E-04        0.248362E-04        0.785750E-06
  asr3       212        0.248355E-04        0.248355E-04        0.855053E-06
  asr3       213        0.246252E-04        0.246252E-04        0.830697E-06
  asr3       214        0.245092E-04        0.245092E-04        0.742480E-06
  asr3       215        0.243454E-04        0.243454E-04        0.780442E-06
  asr3       216        0.242086E-04        0.242086E-04        0.748049E-06
  asr3       217        0.240373E-04        0.240373E-04        0.814114E-06
  asr3       218        0.238347E-04        0.238347E-04        0.783190E-06
  asr3       219        0.237319E-04        0.237319E-04        0.777940E-06
  asr3       220        0.236001E-04        0.236001E-04        0.770520E-06
  asr3       221        0.234510E-04        0.234510E-04        0.777176E-06
  asr3       222        0.233108E-04        0.233108E-04        0.758406E-06
  asr3       223        0.231589E-04        0.231589E-04        0.754228E-06
  asr3       224        0.229709E-04        0.229709E-04        0.713675E-06
  asr3       225        0.228561E-04        0.228561E-04        0.707528E-06
  asr3       226        0.227197E-04        0.227197E-04        0.746712E-06
  asr3       227        0.225742E-04        0.225742E-04        0.704432E-06
  asr3       228        0.224350E-04        0.224350E-04        0.700706E-06
  asr3       229        0.222944E-04        0.222944E-04        0.748492E-06
  asr3       230        0.221602E-04        0.221602E-04        0.704132E-06
  asr3       231        0.220540E-04        0.220540E-04        0.704040E-06
  asr3       232        0.218446E-04        0.218446E-04        0.736106E-06
  asr3       233        0.217470E-04        0.217470E-04        0.698938E-06
  asr3       234        0.215842E-04        0.215842E-04        0.735502E-06
  asr3       235        0.214817E-04        0.214817E-04        0.711002E-06
  asr3       236        0.213692E-04        0.213692E-04        0.708473E-06
  asr3       237        0.211971E-04        0.211971E-04        0.667579E-06
  asr3       238        0.210715E-04        0.210715E-04        0.723352E-06
  asr3       239        0.209693E-04        0.209693E-04        0.715363E-06
  asr3       240        0.207507E-04        0.207507E-04        0.709309E-06
  asr3       241        0.206746E-04        0.206746E-04        0.722439E-06
  asr3       242        0.205538E-04        0.205538E-04        0.692278E-06
  asr3       243        0.204625E-04        0.204625E-04        0.720555E-06
  asr3       244        0.203445E-04        0.203445E-04        0.694173E-06
  asr3       245        0.201853E-04        0.201853E-04        0.632253E-06
  asr3       246        0.200511E-04        0.200511E-04        0.676219E-06
  asr3       247        0.199279E-04        0.199279E-04        0.641728E-06
  asr3       248        0.198031E-04        0.198031E-04        0.677813E-06
  asr3       249        0.196828E-04        0.196828E-04        0.635936E-06
  asr3       250        0.195667E-04        0.195667E-04        0.678486E-06
  asr3       251        0.195164E-04        0.195164E-04        0.657024E-06
  asr3       252        0.193235E-04        0.193235E-04        0.626263E-06
  asr3       253        0.192052E-04        0.192052E-04        0.665319E-06
  asr3       254        0.191138E-04        0.191138E-04        0.602249E-06
  asr3       255        0.189352E-04        0.189352E-04        0.603954E-06
  asr3       256        0.188550E-04        0.188550E-04        0.623253E-06
  asr3       257        0.187398E-04        0.187398E-04        0.585897E-06
  asr3       258        0.186260E-04        0.186260E-04        0.615306E-06
  asr3       259        0.185128E-04        0.185128E-04        0.627398E-06
  asr3       260        0.184002E-04        0.184002E-04        0.588628E-06
  asr3       261        0.182899E-04        0.182899E-04        0.624115E-06
  asr3       262        0.181520E-04        0.181520E-04        0.647070E-06
  asr3       263        0.180181E-04        0.180181E-04        0.609418E-06
  asr3       264        0.179622E-04        0.179622E-04        0.618788E-06
  asr3       265        0.178210E-04        0.178210E-04        0.576375E-06
  asr3       266        0.177412E-04        0.177412E-04        0.576414E-06
  asr3       267        0.176347E-04        0.176347E-04        0.586774E-06
  asr3       268        0.175273E-04        0.175273E-04        0.620726E-06
  asr3       269        0.174212E-04        0.174212E-04        0.613302E-06
  asr3       270        0.173417E-04        0.173417E-04        0.548077E-06
  asr3       271        0.172096E-04        0.172096E-04        0.587996E-06
  asr3       272        0.171109E-04        0.171109E-04        0.625828E-06
  asr3       273        0.170703E-04        0.170703E-04        0.552933E-06
  asr3       274        0.169033E-04        0.169033E-04        0.612130E-06
  asr3       275        0.168001E-04        0.168001E-04        0.527624E-06
  asr3       276        0.167050E-04        0.167050E-04        0.540986E-06
  asr3       277        0.166053E-04        0.166053E-04        0.561225E-06
  asr3       278        0.165046E-04        0.165046E-04        0.548320E-06
  asr3       279        0.163836E-04        0.163836E-04        0.563675E-06
  asr3       280        0.163101E-04        0.163101E-04        0.529903E-06
  asr3       281        0.162134E-04        0.162134E-04        0.531614E-06
  asr3       282        0.161141E-04        0.161141E-04        0.538229E-06
  asr3       283        0.160206E-04        0.160206E-04        0.530731E-06
  asr3       284        0.159251E-04        0.159251E-04        0.553897E-06
  asr3       285        0.158298E-04        0.158298E-04        0.539638E-06
  asr3       286        0.157427E-04        0.157427E-04        0.535200E-06
  asr3       287        0.156414E-04        0.156414E-04        0.547027E-06
  asr3       288        0.155626E-04        0.155626E-04        0.552080E-06
  asr3       289        0.154558E-04        0.154558E-04        0.501156E-06
  asr3       290        0.153817E-04        0.153817E-04        0.568884E-06
  asr3       291        0.152612E-04        0.152612E-04        0.511107E-06
  asr3       292        0.151880E-04        0.151880E-04        0.540448E-06
  asr3       293        0.150969E-04        0.150969E-04        0.534550E-06
  asr3       294        0.150104E-04        0.150104E-04        0.495452E-06
  asr3       295        0.149225E-04        0.149225E-04        0.490629E-06
  asr3       296        0.148326E-04        0.148326E-04        0.546222E-06
  asr3       297        0.147501E-04        0.147501E-04        0.484898E-06
  asr3       298        0.146617E-04        0.146617E-04        0.521808E-06
  asr3       299        0.145732E-04        0.145732E-04        0.521909E-06
  asr3       300        0.144867E-04        0.144867E-04        0.489766E-06
  asr3       301        0.144077E-04        0.144077E-04        0.497862E-06
  asr3       302        0.142102E-04        0.142102E-04        0.489663E-06
  asr3       303        0.142393E-04        0.142393E-04        0.479543E-06
  asr3       304        0.141538E-04        0.141538E-04        0.515913E-06
  asr3       305        0.140718E-04        0.140718E-04        0.466805E-06
  asr3       306        0.139878E-04        0.139878E-04        0.495194E-06
  asr3       307        0.139136E-04        0.139136E-04        0.442065E-06
  asr3       308        0.138333E-04        0.138333E-04        0.517837E-06
  asr3       309        0.137428E-04        0.137428E-04        0.483538E-06
  asr3       310        0.136708E-04        0.136708E-04        0.472024E-06
  asr3       311        0.135936E-04        0.135936E-04        0.461554E-06
  asr3       312        0.135116E-04        0.135116E-04        0.486939E-06
  asr3       313        0.134385E-04        0.134385E-04        0.479357E-06
  asr3       314        0.133764E-04        0.133764E-04        0.477120E-06
  asr3       315        0.132993E-04        0.132993E-04        0.461628E-06
  asr3       316        0.132064E-04        0.132064E-04        0.469331E-06
  asr3       317        0.131303E-04        0.131303E-04        0.478464E-06
  asr3       318        0.130712E-04        0.130712E-04        0.464057E-06
  asr3       319        0.129796E-04        0.129796E-04        0.461667E-06
  asr3       320        0.129001E-04        0.129001E-04        0.471673E-06
  asr3       321        0.128265E-04        0.128265E-04        0.459252E-06
  asr3       322        0.127151E-04        0.127151E-04        0.437221E-06
  asr3       323        0.126783E-04        0.126783E-04        0.469599E-06
  asr3       324        0.126121E-04        0.126121E-04        0.458349E-06
  asr3       325        0.125392E-04        0.125392E-04        0.456562E-06
  asr3       326        0.124700E-04        0.124700E-04        0.420437E-06
  asr3       327        0.123972E-04        0.123972E-04        0.432681E-06
  asr3       328        0.122852E-04        0.122852E-04        0.427682E-06
  asr3       329        0.122555E-04        0.122555E-04        0.421011E-06
  asr3       330        0.121864E-04        0.121864E-04        0.422082E-06
  asr3       331        0.121172E-04        0.121172E-04        0.427369E-06
  asr3       332        0.120435E-04        0.120435E-04        0.416197E-06
  asr3       333        0.119831E-04        0.119831E-04        0.417596E-06
  asr3       334        0.119635E-04        0.119635E-04        0.394179E-06
  asr3       335        0.118456E-04        0.118456E-04        0.419067E-06
  asr3       336        0.117785E-04        0.117785E-04        0.403626E-06
  asr3       337        0.116683E-04        0.116683E-04        0.439593E-06
  asr3       338        0.116472E-04        0.116472E-04        0.429748E-06
  asr3       339        0.115817E-04        0.115817E-04        0.394103E-06
  asr3       340        0.115153E-04        0.115153E-04        0.419877E-06
  asr3       341        0.114499E-04        0.114499E-04        0.399316E-06
  asr3       342        0.113855E-04        0.113855E-04        0.432000E-06
  asr3       343        0.113200E-04        0.113200E-04        0.435276E-06
  asr3       344        0.112586E-04        0.112586E-04        0.433620E-06
  asr3       345        0.111949E-04        0.111949E-04        0.383375E-06
  asr3       346        0.111317E-04        0.111317E-04        0.429385E-06
  asr3       347        0.110621E-04        0.110621E-04        0.401838E-06
  asr3       348        0.110079E-04        0.110079E-04        0.399487E-06
  asr3       349        0.109370E-04        0.109370E-04        0.383367E-06
  asr3       350        0.108855E-04        0.108855E-04        0.373517E-06
  asr3       351        0.108222E-04        0.108222E-04        0.395916E-06
  asr3       352        0.107599E-04        0.107599E-04        0.393267E-06
  asr3       353        0.107033E-04        0.107033E-04        0.369231E-06
  asr3       354        0.106436E-04        0.106436E-04        0.397988E-06
  asr3       355        0.105824E-04        0.105824E-04        0.390659E-06
  asr3       356        0.104886E-04        0.104886E-04        0.368290E-06
  asr3       357        0.104667E-04        0.104667E-04        0.385079E-06
  asr3       358        0.104085E-04        0.104085E-04        0.391152E-06
  asr3       359        0.103507E-04        0.103507E-04        0.368507E-06
  asr3       360        0.102380E-04        0.102380E-04        0.361576E-06
  asr3       361        0.102352E-04        0.102352E-04        0.405376E-06
  asr3       362        0.102193E-04        0.102193E-04        0.368964E-06
  asr3       363        0.101251E-04        0.101251E-04        0.366459E-06
  asr3       364        0.100580E-04        0.100580E-04        0.357989E-06
  asr3       365        0.100121E-04        0.100121E-04        0.339992E-06
  asr3       366        0.995674E-05        0.995674E-05        0.368461E-06
  asr3       367        0.989886E-05        0.989886E-05        0.368023E-06
  asr3       368        0.984729E-05        0.984729E-05        0.372191E-06
  asr3       369        0.978147E-05        0.978147E-05        0.335911E-06
  asr3       370        0.974934E-05        0.974934E-05        0.361208E-06
  asr3       371        0.968577E-05        0.968577E-05        0.340039E-06
  asr3       372        0.964258E-05        0.964258E-05        0.360561E-06
  asr3       373        0.958684E-05        0.958684E-05        0.356781E-06
  asr3       374        0.952582E-05        0.952582E-05        0.355823E-06
  asr3       375        0.947747E-05        0.947747E-05        0.331543E-06
  asr3       376        0.942299E-05        0.942299E-05        0.337299E-06
  asr3       377        0.937136E-05        0.937136E-05        0.342185E-06
  asr3       378        0.932086E-05        0.932086E-05        0.341532E-06
  asr3       379        0.925844E-05        0.925844E-05        0.332152E-06
  asr3       380        0.921855E-05        0.921855E-05        0.374553E-06
  asr3       381        0.912812E-05        0.912812E-05        0.348498E-06
  asr3       382        0.911815E-05        0.911815E-05        0.336556E-06
  asr3       383        0.903262E-05        0.903262E-05        0.345403E-06
  asr3       384        0.901868E-05        0.901868E-05        0.327108E-06
  asr3       385        0.894967E-05        0.894967E-05        0.368835E-06
  asr3       386        0.892457E-05        0.892457E-05        0.342962E-06
  asr3       387        0.887268E-05        0.887268E-05        0.333910E-06
  asr3       388        0.882454E-05        0.882454E-05        0.312089E-06
  asr3       389        0.877411E-05        0.877411E-05        0.303714E-06
  asr3       390        0.872938E-05        0.872938E-05        0.325333E-06
  asr3       391        0.864979E-05        0.864979E-05        0.318972E-06
  asr3       392        0.863521E-05        0.863521E-05        0.304992E-06
  asr3       393        0.858832E-05        0.858832E-05        0.317244E-06
  asr3       394        0.854197E-05        0.854197E-05        0.304048E-06
  asr3       395        0.849595E-05        0.849595E-05        0.301769E-06
  asr3       396        0.845002E-05        0.845002E-05        0.301037E-06
  asr3       397        0.840502E-05        0.840502E-05        0.319169E-06
  asr3       398        0.835857E-05        0.835857E-05        0.297061E-06
  asr3       399        0.831471E-05        0.831471E-05        0.329701E-06
  asr3       400        0.823234E-05        0.823234E-05        0.289831E-06
  asr3       401        0.822536E-05        0.822536E-05        0.298210E-06
  asr3       402        0.818140E-05        0.818140E-05        0.303858E-06
  asr3       403        0.813710E-05        0.813710E-05        0.285070E-06
  asr3       404        0.808965E-05        0.808965E-05        0.315397E-06
  asr3       405        0.804860E-05        0.804860E-05        0.301021E-06
  asr3       406        0.798974E-05        0.798974E-05        0.299452E-06
  asr3       407        0.796404E-05        0.796404E-05        0.310642E-06
  asr3       408        0.795644E-05        0.795644E-05        0.315130E-06
  asr3       409        0.790845E-05        0.790845E-05        0.290639E-06
  asr3       410        0.783847E-05        0.783847E-05        0.268566E-06
  asr3       411        0.779669E-05        0.779669E-05        0.298487E-06
  asr3       412        0.775591E-05        0.775591E-05        0.297408E-06
  asr3       413        0.771230E-05        0.771230E-05        0.312788E-06
  asr3       414        0.770671E-05        0.770671E-05        0.293033E-06
  asr3       415        0.763183E-05        0.763183E-05        0.280960E-06
  asr3       416        0.759149E-05        0.759149E-05        0.278748E-06
  asr3       417        0.755112E-05        0.755112E-05        0.284208E-06
  asr3       418        0.751100E-05        0.751100E-05        0.291279E-06
  asr3       419        0.744291E-05        0.744291E-05        0.274576E-06
  asr3       420        0.743143E-05        0.743143E-05        0.294775E-06
  asr3       421        0.739774E-05        0.739774E-05        0.267889E-06
  asr3       422        0.735915E-05        0.735915E-05        0.272093E-06
  asr3       423        0.731457E-05        0.731457E-05        0.270367E-06
  asr3       424        0.727331E-05        0.727331E-05        0.281194E-06
  asr3       425        0.723761E-05        0.723761E-05        0.280078E-06
  asr3       426        0.719373E-05        0.719373E-05        0.266701E-06
  asr3       427        0.716096E-05        0.716096E-05        0.265204E-06
  asr3       428        0.712334E-05        0.712334E-05        0.259191E-06
  asr3       429        0.708504E-05        0.708504E-05        0.251718E-06
  asr3       430        0.704860E-05        0.704860E-05        0.267227E-06
  asr3       431        0.701089E-05        0.701089E-05        0.267194E-06
  asr3       432        0.697416E-05        0.697416E-05        0.276454E-06
  asr3       433        0.693804E-05        0.693804E-05        0.264591E-06
  asr3       434        0.690014E-05        0.690014E-05        0.270231E-06
  asr3       435        0.683843E-05        0.683843E-05        0.263653E-06
  asr3       436        0.682816E-05        0.682816E-05        0.266292E-06
  asr3       437        0.679126E-05        0.679126E-05        0.248221E-06
  asr3       438        0.675938E-05        0.675938E-05        0.273136E-06
  asr3       439        0.674366E-05        0.674366E-05        0.273685E-06
  asr3       440        0.668491E-05        0.668491E-05        0.256763E-06
  asr3       441        0.665768E-05        0.665768E-05        0.244292E-06
  asr3       442        0.661909E-05        0.661909E-05        0.236797E-06
  asr3       443        0.658478E-05        0.658478E-05        0.241760E-06
  asr3       444        0.654984E-05        0.654984E-05        0.250680E-06
  asr3       445        0.651584E-05        0.651584E-05        0.260241E-06
  asr3       446        0.648126E-05        0.648126E-05        0.227545E-06
  asr3       447        0.644332E-05        0.644332E-05        0.267748E-06
  asr3       448        0.641685E-05        0.641685E-05        0.240901E-06
  asr3       449        0.637859E-05        0.637859E-05        0.234515E-06
  asr3       450        0.634823E-05        0.634823E-05        0.228588E-06
  asr3       451        0.631263E-05        0.631263E-05        0.253490E-06
  asr3       452        0.628733E-05        0.628733E-05        0.231893E-06
  asr3       453        0.624551E-05        0.624551E-05        0.240268E-06
  asr3       454        0.621765E-05        0.621765E-05        0.244068E-06
  asr3       455        0.617960E-05        0.617960E-05        0.233471E-06
  asr3       456        0.615297E-05        0.615297E-05        0.227244E-06
  asr3       457        0.612167E-05        0.612167E-05        0.226764E-06
  asr3       458        0.608991E-05        0.608991E-05        0.235940E-06
  asr3       459        0.603029E-05        0.603029E-05        0.230326E-06
  asr3       460        0.600330E-05        0.600330E-05        0.227007E-06
  asr3       461        0.599550E-05        0.599550E-05        0.225599E-06
  asr3       462        0.596462E-05        0.596462E-05        0.227441E-06
  asr3       463        0.590613E-05        0.590613E-05        0.231826E-06
  asr3       464        0.587958E-05        0.587958E-05        0.237545E-06
  asr3       465        0.587281E-05        0.587281E-05        0.233495E-06
  asr3       466        0.584623E-05        0.584623E-05        0.217258E-06
  asr3       467        0.581309E-05        0.581309E-05        0.221540E-06
  asr3       468        0.578297E-05        0.578297E-05        0.210809E-06
  asr3       469        0.575344E-05        0.575344E-05        0.233677E-06
  asr3       470        0.572683E-05        0.572683E-05        0.213674E-06
  asr3       471        0.569488E-05        0.569488E-05        0.226953E-06
  asr3       472        0.566579E-05        0.566579E-05        0.211630E-06
  asr3       473        0.563670E-05        0.563670E-05        0.220598E-06
  asr3       474        0.560496E-05        0.560496E-05        0.214229E-06
  asr3       475        0.557928E-05        0.557928E-05        0.227352E-06
  asr3       476        0.557743E-05        0.557743E-05        0.217942E-06
  asr3       477        0.552262E-05        0.552262E-05        0.206210E-06
  asr3       478        0.549393E-05        0.549393E-05        0.205456E-06
  asr3       479        0.546602E-05        0.546602E-05        0.204649E-06
  asr3       480        0.543850E-05        0.543850E-05        0.194567E-06
  asr3       481        0.541047E-05        0.541047E-05        0.207537E-06
  asr3       482        0.538316E-05        0.538316E-05        0.202169E-06
  asr3       483        0.535556E-05        0.535556E-05        0.192197E-06
  asr3       484        0.532829E-05        0.532829E-05        0.200188E-06
  asr3       485        0.530069E-05        0.530069E-05        0.203720E-06
  asr3       486        0.527620E-05        0.527620E-05        0.198407E-06
  asr3       487        0.524805E-05        0.524805E-05        0.193320E-06
  asr3       488        0.522167E-05        0.522167E-05        0.196857E-06
  asr3       489        0.519122E-05        0.519122E-05        0.195776E-06
  asr3       490        0.516829E-05        0.516829E-05        0.207854E-06
  asr3       491        0.516277E-05        0.516277E-05        0.202796E-06
  asr3       492        0.511560E-05        0.511560E-05        0.206639E-06
  asr3       493        0.508938E-05        0.508938E-05        0.202362E-06
  asr3       494        0.505472E-05        0.505472E-05        0.200523E-06
  asr3       495        0.503880E-05        0.503880E-05        0.208712E-06
  asr3       496        0.498629E-05        0.498629E-05        0.201429E-06
  asr3       497        0.498812E-05        0.498812E-05        0.201216E-06
  asr3       498        0.496336E-05        0.496336E-05        0.196047E-06
  asr3       499        0.493802E-05        0.493802E-05        0.199654E-06
  asr3       500        0.491308E-05        0.491308E-05        0.198813E-06
  asr3       501        0.488821E-05        0.488821E-05        0.202992E-06
  asr3       502        0.486395E-05        0.486395E-05        0.185007E-06
  asr3       503        0.483926E-05        0.483926E-05        0.188095E-06
  asr3       504        0.481516E-05        0.481516E-05        0.179001E-06
  asr3       505        0.478874E-05        0.478874E-05        0.173889E-06
  asr3       506        0.476673E-05        0.476673E-05        0.193574E-06
  asr3       507        0.474274E-05        0.474274E-05        0.172160E-06
  asr3       508        0.471902E-05        0.471902E-05        0.188258E-06
  asr3       509        0.467284E-05        0.467284E-05        0.187228E-06
  asr3       510        0.465252E-05        0.465252E-05        0.180614E-06
  asr3       511        0.464842E-05        0.464842E-05        0.181167E-06
  asr3       512        0.462513E-05        0.462513E-05        0.183868E-06
  asr3       513        0.460189E-05        0.460189E-05        0.171873E-06
  asr3       514        0.457880E-05        0.457880E-05        0.190317E-06
  asr3       515        0.455592E-05        0.455592E-05        0.186103E-06
  asr3       516        0.451134E-05        0.451134E-05        0.179816E-06
  asr3       517        0.451043E-05        0.451043E-05        0.165157E-06
  asr3       518        0.448791E-05        0.448791E-05        0.183576E-06
  asr3       519        0.447040E-05        0.447040E-05        0.166961E-06
  asr3       520        0.444323E-05        0.444323E-05        0.173730E-06
  asr3       521        0.442097E-05        0.442097E-05        0.165829E-06
  asr3       522        0.439884E-05        0.439884E-05        0.175874E-06
  asr3       523        0.434191E-05        0.434191E-05        0.170530E-06
  asr3       524        0.435294E-05        0.435294E-05        0.169926E-06
  asr3       525        0.433360E-05        0.433360E-05        0.169341E-06
  asr3       526        0.431204E-05        0.431204E-05        0.165905E-06
  asr3       527        0.429064E-05        0.429064E-05        0.172984E-06
  asr3       528        0.426944E-05        0.426944E-05        0.164197E-06
  asr3       529        0.424827E-05        0.424827E-05        0.176221E-06
  asr3       530        0.421022E-05        0.421022E-05        0.184198E-06
  asr3       531        0.420580E-05        0.420580E-05        0.175531E-06
  asr3       532        0.418155E-05        0.418155E-05        0.176304E-06
  asr3       533        0.416474E-05        0.416474E-05        0.168445E-06
  asr3       534        0.414423E-05        0.414423E-05        0.179475E-06
  asr3       535        0.411018E-05        0.411018E-05        0.161651E-06
  asr3       536        0.410300E-05        0.410300E-05        0.161984E-06
  asr3       537        0.408264E-05        0.408264E-05        0.162030E-06
  asr3       538        0.404303E-05        0.404303E-05        0.159052E-06
  asr3       539        0.404168E-05        0.404168E-05        0.166552E-06
  asr3       540        0.401935E-05        0.401935E-05        0.158608E-06
  asr3       541        0.400424E-05        0.400424E-05        0.158688E-06
  asr3       542        0.398134E-05        0.398134E-05        0.161663E-06
  asr3       543        0.396339E-05        0.396339E-05        0.160311E-06
  asr3       544        0.394211E-05        0.394211E-05        0.149578E-06
  asr3       545        0.392447E-05        0.392447E-05        0.149002E-06
  asr3       546        0.390513E-05        0.390513E-05        0.151397E-06
  asr3       547        0.388591E-05        0.388591E-05        0.164183E-06
  asr3       548        0.386691E-05        0.386691E-05        0.153674E-06
  asr3       549        0.384753E-05        0.384753E-05        0.156107E-06
  asr3       550        0.382702E-05        0.382702E-05        0.161947E-06
  asr3       551        0.380826E-05        0.380826E-05        0.151238E-06
  asr3       552        0.379071E-05        0.379071E-05        0.153823E-06
  asr3       553        0.377287E-05        0.377287E-05        0.149760E-06
  asr3       554        0.375401E-05        0.375401E-05        0.159166E-06
  asr3       555        0.373530E-05        0.373530E-05        0.155540E-06
  asr3       556        0.371607E-05        0.371607E-05        0.149127E-06
  asr3       557        0.370272E-05        0.370272E-05        0.154187E-06
  asr3       558        0.368111E-05        0.368111E-05        0.149674E-06
  asr3       559        0.366315E-05        0.366315E-05        0.139383E-06
  asr3       560        0.364536E-05        0.364536E-05        0.149100E-06
  asr3       561        0.362770E-05        0.362770E-05        0.151231E-06
  asr3       562        0.361017E-05        0.361017E-05        0.141536E-06
  asr3       563        0.357469E-05        0.357469E-05        0.140791E-06
  asr3       564        0.357475E-05        0.357475E-05        0.153756E-06
  asr3       565        0.354538E-05        0.354538E-05        0.155649E-06
  asr3       566        0.354005E-05        0.354005E-05        0.141138E-06
  asr3       567        0.352134E-05        0.352134E-05        0.144827E-06
  asr3       568        0.350559E-05        0.350559E-05        0.143787E-06
  asr3       569        0.348960E-05        0.348960E-05        0.130321E-06
  asr3       570        0.347143E-05        0.347143E-05        0.139014E-06
  asr3       571        0.345440E-05        0.345440E-05        0.144743E-06
  asr3       572        0.343727E-05        0.343727E-05        0.131788E-06
  asr3       573        0.342103E-05        0.342103E-05        0.134129E-06
  asr3       574        0.340313E-05        0.340313E-05        0.136897E-06
  asr3       575        0.338786E-05        0.338786E-05        0.132968E-06
  asr3       576        0.337144E-05        0.337144E-05        0.129356E-06
  asr3       577        0.335512E-05        0.335512E-05        0.139029E-06
  asr3       578        0.332542E-05        0.332542E-05        0.127611E-06
  asr3       579        0.332163E-05        0.332163E-05        0.134365E-06
  asr3       580        0.330668E-05        0.330668E-05        0.138957E-06
  asr3       581        0.328977E-05        0.328977E-05        0.140931E-06
  asr3       582        0.327443E-05        0.327443E-05        0.128666E-06
  asr3       583        0.325862E-05        0.325862E-05        0.137181E-06
  asr3       584        0.324285E-05        0.324285E-05        0.133827E-06
  asr3       585        0.322712E-05        0.322712E-05        0.135895E-06
  asr3       586        0.321151E-05        0.321151E-05        0.130737E-06
  asr3       587        0.318281E-05        0.318281E-05        0.129087E-06
  asr3       588        0.318063E-05        0.318063E-05        0.139579E-06
  asr3       589        0.316527E-05        0.316527E-05        0.122207E-06
  asr3       590        0.314999E-05        0.314999E-05        0.132982E-06
  asr3       591        0.313488E-05        0.313488E-05        0.137899E-06
  asr3       592        0.311911E-05        0.311911E-05        0.128529E-06
  asr3       593        0.310466E-05        0.310466E-05        0.128006E-06
  asr3       594        0.308971E-05        0.308971E-05        0.127400E-06
  asr3       595        0.307417E-05        0.307417E-05        0.127442E-06
  asr3       596        0.304473E-05        0.304473E-05        0.134557E-06
  asr3       597        0.304302E-05        0.304302E-05        0.129560E-06
  asr3       598        0.304660E-05        0.304660E-05        0.126605E-06
  asr3       599        0.301720E-05        0.301720E-05        0.119343E-06
  asr3       600        0.300177E-05        0.300177E-05        0.118899E-06
  asr3       601        0.298616E-05        0.298616E-05        0.123545E-06
  asr3       602        0.297289E-05        0.297289E-05        0.122978E-06
  asr3       603        0.295943E-05        0.295943E-05        0.114226E-06
  asr3       604        0.294446E-05        0.294446E-05        0.119641E-06
  asr3       605        0.292927E-05        0.292927E-05        0.121538E-06
  asr3       606        0.291526E-05        0.291526E-05        0.118423E-06
  asr3       607        0.290228E-05        0.290228E-05        0.125623E-06
  asr3       608        0.288672E-05        0.288672E-05        0.114541E-06
  asr3       609        0.287453E-05        0.287453E-05        0.111390E-06
  asr3       610        0.286072E-05        0.286072E-05        0.113475E-06
  asr3       611        0.284698E-05        0.284698E-05        0.115743E-06
  asr3       612        0.283272E-05        0.283272E-05        0.117623E-06
  asr3       613        0.281915E-05        0.281915E-05        0.112161E-06
  asr3       614        0.280614E-05        0.280614E-05        0.114157E-06
  asr3       615        0.279286E-05        0.279286E-05        0.121201E-06
  asr3       616        0.277822E-05        0.277822E-05        0.115937E-06
  asr3       617        0.276614E-05        0.276614E-05        0.120457E-06
  asr3       618        0.275295E-05        0.275295E-05        0.126557E-06
  asr3       619        0.271582E-05        0.271582E-05        0.112973E-06
  asr3       620        0.272591E-05        0.272591E-05        0.114527E-06
  asr3       621        0.270008E-05        0.270008E-05        0.111324E-06
  asr3       622        0.270061E-05        0.270061E-05        0.117483E-06
  asr3       623        0.268740E-05        0.268740E-05        0.121969E-06
  asr3       624        0.268707E-05        0.268707E-05        0.106419E-06
  asr3       625        0.266208E-05        0.266208E-05        0.111759E-06
  asr3       626        0.264933E-05        0.264933E-05        0.108337E-06
  asr3       627        0.263674E-05        0.263674E-05        0.111535E-06
  asr3       628        0.259943E-05        0.259943E-05        0.102178E-06
  asr3       629        0.261271E-05        0.261271E-05        0.102000E-06
  asr3       630        0.259916E-05        0.259916E-05        0.103962E-06
  asr3       631        0.258724E-05        0.258724E-05        0.105768E-06
  asr3       632        0.257448E-05        0.257448E-05        0.103072E-06
  asr3       633        0.256271E-05        0.256271E-05        0.107189E-06
  asr3       634        0.254960E-05        0.254960E-05        0.115922E-06
  asr3       635        0.253779E-05        0.253779E-05        0.106184E-06
  asr3       636        0.252582E-05        0.252582E-05        0.103527E-06
  asr3       637        0.251403E-05        0.251403E-05        0.114353E-06
  asr3       638        0.250046E-05        0.250046E-05        0.104710E-06
  asr3       639        0.249051E-05        0.249051E-05        0.104282E-06
  asr3       640        0.247848E-05        0.247848E-05        0.103881E-06
  asr3       641        0.246746E-05        0.246746E-05        0.101186E-06
  asr3       642        0.245595E-05        0.245595E-05        0.105722E-06
  asr3       643        0.244547E-05        0.244547E-05        0.102808E-06
  asr3       644        0.243191E-05        0.243191E-05        0.113070E-06
  asr3       645        0.241983E-05        0.241983E-05        0.114528E-06
  asr3       646        0.241043E-05        0.241043E-05        0.103312E-06
  asr3       647        0.240926E-05        0.240926E-05        0.103412E-06
  asr3       648        0.238646E-05        0.238646E-05        0.106856E-06
  asr3       649        0.237287E-05        0.237287E-05        0.103671E-06
  asr3       650        0.236148E-05        0.236148E-05        0.970641E-07
  asr3       651        0.235255E-05        0.235255E-05        0.101131E-06
  asr3       652        0.234144E-05        0.234144E-05        0.106039E-06
  asr3       653        0.230823E-05        0.230823E-05        0.102022E-06
  asr3       654        0.233153E-05        0.233153E-05        0.100308E-06
  asr3       655        0.230731E-05        0.230731E-05        0.996870E-07
  asr3       656        0.229897E-05        0.229897E-05        0.103241E-06
  asr3       657        0.228679E-05        0.228679E-05        0.985205E-07
  asr3       658        0.227597E-05        0.227597E-05        0.959115E-07
  asr3       659        0.226536E-05        0.226536E-05        0.977538E-07
  asr3       660        0.225458E-05        0.225458E-05        0.973266E-07
  asr3       661        0.224401E-05        0.224401E-05        0.105442E-06
  asr3       662        0.222338E-05        0.222338E-05        0.917348E-07
  asr3       663        0.222280E-05        0.222280E-05        0.101679E-06
  asr3       664        0.222183E-05        0.222183E-05        0.897514E-07
  asr3       665        0.220188E-05        0.220188E-05        0.933107E-07
  asr3       666        0.219160E-05        0.219160E-05        0.902682E-07
  asr3       667        0.218144E-05        0.218144E-05        0.962146E-07
  asr3       668        0.217092E-05        0.217092E-05        0.899584E-07
  asr3       669        0.216080E-05        0.216080E-05        0.893731E-07
  asr3       670        0.215058E-05        0.215058E-05        0.850837E-07
  asr3       671        0.213902E-05        0.213902E-05        0.947082E-07
  asr3       672        0.212826E-05        0.212826E-05        0.947819E-07
  asr3       673        0.211143E-05        0.211143E-05        0.891504E-07
  asr3       674        0.211138E-05        0.211138E-05        0.967609E-07
  asr3       675        0.209951E-05        0.209951E-05        0.870007E-07
  asr3       676        0.209079E-05        0.209079E-05        0.866239E-07
  asr3       677        0.208095E-05        0.208095E-05        0.823390E-07
  asr3       678        0.207125E-05        0.207125E-05        0.898384E-07
  asr3       679        0.206102E-05        0.206102E-05        0.894341E-07
  asr3       680        0.205182E-05        0.205182E-05        0.832415E-07
  asr3       681        0.204223E-05        0.204223E-05        0.939327E-07
  asr3       682        0.203240E-05        0.203240E-05        0.805332E-07
  asr3       683        0.202333E-05        0.202333E-05        0.801453E-07
  asr3       684        0.201389E-05        0.201389E-05        0.856298E-07
  asr3       685        0.200445E-05        0.200445E-05        0.887554E-07
  asr3       686        0.199533E-05        0.199533E-05        0.827754E-07
  asr3       687        0.198577E-05        0.198577E-05        0.824151E-07
  asr3       688        0.197685E-05        0.197685E-05        0.785137E-07
  asr3       689        0.196730E-05        0.196730E-05        0.781487E-07
  asr3       690        0.195806E-05        0.195806E-05        0.834258E-07
  asr3       691        0.193854E-05        0.193854E-05        0.878322E-07
  asr3       692        0.193925E-05        0.193925E-05        0.792232E-07
  asr3       693        0.193067E-05        0.193067E-05        0.823340E-07
  asr3       694        0.192165E-05        0.192165E-05        0.797699E-07
  asr3       695        0.191306E-05        0.191306E-05        0.743171E-07
  asr3       696        0.190379E-05        0.190379E-05        0.853042E-07
  asr3       697        0.188606E-05        0.188606E-05        0.767699E-07
  asr3       698        0.188599E-05        0.188599E-05        0.804009E-07
  asr3       699        0.187724E-05        0.187724E-05        0.782361E-07
  asr3       700        0.186852E-05        0.186852E-05        0.839996E-07
  asr3       701        0.185094E-05        0.185094E-05        0.823270E-07
  asr3       702        0.186029E-05        0.186029E-05        0.735906E-07
  asr3       703        0.184249E-05        0.184249E-05        0.748769E-07
  asr3       704        0.183395E-05        0.183395E-05        0.799165E-07
  asr3       705        0.182547E-05        0.182547E-05        0.742544E-07
  asr3       706        0.181691E-05        0.181691E-05        0.811414E-07
  asr3       707        0.179899E-05        0.179899E-05        0.756265E-07
  asr3       708        0.179997E-05        0.179997E-05        0.787688E-07
  asr3       709        0.179158E-05        0.179158E-05        0.746714E-07
  asr3       710        0.178325E-05        0.178325E-05        0.744143E-07
  asr3       711        0.177499E-05        0.177499E-05        0.707918E-07
  asr3       712        0.176671E-05        0.176671E-05        0.705253E-07
  asr3       713        0.175853E-05        0.175853E-05        0.786431E-07
  asr3       714        0.174132E-05        0.174132E-05        0.787110E-07
  asr3       715        0.173449E-05        0.173449E-05        0.715048E-07
  asr3       716        0.173410E-05        0.173410E-05        0.737869E-07
  asr3       717        0.172653E-05        0.172653E-05        0.735772E-07
  asr3       718        0.171805E-05        0.171805E-05        0.765322E-07
  asr3       719        0.171009E-05        0.171009E-05        0.747933E-07
  asr3       720        0.170233E-05        0.170233E-05        0.712138E-07
  asr3       721        0.169415E-05        0.169415E-05        0.708633E-07
  asr3       722        0.168638E-05        0.168638E-05        0.738618E-07
  asr3       723        0.167826E-05        0.167826E-05        0.780126E-07
  asr3       724        0.167075E-05        0.167075E-05        0.699552E-07
  asr3       725        0.166270E-05        0.166270E-05        0.728430E-07
  asr3       726        0.165494E-05        0.165494E-05        0.677809E-07
  asr3       727        0.164773E-05        0.164773E-05        0.690196E-07
  asr3       728        0.163995E-05        0.163995E-05        0.733109E-07
  asr3       729        0.163209E-05        0.163209E-05        0.653002E-07
  asr3       730        0.162450E-05        0.162450E-05        0.651107E-07
  asr3       731        0.161729E-05        0.161729E-05        0.709059E-07
  asr3       732        0.160981E-05        0.160981E-05        0.732098E-07
  asr3       733        0.158861E-05        0.158861E-05        0.716652E-07
  asr3       734        0.159432E-05        0.159432E-05        0.710790E-07
  asr3       735        0.158756E-05        0.158756E-05        0.695232E-07
  asr3       736        0.158020E-05        0.158020E-05        0.648647E-07
  asr3       737        0.157294E-05        0.157294E-05        0.658724E-07
  asr3       738        0.156569E-05        0.156569E-05        0.716575E-07
  asr3       739        0.155806E-05        0.155806E-05        0.668774E-07
  asr3       740        0.155119E-05        0.155119E-05        0.694972E-07
  asr3       741        0.154473E-05        0.154473E-05        0.692715E-07
  asr3       742        0.153669E-05        0.153669E-05        0.617794E-07
  asr3       743        0.152989E-05        0.152989E-05        0.642569E-07
  asr3       744        0.152271E-05        0.152271E-05        0.627449E-07
  asr3       745        0.151583E-05        0.151583E-05        0.637767E-07
  asr3       746        0.150881E-05        0.150881E-05        0.695971E-07
  asr3       747        0.149536E-05        0.149536E-05        0.628299E-07
  asr3       748        0.149488E-05        0.149488E-05        0.647684E-07
  asr3       749        0.148116E-05        0.148116E-05        0.643140E-07
  asr3       750        0.148106E-05        0.148106E-05        0.618830E-07
  asr3       751        0.146788E-05        0.146788E-05        0.645764E-07
  asr3       752        0.146740E-05        0.146740E-05        0.603473E-07
  asr3       753        0.146064E-05        0.146064E-05        0.643101E-07
  asr3       754        0.145397E-05        0.145397E-05        0.598945E-07
  asr3       755        0.144727E-05        0.144727E-05        0.637590E-07
  asr3       756        0.144063E-05        0.144063E-05        0.665858E-07
  asr3       757        0.142774E-05        0.142774E-05        0.614454E-07
  asr3       758        0.142742E-05        0.142742E-05        0.590673E-07
  asr3       759        0.142082E-05        0.142082E-05        0.602503E-07
  asr3       760        0.141428E-05        0.141428E-05        0.595071E-07
  asr3       761        0.140777E-05        0.140777E-05        0.568288E-07
  asr3       762        0.140133E-05        0.140133E-05        0.564604E-07
  asr3       763        0.139485E-05        0.139485E-05        0.603200E-07
  asr3       764        0.138846E-05        0.138846E-05        0.585402E-07
  asr3       765        0.138207E-05        0.138207E-05        0.570257E-07
  asr3       766        0.137568E-05        0.137568E-05        0.599742E-07
  asr3       767        0.136341E-05        0.136341E-05        0.582013E-07
  asr3       768        0.136253E-05        0.136253E-05        0.573194E-07
  asr3       769        0.135679E-05        0.135679E-05        0.571486E-07
  asr3       770        0.135057E-05        0.135057E-05        0.559480E-07
  asr3       771        0.134428E-05        0.134428E-05        0.568014E-07
  asr3       772        0.133811E-05        0.133811E-05        0.565501E-07
  asr3       773        0.133197E-05        0.133197E-05        0.551741E-07
  asr3       774        0.132589E-05        0.132589E-05        0.610949E-07
  asr3       775        0.131910E-05        0.131910E-05        0.557598E-07
  asr3       776        0.131374E-05        0.131374E-05        0.591728E-07
  asr3       777        0.130744E-05        0.130744E-05        0.540270E-07
  asr3       778        0.130197E-05        0.130197E-05        0.539787E-07
  asr3       779        0.130246E-05        0.130246E-05        0.587069E-07
  asr3       780        0.128979E-05        0.128979E-05        0.519358E-07
  asr3       781        0.128387E-05        0.128387E-05        0.518946E-07
  asr3       782        0.127798E-05        0.127798E-05        0.540020E-07
  asr3       783        0.127210E-05        0.127210E-05        0.526314E-07
  asr3       784        0.126626E-05        0.126626E-05        0.560498E-07
  asr3       785        0.126031E-05        0.126031E-05        0.532896E-07
  asr3       786        0.125471E-05        0.125471E-05        0.518821E-07
  asr3       787        0.124896E-05        0.124896E-05        0.528530E-07
  asr3       788        0.124383E-05        0.124383E-05        0.539446E-07
  asr3       789        0.123750E-05        0.123750E-05        0.523669E-07
  asr3       790        0.123185E-05        0.123185E-05        0.534775E-07
  asr3       791        0.122624E-05        0.122624E-05        0.496225E-07
  asr3       792        0.122058E-05        0.122058E-05        0.505303E-07
  asr3       793        0.121505E-05        0.121505E-05        0.503212E-07
  asr3       794        0.120952E-05        0.120952E-05        0.523059E-07
  asr3       795        0.120403E-05        0.120403E-05        0.555956E-07
  asr3       796        0.119854E-05        0.119854E-05        0.496657E-07
  asr3       797        0.119306E-05        0.119306E-05        0.505554E-07
  asr3       798        0.118745E-05        0.118745E-05        0.526370E-07
  asr3       799        0.118219E-05        0.118219E-05        0.513766E-07
  asr3       800        0.117679E-05        0.117679E-05        0.488166E-07
  asr3       801        0.117134E-05        0.117134E-05        0.507099E-07
  asr3       802        0.116606E-05        0.116606E-05        0.516910E-07
  asr3       803        0.116049E-05        0.116049E-05        0.525003E-07
  asr3       804        0.115483E-05        0.115483E-05        0.489589E-07
  asr3       805        0.115051E-05        0.115051E-05        0.520072E-07
  asr3       806        0.114488E-05        0.114488E-05        0.498275E-07
  asr3       807        0.113963E-05        0.113963E-05        0.536342E-07
  asr3       808        0.113447E-05        0.113447E-05        0.481133E-07
  asr3       809        0.112923E-05        0.112923E-05        0.491565E-07
  asr3       810        0.112394E-05        0.112394E-05        0.466683E-07
  asr3       811        0.111900E-05        0.111900E-05        0.506602E-07
  asr3       812        0.111403E-05        0.111403E-05        0.482927E-07
  asr3       813        0.110879E-05        0.110879E-05        0.480800E-07
  asr3       814        0.110375E-05        0.110375E-05        0.458208E-07
  asr3       815        0.109873E-05        0.109873E-05        0.456445E-07
  asr3       816        0.109367E-05        0.109367E-05        0.474457E-07
  asr3       817        0.108871E-05        0.108871E-05        0.493361E-07
  asr3       818        0.108377E-05        0.108377E-05        0.450407E-07
  asr3       819        0.107880E-05        0.107880E-05        0.470024E-07
  asr3       820        0.107392E-05        0.107392E-05        0.468200E-07
  asr3       821        0.106878E-05        0.106878E-05        0.423772E-07
  asr3       822        0.106415E-05        0.106415E-05        0.502132E-07
  asr3       823        0.105928E-05        0.105928E-05        0.430546E-07
  asr3       824        0.105446E-05        0.105446E-05        0.428682E-07
  asr3       825        0.104966E-05        0.104966E-05        0.436544E-07
  asr3       826        0.104486E-05        0.104486E-05        0.424974E-07
  asr3       827        0.104023E-05        0.104023E-05        0.470818E-07
  asr3       828        0.102635E-05        0.102635E-05        0.426530E-07
  asr3       829        0.103062E-05        0.103062E-05        0.418527E-07
  asr3       830        0.102593E-05        0.102593E-05        0.465658E-07
  asr3       831        0.102129E-05        0.102129E-05        0.454664E-07
  asr3       832        0.101710E-05        0.101710E-05        0.453476E-07
  asr3       833        0.101199E-05        0.101199E-05        0.402022E-07
  asr3       834        0.100738E-05        0.100738E-05        0.428870E-07
  asr3       835        0.100282E-05        0.100282E-05        0.417825E-07
  asr3       836        0.998259E-06        0.998259E-06        0.420204E-07
  asr3       837        0.983036E-06        0.983036E-06        0.416974E-07
  asr3       838        0.989156E-06        0.989156E-06        0.412877E-07
  asr3       839        0.984631E-06        0.984631E-06        0.449134E-07
  asr3       840        0.975351E-06        0.975351E-06        0.424171E-07
  asr3       841        0.975715E-06        0.975715E-06        0.417445E-07
  asr3       842        0.971106E-06        0.971106E-06        0.440891E-07
  asr3       843        0.966185E-06        0.966185E-06        0.432257E-07
  asr3       844        0.962759E-06        0.962759E-06        0.419575E-07
  asr3       845        0.958115E-06        0.958115E-06        0.408211E-07
  asr3       846        0.952510E-06        0.952510E-06        0.389121E-07
  asr3       847        0.949459E-06        0.949459E-06        0.456477E-07
  asr3       848        0.947227E-06        0.947227E-06        0.397129E-07
  asr3       849        0.940856E-06        0.940856E-06        0.393722E-07
  asr3       850        0.936573E-06        0.936573E-06        0.381389E-07
  asr3       851        0.932353E-06        0.932353E-06        0.389059E-07
  asr3       852        0.928110E-06        0.928110E-06        0.431967E-07
  asr3       853        0.923929E-06        0.923929E-06        0.385621E-07
  asr3       854        0.919696E-06        0.919696E-06        0.383532E-07
  asr3       855        0.915105E-06        0.915105E-06        0.364685E-07
  asr3       856        0.911388E-06        0.911388E-06        0.390945E-07
  asr3       857        0.907257E-06        0.907257E-06        0.397185E-07
  asr3       858        0.902715E-06        0.902715E-06        0.368889E-07
  asr3       859        0.899048E-06        0.899048E-06        0.409061E-07
  asr3       860        0.894963E-06        0.894963E-06        0.374435E-07
  asr3       861        0.890925E-06        0.890925E-06        0.415887E-07
  asr3       862        0.882944E-06        0.882944E-06        0.368484E-07
  asr3       863        0.882853E-06        0.882853E-06        0.384108E-07
  asr3       864        0.878846E-06        0.878846E-06        0.366581E-07
  asr3       865        0.874863E-06        0.874863E-06        0.391384E-07
  asr3       866        0.870984E-06        0.870984E-06        0.389069E-07
  asr3       867        0.866940E-06        0.866940E-06        0.353945E-07
  asr3       868        0.863022E-06        0.863022E-06        0.361004E-07
  asr3       869        0.859143E-06        0.859143E-06        0.379034E-07
  asr3       870        0.851351E-06        0.851351E-06        0.342262E-07
  asr3       871        0.851347E-06        0.851347E-06        0.370937E-07
  asr3       872        0.847513E-06        0.847513E-06        0.354026E-07
  asr3       873        0.843692E-06        0.843692E-06        0.344338E-07
  asr3       874        0.839879E-06        0.839879E-06        0.359507E-07
  asr3       875        0.836088E-06        0.836088E-06        0.381734E-07
  asr3       876        0.832689E-06        0.832689E-06        0.363243E-07
  asr3       877        0.827775E-06        0.827775E-06        0.356793E-07
  asr3       878        0.824945E-06        0.824945E-06        0.357897E-07
  asr3       879        0.817439E-06        0.817439E-06        0.378093E-07
  asr3       880        0.814053E-06        0.814053E-06        0.343540E-07
  asr3       881        0.813757E-06        0.813757E-06        0.340982E-07
  asr3       882        0.809947E-06        0.809947E-06        0.332198E-07
  asr3       883        0.806271E-06        0.806271E-06        0.368263E-07
  asr3       884        0.802629E-06        0.802629E-06        0.366758E-07
  asr3       885        0.799022E-06        0.799022E-06        0.357950E-07
  asr3       886        0.795426E-06        0.795426E-06        0.347904E-07
  asr3       887        0.791658E-06        0.791658E-06        0.362202E-07
  asr3       888        0.788109E-06        0.788109E-06        0.341521E-07
  asr3       889        0.780941E-06        0.780941E-06        0.360798E-07
  asr3       890        0.777680E-06        0.777680E-06        0.384964E-07
  asr3       891        0.777466E-06        0.777466E-06        0.340235E-07
  asr3       892        0.774103E-06        0.774103E-06        0.331101E-07
  asr3       893        0.770255E-06        0.770255E-06        0.316242E-07
  asr3       894        0.767140E-06        0.767140E-06        0.314680E-07
  asr3       895        0.763677E-06        0.763677E-06        0.313163E-07
  asr3       896        0.760218E-06        0.760218E-06        0.318655E-07
  asr3       897        0.756802E-06        0.756802E-06        0.324556E-07
  asr3       898        0.753381E-06        0.753381E-06        0.337931E-07
  asr3       899        0.750043E-06        0.750043E-06        0.328410E-07
  asr3       900        0.746591E-06        0.746591E-06        0.320027E-07
  asr3       901        0.743217E-06        0.743217E-06        0.325437E-07
  asr3       902        0.739894E-06        0.739894E-06        0.346115E-07
  asr3       903        0.732615E-06        0.732615E-06        0.310198E-07
  asr3       904        0.733047E-06        0.733047E-06        0.314061E-07
  asr3       905        0.729861E-06        0.729861E-06        0.312206E-07
  asr3       906        0.726575E-06        0.726575E-06        0.318161E-07
  asr3       907        0.723330E-06        0.723330E-06        0.316855E-07
  asr3       908        0.720075E-06        0.720075E-06        0.315496E-07
  asr3       909        0.716824E-06        0.716824E-06        0.307212E-07
  asr3       910        0.713609E-06        0.713609E-06        0.306449E-07
  asr3       911        0.710374E-06        0.710374E-06        0.306132E-07
  asr3       912        0.707186E-06        0.707186E-06        0.283096E-07
  asr3       913        0.703999E-06        0.703999E-06        0.288930E-07
  asr3       914        0.700826E-06        0.700826E-06        0.287277E-07
  asr3       915        0.697670E-06        0.697670E-06        0.313095E-07
  asr3       916        0.694525E-06        0.694525E-06        0.291584E-07
  asr3       917        0.691125E-06        0.691125E-06        0.296624E-07
  asr3       918        0.688270E-06        0.688270E-06        0.303152E-07
  asr3       919        0.685184E-06        0.685184E-06        0.287646E-07
  asr3       920        0.682090E-06        0.682090E-06        0.293804E-07
  asr3       921        0.679019E-06        0.679019E-06        0.278702E-07
  asr3       922        0.675961E-06        0.675961E-06        0.291394E-07
  asr3       923        0.672666E-06        0.672666E-06        0.288950E-07
  asr3       924        0.669888E-06        0.669888E-06        0.287381E-07
  asr3       925        0.666881E-06        0.666881E-06        0.274042E-07
  asr3       926        0.663827E-06        0.663827E-06        0.292468E-07
  asr3       927        0.660882E-06        0.660882E-06        0.289844E-07
  asr3       928        0.657910E-06        0.657910E-06        0.289825E-07
  asr3       929        0.654945E-06        0.654945E-06        0.269106E-07
  asr3       930        0.651725E-06        0.651725E-06        0.280074E-07
  asr3       931        0.649049E-06        0.649049E-06        0.266715E-07
  asr3       932        0.646106E-06        0.646106E-06        0.265146E-07
  asr3       933        0.643233E-06        0.643233E-06        0.282275E-07
  asr3       934        0.640090E-06        0.640090E-06        0.280787E-07
  asr3       935        0.637099E-06        0.637099E-06        0.255720E-07
  asr3       936        0.634553E-06        0.634553E-06        0.281295E-07
  asr3       937        0.628677E-06        0.628677E-06        0.282165E-07
  asr3       938        0.628844E-06        0.628844E-06        0.287032E-07
  asr3       939        0.626142E-06        0.626142E-06        0.269090E-07
  asr3       940        0.623216E-06        0.623216E-06        0.256688E-07
  asr3       941        0.620397E-06        0.620397E-06        0.260803E-07
  asr3       942        0.617618E-06        0.617618E-06        0.265165E-07
  asr3       943        0.614838E-06        0.614838E-06        0.269787E-07
  asr3       944        0.612072E-06        0.612072E-06        0.257579E-07
  asr3       945        0.609205E-06        0.609205E-06        0.279419E-07
  asr3       946        0.606803E-06        0.606803E-06        0.255167E-07
  asr3       947        0.603843E-06        0.603843E-06        0.254037E-07
  asr3       948        0.601124E-06        0.601124E-06        0.247462E-07
  asr3       949        0.598420E-06        0.598420E-06        0.257693E-07
  asr3       950        0.595430E-06        0.595430E-06        0.250539E-07
  asr3       951        0.593036E-06        0.593036E-06        0.261250E-07
  asr3       952        0.590365E-06        0.590365E-06        0.254083E-07
  asr3       953        0.587710E-06        0.587710E-06        0.264342E-07
  asr3       954        0.584958E-06        0.584958E-06        0.263228E-07
  asr3       955        0.582441E-06        0.582441E-06        0.244877E-07
  asr3       956        0.579968E-06        0.579968E-06        0.238654E-07
  asr3       957        0.577220E-06        0.577220E-06        0.243081E-07
  asr3       958        0.574627E-06        0.574627E-06        0.258388E-07
  asr3       959        0.574579E-06        0.574579E-06        0.251371E-07
  asr3       960        0.569703E-06        0.569703E-06        0.245926E-07
  asr3       961        0.566921E-06        0.566921E-06        0.250267E-07
  asr3       962        0.564359E-06        0.564359E-06        0.237411E-07
  asr3       963        0.561844E-06        0.561844E-06        0.248153E-07
  asr3       964        0.559276E-06        0.559276E-06        0.235445E-07
  asr3       965        0.556797E-06        0.556797E-06        0.239782E-07
  asr3       966        0.554393E-06        0.554393E-06        0.228229E-07
  asr3       967        0.551812E-06        0.551812E-06        0.237584E-07
  asr3       968        0.549350E-06        0.549350E-06        0.244260E-07
  asr3       969        0.544431E-06        0.544431E-06        0.239420E-07
  asr3       970        0.544407E-06        0.544407E-06        0.233823E-07
  asr3       971        0.541861E-06        0.541861E-06        0.248925E-07
  asr3       972        0.539501E-06        0.539501E-06        0.232555E-07
  asr3       973        0.537095E-06        0.537095E-06        0.243683E-07
  asr3       974        0.532324E-06        0.532324E-06        0.234228E-07
  asr3       975        0.532287E-06        0.532287E-06        0.224041E-07
  asr3       976        0.529901E-06        0.529901E-06        0.223109E-07
  asr3       977        0.527524E-06        0.527524E-06        0.227313E-07
  asr3       978        0.525158E-06        0.525158E-06        0.221464E-07
  asr3       979        0.522795E-06        0.522795E-06        0.230124E-07
  asr3       980        0.520460E-06        0.520460E-06        0.219524E-07
  asr3       981        0.517769E-06        0.517769E-06        0.218347E-07
  asr3       982        0.515790E-06        0.515790E-06        0.222351E-07
  asr3       983        0.513510E-06        0.513510E-06        0.221222E-07
  asr3       984        0.511205E-06        0.511205E-06        0.225914E-07
  asr3       985        0.508992E-06        0.508992E-06        0.234084E-07
  asr3       986        0.506637E-06        0.506637E-06        0.208774E-07
  asr3       987        0.504359E-06        0.504359E-06        0.227554E-07
  asr3       988        0.502098E-06        0.502098E-06        0.206940E-07
  asr3       989        0.499845E-06        0.499845E-06        0.210826E-07
  asr3       990        0.497609E-06        0.497609E-06        0.210000E-07
  asr3       991        0.495379E-06        0.495379E-06        0.208959E-07
  asr3       992        0.493136E-06        0.493136E-06        0.198560E-07
  asr3       993        0.490853E-06        0.490853E-06        0.217278E-07
  asr3       994        0.488750E-06        0.488750E-06        0.210749E-07
  asr3       995        0.486540E-06        0.486540E-06        0.219608E-07
  asr3       996        0.484380E-06        0.484380E-06        0.204204E-07
  asr3       997        0.482213E-06        0.482213E-06        0.216905E-07
  asr3       998        0.479598E-06        0.479598E-06        0.211313E-07
  asr3       999        0.477898E-06        0.477898E-06        0.197269E-07
  asr3      1000        0.475758E-06        0.475758E-06        0.205163E-07
  asr3      1001        0.473627E-06        0.473627E-06        0.209691E-07
  asr3      1002        0.471506E-06        0.471506E-06        0.198781E-07
  asr3      1003        0.469395E-06        0.469395E-06        0.197915E-07
  asr3      1004        0.467292E-06        0.467292E-06        0.211176E-07
  asr3      1005        0.465236E-06        0.465236E-06        0.200703E-07
  asr3      1006        0.463092E-06        0.463092E-06        0.204100E-07
  asr3      1007        0.460503E-06        0.460503E-06        0.199866E-07
  asr3      1008        0.458923E-06        0.458923E-06        0.193699E-07
  asr3      1009        0.456889E-06        0.456889E-06        0.218939E-07
  asr3      1010        0.454757E-06        0.454757E-06        0.196235E-07
  asr3      1011        0.452807E-06        0.452807E-06        0.208522E-07
  asr3      1012        0.450785E-06        0.450785E-06        0.198789E-07
  asr3      1013        0.448761E-06        0.448761E-06        0.193738E-07
  asr3      1014        0.446925E-06        0.446925E-06        0.192904E-07
  asr3      1015        0.444751E-06        0.444751E-06        0.183444E-07
  asr3      1016        0.442761E-06        0.442761E-06        0.191433E-07
  asr3      1017        0.440782E-06        0.440782E-06        0.190495E-07
  asr3      1018        0.438619E-06        0.438619E-06        0.189386E-07
  asr3      1019        0.436849E-06        0.436849E-06        0.188610E-07
  asr3      1020        0.434895E-06        0.434895E-06        0.179461E-07
  asr3      1021        0.432958E-06        0.432958E-06        0.178790E-07
  asr3      1022        0.431013E-06        0.431013E-06        0.190130E-07
  asr3      1023        0.429081E-06        0.429081E-06        0.185262E-07
  asr3      1024        0.427166E-06        0.427166E-06        0.180470E-07
  asr3      1025        0.425256E-06        0.425256E-06        0.196671E-07
  asr3      1026        0.423355E-06        0.423355E-06        0.183652E-07
  asr3      1027        0.421462E-06        0.421462E-06        0.199758E-07
  asr3      1028        0.417853E-06        0.417853E-06        0.184462E-07
  asr3      1029        0.417688E-06        0.417688E-06        0.180822E-07
  asr3      1030        0.416012E-06        0.416012E-06        0.187994E-07
  asr3      1031        0.413938E-06        0.413938E-06        0.175189E-07
  asr3      1032        0.412107E-06        0.412107E-06        0.184054E-07
  asr3      1033        0.408466E-06        0.408466E-06        0.168538E-07
  asr3      1034        0.408406E-06        0.408406E-06        0.176908E-07
  asr3      1035        0.404412E-06        0.404412E-06        0.172757E-07
  asr3      1036        0.404780E-06        0.404780E-06        0.174440E-07
  asr3      1037        0.402966E-06        0.402966E-06        0.185545E-07
  asr3      1038        0.401007E-06        0.401007E-06        0.167815E-07
  asr3      1039        0.395473E-06        0.395473E-06        0.170809E-07
  asr3      1040        0.397588E-06        0.397588E-06        0.174957E-07
  asr3      1041        0.395798E-06        0.395798E-06        0.172749E-07
  asr3      1042        0.393905E-06        0.393905E-06        0.167654E-07
  asr3      1043        0.392292E-06        0.392292E-06        0.162714E-07
  asr3      1044        0.390461E-06        0.390461E-06        0.168783E-07
  asr3      1045        0.388677E-06        0.388677E-06        0.179246E-07
  asr3      1046        0.387053E-06        0.387053E-06        0.163800E-07
  asr3      1047        0.385331E-06        0.385331E-06        0.174408E-07
  asr3      1048        0.383582E-06        0.383582E-06        0.162343E-07
  asr3      1049        0.381909E-06        0.381909E-06        0.176276E-07
  asr3      1050        0.380403E-06        0.380403E-06        0.169208E-07
  asr3      1051        0.378861E-06        0.378861E-06        0.185632E-07
  asr3      1052        0.376782E-06        0.376782E-06        0.177654E-07
  asr3      1053        0.377152E-06        0.377152E-06        0.180719E-07
  asr3      1054        0.373680E-06        0.373680E-06        0.172272E-07
  asr3      1055        0.371795E-06        0.371795E-06        0.165714E-07
  asr3      1056        0.368159E-06        0.368159E-06        0.161112E-07
  asr3      1057        0.368463E-06        0.368463E-06        0.152976E-07
  asr3      1058        0.366833E-06        0.366833E-06        0.170340E-07
  asr3      1059        0.363202E-06        0.363202E-06        0.165077E-07
  asr3      1060        0.363558E-06        0.363558E-06        0.171050E-07
  asr3      1061        0.361918E-06        0.361918E-06        0.161064E-07
  asr3      1062        0.360635E-06        0.360635E-06        0.162957E-07
  asr3      1063        0.358542E-06        0.358542E-06        0.151794E-07
  asr3      1064        0.357097E-06        0.357097E-06        0.164837E-07
  asr3      1065        0.355523E-06        0.355523E-06        0.150705E-07
  asr3      1066        0.353937E-06        0.353937E-06        0.149667E-07
  asr3      1067        0.352358E-06        0.352358E-06        0.152567E-07
  asr3      1068        0.350575E-06        0.350575E-06        0.155060E-07
  asr3      1069        0.349220E-06        0.349220E-06        0.151215E-07
  asr3      1070        0.347663E-06        0.347663E-06        0.147173E-07
  asr3      1071        0.346101E-06        0.346101E-06        0.146682E-07
  asr3      1072        0.344565E-06        0.344565E-06        0.156014E-07
  asr3      1073        0.343134E-06        0.343134E-06        0.151840E-07
  asr3      1074        0.341512E-06        0.341512E-06        0.151077E-07
  asr3      1075        0.339979E-06        0.339979E-06        0.147297E-07
  asr3      1076        0.338402E-06        0.338402E-06        0.151312E-07
  asr3      1077        0.335468E-06        0.335468E-06        0.152080E-07
  asr3      1078        0.335398E-06        0.335398E-06        0.138989E-07
  asr3      1079        0.333958E-06        0.333958E-06        0.144629E-07
  asr3      1080        0.332470E-06        0.332470E-06        0.134311E-07
  asr3      1081        0.330982E-06        0.330982E-06        0.137071E-07
  asr3      1082        0.329513E-06        0.329513E-06        0.145765E-07
  asr3      1083        0.328044E-06        0.328044E-06        0.135744E-07
  asr3      1084        0.326580E-06        0.326580E-06        0.141471E-07
  asr3      1085        0.324963E-06        0.324963E-06        0.144404E-07
  asr3      1086        0.323673E-06        0.323673E-06        0.140115E-07
  asr3      1087        0.322231E-06        0.322231E-06        0.130193E-07
  asr3      1088        0.320794E-06        0.320794E-06        0.141875E-07
  asr3      1089        0.319375E-06        0.319375E-06        0.132201E-07
  asr3      1090        0.317939E-06        0.317939E-06        0.134636E-07
  asr3      1091        0.316795E-06        0.316795E-06        0.137318E-07
  asr3      1092        0.315111E-06        0.315111E-06        0.136526E-07
  asr3      1093        0.313704E-06        0.313704E-06        0.129878E-07
  asr3      1094        0.312310E-06        0.312310E-06        0.138717E-07
  asr3      1095        0.310914E-06        0.310914E-06        0.125630E-07
  asr3      1096        0.309518E-06        0.309518E-06        0.125078E-07
  asr3      1097        0.308138E-06        0.308138E-06        0.130551E-07
  asr3      1098        0.306764E-06        0.306764E-06        0.133437E-07
  asr3      1099        0.305248E-06        0.305248E-06        0.129375E-07
  asr3      1100        0.304034E-06        0.304034E-06        0.134440E-07
  asr3      1101        0.302680E-06        0.302680E-06        0.128324E-07
  asr3      1102        0.301320E-06        0.301320E-06        0.127778E-07
  asr3      1103        0.299987E-06        0.299987E-06        0.132695E-07
  asr3      1104        0.298650E-06        0.298650E-06        0.123612E-07
  asr3      1105        0.297319E-06        0.297319E-06        0.125979E-07
  asr3      1106        0.296002E-06        0.296002E-06        0.131507E-07
  asr3      1107        0.294566E-06        0.294566E-06        0.128236E-07
  asr3      1108        0.291789E-06        0.291789E-06        0.126305E-07
  asr3      1109        0.292047E-06        0.292047E-06        0.132205E-07
  asr3      1110        0.289162E-06        0.289162E-06        0.119972E-07
  asr3      1111        0.289443E-06        0.289443E-06        0.131010E-07
  asr3      1112        0.286593E-06        0.286593E-06        0.126734E-07
  asr3      1113        0.286862E-06        0.286862E-06        0.129833E-07
  asr3      1114        0.285476E-06        0.285476E-06        0.137243E-07
  asr3      1115        0.284201E-06        0.284201E-06        0.134602E-07
  asr3      1116        0.282801E-06        0.282801E-06        0.134571E-07
  asr3      1117        0.281786E-06        0.281786E-06        0.125018E-07
  asr3      1118        0.280535E-06        0.280535E-06        0.124002E-07
  asr3      1119        0.279291E-06        0.279291E-06        0.120694E-07
  asr3      1120        0.278041E-06        0.278041E-06        0.117999E-07
  asr3      1121        0.276805E-06        0.276805E-06        0.119841E-07
  asr3      1122        0.275572E-06        0.275572E-06        0.116928E-07
  asr3      1123        0.274344E-06        0.274344E-06        0.124496E-07
  asr3      1124        0.273118E-06        0.273118E-06        0.124051E-07
  asr3      1125        0.271904E-06        0.271904E-06        0.123421E-07
  asr3      1126        0.270690E-06        0.270690E-06        0.122814E-07
  asr3      1127        0.269484E-06        0.269484E-06        0.127421E-07
  asr3      1128        0.268188E-06        0.268188E-06        0.121690E-07
  asr3      1129        0.267041E-06        0.267041E-06        0.121135E-07
  asr3      1130        0.265910E-06        0.265910E-06        0.115283E-07
  asr3      1131        0.264721E-06        0.264721E-06        0.122426E-07
  asr3      1132        0.263544E-06        0.263544E-06        0.117242E-07
  asr3      1133        0.260907E-06        0.260907E-06        0.114600E-07
  asr3      1134        0.261200E-06        0.261200E-06        0.115388E-07
  asr3      1135        0.260032E-06        0.260032E-06        0.112803E-07
  asr3      1136        0.258832E-06        0.258832E-06        0.112431E-07
  asr3      1137        0.257730E-06        0.257730E-06        0.117087E-07
  asr3      1138        0.256588E-06        0.256588E-06        0.125583E-07
  asr3      1139        0.256831E-06        0.256831E-06        0.110363E-07
  asr3      1140        0.254327E-06        0.254327E-06        0.110065E-07
  asr3      1141        0.253098E-06        0.253098E-06        0.112187E-07
  asr3      1142        0.252015E-06        0.252015E-06        0.106838E-07
  asr3      1143        0.250947E-06        0.250947E-06        0.104059E-07
  asr3      1144        0.251168E-06        0.251168E-06        0.106473E-07
  asr3      1145        0.248722E-06        0.248722E-06        0.110425E-07
  asr3      1146        0.247617E-06        0.247617E-06        0.102387E-07
  asr3      1147        0.246509E-06        0.246509E-06        0.102193E-07
  asr3      1148        0.245411E-06        0.245411E-06        0.111237E-07
  asr3      1149        0.244318E-06        0.244318E-06        0.113361E-07
  asr3      1150        0.241923E-06        0.241923E-06        0.107150E-07
  asr3      1151        0.242134E-06        0.242134E-06        0.102428E-07
  asr3      1152        0.241052E-06        0.241052E-06        0.104195E-07
  asr3      1153        0.239984E-06        0.239984E-06        0.972329E-08
  asr3      1154        0.238914E-06        0.238914E-06        0.115040E-07
  asr3      1155        0.237848E-06        0.237848E-06        0.103045E-07
  asr3      1156        0.236786E-06        0.236786E-06        0.102634E-07
  asr3      1157        0.235848E-06        0.235848E-06        0.102197E-07
  asr3      1158        0.234682E-06        0.234682E-06        0.993755E-08
  asr3      1159        0.233637E-06        0.233637E-06        0.103565E-07
  asr3      1160        0.232594E-06        0.232594E-06        0.103524E-07
  asr3      1161        0.230329E-06        0.230329E-06        0.977449E-08
  asr3      1162        0.230530E-06        0.230530E-06        0.106588E-07
  asr3      1163        0.229547E-06        0.229547E-06        0.978494E-08
  asr3      1164        0.228481E-06        0.228481E-06        0.989332E-08
  asr3      1165        0.227469E-06        0.227469E-06        0.103406E-07
  asr3      1166        0.226458E-06        0.226458E-06        0.984275E-08
  asr3      1167        0.225418E-06        0.225418E-06        0.962374E-08
  asr3      1168        0.223249E-06        0.223249E-06        0.103673E-07
  asr3      1169        0.223453E-06        0.223453E-06        0.987889E-08
  asr3      1170        0.222462E-06        0.222462E-06        0.944255E-08
  asr3      1171        0.221474E-06        0.221474E-06        0.102571E-07
  asr3      1172        0.220443E-06        0.220443E-06        0.915318E-08
  asr3      1173        0.219508E-06        0.219508E-06        0.977362E-08
  asr3      1174        0.218450E-06        0.218450E-06        0.927261E-08
  asr3      1175        0.217561E-06        0.217561E-06        0.988133E-08
  asr3      1176        0.216522E-06        0.216522E-06        0.939949E-08
  asr3      1177        0.215636E-06        0.215636E-06        0.997897E-08
  asr3      1178        0.214678E-06        0.214678E-06        0.974728E-08
  asr3      1179        0.213724E-06        0.213724E-06        0.927632E-08
  asr3      1180        0.212773E-06        0.212773E-06        0.943112E-08
  asr3      1181        0.211784E-06        0.211784E-06        0.899078E-08
  asr3      1182        0.210884E-06        0.210884E-06        0.938241E-08
  asr3      1183        0.209946E-06        0.209946E-06        0.101122E-07
  asr3      1184        0.209010E-06        0.209010E-06        0.911267E-08
  asr3      1185        0.208287E-06        0.208287E-06        0.905324E-08
  asr3      1186        0.207162E-06        0.207162E-06        0.922874E-08
  asr3      1187        0.206240E-06        0.206240E-06        0.895760E-08
  asr3      1188        0.205327E-06        0.205327E-06        0.950952E-08
  asr3      1189        0.204420E-06        0.204420E-06        0.946694E-08
  asr3      1190        0.203508E-06        0.203508E-06        0.906016E-08
  asr3      1191        0.202607E-06        0.202607E-06        0.860516E-08
  asr3      1192        0.201706E-06        0.201706E-06        0.916359E-08
  asr3      1193        0.200810E-06        0.200810E-06        0.917988E-08
  asr3      1194        0.199023E-06        0.199023E-06        0.845167E-08
  asr3      1195        0.199024E-06        0.199024E-06        0.848678E-08
  asr3      1196        0.198136E-06        0.198136E-06        0.841293E-08
  asr3      1197        0.197258E-06        0.197258E-06        0.820204E-08
  asr3      1198        0.196303E-06        0.196303E-06        0.834199E-08
  asr3      1199        0.195505E-06        0.195505E-06        0.847963E-08
  asr3      1200        0.194633E-06        0.194633E-06        0.808679E-08
  asr3      1201        0.193730E-06        0.193730E-06        0.823125E-08
  asr3      1202        0.192906E-06        0.192906E-06        0.876852E-08
  asr3      1203        0.192054E-06        0.192054E-06        0.797542E-08
  asr3      1204        0.191200E-06        0.191200E-06        0.884926E-08
  asr3      1205        0.190773E-06        0.190773E-06        0.832284E-08
  asr3      1206        0.189499E-06        0.189499E-06        0.842382E-08
  asr3      1207        0.188661E-06        0.188661E-06        0.820299E-08
  asr3      1208        0.187821E-06        0.187821E-06        0.796769E-08
  asr3      1209        0.186988E-06        0.186988E-06        0.757340E-08
  asr3      1210        0.186159E-06        0.186159E-06        0.790776E-08
  asr3      1211        0.185328E-06        0.185328E-06        0.827763E-08
  asr3      1212        0.184671E-06        0.184671E-06        0.854919E-08
  asr3      1213        0.183681E-06        0.183681E-06        0.807062E-08
  asr3      1214        0.181937E-06        0.181937E-06        0.772527E-08
  asr3      1215        0.182044E-06        0.182044E-06        0.787590E-08
  asr3      1216        0.181235E-06        0.181235E-06        0.858003E-08
  asr3      1217        0.180433E-06        0.180433E-06        0.803026E-08
  asr3      1218        0.179627E-06        0.179627E-06        0.816155E-08
  asr3      1219        0.178829E-06        0.178829E-06        0.795816E-08
  asr3      1220        0.178034E-06        0.178034E-06        0.772925E-08
  asr3      1221        0.177172E-06        0.177172E-06        0.820564E-08
  asr3      1222        0.177336E-06        0.177336E-06        0.729931E-08
  asr3      1223        0.175674E-06        0.175674E-06        0.763373E-08
  asr3      1224        0.174892E-06        0.174892E-06        0.726426E-08
  asr3      1225        0.174112E-06        0.174112E-06        0.739953E-08
  asr3      1226        0.173343E-06        0.173343E-06        0.787571E-08
  asr3      1227        0.173498E-06        0.173498E-06        0.737948E-08
  asr3      1228        0.171807E-06        0.171807E-06        0.782997E-08
  asr3      1229        0.171042E-06        0.171042E-06        0.742344E-08
  asr3      1230        0.170281E-06        0.170281E-06        0.725591E-08
  asr3      1231        0.169488E-06        0.169488E-06        0.785035E-08
  asr3      1232        0.168767E-06        0.168767E-06        0.733759E-08
  asr3      1233        0.167986E-06        0.167986E-06        0.748289E-08
  asr3      1234        0.167239E-06        0.167239E-06        0.710263E-08
  asr3      1235        0.166528E-06        0.166528E-06        0.757117E-08
  asr3      1236        0.165756E-06        0.165756E-06        0.704355E-08
  asr3      1237        0.165016E-06        0.165016E-06        0.684600E-08
  asr3      1238        0.164318E-06        0.164318E-06        0.761499E-08
  asr3      1239        0.163588E-06        0.163588E-06        0.678999E-08
  asr3      1240        0.162861E-06        0.162861E-06        0.771567E-08
  asr3      1241        0.162138E-06        0.162138E-06        0.673709E-08
  asr3      1242        0.161417E-06        0.161417E-06        0.701187E-08
  asr3      1243        0.160701E-06        0.160701E-06        0.713185E-08
  asr3      1244        0.159989E-06        0.159989E-06        0.695212E-08
  asr3      1245        0.159275E-06        0.159275E-06        0.737882E-08
  asr3      1246        0.158567E-06        0.158567E-06        0.721283E-08
  asr3      1247        0.157938E-06        0.157938E-06        0.655069E-08
  asr3      1248        0.157161E-06        0.157161E-06        0.744797E-08
  asr3      1249        0.156430E-06        0.156430E-06        0.680259E-08
  asr3      1250        0.155768E-06        0.155768E-06        0.676849E-08
  asr3      1251        0.155047E-06        0.155047E-06        0.691084E-08
  asr3      1252        0.154385E-06        0.154385E-06        0.685476E-08
  asr3      1253        0.153699E-06        0.153699E-06        0.667698E-08
  asr3      1254        0.153016E-06        0.153016E-06        0.649944E-08
  asr3      1255        0.152337E-06        0.152337E-06        0.647844E-08
  asr3      1256        0.151603E-06        0.151603E-06        0.644544E-08
  asr3      1257        0.150991E-06        0.150991E-06        0.700125E-08
  asr3      1258        0.150342E-06        0.150342E-06        0.683485E-08
  asr3      1259        0.149658E-06        0.149658E-06        0.650919E-08
  asr3      1260        0.148964E-06        0.148964E-06        0.647259E-08
  asr3      1261        0.148327E-06        0.148327E-06        0.644949E-08
  asr3      1262        0.147672E-06        0.147672E-06        0.613576E-08
  asr3      1263        0.147017E-06        0.147017E-06        0.668254E-08
  asr3      1264        0.146362E-06        0.146362E-06        0.635911E-08
  asr3      1265        0.145709E-06        0.145709E-06        0.682291E-08
  asr3      1266        0.144411E-06        0.144411E-06        0.618760E-08
  asr3      1267        0.144413E-06        0.144413E-06        0.598154E-08
  asr3      1268        0.143771E-06        0.143771E-06        0.654252E-08
  asr3      1269        0.143767E-06        0.143767E-06        0.613856E-08
  asr3      1270        0.142501E-06        0.142501E-06        0.577737E-08
  asr3      1271        0.141868E-06        0.141868E-06        0.658391E-08
  asr3      1272        0.141231E-06        0.141231E-06        0.630809E-08
  asr3      1273        0.140630E-06        0.140630E-06        0.610265E-08
  asr3      1274        0.139984E-06        0.139984E-06        0.635737E-08
  asr3      1275        0.139364E-06        0.139364E-06        0.578225E-08
  asr3      1276        0.138746E-06        0.138746E-06        0.577197E-08
  asr3      1277        0.138130E-06        0.138130E-06        0.573420E-08
  asr3      1278        0.137494E-06        0.137494E-06        0.598136E-08
  asr3      1279        0.136887E-06        0.136887E-06        0.622686E-08
  asr3      1280        0.136306E-06        0.136306E-06        0.620485E-08
  asr3      1281        0.135708E-06        0.135708E-06        0.577411E-08
  asr3      1282        0.135059E-06        0.135059E-06        0.561318E-08
  asr3      1283        0.134503E-06        0.134503E-06        0.597301E-08
  asr3      1284        0.133909E-06        0.133909E-06        0.569497E-08
  asr3      1285        0.133332E-06        0.133332E-06        0.566987E-08
  asr3      1286        0.132722E-06        0.132722E-06        0.640368E-08
  asr3      1287        0.132786E-06        0.132786E-06        0.577862E-08
  asr3      1288        0.131551E-06        0.131551E-06        0.585320E-08
  asr3      1289        0.130967E-06        0.130967E-06        0.619640E-08
  asr3      1290        0.130382E-06        0.130382E-06        0.604776E-08
  asr3      1291        0.129850E-06        0.129850E-06        0.590782E-08
  asr3      1292        0.129197E-06        0.129197E-06        0.575610E-08
  asr3      1293        0.128626E-06        0.128626E-06        0.546878E-08
  asr3      1294        0.128080E-06        0.128080E-06        0.556367E-08
  asr3      1295        0.127487E-06        0.127487E-06        0.567730E-08
  asr3      1296        0.126994E-06        0.126994E-06        0.612880E-08
  asr3      1297        0.126381E-06        0.126381E-06        0.537006E-08
  asr3      1298        0.125822E-06        0.125822E-06        0.583761E-08
  asr3      1299        0.125264E-06        0.125264E-06        0.581076E-08
  asr3      1300        0.124712E-06        0.124712E-06        0.542738E-08
  asr3      1301        0.124158E-06        0.124158E-06        0.540106E-08
  asr3      1302        0.123611E-06        0.123611E-06        0.562108E-08
  asr3      1303        0.123063E-06        0.123063E-06        0.523808E-08
  asr3      1304        0.122516E-06        0.122516E-06        0.557358E-08
  asr3      1305        0.121865E-06        0.121865E-06        0.564552E-08
  asr3      1306        0.121432E-06        0.121432E-06        0.527204E-08
  asr3      1307        0.120893E-06        0.120893E-06        0.536545E-08
  asr3      1308        0.120356E-06        0.120356E-06        0.534392E-08
  asr3      1309        0.119774E-06        0.119774E-06        0.544859E-08
  asr3      1310        0.119290E-06        0.119290E-06        0.507295E-08
  asr3      1311        0.118763E-06        0.118763E-06        0.516111E-08
  asr3      1312        0.118233E-06        0.118233E-06        0.524822E-08
  asr3      1313        0.117713E-06        0.117713E-06        0.558153E-08
  asr3      1314        0.117193E-06        0.117193E-06        0.498448E-08
  asr3      1315        0.116674E-06        0.116674E-06        0.496897E-08
  asr3      1316        0.116171E-06        0.116171E-06        0.538581E-08
  asr3      1317        0.115644E-06        0.115644E-06        0.492099E-08
  asr3      1318        0.115129E-06        0.115129E-06        0.523296E-08
  asr3      1319        0.114620E-06        0.114620E-06        0.531311E-08
  asr3      1320        0.114107E-06        0.114107E-06        0.495988E-08
  asr3      1321        0.113601E-06        0.113601E-06        0.483137E-08
  asr3      1322        0.113095E-06        0.113095E-06        0.503877E-08
  asr3      1323        0.113155E-06        0.113155E-06        0.504417E-08
  asr3      1324        0.112152E-06        0.112152E-06        0.540842E-08
  asr3      1325        0.112090E-06        0.112090E-06        0.467388E-08
  asr3      1326        0.111103E-06        0.111103E-06        0.472238E-08
  asr3      1327        0.110609E-06        0.110609E-06        0.511553E-08
  asr3      1328        0.110020E-06        0.110020E-06        0.510077E-08
  asr3      1329        0.109628E-06        0.109628E-06        0.477431E-08
  asr3      1330        0.109141E-06        0.109141E-06        0.484502E-08
  asr3      1331        0.108657E-06        0.108657E-06        0.494945E-08
  asr3      1332        0.108173E-06        0.108173E-06        0.491619E-08
  asr3      1333        0.107693E-06        0.107693E-06        0.470185E-08
  asr3      1334        0.107257E-06        0.107257E-06        0.456141E-08
  asr3      1335        0.106741E-06        0.106741E-06        0.474216E-08
  asr3      1336        0.106267E-06        0.106267E-06        0.483662E-08
  asr3      1337        0.105795E-06        0.105795E-06        0.481185E-08
  asr3      1338        0.105329E-06        0.105329E-06        0.499404E-08
  asr3      1339        0.104844E-06        0.104844E-06        0.471002E-08
  asr3      1340        0.103932E-06        0.103932E-06        0.506107E-08
  asr3      1341        0.104352E-06        0.104352E-06        0.441652E-08
  asr3      1342        0.103494E-06        0.103494E-06        0.440732E-08
  asr3      1343        0.103015E-06        0.103015E-06        0.468698E-08
  asr3      1344        0.102556E-06        0.102556E-06        0.457630E-08
  asr3      1345        0.102102E-06        0.102102E-06        0.443971E-08
  asr3      1346        0.101629E-06        0.101629E-06        0.461243E-08
  asr3      1347        0.100253E-06        0.100253E-06        0.445922E-08
  asr3      1348        0.100744E-06        0.100744E-06        0.418896E-08
  asr3      1349        0.100298E-06        0.100298E-06        0.444659E-08
  asr3      1350        0.998499E-07        0.998499E-07        0.470881E-08
  asr3      1351        0.985147E-07        0.985147E-07        0.428688E-08
  asr3      1352        0.989186E-07        0.989186E-07        0.421339E-08
  asr3      1353        0.985268E-07        0.985268E-07        0.427390E-08
  asr3      1354        0.980903E-07        0.980903E-07        0.448147E-08
  asr3      1355        0.977455E-07        0.977455E-07        0.453266E-08
  asr3      1356        0.972212E-07        0.972212E-07        0.451283E-08
  asr3      1357        0.967901E-07        0.967901E-07        0.403180E-08
  asr3      1358        0.963601E-07        0.963601E-07        0.429989E-08
  asr3      1359        0.959319E-07        0.959319E-07        0.437005E-08
  asr3      1360        0.955084E-07        0.955084E-07        0.424647E-08
  asr3      1361        0.950527E-07        0.950527E-07        0.422291E-08
  asr3      1362        0.946710E-07        0.946710E-07        0.403276E-08
  asr3      1363        0.947226E-07        0.947226E-07        0.408749E-08
  asr3      1364        0.938363E-07        0.938363E-07        0.409423E-08
  asr3      1365        0.934181E-07        0.934181E-07        0.406761E-08
  asr3      1366        0.930042E-07        0.930042E-07        0.431279E-08
  asr3      1367        0.930058E-07        0.930058E-07        0.413314E-08
  asr3      1368        0.921648E-07        0.921648E-07        0.401997E-08
  asr3      1369        0.917751E-07        0.917751E-07        0.425849E-08
  asr3      1370        0.913663E-07        0.913663E-07        0.406079E-08
  asr3      1371        0.909603E-07        0.909603E-07        0.414528E-08
  asr3      1372        0.905569E-07        0.905569E-07        0.393621E-08
  asr3      1373        0.901549E-07        0.901549E-07        0.410377E-08
  asr3      1374        0.897547E-07        0.897547E-07        0.398686E-08
  asr3      1375        0.893563E-07        0.893563E-07        0.398748E-08
  asr3      1376        0.889596E-07        0.889596E-07        0.386964E-08
  asr3      1377        0.885648E-07        0.885648E-07        0.368242E-08
  asr3      1378        0.881717E-07        0.881717E-07        0.401174E-08
  asr3      1379        0.877807E-07        0.877807E-07        0.408766E-08
  asr3      1380        0.873910E-07        0.873910E-07        0.363574E-08
  asr3      1381        0.870030E-07        0.870030E-07        0.370370E-08
  asr3      1382        0.866191E-07        0.866191E-07        0.368591E-08
  asr3      1383        0.862317E-07        0.862317E-07        0.367146E-08
  asr3      1384        0.858506E-07        0.858506E-07        0.393158E-08
  asr3      1385        0.850868E-07        0.850868E-07        0.388288E-08
  asr3      1386        0.850866E-07        0.850866E-07        0.360972E-08
  asr3      1387        0.847102E-07        0.847102E-07        0.370445E-08
  asr3      1388        0.838771E-07        0.838771E-07        0.390600E-08
  asr3      1389        0.839711E-07        0.839711E-07        0.364576E-08
  asr3      1390        0.835802E-07        0.835802E-07        0.363327E-08
  asr3      1391        0.832579E-07        0.832579E-07        0.386215E-08
  asr3      1392        0.828428E-07        0.828428E-07        0.395706E-08
  asr3      1393        0.821076E-07        0.821076E-07        0.364903E-08
  asr3      1394        0.821107E-07        0.821107E-07        0.356831E-08
  asr3      1395        0.817466E-07        0.817466E-07        0.340384E-08
  asr3      1396        0.813842E-07        0.813842E-07        0.379405E-08
  asr3      1397        0.808044E-07        0.808044E-07        0.371281E-08
  asr3      1398        0.806847E-07        0.806847E-07        0.350274E-08
  asr3      1399        0.803038E-07        0.803038E-07        0.372579E-08
  asr3      1400        0.799840E-07        0.799840E-07        0.340879E-08
  asr3      1401        0.795552E-07        0.795552E-07        0.346870E-08
  asr3      1402        0.792388E-07        0.792388E-07        0.344683E-08
  asr3      1403        0.788589E-07        0.788589E-07        0.328489E-08
  asr3      1404        0.785392E-07        0.785392E-07        0.357829E-08
  asr3      1405        0.781922E-07        0.781922E-07        0.333274E-08
  asr3      1406        0.778612E-07        0.778612E-07        0.331333E-08
  asr3      1407        0.775045E-07        0.775045E-07        0.359936E-08
  asr3      1408        0.771421E-07        0.771421E-07        0.360524E-08
  asr3      1409        0.764203E-07        0.764203E-07        0.346552E-08
  asr3      1410        0.761120E-07        0.761120E-07        0.312317E-08
  asr3      1411        0.761482E-07        0.761482E-07        0.339562E-08
  asr3      1412        0.757835E-07        0.757835E-07        0.322630E-08
  asr3      1413        0.754622E-07        0.754622E-07        0.321657E-08
  asr3      1414        0.751207E-07        0.751207E-07        0.334200E-08
  asr3      1415        0.747955E-07        0.747955E-07        0.303851E-08
  asr3      1416        0.744643E-07        0.744643E-07        0.317381E-08
  asr3      1417        0.741206E-07        0.741206E-07        0.323044E-08
  asr3      1418        0.738083E-07        0.738083E-07        0.328410E-08
  asr3      1419        0.734821E-07        0.734821E-07        0.313184E-08
  asr3      1420        0.731583E-07        0.731583E-07        0.333298E-08
  asr3      1421        0.727989E-07        0.727989E-07        0.331595E-08
  asr3      1422        0.723156E-07        0.723156E-07        0.324467E-08
  asr3      1423        0.718678E-07        0.718678E-07        0.299522E-08
  asr3      1424        0.718684E-07        0.718684E-07        0.333886E-08
  asr3      1425        0.716065E-07        0.716065E-07        0.318078E-08
  asr3      1426        0.712035E-07        0.712035E-07        0.317903E-08
  asr3      1427        0.709154E-07        0.709154E-07        0.302043E-08
  asr3      1428        0.706014E-07        0.706014E-07        0.321550E-08
  asr3      1429        0.702750E-07        0.702750E-07        0.320264E-08
  asr3      1430        0.699637E-07        0.699637E-07        0.318998E-08
  asr3      1431        0.696748E-07        0.696748E-07        0.322821E-08
  asr3      1432        0.687116E-07        0.687116E-07        0.333172E-08
  asr3      1433        0.689856E-07        0.689856E-07        0.299098E-08
  asr3      1434        0.687433E-07        0.687433E-07        0.302910E-08
  asr3      1435        0.680939E-07        0.680939E-07        0.311935E-08
  asr3      1436        0.681345E-07        0.681345E-07        0.292063E-08
  asr3      1437        0.678331E-07        0.678331E-07        0.281597E-08
  asr3      1438        0.675315E-07        0.675315E-07        0.286570E-08
  asr3      1439        0.672334E-07        0.672334E-07        0.295550E-08
  asr3      1440        0.659833E-07        0.659833E-07        0.307774E-08
  asr3      1441        0.666346E-07        0.666346E-07        0.310523E-08
  asr3      1442        0.667079E-07        0.667079E-07        0.296280E-08
  asr3      1443        0.660482E-07        0.660482E-07        0.304458E-08
  asr3      1444        0.661156E-07        0.661156E-07        0.289817E-08
  asr3      1445        0.654731E-07        0.654731E-07        0.279985E-08
  asr3      1446        0.651771E-07        0.651771E-07        0.308583E-08
  asr3      1447        0.648647E-07        0.648647E-07        0.276231E-08
  asr3      1448        0.646013E-07        0.646013E-07        0.282190E-08
  asr3      1449        0.643146E-07        0.643146E-07        0.280714E-08
  asr3      1450        0.640295E-07        0.640295E-07        0.260105E-08
  asr3      1451        0.637468E-07        0.637468E-07        0.278070E-08
  asr3      1452        0.634751E-07        0.634751E-07        0.276833E-08
  asr3      1453        0.631830E-07        0.631830E-07        0.287515E-08
  asr3      1454        0.629019E-07        0.629019E-07        0.279712E-08
  asr3      1455        0.626359E-07        0.626359E-07        0.274160E-08
  asr3      1456        0.623438E-07        0.623438E-07        0.278413E-08
  asr3      1457        0.620565E-07        0.620565E-07        0.294678E-08
  asr3      1458        0.617932E-07        0.617932E-07        0.251321E-08
  asr3      1459        0.615192E-07        0.615192E-07        0.262100E-08
  asr3      1460        0.612465E-07        0.612465E-07        0.273533E-08
  asr3      1461        0.609739E-07        0.609739E-07        0.296083E-08
  asr3      1462        0.607499E-07        0.607499E-07        0.283054E-08
  asr3      1463        0.604358E-07        0.604358E-07        0.252544E-08
  asr3      1464        0.601680E-07        0.601680E-07        0.268238E-08
  asr3      1465        0.599239E-07        0.599239E-07        0.261037E-08
  asr3      1466        0.596124E-07        0.596124E-07        0.265310E-08
  asr3      1467        0.593722E-07        0.593722E-07        0.265132E-08
  asr3      1468        0.591127E-07        0.591127E-07        0.245750E-08
  asr3      1469        0.588395E-07        0.588395E-07        0.250572E-08
  asr3      1470        0.585903E-07        0.585903E-07        0.272083E-08
  asr3      1471        0.583309E-07        0.583309E-07        0.267527E-08
  asr3      1472        0.577999E-07        0.577999E-07        0.246128E-08
  asr3      1473        0.578126E-07        0.578126E-07        0.267785E-08
  asr3      1474        0.575566E-07        0.575566E-07        0.262871E-08
  asr3      1475        0.572894E-07        0.572894E-07        0.266880E-08
  asr3      1476        0.570480E-07        0.570480E-07        0.248788E-08
  asr3      1477        0.567954E-07        0.567954E-07        0.269868E-08
  asr3      1478        0.565444E-07        0.565444E-07        0.252033E-08
  asr3      1479        0.562938E-07        0.562938E-07        0.240234E-08
  asr3      1480        0.560442E-07        0.560442E-07        0.243899E-08
  asr3      1481        0.557960E-07        0.557960E-07        0.249334E-08
  asr3      1482        0.555480E-07        0.555480E-07        0.236384E-08
  asr3      1483        0.552815E-07        0.552815E-07        0.257665E-08
  asr3      1484        0.550575E-07        0.550575E-07        0.245695E-08
  asr3      1485        0.548135E-07        0.548135E-07        0.243717E-08
  asr3      1486        0.545708E-07        0.545708E-07        0.237719E-08
  asr3      1487        0.543291E-07        0.543291E-07        0.241583E-08
  asr3      1488        0.540884E-07        0.540884E-07        0.230375E-08
  asr3      1489        0.538487E-07        0.538487E-07        0.240270E-08
  asr3      1490        0.535422E-07        0.535422E-07        0.234373E-08
  asr3      1491        0.533724E-07        0.533724E-07        0.247585E-08
  asr3      1492        0.526313E-07        0.526313E-07        0.236909E-08
  asr3      1493        0.526565E-07        0.526565E-07        0.231898E-08
  asr3      1494        0.526626E-07        0.526626E-07        0.240714E-08
  asr3      1495        0.526591E-07        0.526591E-07        0.227782E-08
  asr3      1496        0.521977E-07        0.521977E-07        0.232505E-08
  asr3      1497        0.519663E-07        0.519663E-07        0.215615E-08
  asr3      1498        0.517349E-07        0.517349E-07        0.246065E-08
  asr3      1499        0.515167E-07        0.515167E-07        0.224029E-08
  asr3      1500        0.512838E-07        0.512838E-07        0.254495E-08
  asr3      1501        0.508246E-07        0.508246E-07        0.226078E-08
  asr3      1502        0.508239E-07        0.508239E-07        0.223528E-08
  asr3      1503        0.503715E-07        0.503715E-07        0.229588E-08
  asr3      1504        0.503932E-07        0.503932E-07        0.229207E-08
  asr3      1505        0.501507E-07        0.501507E-07        0.213903E-08
  asr3      1506        0.499049E-07        0.499049E-07        0.208494E-08
  asr3      1507        0.497076E-07        0.497076E-07        0.236204E-08
  asr3      1508        0.494881E-07        0.494881E-07        0.218079E-08
  asr3      1509        0.490361E-07        0.490361E-07        0.210667E-08
  asr3      1510        0.490373E-07        0.490373E-07        0.214224E-08
  asr3      1511        0.488306E-07        0.488306E-07        0.212088E-08
  asr3      1512        0.486144E-07        0.486144E-07        0.202795E-08
  asr3      1513        0.483985E-07        0.483985E-07        0.227297E-08
  asr3      1514        0.479686E-07        0.479686E-07        0.209271E-08
  asr3      1515        0.479698E-07        0.479698E-07        0.215332E-08
  asr3      1516        0.475421E-07        0.475421E-07        0.207026E-08
  asr3      1517        0.475460E-07        0.475460E-07        0.198570E-08
  asr3      1518        0.473348E-07        0.473348E-07        0.216322E-08
  asr3      1519        0.471199E-07        0.471199E-07        0.200380E-08
  asr3      1520        0.469176E-07        0.469176E-07        0.200760E-08
  asr3      1521        0.469302E-07        0.469302E-07        0.204404E-08
  asr3      1522        0.465066E-07        0.465066E-07        0.224967E-08
  asr3      1523        0.463040E-07        0.463040E-07        0.197873E-08
  asr3      1524        0.460973E-07        0.460973E-07        0.187428E-08
  asr3      1525        0.458935E-07        0.458935E-07        0.208972E-08
  asr3      1526        0.456815E-07        0.456815E-07        0.211899E-08
  asr3      1527        0.456928E-07        0.456928E-07        0.198967E-08
  asr3      1528        0.452875E-07        0.452875E-07        0.202666E-08
  asr3      1529        0.450696E-07        0.450696E-07        0.196304E-08
  asr3      1530        0.448868E-07        0.448868E-07        0.195386E-08
  asr3      1531        0.446864E-07        0.446864E-07        0.194494E-08
  asr3      1532        0.444913E-07        0.444913E-07        0.189348E-08
  asr3      1533        0.442925E-07        0.442925E-07        0.192809E-08
  asr3      1534        0.440961E-07        0.440961E-07        0.187753E-08
  asr3      1535        0.438998E-07        0.438998E-07        0.203555E-08
  asr3      1536        0.438830E-07        0.438830E-07        0.187107E-08
  asr3      1537        0.435113E-07        0.435113E-07        0.190074E-08
  asr3      1538        0.433271E-07        0.433271E-07        0.192842E-08
  asr3      1539        0.431054E-07        0.431054E-07        0.191615E-08
  asr3      1540        0.429352E-07        0.429352E-07        0.183274E-08
  asr3      1541        0.427448E-07        0.427448E-07        0.203136E-08
  asr3      1542        0.423359E-07        0.423359E-07        0.202414E-08
  asr3      1543        0.424053E-07        0.424053E-07        0.188536E-08
  asr3      1544        0.421694E-07        0.421694E-07        0.188899E-08
  asr3      1545        0.419909E-07        0.419909E-07        0.182415E-08
  asr3      1546        0.418215E-07        0.418215E-07        0.182458E-08
  asr3      1547        0.416195E-07        0.416195E-07        0.181575E-08
  asr3      1548        0.414351E-07        0.414351E-07        0.180158E-08
  asr3      1549        0.412508E-07        0.412508E-07        0.175252E-08
  asr3      1550        0.410686E-07        0.410686E-07        0.179048E-08
  asr3      1551        0.408875E-07        0.408875E-07        0.166136E-08
  asr3      1552        0.407069E-07        0.407069E-07        0.175800E-08
  asr3      1553        0.401267E-07        0.401267E-07        0.185564E-08
  asr3      1554        0.405273E-07        0.405273E-07        0.179582E-08
  asr3      1555        0.401523E-07        0.401523E-07        0.183980E-08
  asr3      1556        0.399889E-07        0.399889E-07        0.174794E-08
  asr3      1557        0.398118E-07        0.398118E-07        0.185331E-08
  asr3      1558        0.395938E-07        0.395938E-07        0.173583E-08
  asr3      1559        0.394532E-07        0.394532E-07        0.183198E-08
  asr3      1560        0.392853E-07        0.392853E-07        0.171301E-08
  asr3      1561        0.391120E-07        0.391120E-07        0.177840E-08
  asr3      1562        0.389388E-07        0.389388E-07        0.169806E-08
  asr3      1563        0.387593E-07        0.387593E-07        0.165096E-08
  asr3      1564        0.385862E-07        0.385862E-07        0.168181E-08
  asr3      1565        0.384222E-07        0.384222E-07        0.175158E-08
  asr3      1566        0.382510E-07        0.382510E-07        0.174348E-08
  asr3      1567        0.380855E-07        0.380855E-07        0.162252E-08
  asr3      1568        0.379121E-07        0.379121E-07        0.165164E-08
  asr3      1569        0.377449E-07        0.377449E-07        0.164427E-08
  asr3      1570        0.375555E-07        0.375555E-07        0.171153E-08
  asr3      1571        0.374294E-07        0.374294E-07        0.159413E-08
  asr3      1572        0.372459E-07        0.372459E-07        0.155127E-08
  asr3      1573        0.370814E-07        0.370814E-07        0.157985E-08
  asr3      1574        0.369173E-07        0.369173E-07        0.160779E-08
  asr3      1575        0.367539E-07        0.367539E-07        0.170855E-08
  asr3      1576        0.365911E-07        0.365911E-07        0.170003E-08
  asr3      1577        0.364291E-07        0.364291E-07        0.162115E-08
  asr3      1578        0.362679E-07        0.362679E-07        0.165425E-08
  asr3      1579        0.360896E-07        0.360896E-07        0.164609E-08
  asr3      1580        0.359467E-07        0.359467E-07        0.153142E-08
  asr3      1581        0.357887E-07        0.357887E-07        0.164064E-08
  asr3      1582        0.354724E-07        0.354724E-07        0.164868E-08
  asr3      1583        0.354732E-07        0.354732E-07        0.161756E-08
  asr3      1584        0.353154E-07        0.353154E-07        0.147280E-08
  asr3      1585        0.351597E-07        0.351597E-07        0.170041E-08
  asr3      1586        0.350169E-07        0.350169E-07        0.159693E-08
  asr3      1587        0.348558E-07        0.348558E-07        0.148528E-08
  asr3      1588        0.346946E-07        0.346946E-07        0.154460E-08
  asr3      1589        0.345410E-07        0.345410E-07        0.143845E-08
  asr3      1590        0.343895E-07        0.343895E-07        0.146962E-08
  asr3      1591        0.343909E-07        0.343909E-07        0.145470E-08
  asr3      1592        0.340866E-07        0.340866E-07        0.174324E-08
  asr3      1593        0.340583E-07        0.340583E-07        0.145781E-08
  asr3      1594        0.337858E-07        0.337858E-07        0.144567E-08
  asr3      1595        0.336363E-07        0.336363E-07        0.156300E-08
  asr3      1596        0.334874E-07        0.334874E-07        0.161976E-08
  asr3      1597        0.333426E-07        0.333426E-07        0.158109E-08
  asr3      1598        0.331783E-07        0.331783E-07        0.144579E-08
  asr3      1599        0.330446E-07        0.330446E-07        0.146900E-08
  asr3      1600        0.328976E-07        0.328976E-07        0.143896E-08
  asr3      1601        0.327516E-07        0.327516E-07        0.155520E-08
  asr3      1602        0.324299E-07        0.324299E-07        0.165782E-08
  asr3      1603        0.326330E-07        0.326330E-07        0.148426E-08
  asr3      1604        0.323297E-07        0.323297E-07        0.137584E-08
  asr3      1605        0.321731E-07        0.321731E-07        0.137353E-08
  asr3      1606        0.322017E-07        0.322017E-07        0.138920E-08
  asr3      1607        0.318889E-07        0.318889E-07        0.145525E-08
  asr3      1608        0.317469E-07        0.317469E-07        0.138178E-08
  asr3      1609        0.316061E-07        0.316061E-07        0.144101E-08
  asr3      1610        0.314660E-07        0.314660E-07        0.137249E-08
  asr3      1611        0.313265E-07        0.313265E-07        0.142590E-08
  asr3      1612        0.311879E-07        0.311879E-07        0.144935E-08
  asr3      1613        0.310496E-07        0.310496E-07        0.138075E-08
  asr3      1614        0.309125E-07        0.309125E-07        0.131887E-08
  asr3      1615        0.307754E-07        0.307754E-07        0.144264E-08
  asr3      1616        0.305007E-07        0.305007E-07        0.137554E-08
  asr3      1617        0.303684E-07        0.303684E-07        0.134947E-08
  asr3      1618        0.303669E-07        0.303669E-07        0.129186E-08
  asr3      1619        0.302324E-07        0.302324E-07        0.135193E-08
  asr3      1620        0.300985E-07        0.300985E-07        0.128270E-08
  asr3      1621        0.299653E-07        0.299653E-07        0.139295E-08
  asr3      1622        0.298326E-07        0.298326E-07        0.138610E-08
  asr3      1623        0.298614E-07        0.298614E-07        0.141490E-08
  asr3      1624        0.295636E-07        0.295636E-07        0.134774E-08
  asr3      1625        0.294347E-07        0.294347E-07        0.130274E-08
  asr3      1626        0.294605E-07        0.294605E-07        0.134886E-08
  asr3      1627        0.293531E-07        0.293531E-07        0.124825E-08
  asr3      1628        0.290531E-07        0.290531E-07        0.135003E-08
  asr3      1629        0.290689E-07        0.290689E-07        0.124077E-08
  asr3      1630        0.287963E-07        0.287963E-07        0.134186E-08
  asr3      1631        0.286498E-07        0.286498E-07        0.130336E-08
  asr3      1632        0.285420E-07        0.285420E-07        0.126887E-08
  asr3      1633        0.284150E-07        0.284150E-07        0.127412E-08
  asr3      1634        0.281627E-07        0.281627E-07        0.123592E-08
  asr3      1635        0.281623E-07        0.281623E-07        0.124947E-08
  asr3      1636        0.280270E-07        0.280270E-07        0.126265E-08
  asr3      1637        0.277874E-07        0.277874E-07        0.118229E-08
  asr3      1638        0.277896E-07        0.277896E-07        0.119123E-08
  asr3      1639        0.276649E-07        0.276649E-07        0.120608E-08
  asr3      1640        0.275439E-07        0.275439E-07        0.130659E-08
  asr3      1641        0.277199E-07        0.277199E-07        0.129070E-08
  asr3      1642        0.273011E-07        0.273011E-07        0.116001E-08
  asr3      1643        0.271780E-07        0.271780E-07        0.120968E-08
  asr3      1644        0.270566E-07        0.270566E-07        0.132952E-08
  asr3      1645        0.270540E-07        0.270540E-07        0.113874E-08
  asr3      1646        0.268158E-07        0.268158E-07        0.119506E-08
  asr3      1647        0.266967E-07        0.266967E-07        0.122639E-08
  asr3      1648        0.264573E-07        0.264573E-07        0.112399E-08
  asr3      1649        0.264599E-07        0.264599E-07        0.115360E-08
  asr3      1650        0.263372E-07        0.263372E-07        0.114420E-08
  asr3      1651        0.262262E-07        0.262262E-07        0.116612E-08
  asr3      1652        0.261091E-07        0.261091E-07        0.116134E-08
  asr3      1653        0.259937E-07        0.259937E-07        0.110733E-08
  asr3      1654        0.258786E-07        0.258786E-07        0.125077E-08
  asr3      1655        0.257548E-07        0.257548E-07        0.117534E-08
  asr3      1656        0.256526E-07        0.256526E-07        0.109256E-08
  asr3      1657        0.255389E-07        0.255389E-07        0.119097E-08
  asr3      1658        0.252892E-07        0.252892E-07        0.110288E-08
  asr3      1659        0.253113E-07        0.253113E-07        0.115764E-08
  asr3      1660        0.252059E-07        0.252059E-07        0.122146E-08
  asr3      1661        0.251111E-07        0.251111E-07        0.109513E-08
  asr3      1662        0.249795E-07        0.249795E-07        0.106746E-08
  asr3      1663        0.248690E-07        0.248690E-07        0.110665E-08
  asr3      1664        0.247589E-07        0.247589E-07        0.105727E-08
  asr3      1665        0.246491E-07        0.246491E-07        0.109695E-08
  asr3      1666        0.245567E-07        0.245567E-07        0.104354E-08
  asr3      1667        0.244312E-07        0.244312E-07        0.111288E-08
  asr3      1668        0.243229E-07        0.243229E-07        0.109288E-08
  asr3      1669        0.241069E-07        0.241069E-07        0.110131E-08
  asr3      1670        0.241078E-07        0.241078E-07        0.110998E-08
  asr3      1671        0.238918E-07        0.238918E-07        0.106234E-08
  asr3      1672        0.238840E-07        0.238840E-07        0.994190E-09
  asr3      1673        0.237874E-07        0.237874E-07        0.114962E-08
  asr3      1674        0.236809E-07        0.236809E-07        0.105339E-08
  asr3      1675        0.235773E-07        0.235773E-07        0.107732E-08
  asr3      1676        0.234939E-07        0.234939E-07        0.109384E-08
  asr3      1677        0.234966E-07        0.234966E-07        0.102435E-08
  asr3      1678        0.232663E-07        0.232663E-07        0.990302E-09
  asr3      1679        0.231678E-07        0.231678E-07        0.105792E-08
  asr3      1680        0.230607E-07        0.230607E-07        0.961365E-09
  asr3      1681        0.229586E-07        0.229586E-07        0.999353E-09
  asr3      1682        0.228565E-07        0.228565E-07        0.104810E-08
  asr3      1683        0.226533E-07        0.226533E-07        0.993331E-09
  asr3      1684        0.226531E-07        0.226531E-07        0.103077E-08
  asr3      1685        0.225532E-07        0.225532E-07        0.100723E-08
  asr3      1686        0.224529E-07        0.224529E-07        0.935126E-09
  asr3      1687        0.223538E-07        0.223538E-07        0.103844E-08
  asr3      1688        0.222552E-07        0.222552E-07        0.990183E-09
  asr3      1689        0.221515E-07        0.221515E-07        0.943871E-09
  asr3      1690        0.220578E-07        0.220578E-07        0.964676E-09
  asr3      1691        0.219613E-07        0.219613E-07        0.935847E-09
  asr3      1692        0.218633E-07        0.218633E-07        0.102007E-08
  asr3      1693        0.217621E-07        0.217621E-07        0.105314E-08
  asr3      1694        0.216808E-07        0.216808E-07        0.924208E-09
  asr3      1695        0.215741E-07        0.215741E-07        0.940159E-09
  asr3      1696        0.214787E-07        0.214787E-07        0.894351E-09
  asr3      1697        0.213830E-07        0.213830E-07        0.961829E-09
  asr3      1698        0.211928E-07        0.211928E-07        0.867974E-09
  asr3      1699        0.211935E-07        0.211935E-07        0.986756E-09
  asr3      1700        0.211177E-07        0.211177E-07        0.943350E-09
  asr3      1701        0.210063E-07        0.210063E-07        0.938031E-09
  asr3      1702        0.209140E-07        0.209140E-07        0.910698E-09
  asr3      1703        0.208211E-07        0.208211E-07        0.908118E-09
  asr3      1704        0.207292E-07        0.207292E-07        0.925760E-09
  asr3      1705        0.206371E-07        0.206371E-07        0.904328E-09
  asr3      1706        0.204240E-07        0.204240E-07        0.931392E-09
  asr3      1707        0.204539E-07        0.204539E-07        0.949470E-09
  asr3      1708        0.203632E-07        0.203632E-07        0.911938E-09
  asr3      1709        0.201557E-07        0.201557E-07        0.857390E-09
  asr3      1710        0.201830E-07        0.201830E-07        0.977453E-09
  asr3      1711        0.201854E-07        0.201854E-07        0.939944E-09
  asr3      1712        0.198946E-07        0.198946E-07        0.868865E-09
  asr3      1713        0.199159E-07        0.199159E-07        0.866301E-09
  asr3      1714        0.198282E-07        0.198282E-07        0.995340E-09
  asr3      1715        0.197428E-07        0.197428E-07        0.843583E-09
  asr3      1716        0.196532E-07        0.196532E-07        0.799188E-09
  asr3      1717        0.195662E-07        0.195662E-07        0.814789E-09
  asr3      1718        0.194758E-07        0.194758E-07        0.887817E-09
  asr3      1719        0.193933E-07        0.193933E-07        0.826877E-09
  asr3      1720        0.193074E-07        0.193074E-07        0.897553E-09
  asr3      1721        0.192220E-07        0.192220E-07        0.912896E-09
  asr3      1722        0.191121E-07        0.191121E-07        0.850720E-09
  asr3      1723        0.190522E-07        0.190522E-07        0.871912E-09
  asr3      1724        0.189673E-07        0.189673E-07        0.813752E-09
  asr3      1725        0.188839E-07        0.188839E-07        0.878873E-09
  asr3      1726        0.188004E-07        0.188004E-07        0.797759E-09
  asr3      1727        0.187172E-07        0.187172E-07        0.888092E-09
  asr3      1728        0.186343E-07        0.186343E-07        0.902273E-09
  asr3      1729        0.185515E-07        0.185515E-07        0.788570E-09
  asr3      1730        0.184697E-07        0.184697E-07        0.787216E-09
  asr3      1731        0.183879E-07        0.183879E-07        0.889474E-09
  asr3      1732        0.182993E-07        0.182993E-07        0.848980E-09
  asr3      1733        0.183250E-07        0.183250E-07        0.755835E-09
  asr3      1734        0.181452E-07        0.181452E-07        0.811651E-09
  asr3      1735        0.180647E-07        0.180647E-07        0.786178E-09
  asr3      1736        0.179838E-07        0.179838E-07        0.837096E-09
  asr3      1737        0.179050E-07        0.179050E-07        0.799523E-09
  asr3      1738        0.178262E-07        0.178262E-07        0.810560E-09
  asr3      1739        0.177475E-07        0.177475E-07        0.792684E-09
  asr3      1740        0.176683E-07        0.176683E-07        0.751105E-09
  asr3      1741        0.175902E-07        0.175902E-07        0.749885E-09
  asr3      1742        0.175122E-07        0.175122E-07        0.746063E-09
  asr3      1743        0.174344E-07        0.174344E-07        0.759902E-09
  asr3      1744        0.173568E-07        0.173568E-07        0.755987E-09
  asr3      1745        0.172802E-07        0.172802E-07        0.737205E-09
  asr3      1746        0.171969E-07        0.171969E-07        0.748993E-09
  asr3      1747        0.171274E-07        0.171274E-07        0.712365E-09
  asr3      1748        0.170519E-07        0.170519E-07        0.726557E-09
  asr3      1749        0.169769E-07        0.169769E-07        0.758578E-09
  asr3      1750        0.169018E-07        0.169018E-07        0.770110E-09
  asr3      1751        0.168205E-07        0.168205E-07        0.751959E-09
  asr3      1752        0.167522E-07        0.167522E-07        0.729418E-09
  asr3      1753        0.166746E-07        0.166746E-07        0.759962E-09
  asr3      1754        0.166038E-07        0.166038E-07        0.708267E-09
  asr3      1755        0.165300E-07        0.165300E-07        0.720392E-09
  asr3      1756        0.164568E-07        0.164568E-07        0.795844E-09
  asr3      1757        0.163839E-07        0.163839E-07        0.729337E-09
  asr3      1758        0.163196E-07        0.163196E-07        0.742912E-09
  asr3      1759        0.162391E-07        0.162391E-07        0.740639E-09
  asr3      1760        0.161643E-07        0.161643E-07        0.751680E-09
  asr3      1761        0.161823E-07        0.161823E-07        0.731895E-09
  asr3      1762        0.160388E-07        0.160388E-07        0.682793E-09
  asr3      1763        0.159536E-07        0.159536E-07        0.695494E-09
  asr3      1764        0.158829E-07        0.158829E-07        0.739281E-09
  asr3      1765        0.158203E-07        0.158203E-07        0.689622E-09
  asr3      1766        0.157425E-07        0.157425E-07        0.671610E-09
  asr3      1767        0.156727E-07        0.156727E-07        0.728336E-09
  asr3      1768        0.156670E-07        0.156670E-07        0.697348E-09
  asr3      1769        0.155345E-07        0.155345E-07        0.722298E-09
  asr3      1770        0.154627E-07        0.154627E-07        0.674916E-09
  asr3      1771        0.153969E-07        0.153969E-07        0.673513E-09
  asr3      1772        0.152457E-07        0.152457E-07        0.682316E-09
  asr3      1773        0.152614E-07        0.152614E-07        0.677470E-09
  asr3      1774        0.151944E-07        0.151944E-07        0.618475E-09
  asr3      1775        0.151267E-07        0.151267E-07        0.630450E-09
  asr3      1776        0.150597E-07        0.150597E-07        0.670037E-09
  asr3      1777        0.149928E-07        0.149928E-07        0.609568E-09
  asr3      1778        0.149267E-07        0.149267E-07        0.635309E-09
  asr3      1779        0.148606E-07        0.148606E-07        0.604133E-09
  asr3      1780        0.147948E-07        0.147948E-07        0.644282E-09
  asr3      1781        0.147294E-07        0.147294E-07        0.642070E-09
  asr3      1782        0.146644E-07        0.146644E-07        0.596124E-09
  asr3      1783        0.145995E-07        0.145995E-07        0.649651E-09
  asr3      1784        0.145348E-07        0.145348E-07        0.632991E-09
  asr3      1785        0.144705E-07        0.144705E-07        0.644100E-09
  asr3      1786        0.144064E-07        0.144064E-07        0.627882E-09
  asr3      1787        0.143426E-07        0.143426E-07        0.597539E-09
  asr3      1788        0.142787E-07        0.142787E-07        0.608977E-09
  asr3      1789        0.142151E-07        0.142151E-07        0.619066E-09
  asr3      1790        0.141521E-07        0.141521E-07        0.616323E-09
  asr3      1791        0.140894E-07        0.140894E-07        0.600435E-09
  asr3      1792        0.140269E-07        0.140269E-07        0.597388E-09
  asr3      1793        0.139648E-07        0.139648E-07        0.581341E-09
  asr3      1794        0.139057E-07        0.139057E-07        0.606061E-09
  asr3      1795        0.138414E-07        0.138414E-07        0.615813E-09
  asr3      1796        0.137801E-07        0.137801E-07        0.600527E-09
  asr3      1797        0.137190E-07        0.137190E-07        0.584180E-09
  asr3      1798        0.136582E-07        0.136582E-07        0.582507E-09
  asr3      1799        0.135977E-07        0.135977E-07        0.579458E-09
  asr3      1800        0.135375E-07        0.135375E-07        0.602275E-09
  asr3      1801        0.134773E-07        0.134773E-07        0.586908E-09
  asr3      1802        0.134178E-07        0.134178E-07        0.584722E-09
  asr3      1803        0.133584E-07        0.133584E-07        0.581777E-09
  asr3      1804        0.132992E-07        0.132992E-07        0.591700E-09
  asr3      1805        0.132403E-07        0.132403E-07        0.564228E-09
  asr3      1806        0.131814E-07        0.131814E-07        0.561327E-09
  asr3      1807        0.131233E-07        0.131233E-07        0.571509E-09
  asr3      1808        0.130651E-07        0.130651E-07        0.607013E-09
  asr3      1809        0.130073E-07        0.130073E-07        0.528742E-09
  asr3      1810        0.129496E-07        0.129496E-07        0.552229E-09
  asr3      1811        0.128926E-07        0.128926E-07        0.536696E-09
  asr3      1812        0.128359E-07        0.128359E-07        0.534326E-09
  asr3      1813        0.127790E-07        0.127790E-07        0.556884E-09
  asr3      1814        0.127225E-07        0.127225E-07        0.529652E-09
  asr3      1815        0.126661E-07        0.126661E-07        0.527259E-09
  asr3      1816        0.126100E-07        0.126100E-07        0.537741E-09
  asr3      1817        0.125542E-07        0.125542E-07        0.522592E-09
  asr3      1818        0.124986E-07        0.124986E-07        0.544291E-09
  asr3      1819        0.124432E-07        0.124432E-07        0.566875E-09
  asr3      1820        0.123881E-07        0.123881E-07        0.527902E-09
  asr3      1821        0.123332E-07        0.123332E-07        0.562195E-09
  asr3      1822        0.122784E-07        0.122784E-07        0.523614E-09
  asr3      1823        0.122242E-07        0.122242E-07        0.560924E-09
  asr3      1824        0.121155E-07        0.121155E-07        0.553574E-09
  asr3      1825        0.121159E-07        0.121159E-07        0.517538E-09
  asr3      1826        0.120621E-07        0.120621E-07        0.536223E-09
  asr3      1827        0.120087E-07        0.120087E-07        0.523209E-09
  asr3      1828        0.119600E-07        0.119600E-07        0.532469E-09
  asr3      1829        0.119025E-07        0.119025E-07        0.529842E-09
  asr3      1830        0.118498E-07        0.118498E-07        0.505170E-09
  asr3      1831        0.117973E-07        0.117973E-07        0.491289E-09
  asr3      1832        0.117451E-07        0.117451E-07        0.522949E-09
  asr3      1833        0.116931E-07        0.116931E-07        0.487016E-09
  asr3      1834        0.116414E-07        0.116414E-07        0.507227E-09
  asr3      1835        0.115899E-07        0.115899E-07        0.482762E-09
  asr3      1836        0.115385E-07        0.115385E-07        0.469092E-09
  asr3      1837        0.114874E-07        0.114874E-07        0.467006E-09
  asr3      1838        0.114366E-07        0.114366E-07        0.508936E-09
  asr3      1839        0.113859E-07        0.113859E-07        0.485497E-09
  asr3      1840        0.113355E-07        0.113355E-07        0.516988E-09
  asr3      1841        0.112853E-07        0.112853E-07        0.470144E-09
  asr3      1842        0.112353E-07        0.112353E-07        0.468090E-09
  asr3      1843        0.111836E-07        0.111836E-07        0.497632E-09
  asr3      1844        0.111360E-07        0.111360E-07        0.474217E-09
  asr3      1845        0.110867E-07        0.110867E-07        0.472982E-09
  asr3      1846        0.110386E-07        0.110386E-07        0.448595E-09
  asr3      1847        0.109887E-07        0.109887E-07        0.446651E-09
  asr3      1848        0.109401E-07        0.109401E-07        0.455416E-09
  asr3      1849        0.108916E-07        0.108916E-07        0.453763E-09
  asr3      1850        0.108432E-07        0.108432E-07        0.462483E-09
  asr3      1851        0.107954E-07        0.107954E-07        0.449774E-09
  asr3      1852        0.107476E-07        0.107476E-07        0.470232E-09
  asr3      1853        0.106998E-07        0.106998E-07        0.466031E-09
  asr3      1854        0.106526E-07        0.106526E-07        0.463964E-09
  asr3      1855        0.106054E-07        0.106054E-07        0.462221E-09
  asr3      1856        0.105585E-07        0.105585E-07        0.462468E-09
  asr3      1857        0.104570E-07        0.104570E-07        0.439970E-09
  asr3      1858        0.104647E-07        0.104647E-07        0.437611E-09
  asr3      1859        0.104186E-07        0.104186E-07        0.463114E-09
  asr3      1860        0.103724E-07        0.103724E-07        0.443658E-09
  asr3      1861        0.103265E-07        0.103265E-07        0.420065E-09
  asr3      1862        0.102808E-07        0.102808E-07        0.477436E-09
  asr3      1863        0.102351E-07        0.102351E-07        0.435367E-09
  asr3      1864        0.101900E-07        0.101900E-07        0.435207E-09
  asr3      1865        0.101449E-07        0.101449E-07        0.442679E-09
  asr3      1866        0.101000E-07        0.101000E-07        0.442167E-09
  asr3      1867        0.100572E-07        0.100572E-07        0.419274E-09
  asr3      1868        0.100107E-07        0.100107E-07        0.417320E-09
  asr3      1869        0.996639E-08        0.996639E-08        0.424551E-09
  asr3      1870        0.991737E-08        0.991737E-08        0.422713E-09
  asr3      1871        0.987831E-08        0.987831E-08        0.439262E-09
  asr3      1872        0.983457E-08        0.983457E-08        0.399890E-09
  asr3      1873        0.979102E-08        0.979102E-08        0.417458E-09
  asr3      1874        0.974764E-08        0.974764E-08        0.426702E-09
  asr3      1875        0.970446E-08        0.970446E-08        0.413269E-09
  asr3      1876        0.966147E-08        0.966147E-08        0.429813E-09
  asr3      1877        0.961867E-08        0.961867E-08        0.428014E-09
  asr3      1878        0.957255E-08        0.957255E-08        0.418847E-09
  asr3      1879        0.953364E-08        0.953364E-08        0.397053E-09
  asr3      1880        0.949141E-08        0.949141E-08        0.404372E-09
  asr3      1881        0.944936E-08        0.944936E-08        0.393579E-09
  asr3      1882        0.940749E-08        0.940749E-08        0.401045E-09
  asr3      1883        0.936581E-08        0.936581E-08        0.390118E-09
  asr3      1884        0.932431E-08        0.932431E-08        0.414780E-09
  asr3      1885        0.928284E-08        0.928284E-08        0.408910E-09
  asr3      1886        0.920046E-08        0.920046E-08        0.400674E-09
  asr3      1887        0.920071E-08        0.920071E-08        0.393016E-09
  asr3      1888        0.915997E-08        0.915997E-08        0.380960E-09
  asr3      1889        0.911940E-08        0.911940E-08        0.388701E-09
  asr3      1890        0.907901E-08        0.907901E-08        0.429024E-09
  asr3      1891        0.905898E-08        0.905898E-08        0.375342E-09
  asr3      1892        0.899896E-08        0.899896E-08        0.383827E-09
  asr3      1893        0.895910E-08        0.895910E-08        0.381880E-09
  asr3      1894        0.891941E-08        0.891941E-08        0.362416E-09
  asr3      1895        0.887989E-08        0.887989E-08        0.388823E-09
  asr3      1896        0.884055E-08        0.884055E-08        0.368364E-09
  asr3      1897        0.880139E-08        0.880139E-08        0.357733E-09
  asr3      1898        0.876240E-08        0.876240E-08        0.364998E-09
  asr3      1899        0.872358E-08        0.872358E-08        0.389456E-09
  asr3      1900        0.868494E-08        0.868494E-08        0.378344E-09
  asr3      1901        0.864647E-08        0.864647E-08        0.394247E-09
  asr3      1902        0.860816E-08        0.860816E-08        0.382995E-09
  asr3      1903        0.857005E-08        0.857005E-08        0.373296E-09
  asr3      1904        0.853208E-08        0.853208E-08        0.355361E-09
  asr3      1905        0.849429E-08        0.849429E-08        0.361975E-09
  asr3      1906        0.845666E-08        0.845666E-08        0.352092E-09
  asr3      1907        0.841920E-08        0.841920E-08        0.390627E-09
  asr3      1908        0.841953E-08        0.841953E-08        0.365702E-09
  asr3      1909        0.834497E-08        0.834497E-08        0.347343E-09
  asr3      1910        0.830788E-08        0.830788E-08        0.345308E-09
  asr3      1911        0.827096E-08        0.827096E-08        0.351869E-09
  asr3      1912        0.823430E-08        0.823430E-08        0.350982E-09
  asr3      1913        0.819781E-08        0.819781E-08        0.333367E-09
  asr3      1914        0.816148E-08        0.816148E-08        0.355566E-09
  asr3      1915        0.812531E-08        0.812531E-08        0.346192E-09
  asr3      1916        0.808917E-08        0.808917E-08        0.344636E-09
  asr3      1917        0.805346E-08        0.805346E-08        0.359601E-09
  asr3      1918        0.801765E-08        0.801765E-08        0.341653E-09
  asr3      1919        0.798226E-08        0.798226E-08        0.332448E-09
  asr3      1920        0.794690E-08        0.794690E-08        0.330873E-09
  asr3      1921        0.791169E-08        0.791169E-08        0.337145E-09
  asr3      1922        0.787665E-08        0.787665E-08        0.343053E-09
  asr3      1923        0.784175E-08        0.784175E-08        0.333999E-09
  asr3      1924        0.780701E-08        0.780701E-08        0.325204E-09
  asr3      1925        0.777243E-08        0.777243E-08        0.345806E-09
  asr3      1926        0.773800E-08        0.773800E-08        0.314587E-09
  asr3      1927        0.770373E-08        0.770373E-08        0.320918E-09
  asr3      1928        0.766960E-08        0.766960E-08        0.319534E-09
  asr3      1929        0.763563E-08        0.763563E-08        0.332742E-09
  asr3      1930        0.760181E-08        0.760181E-08        0.323738E-09
  asr3      1931        0.756813E-08        0.756813E-08        0.315285E-09
  asr3      1932        0.753461E-08        0.753461E-08        0.313887E-09
  asr3      1933        0.750124E-08        0.750124E-08        0.305135E-09
  asr3      1934        0.746801E-08        0.746801E-08        0.310891E-09
  asr3      1935        0.743493E-08        0.743493E-08        0.316844E-09
  asr3      1936        0.740240E-08        0.740240E-08        0.343811E-09
  asr3      1937        0.736921E-08        0.736921E-08        0.314024E-09
  asr3      1938        0.733657E-08        0.733657E-08        0.298233E-09
  asr3      1939        0.730406E-08        0.730406E-08        0.311028E-09
  asr3      1940        0.727171E-08        0.727171E-08        0.323558E-09
  asr3      1941        0.724092E-08        0.724092E-08        0.308600E-09
  asr3      1942        0.720743E-08        0.720743E-08        0.314122E-09
  asr3      1943        0.717550E-08        0.717550E-08        0.305817E-09
  asr3      1944        0.714371E-08        0.714371E-08        0.297644E-09
  asr3      1945        0.711206E-08        0.711206E-08        0.311025E-09
  asr3      1946        0.708055E-08        0.708055E-08        0.322634E-09
  asr3      1947        0.708732E-08        0.708732E-08        0.309028E-09
  asr3      1948        0.701813E-08        0.701813E-08        0.314020E-09
  asr3      1949        0.698702E-08        0.698702E-08        0.297870E-09
  asr3      1950        0.695607E-08        0.695607E-08        0.288974E-09
  asr3      1951        0.692526E-08        0.692526E-08        0.288687E-09
  asr3      1952        0.689456E-08        0.689456E-08        0.306713E-09
  asr3      1953        0.686401E-08        0.686401E-08        0.331498E-09
  asr3      1954        0.686451E-08        0.686451E-08        0.299279E-09
  asr3      1955        0.680347E-08        0.680347E-08        0.316678E-09
  asr3      1956        0.677331E-08        0.677331E-08        0.275033E-09
  asr3      1957        0.674328E-08        0.674328E-08        0.287058E-09
  asr3      1958        0.671339E-08        0.671339E-08        0.292266E-09
  asr3      1959        0.668363E-08        0.668363E-08        0.278159E-09
  asr3      1960        0.665400E-08        0.665400E-08        0.289813E-09
  asr3      1961        0.662451E-08        0.662451E-08        0.275809E-09
  asr3      1962        0.659515E-08        0.659515E-08        0.287248E-09
  asr3      1963        0.656592E-08        0.656592E-08        0.292050E-09
  asr3      1964        0.653683E-08        0.653683E-08        0.265688E-09
  asr3      1965        0.650785E-08        0.650785E-08        0.277289E-09
  asr3      1966        0.647902E-08        0.647902E-08        0.269876E-09
  asr3      1967        0.645031E-08        0.645031E-08        0.268517E-09
  asr3      1968        0.642172E-08        0.642172E-08        0.261031E-09
  asr3      1969        0.639327E-08        0.639327E-08        0.266208E-09
  asr3      1970        0.636253E-08        0.636253E-08        0.271171E-09
  asr3      1971        0.633674E-08        0.633674E-08        0.277453E-09
  asr3      1972        0.627455E-08        0.627455E-08        0.270003E-09
  asr3      1973        0.628066E-08        0.628066E-08        0.272870E-09
  asr3      1974        0.625284E-08        0.625284E-08        0.272468E-09
  asr3      1975        0.622515E-08        0.622515E-08        0.265277E-09
  asr3      1976        0.619757E-08        0.619757E-08        0.269839E-09
  asr3      1977        0.617012E-08        0.617012E-08        0.263133E-09
  asr3      1978        0.614279E-08        0.614279E-08        0.261808E-09
  asr3      1979        0.611558E-08        0.611558E-08        0.266400E-09
  asr3      1980        0.608850E-08        0.608850E-08        0.253592E-09
  asr3      1981        0.606036E-08        0.606036E-08        0.258334E-09
  asr3      1982        0.603467E-08        0.603467E-08        0.257147E-09
  asr3      1983        0.600794E-08        0.600794E-08        0.262918E-09
  asr3      1984        0.598360E-08        0.598360E-08        0.260799E-09
  asr3      1985        0.595485E-08        0.595485E-08        0.253852E-09
  asr3      1986        0.592848E-08        0.592848E-08        0.270297E-09
  asr3      1987        0.590206E-08        0.590206E-08        0.239927E-09
  asr3      1988        0.587600E-08        0.587600E-08        0.250456E-09
  asr3      1989        0.584970E-08        0.584970E-08        0.243730E-09
  asr3      1990        0.582399E-08        0.582399E-08        0.259226E-09
  asr3      1991        0.579830E-08        0.579830E-08        0.247032E-09
  asr3      1992        0.577263E-08        0.577263E-08        0.256926E-09
  asr3      1993        0.574716E-08        0.574716E-08        0.250357E-09
  asr3      1994        0.572162E-08        0.572162E-08        0.249351E-09
  asr3      1995        0.569620E-08        0.569620E-08        0.237178E-09
  asr3      1996        0.567106E-08        0.567106E-08        0.241566E-09
  asr3      1997        0.564596E-08        0.564596E-08        0.229541E-09
  asr3      1998        0.562096E-08        0.562096E-08        0.244850E-09
  asr3      1999        0.559608E-08        0.559608E-08        0.255004E-09
  asr3      2000        0.557130E-08        0.557130E-08        0.237620E-09
  asr3      2001        0.554662E-08        0.554662E-08        0.236243E-09
  asr3      2002        0.552206E-08        0.552206E-08        0.240686E-09
  asr3      2003        0.549761E-08        0.549761E-08        0.228887E-09
  asr3      2004        0.547327E-08        0.547327E-08        0.243559E-09
  asr3      2005        0.544903E-08        0.544903E-08        0.227078E-09
  asr3      2006        0.542490E-08        0.542490E-08        0.220546E-09
  asr3      2007        0.540088E-08        0.540088E-08        0.219567E-09
  asr3      2008        0.537696E-08        0.537696E-08        0.223862E-09
  asr3      2009        0.535314E-08        0.535314E-08        0.227990E-09
  asr3      2010        0.532944E-08        0.532944E-08        0.239728E-09
  asr3      2011        0.528095E-08        0.528095E-08        0.219705E-09
  asr3      2012        0.528218E-08        0.528218E-08        0.235366E-09
  asr3      2013        0.525878E-08        0.525878E-08        0.224333E-09
  asr3      2014        0.523522E-08        0.523522E-08        0.233821E-09
  asr3      2015        0.521232E-08        0.521232E-08        0.216857E-09
  asr3      2016        0.518825E-08        0.518825E-08        0.226319E-09
  asr3      2017        0.516627E-08        0.516627E-08        0.229970E-09
  asr3      2018        0.514338E-08        0.514338E-08        0.225226E-09
  asr3      2019        0.512062E-08        0.512062E-08        0.223023E-09
  asr3      2020        0.509795E-08        0.509795E-08        0.232668E-09
  asr3      2021        0.505037E-08        0.505037E-08        0.231088E-09
  asr3      2022        0.505483E-08        0.505483E-08        0.205698E-09
  asr3      2023        0.503043E-08        0.503043E-08        0.219231E-09
  asr3      2024        0.500816E-08        0.500816E-08        0.213522E-09
  asr3      2025        0.498601E-08        0.498601E-08        0.227444E-09
  asr3      2026        0.496395E-08        0.496395E-08        0.221049E-09
  asr3      2027        0.494199E-08        0.494199E-08        0.215463E-09
  asr3      2028        0.492012E-08        0.492012E-08        0.214525E-09
  asr3      2029        0.489836E-08        0.489836E-08        0.213517E-09
  asr3      2030        0.487668E-08        0.487668E-08        0.203207E-09
  asr3      2031        0.485510E-08        0.485510E-08        0.202287E-09
  asr3      2032        0.483362E-08        0.483362E-08        0.206060E-09
  asr3      2033        0.481223E-08        0.481223E-08        0.209748E-09
  asr3      2034        0.479093E-08        0.479093E-08        0.206679E-09
  asr3      2035        0.474830E-08        0.474830E-08        0.213735E-09
  asr3      2036        0.474851E-08        0.474851E-08        0.210944E-09
  asr3      2037        0.472750E-08        0.472750E-08        0.196554E-09
  asr3      2038        0.470658E-08        0.470658E-08        0.209425E-09
  asr3      2039        0.468575E-08        0.468575E-08        0.208551E-09
  asr3      2040        0.466502E-08        0.466502E-08        0.207648E-09
  asr3      2041        0.464431E-08        0.464431E-08        0.193668E-09
  asr3      2042        0.462383E-08        0.462383E-08        0.188031E-09
  asr3      2043        0.460336E-08        0.460336E-08        0.205945E-09
  asr3      2044        0.458525E-08        0.458525E-08        0.195450E-09
  asr3      2045        0.456270E-08        0.456270E-08        0.203227E-09
  asr3      2046        0.454250E-08        0.454250E-08        0.198164E-09
  asr3      2047        0.452239E-08        0.452239E-08        0.197001E-09
  asr3      2048        0.450238E-08        0.450238E-08        0.196128E-09
  asr3      2049        0.448245E-08        0.448245E-08        0.199540E-09
  asr3      2050        0.446261E-08        0.446261E-08        0.190241E-09
  asr3      2051        0.444286E-08        0.444286E-08        0.197759E-09
  asr3      2052        0.442319E-08        0.442319E-08        0.197691E-09
  asr3      2053        0.440361E-08        0.440361E-08        0.191820E-09
  asr3      2054        0.438411E-08        0.438411E-08        0.191078E-09
  asr3      2055        0.436472E-08        0.436472E-08        0.190121E-09
  asr3      2056        0.434538E-08        0.434538E-08        0.180922E-09
  asr3      2057        0.432614E-08        0.432614E-08        0.175886E-09
  asr3      2058        0.430699E-08        0.430699E-08        0.183722E-09
  asr3      2059        0.428792E-08        0.428792E-08        0.178525E-09
  asr3      2060        0.426893E-08        0.426893E-08        0.185941E-09
  asr3      2061        0.425003E-08        0.425003E-08        0.189135E-09
  asr3      2062        0.423121E-08        0.423121E-08        0.176299E-09
  asr3      2063        0.421247E-08        0.421247E-08        0.192155E-09
  asr3      2064        0.419382E-08        0.419382E-08        0.178876E-09
  asr3      2065        0.417525E-08        0.417525E-08        0.185799E-09
  asr3      2066        0.415676E-08        0.415676E-08        0.177167E-09
  asr3      2067        0.413827E-08        0.413827E-08        0.184831E-09
  asr3      2068        0.412000E-08        0.412000E-08        0.171663E-09
  asr3      2069        0.410166E-08        0.410166E-08        0.190432E-09
  asr3      2070        0.410560E-08        0.410560E-08        0.175091E-09
  asr3      2071        0.406560E-08        0.406560E-08        0.176835E-09
  asr3      2072        0.404758E-08        0.404758E-08        0.172081E-09
  asr3      2073        0.402965E-08        0.402965E-08        0.171618E-09
  asr3      2074        0.401179E-08        0.401179E-08        0.178530E-09
  asr3      2075        0.399401E-08        0.399401E-08        0.166207E-09
  asr3      2076        0.397632E-08        0.397632E-08        0.169438E-09
  asr3      2077        0.395870E-08        0.395870E-08        0.168689E-09
  asr3      2078        0.394109E-08        0.394109E-08        0.175304E-09
  asr3      2079        0.392370E-08        0.392370E-08        0.174566E-09
  asr3      2080        0.390632E-08        0.390632E-08        0.177977E-09
  asr3      2081        0.388901E-08        0.388901E-08        0.165724E-09
  asr3      2082        0.387178E-08        0.387178E-08        0.168708E-09
  asr3      2083        0.385539E-08        0.385539E-08        0.160545E-09
  asr3      2084        0.383756E-08        0.383756E-08        0.167131E-09
  asr3      2085        0.382056E-08        0.382056E-08        0.166487E-09
  asr3      2086        0.380363E-08        0.380363E-08        0.162194E-09
  asr3      2087        0.378678E-08        0.378678E-08        0.165732E-09
  asr3      2088        0.376815E-08        0.376815E-08        0.153359E-09
  asr3      2089        0.375471E-08        0.375471E-08        0.167015E-09
  asr3      2090        0.373668E-08        0.373668E-08        0.166259E-09
  asr3      2091        0.372012E-08        0.372012E-08        0.165529E-09
  asr3      2092        0.370364E-08        0.370364E-08        0.161397E-09
  asr3      2093        0.368723E-08        0.368723E-08        0.153501E-09
  asr3      2094        0.367090E-08        0.367090E-08        0.152825E-09
  asr3      2095        0.365463E-08        0.365463E-08        0.155850E-09
  asr3      2096        0.363844E-08        0.363844E-08        0.161883E-09
  asr3      2097        0.362233E-08        0.362233E-08        0.154537E-09
  asr3      2098        0.360458E-08        0.360458E-08        0.156871E-09
  asr3      2099        0.359037E-08        0.359037E-08        0.152975E-09
  asr3      2100        0.357441E-08        0.357441E-08        0.163014E-09
  asr3      2101        0.355858E-08        0.355858E-08        0.162177E-09
  asr3      2102        0.354455E-08        0.354455E-08        0.161501E-09
  asr3      2103        0.352712E-08        0.352712E-08        0.153680E-09
  asr3      2104        0.351153E-08        0.351153E-08        0.149745E-09
  asr3      2105        0.349602E-08        0.349602E-08        0.159348E-09
  asr3      2106        0.348041E-08        0.348041E-08        0.141493E-09
  asr3      2107        0.346512E-08        0.346512E-08        0.144379E-09
  asr3      2108        0.345044E-08        0.345044E-08        0.147161E-09
  asr3      2109        0.343450E-08        0.343450E-08        0.152820E-09
  asr3      2110        0.341928E-08        0.341928E-08        0.152202E-09
  asr3      2111        0.340383E-08        0.340383E-08        0.159870E-09
  asr3      2112        0.337184E-08        0.337184E-08        0.150055E-09
  asr3      2113        0.337396E-08        0.337396E-08        0.140655E-09
  asr3      2114        0.335903E-08        0.335903E-08        0.149325E-09
  asr3      2115        0.334416E-08        0.334416E-08        0.145801E-09
  asr3      2116        0.332936E-08        0.332936E-08        0.145141E-09
  asr3      2117        0.331462E-08        0.331462E-08        0.154033E-09
  asr3      2118        0.329995E-08        0.329995E-08        0.140673E-09
  asr3      2119        0.328534E-08        0.328534E-08        0.136848E-09
  asr3      2120        0.327079E-08        0.327079E-08        0.132985E-09
  asr3      2121        0.325757E-08        0.325757E-08        0.135573E-09
  asr3      2122        0.324190E-08        0.324190E-08        0.141293E-09
  asr3      2123        0.322316E-08        0.322316E-08        0.134336E-09
  asr3      2124        0.321325E-08        0.321325E-08        0.139813E-09
  asr3      2125        0.319904E-08        0.319904E-08        0.133247E-09
  asr3      2126        0.318488E-08        0.318488E-08        0.135678E-09
  asr3      2127        0.317076E-08        0.317076E-08        0.132033E-09
  asr3      2128        0.315672E-08        0.315672E-08        0.137495E-09
  asr3      2129        0.314274E-08        0.314274E-08        0.130846E-09
  asr3      2130        0.312881E-08        0.312881E-08        0.130282E-09
  asr3      2131        0.311495E-08        0.311495E-08        0.132738E-09
  asr3      2132        0.310110E-08        0.310110E-08        0.132171E-09
  asr3      2133        0.308741E-08        0.308741E-08        0.125511E-09
  asr3      2134        0.307374E-08        0.307374E-08        0.131002E-09
  asr3      2135        0.306011E-08        0.306011E-08        0.136162E-09
  asr3      2136        0.304656E-08        0.304656E-08        0.138798E-09
  asr3      2137        0.303311E-08        0.303311E-08        0.129244E-09
  asr3      2138        0.301962E-08        0.301962E-08        0.128600E-09
  asr3      2139        0.300625E-08        0.300625E-08        0.128112E-09
  asr3      2140        0.299293E-08        0.299293E-08        0.124596E-09
  asr3      2141        0.297967E-08        0.297967E-08        0.124060E-09
  asr3      2142        0.296589E-08        0.296589E-08        0.132484E-09
  asr3      2143        0.295333E-08        0.295333E-08        0.142525E-09
  asr3      2144        0.296661E-08        0.296661E-08        0.121755E-09
  asr3      2145        0.292744E-08        0.292744E-08        0.133080E-09
  asr3      2146        0.293120E-08        0.293120E-08        0.117814E-09
  asr3      2147        0.290171E-08        0.290171E-08        0.127592E-09
  asr3      2148        0.287618E-08        0.287618E-08        0.117540E-09
  asr3      2149        0.287597E-08        0.287597E-08        0.127780E-09
  asr3      2150        0.286271E-08        0.286271E-08        0.127287E-09
  asr3      2151        0.285054E-08        0.285054E-08        0.124191E-09
  asr3      2152        0.283792E-08        0.283792E-08        0.118198E-09
  asr3      2153        0.282534E-08        0.282534E-08        0.120367E-09
  asr3      2154        0.281282E-08        0.281282E-08        0.119756E-09
  asr3      2155        0.280036E-08        0.280036E-08        0.116555E-09
  asr3      2156        0.278793E-08        0.278793E-08        0.116042E-09
  asr3      2157        0.277550E-08        0.277550E-08        0.115627E-09
  asr3      2158        0.276325E-08        0.276325E-08        0.125939E-09
  asr3      2159        0.275101E-08        0.275101E-08        0.117148E-09
  asr3      2160        0.273882E-08        0.273882E-08        0.116801E-09
  asr3      2161        0.272669E-08        0.272669E-08        0.118832E-09
  asr3      2162        0.271461E-08        0.271461E-08        0.115687E-09
  asr3      2163        0.270259E-08        0.270259E-08        0.120251E-09
  asr3      2164        0.269062E-08        0.269062E-08        0.120000E-09
  asr3      2165        0.269073E-08        0.269073E-08        0.117297E-09
  asr3      2166        0.266690E-08        0.266690E-08        0.116445E-09
  asr3      2167        0.265456E-08        0.265456E-08        0.115651E-09
  asr3      2168        0.264331E-08        0.264331E-08        0.110096E-09
  asr3      2169        0.263160E-08        0.263160E-08        0.117109E-09
  asr3      2170        0.261994E-08        0.261994E-08        0.111707E-09
  asr3      2171        0.260777E-08        0.260777E-08        0.113627E-09
  asr3      2172        0.259441E-08        0.259441E-08        0.110467E-09
  asr3      2173        0.258523E-08        0.258523E-08        0.110132E-09
  asr3      2174        0.257325E-08        0.257325E-08        0.107221E-09
  asr3      2175        0.256234E-08        0.256234E-08        0.109216E-09
  asr3      2176        0.255054E-08        0.255054E-08        0.108738E-09
  asr3      2177        0.253970E-08        0.253970E-08        0.105718E-09
  asr3      2178        0.252846E-08        0.252846E-08        0.105280E-09
  asr3      2179        0.251727E-08        0.251727E-08        0.102304E-09
  asr3      2180        0.250612E-08        0.250612E-08        0.111535E-09
  asr3      2181        0.249503E-08        0.249503E-08        0.111456E-09
  asr3      2182        0.248277E-08        0.248277E-08        0.108088E-09
  asr3      2183        0.247302E-08        0.247302E-08        0.100618E-09
  asr3      2184        0.246212E-08        0.246212E-08        0.104917E-09
  asr3      2185        0.245122E-08        0.245122E-08        0.104367E-09
  asr3      2186        0.244037E-08        0.244037E-08        0.101588E-09
  asr3      2187        0.242956E-08        0.242956E-08        0.103533E-09
  asr3      2188        0.241887E-08        0.241887E-08        0.108091E-09
  asr3      2189        0.240822E-08        0.240822E-08        0.102703E-09
  asr3      2190        0.239752E-08        0.239752E-08        0.104412E-09
  asr3      2191        0.238691E-08        0.238691E-08        0.101727E-09
  asr3      2192        0.237638E-08        0.237638E-08        0.105765E-09
  asr3      2193        0.236495E-08        0.236495E-08        0.103014E-09
  asr3      2194        0.235542E-08        0.235542E-08        0.104749E-09
  asr3      2195        0.234495E-08        0.234495E-08        0.102122E-09
  asr3      2196        0.233456E-08        0.233456E-08        0.103850E-09
  asr3      2197        0.232427E-08        0.232427E-08        0.989862E-10
  asr3      2198        0.231393E-08        0.231393E-08        0.985556E-10
  asr3      2199        0.230368E-08        0.230368E-08        0.100333E-09
  asr3      2200        0.229349E-08        0.229349E-08        0.977732E-10
  asr3      2201        0.228331E-08        0.228331E-08        0.994915E-10
  asr3      2202        0.227320E-08        0.227320E-08        0.946441E-10
  asr3      2203        0.226313E-08        0.226313E-08        0.964404E-10
  asr3      2204        0.225310E-08        0.225310E-08        0.981182E-10
  asr3      2205        0.224312E-08        0.224312E-08        0.935062E-10
  asr3      2206        0.223318E-08        0.223318E-08        0.929674E-10
  asr3      2207        0.222329E-08        0.222329E-08        0.947532E-10
  asr3      2208        0.221301E-08        0.221301E-08        0.964391E-10
  asr3      2209        0.220364E-08        0.220364E-08        0.959724E-10
  asr3      2210        0.219388E-08        0.219388E-08        0.956025E-10
  asr3      2211        0.218416E-08        0.218416E-08        0.102523E-09
  asr3      2212        0.216390E-08        0.216390E-08        0.929509E-10
  asr3      2213        0.216481E-08        0.216481E-08        0.926360E-10
  asr3      2214        0.215523E-08        0.215523E-08        0.919242E-10
  asr3      2215        0.214569E-08        0.214569E-08        0.895140E-10
  asr3      2216        0.213619E-08        0.213619E-08        0.931674E-10
  asr3      2217        0.212674E-08        0.212674E-08        0.927687E-10
  asr3      2218        0.211729E-08        0.211729E-08        0.860953E-10
  asr3      2219        0.210795E-08        0.210795E-08        0.900061E-10
  asr3      2220        0.209862E-08        0.209862E-08        0.874867E-10
  asr3      2221        0.208932E-08        0.208932E-08        0.890543E-10
  asr3      2222        0.208007E-08        0.208007E-08        0.866969E-10
  asr3      2223        0.207086E-08        0.207086E-08        0.906888E-10
  asr3      2224        0.206208E-08        0.206208E-08        0.940991E-10
  asr3      2225        0.205256E-08        0.205256E-08        0.834115E-10
  asr3      2226        0.204347E-08        0.204347E-08        0.932490E-10
  asr3      2227        0.203442E-08        0.203442E-08        0.846733E-10
  asr3      2228        0.202538E-08        0.202538E-08        0.863830E-10
  asr3      2229        0.201645E-08        0.201645E-08        0.897555E-10
  asr3      2230        0.200752E-08        0.200752E-08        0.856554E-10
  asr3      2231        0.199864E-08        0.199864E-08        0.833284E-10
  asr3      2232        0.198979E-08        0.198979E-08        0.847912E-10
  asr3      2233        0.198098E-08        0.198098E-08        0.825494E-10
  asr3      2234        0.197221E-08        0.197221E-08        0.821906E-10
  asr3      2235        0.196348E-08        0.196348E-08        0.836886E-10
  asr3      2236        0.195479E-08        0.195479E-08        0.851473E-10
  asr3      2237        0.194613E-08        0.194613E-08        0.847698E-10
  asr3      2238        0.193751E-08        0.193751E-08        0.825205E-10
  asr3      2239        0.192894E-08        0.192894E-08        0.858420E-10
  asr3      2240        0.192039E-08        0.192039E-08        0.800158E-10
  asr3      2241        0.191189E-08        0.191189E-08        0.814866E-10
  asr3      2242        0.190343E-08        0.190343E-08        0.847042E-10
  asr3      2243        0.189500E-08        0.189500E-08        0.789659E-10
  asr3      2244        0.188660E-08        0.188660E-08        0.767002E-10
  asr3      2245        0.187825E-08        0.187825E-08        0.763604E-10
  asr3      2246        0.186993E-08        0.186993E-08        0.832117E-10
  asr3      2247        0.186165E-08        0.186165E-08        0.792982E-10
  asr3      2248        0.185377E-08        0.185377E-08        0.861058E-10
  asr3      2249        0.184520E-08        0.184520E-08        0.821108E-10
  asr3      2250        0.183703E-08        0.183703E-08        0.817387E-10
  asr3      2251        0.182889E-08        0.182889E-08        0.780107E-10
  asr3      2252        0.182079E-08        0.182079E-08        0.810157E-10
  asr3      2253        0.181273E-08        0.181273E-08        0.790062E-10
  asr3      2254        0.180470E-08        0.180470E-08        0.790186E-10
  asr3      2255        0.179670E-08        0.179670E-08        0.748598E-10
  asr3      2256        0.178865E-08        0.178865E-08        0.762944E-10
  asr3      2257        0.178082E-08        0.178082E-08        0.742014E-10
  asr3      2258        0.177291E-08        0.177291E-08        0.738711E-10
  asr3      2259        0.176503E-08        0.176503E-08        0.735864E-10
  asr3      2260        0.175719E-08        0.175719E-08        0.749461E-10
  asr3      2261        0.174940E-08        0.174940E-08        0.762484E-10
  asr3      2262        0.174166E-08        0.174166E-08        0.783845E-10
  asr3      2263        0.171679E-08        0.171679E-08        0.764504E-10
  asr3      2264        0.172615E-08        0.172615E-08        0.733730E-10
  asr3      2265        0.171854E-08        0.171854E-08        0.796081E-10
  asr3      2266        0.171093E-08        0.171093E-08        0.728618E-10
  asr3      2267        0.170336E-08        0.170336E-08        0.740921E-10
  asr3      2268        0.169582E-08        0.169582E-08        0.754800E-10
  asr3      2269        0.168831E-08        0.168831E-08        0.751591E-10
  asr3      2270        0.168052E-08        0.168052E-08        0.732322E-10
  asr3      2271        0.167340E-08        0.167340E-08        0.713391E-10
  asr3      2272        0.166599E-08        0.166599E-08        0.709801E-10
  asr3      2273        0.165862E-08        0.165862E-08        0.770833E-10
  asr3      2274        0.165128E-08        0.165128E-08        0.719614E-10
  asr3      2275        0.164397E-08        0.164397E-08        0.749673E-10
  asr3      2276        0.163670E-08        0.163670E-08        0.697706E-10
  asr3      2277        0.162946E-08        0.162946E-08        0.694476E-10
  asr3      2278        0.162225E-08        0.162225E-08        0.659576E-10
  asr3      2279        0.161507E-08        0.161507E-08        0.688044E-10
  asr3      2280        0.160792E-08        0.160792E-08        0.700838E-10
  asr3      2281        0.160081E-08        0.160081E-08        0.682032E-10
  asr3      2282        0.159372E-08        0.159372E-08        0.694312E-10
  asr3      2283        0.158666E-08        0.158666E-08        0.706159E-10
  asr3      2284        0.157967E-08        0.157967E-08        0.688498E-10
  asr3      2285        0.157263E-08        0.157263E-08        0.670313E-10
  asr3      2286        0.156567E-08        0.156567E-08        0.666913E-10
  asr3      2287        0.155874E-08        0.155874E-08        0.723600E-10
  asr3      2288        0.155879E-08        0.155879E-08        0.650312E-10
  asr3      2289        0.154500E-08        0.154500E-08        0.675075E-10
  asr3      2290        0.153815E-08        0.153815E-08        0.624772E-10
  asr3      2291        0.153134E-08        0.153134E-08        0.668611E-10
  asr3      2292        0.152471E-08        0.152471E-08        0.649735E-10
  asr3      2293        0.151780E-08        0.151780E-08        0.663222E-10
  asr3      2294        0.151105E-08        0.151105E-08        0.643952E-10
  asr3      2295        0.150436E-08        0.150436E-08        0.672128E-10
  asr3      2296        0.149743E-08        0.149743E-08        0.682737E-10
  asr3      2297        0.149112E-08        0.149112E-08        0.663493E-10
  asr3      2298        0.148449E-08        0.148449E-08        0.633435E-10
  asr3      2299        0.147792E-08        0.147792E-08        0.630576E-10
  asr3      2300        0.147137E-08        0.147137E-08        0.598060E-10
  asr3      2301        0.146486E-08        0.146486E-08        0.637894E-10
  asr3      2302        0.145837E-08        0.145837E-08        0.607642E-10
  asr3      2303        0.145188E-08        0.145188E-08        0.632368E-10
  asr3      2304        0.144548E-08        0.144548E-08        0.616059E-10
  asr3      2305        0.143908E-08        0.143908E-08        0.599071E-10
  asr3      2306        0.143268E-08        0.143268E-08        0.653108E-10
  asr3      2307        0.142632E-08        0.142632E-08        0.594298E-10
  asr3      2308        0.141997E-08        0.141997E-08        0.577553E-10
  asr3      2309        0.141299E-08        0.141299E-08        0.588312E-10
  asr3      2310        0.140742E-08        0.140742E-08        0.585738E-10
  asr3      2311        0.140116E-08        0.140116E-08        0.610674E-10
  asr3      2312        0.139498E-08        0.139498E-08        0.607926E-10
  asr3      2313        0.138880E-08        0.138880E-08        0.633175E-10
  asr3      2314        0.138265E-08        0.138265E-08        0.562109E-10
  asr3      2315        0.137653E-08        0.137653E-08        0.599449E-10
  asr3      2316        0.137043E-08        0.137043E-08        0.636749E-10
  asr3      2317        0.136436E-08        0.136436E-08        0.554661E-10
  asr3      2318        0.135832E-08        0.135832E-08        0.604359E-10
  asr3      2319        0.135230E-08        0.135230E-08        0.562980E-10
  asr3      2320        0.134631E-08        0.134631E-08        0.573758E-10
  asr3      2321        0.134035E-08        0.134035E-08        0.544899E-10
  asr3      2322        0.133441E-08        0.133441E-08        0.569032E-10
  asr3      2323        0.132850E-08        0.132850E-08        0.566593E-10
  asr3      2324        0.132262E-08        0.132262E-08        0.588501E-10
  asr3      2325        0.131676E-08        0.131676E-08        0.535310E-10
  asr3      2326        0.131093E-08        0.131093E-08        0.570915E-10
  asr3      2327        0.130512E-08        0.130512E-08        0.530586E-10
  asr3      2328        0.129934E-08        0.129934E-08        0.553756E-10
  asr3      2329        0.129359E-08        0.129359E-08        0.603439E-10
  asr3      2330        0.128808E-08        0.128808E-08        0.575574E-10
  asr3      2331        0.128241E-08        0.128241E-08        0.546554E-10
  asr3      2332        0.127648E-08        0.127648E-08        0.555961E-10
  asr3      2333        0.127082E-08        0.127082E-08        0.541703E-10
  asr3      2334        0.126519E-08        0.126519E-08        0.565202E-10
  asr3      2335        0.125959E-08        0.125959E-08        0.551072E-10
  asr3      2336        0.125401E-08        0.125401E-08        0.534503E-10
  asr3      2337        0.124785E-08        0.124785E-08        0.543068E-10
  asr3      2338        0.124293E-08        0.124293E-08        0.528896E-10
  asr3      2339        0.123740E-08        0.123740E-08        0.563953E-10
  asr3      2340        0.123194E-08        0.123194E-08        0.536309E-10
  asr3      2341        0.122648E-08        0.122648E-08        0.545574E-10
  asr3      2342        0.122104E-08        0.122104E-08        0.496413E-10
  asr3      2343        0.121565E-08        0.121565E-08        0.506327E-10
  asr3      2344        0.121013E-08        0.121013E-08        0.515706E-10
  asr3      2345        0.120490E-08        0.120490E-08        0.549191E-10
  asr3      2346        0.119958E-08        0.119958E-08        0.499729E-10
  asr3      2347        0.119425E-08        0.119425E-08        0.509262E-10
  asr3      2348        0.118895E-08        0.118895E-08        0.483347E-10
  asr3      2349        0.118370E-08        0.118370E-08        0.504364E-10
  asr3      2350        0.117847E-08        0.117847E-08        0.513540E-10
  asr3      2351        0.117323E-08        0.117323E-08        0.476939E-10
  asr3      2352        0.116803E-08        0.116803E-08        0.486293E-10
  asr3      2353        0.116286E-08        0.116286E-08        0.506403E-10
  asr3      2354        0.115771E-08        0.115771E-08        0.481985E-10
  asr3      2355        0.115234E-08        0.115234E-08        0.491039E-10
  asr3      2356        0.114747E-08        0.114747E-08        0.510583E-10
  asr3      2357        0.114239E-08        0.114239E-08        0.475895E-10
  asr3      2358        0.113733E-08        0.113733E-08        0.528347E-10
  asr3      2359        0.113230E-08        0.113230E-08        0.493142E-10
  asr3      2360        0.112728E-08        0.112728E-08        0.490951E-10
  asr3      2361        0.112229E-08        0.112229E-08        0.488782E-10
  asr3      2362        0.111732E-08        0.111732E-08        0.465143E-10
  asr3      2363        0.111237E-08        0.111237E-08        0.474423E-10
  asr3      2364        0.110745E-08        0.110745E-08        0.492796E-10
  asr3      2365        0.110276E-08        0.110276E-08        0.482434E-10
  asr3      2366        0.109174E-08        0.109174E-08        0.485853E-10
  asr3      2367        0.109277E-08        0.109277E-08        0.453595E-10
  asr3      2368        0.108793E-08        0.108793E-08        0.452129E-10
  asr3      2369        0.108312E-08        0.108312E-08        0.471203E-10
  asr3      2370        0.107832E-08        0.107832E-08        0.491130E-10
  asr3      2371        0.107353E-08        0.107353E-08        0.447796E-10
  asr3      2372        0.106880E-08        0.106880E-08        0.496922E-10
  asr3      2373        0.106406E-08        0.106406E-08        0.454439E-10
  asr3      2374        0.105935E-08        0.105935E-08        0.461255E-10
  asr3      2375        0.105468E-08        0.105468E-08        0.428881E-10
  asr3      2376        0.104999E-08        0.104999E-08        0.447724E-10
  asr3      2377        0.104444E-08        0.104444E-08        0.454925E-10
  asr3      2378        0.104074E-08        0.104074E-08        0.443488E-10
  asr3      2379        0.103613E-08        0.103613E-08        0.441309E-10
  asr3      2380        0.103154E-08        0.103154E-08        0.419407E-10
  asr3      2381        0.102697E-08        0.102697E-08        0.456870E-10
  asr3      2382        0.102222E-08        0.102222E-08        0.426772E-10
  asr3      2383        0.102338E-08        0.102338E-08        0.436422E-10
  asr3      2384        0.101341E-08        0.101341E-08        0.451990E-10
  asr3      2385        0.100892E-08        0.100892E-08        0.449352E-10
  asr3      2386        0.100445E-08        0.100445E-08        0.447068E-10
  asr3      2387        0.999993E-09        0.999993E-09        0.416665E-10
  asr3      2388        0.995562E-09        0.995562E-09        0.433926E-10
  asr3      2389        0.991151E-09        0.991151E-09        0.431815E-10
  asr3      2390        0.986759E-09        0.986759E-09        0.431561E-10
  asr3      2391        0.982387E-09        0.982387E-09        0.456536E-10
  asr3      2392        0.978036E-09        0.978036E-09        0.437573E-10
  asr3      2393        0.978958E-09        0.978958E-09        0.435626E-10
  asr3      2394        0.969412E-09        0.969412E-09        0.402752E-10
  asr3      2395        0.965116E-09        0.965116E-09        0.439419E-10
  asr3      2396        0.960839E-09        0.960839E-09        0.429083E-10
  asr3      2397        0.956599E-09        0.956599E-09        0.407498E-10
  asr3      2398        0.952346E-09        0.952346E-09        0.395940E-10
  asr3      2399        0.948122E-09        0.948122E-09        0.403140E-10
  asr3      2400        0.943921E-09        0.943921E-09        0.383661E-10
  asr3      2401        0.939738E-09        0.939738E-09        0.400364E-10
  asr3      2402        0.935574E-09        0.935574E-09        0.389845E-10
  asr3      2403        0.931430E-09        0.931430E-09        0.387555E-10
  asr3      2404        0.927299E-09        0.927299E-09        0.395296E-10
  asr3      2405        0.922841E-09        0.922841E-09        0.401542E-10
  asr3      2406        0.919101E-09        0.919101E-09        0.391555E-10
  asr3      2407        0.915032E-09        0.915032E-09        0.425214E-10
  asr3      2408        0.910977E-09        0.910977E-09        0.379077E-10
  asr3      2409        0.906941E-09        0.906941E-09        0.377423E-10
  asr3      2410        0.902921E-09        0.902921E-09        0.367033E-10
  asr3      2411        0.898922E-09        0.898922E-09        0.417692E-10
  asr3      2412        0.894940E-09        0.894940E-09        0.398158E-10
  asr3      2413        0.891160E-09        0.891160E-09        0.398490E-10
  asr3      2414        0.887052E-09        0.887052E-09        0.386212E-10
  asr3      2415        0.883131E-09        0.883131E-09        0.376686E-10
  asr3      2416        0.879231E-09        0.879231E-09        0.408575E-10
  asr3      2417        0.874994E-09        0.874994E-09        0.364130E-10
  asr3      2418        0.871454E-09        0.871454E-09        0.389028E-10
  asr3      2419        0.867595E-09        0.867595E-09        0.361326E-10
  asr3      2420        0.863753E-09        0.863753E-09        0.359751E-10
  asr3      2421        0.859929E-09        0.859929E-09        0.357926E-10
  asr3      2422        0.856121E-09        0.856121E-09        0.390070E-10
  asr3      2423        0.852353E-09        0.852353E-09        0.363245E-10
  asr3      2424        0.848601E-09        0.848601E-09        0.353278E-10
  asr3      2425        0.844846E-09        0.844846E-09        0.360319E-10
  asr3      2426        0.841104E-09        0.841104E-09        0.358199E-10
  asr3      2427        0.837377E-09        0.837377E-09        0.364695E-10
  asr3      2428        0.833651E-09        0.833651E-09        0.355271E-10
  asr3      2429        0.829954E-09        0.829954E-09        0.361469E-10
  asr3      2430        0.826284E-09        0.826284E-09        0.344364E-10
  asr3      2431        0.822624E-09        0.822624E-09        0.366031E-10
  asr3      2432        0.818980E-09        0.818980E-09        0.350737E-10
  asr3      2433        0.810941E-09        0.810941E-09        0.352095E-10
  asr3      2434        0.811732E-09        0.811732E-09        0.345856E-10
  asr3      2435        0.808137E-09        0.808137E-09        0.343692E-10
  asr3      2436        0.804559E-09        0.804559E-09        0.327319E-10
  asr3      2437        0.800996E-09        0.800996E-09        0.349305E-10
  asr3      2438        0.797451E-09        0.797451E-09        0.347316E-10
  asr3      2439        0.793922E-09        0.793922E-09        0.346007E-10
  asr3      2440        0.790405E-09        0.790405E-09        0.336992E-10
  asr3      2441        0.786907E-09        0.786907E-09        0.335394E-10
  asr3      2442        0.783421E-09        0.783421E-09        0.333925E-10
  asr3      2443        0.779950E-09        0.779950E-09        0.340344E-10
  asr3      2444        0.772992E-09        0.772992E-09        0.336891E-10
  asr3      2445        0.773043E-09        0.773043E-09        0.359134E-10
  asr3      2446        0.769920E-09        0.769920E-09        0.335246E-10
  asr3      2447        0.766215E-09        0.766215E-09        0.319163E-10
  asr3      2448        0.762824E-09        0.762824E-09        0.325444E-10
  asr3      2449        0.759446E-09        0.759446E-09        0.308854E-10
  asr3      2450        0.756084E-09        0.756084E-09        0.336629E-10
  asr3      2451        0.752812E-09        0.752812E-09        0.320798E-10
  asr3      2452        0.749395E-09        0.749395E-09        0.319482E-10
  asr3      2453        0.746089E-09        0.746089E-09        0.332091E-10
  asr3      2454        0.742787E-09        0.742787E-09        0.309456E-10
  asr3      2455        0.739498E-09        0.739498E-09        0.308093E-10
  asr3      2456        0.736226E-09        0.736226E-09        0.299370E-10
  asr3      2457        0.732966E-09        0.732966E-09        0.305269E-10
  asr3      2458        0.729719E-09        0.729719E-09        0.319529E-10
  asr3      2459        0.722559E-09        0.722559E-09        0.321615E-10
  asr3      2460        0.723253E-09        0.723253E-09        0.307810E-10
  asr3      2461        0.720055E-09        0.720055E-09        0.299867E-10
  asr3      2462        0.716856E-09        0.716856E-09        0.306230E-10
  asr3      2463        0.713693E-09        0.713693E-09        0.290314E-10
  asr3      2464        0.710535E-09        0.710535E-09        0.316243E-10
  asr3      2465        0.707390E-09        0.707390E-09        0.294585E-10
  asr3      2466        0.704262E-09        0.704262E-09        0.306953E-10
  asr3      2467        0.700816E-09        0.700816E-09        0.291996E-10
  asr3      2468        0.698043E-09        0.698043E-09        0.290680E-10
  asr3      2469        0.694955E-09        0.694955E-09        0.289508E-10
  asr3      2470        0.691868E-09        0.691868E-09        0.294881E-10
  asr3      2471        0.688827E-09        0.688827E-09        0.300184E-10
  asr3      2472        0.685766E-09        0.685766E-09        0.292121E-10
  asr3      2473        0.682728E-09        0.682728E-09        0.297387E-10
  asr3      2474        0.679719E-09        0.679719E-09        0.302462E-10
  asr3      2475        0.676695E-09        0.676695E-09        0.308402E-10
  asr3      2476        0.673569E-09        0.673569E-09        0.280599E-10
  asr3      2477        0.670712E-09        0.670712E-09        0.279400E-10
  asr3      2478        0.667745E-09        0.667745E-09        0.284550E-10
  asr3      2479        0.664788E-09        0.664788E-09        0.276786E-10
  asr3      2480        0.661843E-09        0.661843E-09        0.294466E-10
  asr3      2481        0.658913E-09        0.658913E-09        0.287134E-10
  asr3      2482        0.655995E-09        0.655995E-09        0.293308E-10
  asr3      2483        0.653089E-09        0.653089E-09        0.278323E-10
  asr3      2484        0.650198E-09        0.650198E-09        0.264326E-10
  asr3      2485        0.647316E-09        0.647316E-09        0.269799E-10
  asr3      2486        0.644134E-09        0.644134E-09        0.275168E-10
  asr3      2487        0.641595E-09        0.641595E-09        0.285282E-10
  asr3      2488        0.638755E-09        0.638755E-09        0.265865E-10
  asr3      2489        0.635926E-09        0.635926E-09        0.276832E-10
  asr3      2490        0.633111E-09        0.633111E-09        0.269772E-10
  asr3      2491        0.630307E-09        0.630307E-09        0.262585E-10
  asr3      2492        0.627520E-09        0.627520E-09        0.255093E-10
  asr3      2493        0.624740E-09        0.624740E-09        0.266196E-10
  asr3      2494        0.621973E-09        0.621973E-09        0.252838E-10
  asr3      2495        0.619217E-09        0.619217E-09        0.251723E-10
  asr3      2496        0.616474E-09        0.616474E-09        0.262702E-10
  asr3      2497        0.613744E-09        0.613744E-09        0.267451E-10
  asr3      2498        0.611025E-09        0.611025E-09        0.271850E-10
  asr3      2499        0.608317E-09        0.608317E-09        0.253425E-10
  asr3      2500        0.605625E-09        0.605625E-09        0.263954E-10
  asr3      2501        0.602941E-09        0.602941E-09        0.256934E-10
  asr3      2502        0.600270E-09        0.600270E-09        0.270032E-10
  asr3      2503        0.594937E-09        0.594937E-09        0.243706E-10
  asr3      2504        0.594953E-09        0.594953E-09        0.252988E-10
  asr3      2505        0.592317E-09        0.592317E-09        0.241024E-10
  asr3      2506        0.589669E-09        0.589669E-09        0.263449E-10
  asr3      2507        0.587036E-09        0.587036E-09        0.255603E-10
  asr3      2508        0.584433E-09        0.584433E-09        0.271613E-10
  asr3      2509        0.581843E-09        0.581843E-09        0.260046E-10
  asr3      2510        0.579042E-09        0.579042E-09        0.262501E-10
  asr3      2511        0.570776E-09        0.570776E-09        0.247203E-10
  asr3      2512        0.574119E-09        0.574119E-09        0.242488E-10
  asr3      2513        0.571583E-09        0.571583E-09        0.248185E-10
  asr3      2514        0.569056E-09        0.569056E-09        0.242847E-10
  asr3      2515        0.566538E-09        0.566538E-09        0.242655E-10
  asr3      2516        0.564033E-09        0.564033E-09        0.251872E-10
  asr3      2517        0.561539E-09        0.561539E-09        0.238647E-10
  asr3      2518        0.559053E-09        0.559053E-09        0.261224E-10
  asr3      2519        0.556580E-09        0.556580E-09        0.231603E-10
  asr3      2520        0.554117E-09        0.554117E-09        0.242780E-10
  asr3      2521        0.551667E-09        0.551667E-09        0.235193E-10
  asr3      2522        0.549224E-09        0.549224E-09        0.228605E-10
  asr3      2523        0.546795E-09        0.546795E-09        0.238470E-10
  asr3      2524        0.544373E-09        0.544373E-09        0.232063E-10
  asr3      2525        0.541965E-09        0.541965E-09        0.220361E-10
  asr3      2526        0.539569E-09        0.539569E-09        0.224888E-10
  asr3      2527        0.537176E-09        0.537176E-09        0.239084E-10
  asr3      2528        0.534800E-09        0.534800E-09        0.227737E-10
  asr3      2529        0.532432E-09        0.532432E-09        0.236962E-10
  asr3      2530        0.530075E-09        0.530075E-09        0.230879E-10
  asr3      2531        0.527729E-09        0.527729E-09        0.220041E-10
  asr3      2532        0.525394E-09        0.525394E-09        0.233817E-10
  asr3      2533        0.523066E-09        0.523066E-09        0.222968E-10
  asr3      2534        0.520760E-09        0.520760E-09        0.222124E-10
  asr3      2535        0.518444E-09        0.518444E-09        0.220966E-10
  asr3      2536        0.516149E-09        0.516149E-09        0.220110E-10
  asr3      2537        0.513865E-09        0.513865E-09        0.214120E-10
  asr3      2538        0.511489E-09        0.511489E-09        0.237708E-10
  asr3      2539        0.509206E-09        0.509206E-09        0.221808E-10
  asr3      2540        0.507065E-09        0.507065E-09        0.216102E-10
  asr3      2541        0.504822E-09        0.504822E-09        0.215156E-10
  asr3      2542        0.502588E-09        0.502588E-09        0.223743E-10
  asr3      2543        0.500187E-09        0.500187E-09        0.203464E-10
  asr3      2544        0.498163E-09        0.498163E-09        0.221592E-10
  asr3      2545        0.495960E-09        0.495960E-09        0.215937E-10
  asr3      2546        0.493764E-09        0.493764E-09        0.215022E-10
  asr3      2547        0.491579E-09        0.491579E-09        0.241623E-10
  asr3      2548        0.492041E-09        0.492041E-09        0.209820E-10
  asr3      2549        0.487256E-09        0.487256E-09        0.217325E-10
  asr3      2550        0.484903E-09        0.484903E-09        0.197059E-10
  asr3      2551        0.482941E-09        0.482941E-09        0.210210E-10
  asr3      2552        0.480612E-09        0.480612E-09        0.204690E-10
  asr3      2553        0.478670E-09        0.478670E-09        0.208565E-10
  asr3      2554        0.476547E-09        0.476547E-09        0.198515E-10
  asr3      2555        0.474437E-09        0.474437E-09        0.211669E-10
  asr3      2556        0.472244E-09        0.472244E-09        0.201247E-10
  asr3      2557        0.470241E-09        0.470241E-09        0.204792E-10
  asr3      2558        0.468157E-09        0.468157E-09        0.203885E-10
  asr3      2559        0.466083E-09        0.466083E-09        0.194054E-10
  asr3      2560        0.464018E-09        0.464018E-09        0.202073E-10
  asr3      2561        0.461961E-09        0.461961E-09        0.197298E-10
  asr3      2562        0.462401E-09        0.462401E-09        0.192854E-10
  asr3      2563        0.457897E-09        0.457897E-09        0.198980E-10
  asr3      2564        0.455860E-09        0.455860E-09        0.194196E-10
  asr3      2565        0.453842E-09        0.453842E-09        0.192739E-10
  asr3      2566        0.451827E-09        0.451827E-09        0.188379E-10
  asr3      2567        0.449824E-09        0.449824E-09        0.196151E-10
  asr3      2568        0.447834E-09        0.447834E-09        0.186651E-10
  asr3      2569        0.445849E-09        0.445849E-09        0.199055E-10
  asr3      2570        0.443873E-09        0.443873E-09        0.193166E-10
  asr3      2571        0.441908E-09        0.441908E-09        0.179608E-10
  asr3      2572        0.439950E-09        0.439950E-09        0.195696E-10
  asr3      2573        0.437999E-09        0.437999E-09        0.203431E-10
  asr3      2574        0.435803E-09        0.435803E-09        0.186107E-10
  asr3      2575        0.434122E-09        0.434122E-09        0.184950E-10
  asr3      2576        0.432197E-09        0.432197E-09        0.184101E-10
  asr3      2577        0.430282E-09        0.430282E-09        0.191468E-10
  asr3      2578        0.428378E-09        0.428378E-09        0.186620E-10
  asr3      2579        0.426480E-09        0.426480E-09        0.197812E-10
  asr3      2580        0.426493E-09        0.426493E-09        0.194417E-10
  asr3      2581        0.422721E-09        0.422721E-09        0.188514E-10
  asr3      2582        0.420859E-09        0.420859E-09        0.183243E-10
  asr3      2583        0.418984E-09        0.418984E-09        0.174761E-10
  asr3      2584        0.417129E-09        0.417129E-09        0.173930E-10
  asr3      2585        0.415282E-09        0.415282E-09        0.176940E-10
  asr3      2586        0.413443E-09        0.413443E-09        0.183942E-10
  asr3      2587        0.411612E-09        0.411612E-09        0.175081E-10
  asr3      2588        0.409788E-09        0.409788E-09        0.186904E-10
  asr3      2589        0.407973E-09        0.407973E-09        0.174084E-10
  asr3      2590        0.406151E-09        0.406151E-09        0.176823E-10
  asr3      2591        0.404356E-09        0.404356E-09        0.179900E-10
  asr3      2592        0.402571E-09        0.402571E-09        0.168087E-10
  asr3      2593        0.402594E-09        0.402594E-09        0.175438E-10
  asr3      2594        0.399026E-09        0.399026E-09        0.174327E-10
  asr3      2595        0.397258E-09        0.397258E-09        0.176900E-10
  asr3      2596        0.395497E-09        0.395497E-09        0.172155E-10
  asr3      2597        0.393743E-09        0.393743E-09        0.160008E-10
  asr3      2598        0.392000E-09        0.392000E-09        0.170706E-10
  asr3      2599        0.390342E-09        0.390342E-09        0.170028E-10
  asr3      2600        0.388539E-09        0.388539E-09        0.161795E-10
  asr3      2601        0.386817E-09        0.386817E-09        0.176318E-10
  asr3      2602        0.385147E-09        0.385147E-09        0.164106E-10
  asr3      2603        0.383398E-09        0.383398E-09        0.166996E-10
  asr3      2604        0.381698E-09        0.381698E-09        0.158948E-10
  asr3      2605        0.379994E-09        0.379994E-09        0.161993E-10
  asr3      2606        0.378325E-09        0.378325E-09        0.161151E-10
  asr3      2607        0.376646E-09        0.376646E-09        0.153113E-10
  asr3      2608        0.374978E-09        0.374978E-09        0.177455E-10
  asr3      2609        0.375312E-09        0.375312E-09        0.162926E-10
  asr3      2610        0.371675E-09        0.371675E-09        0.162499E-10
  asr3      2611        0.370025E-09        0.370025E-09        0.157741E-10
  asr3      2612        0.368387E-09        0.368387E-09        0.171381E-10
  asr3      2613        0.366747E-09        0.366747E-09        0.156489E-10
  asr3      2614        0.365130E-09        0.365130E-09        0.148378E-10
  asr3      2615        0.363513E-09        0.363513E-09        0.154877E-10
  asr3      2616        0.361901E-09        0.361901E-09        0.147085E-10
  asr3      2617        0.360292E-09        0.360292E-09        0.150060E-10
  asr3      2618        0.358702E-09        0.358702E-09        0.149349E-10
  asr3      2619        0.357112E-09        0.357112E-09        0.155552E-10
  asr3      2620        0.355529E-09        0.355529E-09        0.165201E-10
  asr3      2621        0.353888E-09        0.353888E-09        0.147319E-10
  asr3      2622        0.352361E-09        0.352361E-09        0.150083E-10
  asr3      2623        0.350828E-09        0.350828E-09        0.149574E-10
  asr3      2624        0.349273E-09        0.349273E-09        0.155417E-10
  asr3      2625        0.347725E-09        0.347725E-09        0.144848E-10
  asr3      2626        0.346184E-09        0.346184E-09        0.147460E-10
  asr3      2627        0.344653E-09        0.344653E-09        0.143661E-10
  asr3      2628        0.343129E-09        0.343129E-09        0.146138E-10
  asr3      2629        0.341607E-09        0.341607E-09        0.155703E-10
  asr3      2630        0.340095E-09        0.340095E-09        0.141683E-10
  asr3      2631        0.338589E-09        0.338589E-09        0.144202E-10
  asr3      2632        0.337090E-09        0.337090E-09        0.137121E-10
  asr3      2633        0.335597E-09        0.335597E-09        0.139813E-10
  asr3      2634        0.334111E-09        0.334111E-09        0.142485E-10
  asr3      2635        0.332633E-09        0.332633E-09        0.141756E-10
  asr3      2636        0.331158E-09        0.331158E-09        0.137964E-10
  asr3      2637        0.329692E-09        0.329692E-09        0.146699E-10
  asr3      2638        0.328234E-09        0.328234E-09        0.143046E-10
  asr3      2639        0.326778E-09        0.326778E-09        0.145402E-10
  asr3      2640        0.325333E-09        0.325333E-09        0.144758E-10
  asr3      2641        0.323892E-09        0.323892E-09        0.154434E-10
  asr3      2642        0.322881E-09        0.322881E-09        0.137807E-10
  asr3      2643        0.321032E-09        0.321032E-09        0.136598E-10
  asr3      2644        0.319607E-09        0.319607E-09        0.142285E-10
  asr3      2645        0.318193E-09        0.318193E-09        0.135430E-10
  asr3      2646        0.316785E-09        0.316785E-09        0.147220E-10
  asr3      2647        0.315386E-09        0.315386E-09        0.131270E-10
  asr3      2648        0.313994E-09        0.313994E-09        0.133677E-10
  asr3      2649        0.312601E-09        0.312601E-09        0.136127E-10
  asr3      2650        0.311221E-09        0.311221E-09        0.132629E-10
  asr3      2651        0.309840E-09        0.309840E-09        0.134976E-10
  asr3      2652        0.308453E-09        0.308453E-09        0.125405E-10
  asr3      2653        0.307103E-09        0.307103E-09        0.127831E-10
  asr3      2654        0.305742E-09        0.305742E-09        0.133139E-10
  asr3      2655        0.304387E-09        0.304387E-09        0.126705E-10
  asr3      2656        0.303042E-09        0.303042E-09        0.126256E-10
  asr3      2657        0.301699E-09        0.301699E-09        0.131382E-10
  asr3      2658        0.300363E-09        0.300363E-09        0.128002E-10
  asr3      2659        0.299034E-09        0.299034E-09        0.127436E-10
  asr3      2660        0.297708E-09        0.297708E-09        0.126966E-10
  asr3      2661        0.296390E-09        0.296390E-09        0.129169E-10
  asr3      2662        0.295075E-09        0.295075E-09        0.128597E-10
  asr3      2663        0.293768E-09        0.293768E-09        0.130719E-10
  asr3      2664        0.292466E-09        0.292466E-09        0.118892E-10
  asr3      2665        0.291177E-09        0.291177E-09        0.130144E-10
  asr3      2666        0.289891E-09        0.289891E-09        0.126246E-10
  asr3      2667        0.288607E-09        0.288607E-09        0.123006E-10
  asr3      2668        0.287328E-09        0.287328E-09        0.122361E-10
  asr3      2669        0.286059E-09        0.286059E-09        0.121907E-10
  asr3      2670        0.284792E-09        0.284792E-09        0.121365E-10
  asr3      2671        0.283529E-09        0.283529E-09        0.115258E-10
  asr3      2672        0.282273E-09        0.282273E-09        0.120208E-10
  asr3      2673        0.281024E-09        0.281024E-09        0.125037E-10
  asr3      2674        0.279779E-09        0.279779E-09        0.116556E-10
  asr3      2675        0.278540E-09        0.278540E-09        0.118617E-10
  asr3      2676        0.277308E-09        0.277308E-09        0.112727E-10
  asr3      2677        0.276079E-09        0.276079E-09        0.120233E-10
  asr3      2678        0.274854E-09        0.274854E-09        0.119707E-10
  asr3      2679        0.273586E-09        0.273586E-09        0.119137E-10
  asr3      2680        0.272591E-09        0.272591E-09        0.118749E-10
  asr3      2681        0.271220E-09        0.271220E-09        0.123648E-10
  asr3      2682        0.270020E-09        0.270020E-09        0.115034E-10
  asr3      2683        0.268824E-09        0.268824E-09        0.117702E-10
  asr3      2684        0.267629E-09        0.267629E-09        0.111498E-10
  asr3      2685        0.266544E-09        0.266544E-09        0.113575E-10
  asr3      2686        0.265266E-09        0.265266E-09        0.113068E-10
  asr3      2687        0.264093E-09        0.264093E-09        0.109978E-10
  asr3      2688        0.262922E-09        0.262922E-09        0.112063E-10
  asr3      2689        0.261757E-09        0.261757E-09        0.111506E-10
  asr3      2690        0.260597E-09        0.260597E-09        0.111123E-10
  asr3      2691        0.259446E-09        0.259446E-09        0.105473E-10
  asr3      2692        0.258298E-09        0.258298E-09        0.120045E-10
  asr3      2693        0.257026E-09        0.257026E-09        0.111934E-10
  asr3      2694        0.256012E-09        0.256012E-09        0.111494E-10
  asr3      2695        0.254881E-09        0.254881E-09        0.108627E-10
  asr3      2696        0.253750E-09        0.253750E-09        0.105651E-10
  asr3      2697        0.252628E-09        0.252628E-09        0.112376E-10
  asr3      2698        0.251506E-09        0.251506E-09        0.107116E-10
  asr3      2699        0.250395E-09        0.250395E-09        0.106638E-10
  asr3      2700        0.249286E-09        0.249286E-09        0.106286E-10
  asr3      2701        0.248176E-09        0.248176E-09        0.110894E-10
  asr3      2702        0.247083E-09        0.247083E-09        0.102928E-10
  asr3      2703        0.245989E-09        0.245989E-09        0.107167E-10
  asr3      2704        0.244898E-09        0.244898E-09        0.104293E-10
  asr3      2705        0.243813E-09        0.243813E-09        0.991103E-11
  asr3      2706        0.242735E-09        0.242735E-09        0.101119E-10
  asr3      2707        0.241659E-09        0.241659E-09        0.110159E-10
  asr3      2708        0.240589E-09        0.240589E-09        0.107533E-10
  asr3      2709        0.239523E-09        0.239523E-09        0.106568E-10
  asr3      2710        0.238462E-09        0.238462E-09        0.103916E-10
  asr3      2711        0.237407E-09        0.237407E-09        0.103397E-10
  asr3      2712        0.236357E-09        0.236357E-09        0.100721E-10
  asr3      2713        0.235309E-09        0.235309E-09        0.979560E-11
  asr3      2714        0.234266E-09        0.234266E-09        0.102088E-10
  asr3      2715        0.233230E-09        0.233230E-09        0.993897E-11
  asr3      2716        0.232195E-09        0.232195E-09        0.966612E-11
  asr3      2717        0.231167E-09        0.231167E-09        0.985106E-11
  asr3      2718        0.230147E-09        0.230147E-09        0.100223E-10
  asr3      2719        0.229123E-09        0.229123E-09        0.975691E-11
  asr3      2720        0.228107E-09        0.228107E-09        0.993354E-11
  asr3      2721        0.227098E-09        0.227098E-09        0.946066E-11
  asr3      2722        0.226092E-09        0.226092E-09        0.100980E-10
  asr3      2723        0.225092E-09        0.225092E-09        0.959882E-11
  asr3      2724        0.224094E-09        0.224094E-09        0.954281E-11
  asr3      2725        0.223101E-09        0.223101E-09        0.928713E-11
  asr3      2726        0.222115E-09        0.222115E-09        0.967921E-11
  asr3      2727        0.221135E-09        0.221135E-09        0.921172E-11
  asr3      2728        0.220150E-09        0.220150E-09        0.983334E-11
  asr3      2729        0.219174E-09        0.219174E-09        0.933409E-11
  asr3      2730        0.218204E-09        0.218204E-09        0.886985E-11
  asr3      2731        0.217239E-09        0.217239E-09        0.904989E-11
  asr3      2732        0.216276E-09        0.216276E-09        0.942469E-11
  asr3      2733        0.215317E-09        0.215317E-09        0.937665E-11
  asr3      2734        0.214363E-09        0.214363E-09        0.913477E-11
  asr3      2735        0.213416E-09        0.213416E-09        0.979174E-11
  asr3      2736        0.211523E-09        0.211523E-09        0.921588E-11
  asr3      2737        0.211526E-09        0.211526E-09        0.881467E-11
  asr3      2738        0.210547E-09        0.210547E-09        0.978139E-11
  asr3      2739        0.209656E-09        0.209656E-09        0.874079E-11
  asr3      2740        0.208728E-09        0.208728E-09        0.889560E-11
  asr3      2741        0.207804E-09        0.207804E-09        0.964871E-11
  asr3      2742        0.208002E-09        0.208002E-09        0.907542E-11
  asr3      2743        0.205899E-09        0.205899E-09        0.860371E-11
  asr3      2744        0.205061E-09        0.205061E-09        0.913078E-11
  asr3      2745        0.204155E-09        0.204155E-09        0.849056E-11
  asr3      2746        0.203249E-09        0.203249E-09        0.904296E-11
  asr3      2747        0.202350E-09        0.202350E-09        0.862255E-11
  asr3      2748        0.201450E-09        0.201450E-09        0.839475E-11
  asr3      2749        0.200563E-09        0.200563E-09        0.815127E-11
  asr3      2750        0.199670E-09        0.199670E-09        0.849626E-11
  asr3      2751        0.198795E-09        0.198795E-09        0.952388E-11
  asr3      2752        0.197195E-09        0.197195E-09        0.846128E-11
  asr3      2753        0.197077E-09        0.197077E-09        0.817185E-11
  asr3      2754        0.196168E-09        0.196168E-09        0.872267E-11
  asr3      2755        0.195298E-09        0.195298E-09        0.851944E-11
  asr3      2756        0.194435E-09        0.194435E-09        0.865110E-11
  asr3      2757        0.193575E-09        0.193575E-09        0.824984E-11
  asr3      2758        0.192714E-09        0.192714E-09        0.821354E-11
  asr3      2759        0.191864E-09        0.191864E-09        0.799897E-11
  asr3      2760        0.191013E-09        0.191013E-09        0.831473E-11
  asr3      2761        0.190170E-09        0.190170E-09        0.773177E-11
  asr3      2762        0.189327E-09        0.189327E-09        0.825569E-11
  asr3      2763        0.188487E-09        0.188487E-09        0.843556E-11
  asr3      2764        0.186647E-09        0.186647E-09        0.793767E-11
  asr3      2765        0.186819E-09        0.186819E-09        0.813446E-11
  asr3      2766        0.185992E-09        0.185992E-09        0.793542E-11
  asr3      2767        0.185169E-09        0.185169E-09        0.860746E-11
  asr3      2768        0.185183E-09        0.185183E-09        0.805918E-11
  asr3      2769        0.183727E-09        0.183727E-09        0.781959E-11
  asr3      2770        0.182725E-09        0.182725E-09        0.814517E-11
  asr3      2771        0.181847E-09        0.181847E-09        0.757501E-11
  asr3      2772        0.181118E-09        0.181118E-09        0.788789E-11
  asr3      2773        0.180321E-09        0.180321E-09        0.785476E-11
  asr3      2774        0.179521E-09        0.179521E-09        0.781721E-11
  asr3      2775        0.178726E-09        0.178726E-09        0.761550E-11
  asr3      2776        0.177936E-09        0.177936E-09        0.791514E-11
  asr3      2777        0.177147E-09        0.177147E-09        0.807510E-11
  asr3      2778        0.176363E-09        0.176363E-09        0.784604E-11
  asr3      2779        0.175579E-09        0.175579E-09        0.748095E-11
  asr3      2780        0.174804E-09        0.174804E-09        0.777630E-11
  asr3      2781        0.174028E-09        0.174028E-09        0.774239E-11
  asr3      2782        0.173258E-09        0.173258E-09        0.738362E-11
  asr3      2783        0.172494E-09        0.172494E-09        0.735076E-11
  asr3      2784        0.171727E-09        0.171727E-09        0.732241E-11
  asr3      2785        0.171036E-09        0.171036E-09        0.779142E-11
  asr3      2786        0.170212E-09        0.170212E-09        0.725405E-11
  asr3      2787        0.169460E-09        0.169460E-09        0.722951E-11
  asr3      2788        0.168708E-09        0.168708E-09        0.769777E-11
  asr3      2789        0.167960E-09        0.167960E-09        0.716558E-11
  asr3      2790        0.167224E-09        0.167224E-09        0.728338E-11
  asr3      2791        0.166525E-09        0.166525E-09        0.724997E-11
  asr3      2792        0.165752E-09        0.165752E-09        0.690647E-11
  asr3      2793        0.165016E-09        0.165016E-09        0.733982E-11
  asr3      2794        0.164288E-09        0.164288E-09        0.748642E-11
  asr3      2795        0.163476E-09        0.163476E-09        0.731136E-11
  asr3      2796        0.162826E-09        0.162826E-09        0.692763E-11
  asr3      2797        0.162112E-09        0.162112E-09        0.738164E-11
  asr3      2798        0.161392E-09        0.161392E-09        0.688303E-11
  asr3      2799        0.160678E-09        0.160678E-09        0.732200E-11
  asr3      2800        0.159934E-09        0.159934E-09        0.681805E-11
  asr3      2801        0.159256E-09        0.159256E-09        0.678460E-11
  asr3      2802        0.158552E-09        0.158552E-09        0.729786E-11
  asr3      2803        0.156294E-09        0.156294E-09        0.685639E-11
  asr3      2804        0.157145E-09        0.157145E-09        0.728557E-11
  asr3      2805        0.156450E-09        0.156450E-09        0.740737E-11
  asr3      2806        0.155621E-09        0.155621E-09        0.691915E-11
  asr3      2807        0.155063E-09        0.155063E-09        0.660844E-11
  asr3      2808        0.154343E-09        0.154343E-09        0.703710E-11
  asr3      2809        0.153693E-09        0.153693E-09        0.669188E-11
  asr3      2810        0.153014E-09        0.153014E-09        0.666572E-11
  asr3      2811        0.152260E-09        0.152260E-09        0.663516E-11
  asr3      2812        0.151662E-09        0.151662E-09        0.677537E-11
  asr3      2813        0.150957E-09        0.150957E-09        0.674437E-11
  asr3      2814        0.150318E-09        0.150318E-09        0.655014E-11
  asr3      2815        0.149656E-09        0.149656E-09        0.637695E-11
  asr3      2816        0.148994E-09        0.148994E-09        0.649455E-11
  asr3      2817        0.148336E-09        0.148336E-09        0.662568E-11
  asr3      2818        0.147678E-09        0.147678E-09        0.629381E-11
  asr3      2819        0.147025E-09        0.147025E-09        0.683246E-11
  asr3      2820        0.146372E-09        0.146372E-09        0.653919E-11
  asr3      2821        0.145698E-09        0.145698E-09        0.620917E-11
  asr3      2822        0.145080E-09        0.145080E-09        0.674211E-11
  asr3      2823        0.144440E-09        0.144440E-09        0.615473E-11
  asr3      2824        0.143799E-09        0.143799E-09        0.695739E-11
  asr3      2825        0.143989E-09        0.143989E-09        0.655833E-11
  asr3      2826        0.141754E-09        0.141754E-09        0.635518E-11
  asr3      2827        0.142524E-09        0.142524E-09        0.590265E-11
  asr3      2828        0.141289E-09        0.141289E-09        0.629382E-11
  asr3      2829        0.140646E-09        0.140646E-09        0.642290E-11
  asr3      2830        0.140759E-09        0.140759E-09        0.607855E-11
  asr3      2831        0.139408E-09        0.139408E-09        0.621047E-11
  asr3      2832        0.138791E-09        0.138791E-09        0.618407E-11
  asr3      2833        0.138174E-09        0.138174E-09        0.628787E-11
  asr3      2834        0.137568E-09        0.137568E-09        0.613981E-11
  asr3      2835        0.136962E-09        0.136962E-09        0.624292E-11
  asr3      2836        0.136356E-09        0.136356E-09        0.567202E-11
  asr3      2837        0.135753E-09        0.135753E-09        0.644827E-11
  asr3      2838        0.135151E-09        0.135151E-09        0.627984E-11
  asr3      2839        0.134578E-09        0.134578E-09        0.601142E-11
  asr3      2840        0.133956E-09        0.133956E-09        0.598559E-11
  asr3      2841        0.133364E-09        0.133364E-09        0.607956E-11
  asr3      2842        0.132744E-09        0.132744E-09        0.605225E-11
  asr3      2843        0.132184E-09        0.132184E-09        0.590625E-11
  asr3      2844        0.131661E-09        0.131661E-09        0.560209E-11
  asr3      2845        0.130987E-09        0.130987E-09        0.589770E-11
  asr3      2846        0.129853E-09        0.129853E-09        0.553048E-11
  asr3      2847        0.129853E-09        0.129853E-09        0.564790E-11
  asr3      2848        0.129278E-09        0.129278E-09        0.592965E-11
  asr3      2849        0.128100E-09        0.128100E-09        0.586189E-11
  asr3      2850        0.128133E-09        0.128133E-09        0.556431E-11
  asr3      2851        0.127569E-09        0.127569E-09        0.545580E-11
  asr3      2852        0.127004E-09        0.127004E-09        0.541487E-11
  asr3      2853        0.126444E-09        0.126444E-09        0.551671E-11
  asr3      2854        0.125883E-09        0.125883E-09        0.585581E-11
  asr3      2855        0.125376E-09        0.125376E-09        0.569752E-11
  asr3      2856        0.124656E-09        0.124656E-09        0.531482E-11
  asr3      2857        0.124207E-09        0.124207E-09        0.569998E-11
  asr3      2858        0.123084E-09        0.123084E-09        0.528837E-11
  asr3      2859        0.123089E-09        0.123089E-09        0.562660E-11
  asr3      2860        0.122566E-09        0.122566E-09        0.545318E-11
  asr3      2861        0.122021E-09        0.122021E-09        0.566621E-11
  asr3      2862        0.122047E-09        0.122047E-09        0.551326E-11
  asr3      2863        0.121224E-09        0.121224E-09        0.553458E-11
  asr3      2864        0.120424E-09        0.120424E-09        0.561318E-11
  asr3      2865        0.119886E-09        0.119886E-09        0.558117E-11
  asr3      2866        0.119331E-09        0.119331E-09        0.520217E-11
  asr3      2867        0.118828E-09        0.118828E-09        0.494839E-11
  asr3      2868        0.118300E-09        0.118300E-09        0.515761E-11
  asr3      2869        0.117772E-09        0.117772E-09        0.512953E-11
  asr3      2870        0.117250E-09        0.117250E-09        0.476527E-11
  asr3      2871        0.116731E-09        0.116731E-09        0.485883E-11
  asr3      2872        0.116214E-09        0.116214E-09        0.495443E-11
  asr3      2873        0.115700E-09        0.115700E-09        0.527444E-11
  asr3      2874        0.115187E-09        0.115187E-09        0.491189E-11
  asr3      2875        0.114676E-09        0.114676E-09        0.488820E-11
  asr3      2876        0.114128E-09        0.114128E-09        0.497622E-11
  asr3      2877        0.113664E-09        0.113664E-09        0.527956E-11
  asr3      2878        0.113159E-09        0.113159E-09        0.505379E-11
  asr3      2879        0.112659E-09        0.112659E-09        0.503296E-11
  asr3      2880        0.112158E-09        0.112158E-09        0.467631E-11
  asr3      2881        0.111661E-09        0.111661E-09        0.464735E-11
  asr3      2882        0.111166E-09        0.111166E-09        0.484071E-11
  asr3      2883        0.110673E-09        0.110673E-09        0.471628E-11
  asr3      2884        0.110184E-09        0.110184E-09        0.479802E-11
  asr3      2885        0.109698E-09        0.109698E-09        0.488021E-11
  asr3      2886        0.109209E-09        0.109209E-09        0.487952E-11
  asr3      2887        0.108726E-09        0.108726E-09        0.495597E-11
  asr3      2888        0.108244E-09        0.108244E-09        0.473710E-11
  asr3      2889        0.107771E-09        0.107771E-09        0.469996E-11
  asr3      2890        0.107299E-09        0.107299E-09        0.472669E-11
  asr3      2891        0.106345E-09        0.106345E-09        0.446220E-11
  asr3      2892        0.106350E-09        0.106350E-09        0.452539E-11
  asr3      2893        0.105877E-09        0.105877E-09        0.460725E-11
  asr3      2894        0.105408E-09        0.105408E-09        0.428669E-11
  asr3      2895        0.104940E-09        0.104940E-09        0.487512E-11
  asr3      2896        0.104436E-09        0.104436E-09        0.464441E-11
  asr3      2897        0.104036E-09        0.104036E-09        0.443561E-11
  asr3      2898        0.103554E-09        0.103554E-09        0.474996E-11
  asr3      2899        0.102584E-09        0.102584E-09        0.446300E-11
  asr3      2900        0.102638E-09        0.102638E-09        0.418060E-11
  asr3      2901        0.102182E-09        0.102182E-09        0.455868E-11
  asr3      2902        0.101731E-09        0.101731E-09        0.442609E-11
  asr3      2903        0.101282E-09        0.101282E-09        0.432271E-11
  asr3      2904        0.100831E-09        0.100831E-09        0.429168E-11
  asr3      2905        0.100385E-09        0.100385E-09        0.437263E-11
  asr3      2906        0.999431E-10        0.999431E-10        0.449274E-11
  asr3      2907        0.990534E-10        0.990534E-10        0.425081E-11
  asr3      2908        0.990597E-10        0.990597E-10        0.421178E-11
  asr3      2909        0.986206E-10        0.986206E-10        0.438365E-11
  asr3      2910        0.981841E-10        0.981841E-10        0.418426E-11
  asr3      2911        0.977512E-10        0.977512E-10        0.455352E-11
  asr3      2912        0.982824E-10        0.982824E-10        0.415038E-11
  asr3      2913        0.968921E-10        0.968921E-10        0.432724E-11
  asr3      2914        0.964647E-10        0.964647E-10        0.410450E-11
  asr3      2915        0.960367E-10        0.960367E-10        0.431182E-11
  asr3      2916        0.951839E-10        0.951839E-10        0.425868E-11
  asr3      2917        0.951856E-10        0.951856E-10        0.454234E-11
  asr3      2918        0.948476E-10        0.948476E-10        0.394425E-11
  asr3      2919        0.943435E-10        0.943435E-10        0.392592E-11
  asr3      2920        0.939258E-10        0.939258E-10        0.417686E-11
  asr3      2921        0.935106E-10        0.935106E-10        0.389279E-11
  asr3      2922        0.930976E-10        0.930976E-10        0.388130E-11
  asr3      2923        0.922687E-10        0.922687E-10        0.401739E-11
  asr3      2924        0.922715E-10        0.922715E-10        0.392236E-11
  asr3      2925        0.918636E-10        0.918636E-10        0.373707E-11
  asr3      2926        0.914578E-10        0.914578E-10        0.416575E-11
  asr3      2927        0.910532E-10        0.910532E-10        0.396198E-11
  asr3      2928        0.906531E-10        0.906531E-10        0.396196E-11
  asr3      2929        0.902504E-10        0.902504E-10        0.392794E-11
  asr3      2930        0.898543E-10        0.898543E-10        0.374454E-11
  asr3      2931        0.894562E-10        0.894562E-10        0.389414E-11
  asr3      2932        0.890616E-10        0.890616E-10        0.371124E-11
  asr3      2933        0.886650E-10        0.886650E-10        0.388146E-11
  asr3      2934        0.882720E-10        0.882720E-10        0.384347E-11
  asr3      2935        0.878839E-10        0.878839E-10        0.382629E-11
  asr3      2936        0.874939E-10        0.874939E-10        0.399003E-11
  asr3      2937        0.871173E-10        0.871173E-10        0.397264E-11
  asr3      2938        0.867224E-10        0.867224E-10        0.395237E-11
  asr3      2939        0.863372E-10        0.863372E-10        0.367946E-11
  asr3      2940        0.859591E-10        0.859591E-10        0.382434E-11
  asr3      2941        0.855771E-10        0.855771E-10        0.390158E-11
  asr3      2942        0.852154E-10        0.852154E-10        0.354712E-11
  asr3      2943        0.848193E-10        0.848193E-10        0.361464E-11
  asr3      2944        0.844471E-10        0.844471E-10        0.367679E-11
  asr3      2945        0.840718E-10        0.840718E-10        0.358242E-11
  asr3      2946        0.836994E-10        0.836994E-10        0.340228E-11
  asr3      2947        0.833273E-10        0.833273E-10        0.338709E-11
  asr3      2948        0.829603E-10        0.829603E-10        0.378081E-11
  asr3      2949        0.825946E-10        0.825946E-10        0.359786E-11
  asr3      2950        0.822699E-10        0.822699E-10        0.358529E-11
  asr3      2951        0.818174E-10        0.818174E-10        0.356637E-11
  asr3      2952        0.815013E-10        0.815013E-10        0.393804E-11
  asr3      2953        0.815783E-10        0.815783E-10        0.355512E-11
  asr3      2954        0.808305E-10        0.808305E-10        0.336098E-11
  asr3      2955        0.804110E-10        0.804110E-10        0.349874E-11
  asr3      2956        0.800677E-10        0.800677E-10        0.378439E-11
  asr3      2957        0.801416E-10        0.801416E-10        0.357558E-11
  asr3      2958        0.793623E-10        0.793623E-10        0.353776E-11
  asr3      2959        0.790073E-10        0.790073E-10        0.345241E-11
  asr3      2960        0.786636E-10        0.786636E-10        0.365350E-11
  asr3      2961        0.783135E-10        0.783135E-10        0.350523E-11
  asr3      2962        0.780401E-10        0.780401E-10        0.355146E-11
  asr3      2963        0.776202E-10        0.776202E-10        0.359907E-11
  asr3      2964        0.765845E-10        0.765845E-10        0.357596E-11
  asr3      2965        0.769310E-10        0.769310E-10        0.327898E-11
  asr3      2966        0.765908E-10        0.765908E-10        0.357344E-11
  asr3      2967        0.761820E-10        0.761820E-10        0.331602E-11
  asr3      2968        0.759139E-10        0.759139E-10        0.368616E-11
  asr3      2969        0.756414E-10        0.756414E-10        0.350293E-11
  asr3      2970        0.752331E-10        0.752331E-10        0.356032E-11
  asr3      2971        0.753119E-10        0.753119E-10        0.316445E-11
  asr3      2972        0.745754E-10        0.745754E-10        0.325675E-11
  asr3      2973        0.753508E-10        0.753508E-10        0.308348E-11
  asr3      2974        0.739133E-10        0.739133E-10        0.324594E-11
  asr3      2975        0.735686E-10        0.735686E-10        0.362383E-11
  asr3      2976        0.736299E-10        0.736299E-10        0.351641E-11
  asr3      2977        0.726043E-10        0.726043E-10        0.337155E-11
  asr3      2978        0.726436E-10        0.726436E-10        0.323097E-11
  asr3      2979        0.722852E-10        0.722852E-10        0.344969E-11
  asr3      2980        0.716476E-10        0.716476E-10        0.299914E-11
  asr3      2981        0.716479E-10        0.716479E-10        0.311171E-11
  asr3      2982        0.713293E-10        0.713293E-10        0.310235E-11
  asr3      2983        0.710276E-10        0.710276E-10        0.302414E-11
  asr3      2984        0.706992E-10        0.706992E-10        0.314210E-11
  asr3      2985        0.703879E-10        0.703879E-10        0.300128E-11
  asr3      2986        0.700744E-10        0.700744E-10        0.322560E-11
  asr3      2987        0.694767E-10        0.694767E-10        0.304868E-11
  asr3      2988        0.694532E-10        0.694532E-10        0.322432E-11
  asr3      2989        0.691339E-10        0.691339E-10        0.300546E-11
  asr3      2990        0.688402E-10        0.688402E-10        0.293264E-11
  asr3      2991        0.685344E-10        0.685344E-10        0.298956E-11
  asr3      2992        0.682313E-10        0.682313E-10        0.283767E-11
  asr3      2993        0.679290E-10        0.679290E-10        0.289414E-11
  asr3      2994        0.676324E-10        0.676324E-10        0.294817E-11
  asr3      2995        0.673287E-10        0.673287E-10        0.299528E-11
  asr3      2996        0.670323E-10        0.670323E-10        0.291795E-11
  asr3      2997        0.667354E-10        0.667354E-10        0.298038E-11
  asr3      2998        0.664389E-10        0.664389E-10        0.302872E-11
  asr3      2999        0.660622E-10        0.660622E-10        0.308631E-11
  asr3      3000        0.658505E-10        0.658505E-10        0.299974E-11
  asr3      3001        0.655262E-10        0.655262E-10        0.285340E-11
  asr3      3002        0.652733E-10        0.652733E-10        0.302916E-11
  asr3      3003        0.649854E-10        0.649854E-10        0.308450E-11
  asr3      3004        0.646727E-10        0.646727E-10        0.281463E-11
  asr3      3005        0.644126E-10        0.644126E-10        0.311134E-11
  asr3      3006        0.644745E-10        0.644745E-10        0.286669E-11
  asr3      3007        0.638449E-10        0.638449E-10        0.291636E-11
  asr3      3008        0.635638E-10        0.635638E-10        0.282909E-11
  asr3      3009        0.632804E-10        0.632804E-10        0.275850E-11
  asr3      3010        0.629803E-10        0.629803E-10        0.274036E-11
  asr3      3011        0.627224E-10        0.627224E-10        0.273062E-11
  asr3      3012        0.624456E-10        0.624456E-10        0.265867E-11
  asr3      3013        0.621698E-10        0.621698E-10        0.277377E-11
  asr3      3014        0.618819E-10        0.618819E-10        0.269304E-11
  asr3      3015        0.616186E-10        0.616186E-10        0.256447E-11
  asr3      3016        0.613457E-10        0.613457E-10        0.275520E-11
  asr3      3017        0.616664E-10        0.616664E-10        0.263416E-11
  asr3      3018        0.608063E-10        0.608063E-10        0.258123E-11
  asr3      3019        0.605879E-10        0.605879E-10        0.276027E-11
  asr3      3020        0.602702E-10        0.602702E-10        0.263105E-11
  asr3      3021        0.600010E-10        0.600010E-10        0.249177E-11
  asr3      3022        0.597386E-10        0.597386E-10        0.260613E-11
  asr3      3023        0.594746E-10        0.594746E-10        0.241841E-11
  asr3      3024        0.592111E-10        0.592111E-10        0.246106E-11
  asr3      3025        0.589506E-10        0.589506E-10        0.256373E-11
  asr3      3026        0.586894E-10        0.586894E-10        0.244470E-11
  asr3      3027        0.584284E-10        0.584284E-10        0.243346E-11
  asr3      3028        0.581581E-10        0.581581E-10        0.266657E-11
  asr3      3029        0.576556E-10        0.576556E-10        0.241935E-11
  asr3      3030        0.576234E-10        0.576234E-10        0.266935E-11
  asr3      3031        0.573994E-10        0.573994E-10        0.261583E-11
  asr3      3032        0.571335E-10        0.571335E-10        0.253975E-11
  asr3      3033        0.568928E-10        0.568928E-10        0.237029E-11
  asr3      3034        0.566385E-10        0.566385E-10        0.288649E-11
  asr3      3035        0.566674E-10        0.566674E-10        0.246927E-11
  asr3      3036        0.561395E-10        0.561395E-10        0.266216E-11
  asr3      3037        0.558637E-10        0.558637E-10        0.269874E-11
  asr3      3038        0.556426E-10        0.556426E-10        0.231577E-11
  asr3      3039        0.553966E-10        0.553966E-10        0.253817E-11
  asr3      3040        0.549032E-10        0.549032E-10        0.251692E-11
  asr3      3041        0.549063E-10        0.549063E-10        0.247024E-11
  asr3      3042        0.544165E-10        0.544165E-10        0.263467E-11
  asr3      3043        0.544198E-10        0.544198E-10        0.244293E-11
  asr3      3044        0.539323E-10        0.539323E-10        0.245974E-11
  asr3      3045        0.539394E-10        0.539394E-10        0.229981E-11
  asr3      3046        0.537000E-10        0.537000E-10        0.233473E-11
  asr3      3047        0.534650E-10        0.534650E-10        0.222517E-11
  asr3      3048        0.532260E-10        0.532260E-10        0.236807E-11
  asr3      3049        0.529927E-10        0.529927E-10        0.237028E-11
  asr3      3050        0.527584E-10        0.527584E-10        0.241596E-11
  asr3      3051        0.522428E-10        0.522428E-10        0.222795E-11
  asr3      3052        0.522916E-10        0.522916E-10        0.223965E-11
  asr3      3053        0.520623E-10        0.520623E-10        0.232568E-11
  asr3      3054        0.515480E-10        0.515480E-10        0.247637E-11
  asr3      3055        0.516433E-10        0.516433E-10        0.220550E-11
  asr3      3056        0.513708E-10        0.513708E-10        0.234368E-11
  asr3      3057        0.511448E-10        0.511448E-10        0.242316E-11
  asr3      3058        0.508941E-10        0.508941E-10        0.222085E-11
  asr3      3059        0.506923E-10        0.506923E-10        0.220981E-11
  asr3      3060        0.504684E-10        0.504684E-10        0.220015E-11
  asr3      3061        0.502471E-10        0.502471E-10        0.233603E-11
  asr3      3062        0.495750E-10        0.495750E-10        0.214910E-11
  asr3      3063        0.498007E-10        0.498007E-10        0.230427E-11
  asr3      3064        0.495568E-10        0.495568E-10        0.215013E-11
  asr3      3065        0.493622E-10        0.493622E-10        0.220498E-11
  asr3      3066        0.491472E-10        0.491472E-10        0.220078E-11
  asr3      3067        0.489269E-10        0.489269E-10        0.226317E-11
  asr3      3068        0.486521E-10        0.486521E-10        0.198153E-11
  asr3      3069        0.484960E-10        0.484960E-10        0.225351E-11
  asr3      3070        0.482802E-10        0.482802E-10        0.215734E-11
  asr3      3071        0.480673E-10        0.480673E-10        0.208838E-11
  asr3      3072        0.471241E-10        0.471241E-10        0.207929E-11
  asr3      3073        0.476392E-10        0.476392E-10        0.203495E-11
  asr3      3074        0.474298E-10        0.474298E-10        0.205877E-11
  asr3      3075        0.471976E-10        0.471976E-10        0.214907E-11
  asr3      3076        0.470100E-10        0.470100E-10        0.200216E-11
  asr3      3077        0.468020E-10        0.468020E-10        0.213705E-11
  asr3      3078        0.465962E-10        0.465962E-10        0.205354E-11
  asr3      3079        0.461820E-10        0.461820E-10        0.205589E-11
  asr3      3080        0.461858E-10        0.461858E-10        0.201136E-11
  asr3      3081        0.459683E-10        0.459683E-10        0.200099E-11
  asr3      3082        0.457750E-10        0.457750E-10        0.203714E-11
  asr3      3083        0.455735E-10        0.455735E-10        0.216488E-11
  asr3      3084        0.456183E-10        0.456183E-10        0.211933E-11
  asr3      3085        0.451423E-10        0.451423E-10        0.201358E-11
  asr3      3086        0.449823E-10        0.449823E-10        0.191685E-11
  asr3      3087        0.447730E-10        0.447730E-10        0.216578E-11
  asr3      3088        0.445587E-10        0.445587E-10        0.194041E-11
  asr3      3089        0.443783E-10        0.443783E-10        0.193279E-11
  asr3      3090        0.441813E-10        0.441813E-10        0.197293E-11
  asr3      3091        0.437462E-10        0.437462E-10        0.206319E-11
  asr3      3092        0.437901E-10        0.437901E-10        0.185724E-11
  asr3      3093        0.435967E-10        0.435967E-10        0.203583E-11
  asr3      3094        0.431720E-10        0.431720E-10        0.186241E-11
  asr3      3095        0.432118E-10        0.432118E-10        0.187698E-11
  asr3      3096        0.432488E-10        0.432488E-10        0.192211E-11
  asr3      3097        0.428300E-10        0.428300E-10        0.191484E-11
  asr3      3098        0.426246E-10        0.426246E-10        0.189728E-11
  asr3      3099        0.424526E-10        0.424526E-10        0.184958E-11
  asr3      3100        0.422648E-10        0.422648E-10        0.179993E-11
  asr3      3101        0.420762E-10        0.420762E-10        0.179280E-11
  asr3      3102        0.418892E-10        0.418892E-10        0.182363E-11
  asr3      3103        0.417055E-10        0.417055E-10        0.182367E-11
  asr3      3104        0.415202E-10        0.415202E-10        0.185447E-11
  asr3      3105        0.413371E-10        0.413371E-10        0.176064E-11
  asr3      3106        0.411553E-10        0.411553E-10        0.191197E-11
  asr3      3107        0.409737E-10        0.409737E-10        0.178412E-11
  asr3      3108        0.407912E-10        0.407912E-10        0.185900E-11
  asr3      3109        0.406098E-10        0.406098E-10        0.176881E-11
  asr3      3110        0.404405E-10        0.404405E-10        0.164322E-11
  asr3      3111        0.402505E-10        0.402505E-10        0.191277E-11
  asr3      3112        0.400497E-10        0.400497E-10        0.170609E-11
  asr3      3113        0.398964E-10        0.398964E-10        0.181870E-11
  asr3      3114        0.397197E-10        0.397197E-10        0.191933E-11
  asr3      3115        0.397248E-10        0.397248E-10        0.176501E-11
  asr3      3116        0.393725E-10        0.393725E-10        0.182404E-11
  asr3      3117        0.393696E-10        0.393696E-10        0.175139E-11
  asr3      3118        0.390248E-10        0.390248E-10        0.177868E-11
  asr3      3119        0.388493E-10        0.388493E-10        0.173441E-11
  asr3      3120        0.386641E-10        0.386641E-10        0.164484E-11
  asr3      3121        0.385139E-10        0.385139E-10        0.167456E-11
  asr3      3122        0.383389E-10        0.383389E-10        0.177885E-11
  asr3      3123        0.381487E-10        0.381487E-10        0.158841E-11
  asr3      3124        0.380001E-10        0.380001E-10        0.161713E-11
  asr3      3125        0.378133E-10        0.378133E-10        0.172138E-11
  asr3      3126        0.376584E-10        0.376584E-10        0.168469E-11
  asr3      3127        0.375336E-10        0.375336E-10        0.177860E-11
  asr3      3128        0.373313E-10        0.373313E-10        0.187197E-11
  asr3      3129        0.371489E-10        0.371489E-10        0.169112E-11
  asr3      3130        0.369942E-10        0.369942E-10        0.160993E-11
  asr3      3131        0.368382E-10        0.368382E-10        0.163684E-11
  asr3      3132        0.366759E-10        0.366759E-10        0.159704E-11
  asr3      3133        0.365171E-10        0.365171E-10        0.158964E-11
  asr3      3134        0.363507E-10        0.363507E-10        0.165469E-11
  asr3      3135        0.361830E-10        0.361830E-10        0.157473E-11
  asr3      3136        0.360316E-10        0.360316E-10        0.161949E-11
  asr3      3137        0.357118E-10        0.357118E-10        0.163289E-11
  asr3      3138        0.355252E-10        0.355252E-10        0.164925E-11
  asr3      3139        0.355511E-10        0.355511E-10        0.157974E-11
  asr3      3140        0.353940E-10        0.353940E-10        0.150031E-11
  asr3      3141        0.352380E-10        0.352380E-10        0.157114E-11
  asr3      3142        0.350821E-10        0.350821E-10        0.169893E-11
  asr3      3143        0.351138E-10        0.351138E-10        0.149772E-11
  asr3      3144        0.347743E-10        0.347743E-10        0.158622E-11
  asr3      3145        0.346193E-10        0.346193E-10        0.161133E-11
  asr3      3146        0.344665E-10        0.344665E-10        0.166562E-11
  asr3      3147        0.343156E-10        0.343156E-10        0.146164E-11
  asr3      3148        0.341613E-10        0.341613E-10        0.145695E-11
  asr3      3149        0.340109E-10        0.340109E-10        0.155085E-11
  asr3      3150        0.338549E-10        0.338549E-10        0.140840E-11
  asr3      3151        0.337105E-10        0.337105E-10        0.159933E-11
  asr3      3152        0.335225E-10        0.335225E-10        0.152292E-11
  asr3      3153        0.334100E-10        0.334100E-10        0.142247E-11
  asr3      3154        0.332629E-10        0.332629E-10        0.142603E-11
  asr3      3155        0.331159E-10        0.331159E-10        0.156427E-11
  asr3      3156        0.331163E-10        0.331163E-10        0.147369E-11
  asr3      3157        0.328137E-10        0.328137E-10        0.150752E-11
  asr3      3158        0.325449E-10        0.325449E-10        0.141439E-11
  asr3      3159        0.325339E-10        0.325339E-10        0.135251E-11
  asr3      3160        0.323867E-10        0.323867E-10        0.144622E-11
  asr3      3161        0.322521E-10        0.322521E-10        0.137396E-11
  asr3      3162        0.320868E-10        0.320868E-10        0.140353E-11
  asr3      3163        0.319434E-10        0.319434E-10        0.139103E-11
  asr3      3164        0.319893E-10        0.319893E-10        0.142152E-11
  asr3      3165        0.316786E-10        0.316786E-10        0.145413E-11
  asr3      3166        0.313994E-10        0.313994E-10        0.134458E-11
  asr3      3167        0.313984E-10        0.313984E-10        0.145361E-11
  asr3      3168        0.314261E-10        0.314261E-10        0.136754E-11
  asr3      3169        0.311218E-10        0.311218E-10        0.138631E-11
  asr3      3170        0.309837E-10        0.309837E-10        0.143639E-11
  asr3      3171        0.309136E-10        0.309136E-10        0.142302E-11
  asr3      3172        0.305721E-10        0.305721E-10        0.136216E-11
  asr3      3173        0.305726E-10        0.305726E-10        0.133315E-11
  asr3      3174        0.304371E-10        0.304371E-10        0.138230E-11
  asr3      3175        0.303192E-10        0.303192E-10        0.135541E-11
  asr3      3176        0.301685E-10        0.301685E-10        0.139985E-11
  asr3      3177        0.300209E-10        0.300209E-10        0.127887E-11
  asr3      3178        0.299006E-10        0.299006E-10        0.137014E-11
  asr3      3179        0.296264E-10        0.296264E-10        0.133237E-11
  asr3      3180        0.296375E-10        0.296375E-10        0.131454E-11
  asr3      3181        0.294975E-10        0.294975E-10        0.134187E-11
  asr3      3182        0.293798E-10        0.293798E-10        0.125148E-11
  asr3      3183        0.292440E-10        0.292440E-10        0.127907E-11
  asr3      3184        0.291167E-10        0.291167E-10        0.121095E-11
  asr3      3185        0.289866E-10        0.289866E-10        0.120598E-11
  asr3      3186        0.288580E-10        0.288580E-10        0.125774E-11
  asr3      3187        0.287306E-10        0.287306E-10        0.127755E-11
  asr3      3188        0.286049E-10        0.286049E-10        0.130175E-11
  asr3      3189        0.284821E-10        0.284821E-10        0.135293E-11
  asr3      3190        0.283593E-10        0.283593E-10        0.124169E-11
  asr3      3191        0.282329E-10        0.282329E-10        0.120187E-11
  asr3      3192        0.281022E-10        0.281022E-10        0.125309E-11
  asr3      3193        0.279765E-10        0.279765E-10        0.124404E-11
  asr3      3194        0.278532E-10        0.278532E-10        0.123858E-11
  asr3      3195        0.277296E-10        0.277296E-10        0.118099E-11
  asr3      3196        0.275899E-10        0.275899E-10        0.117678E-11
  asr3      3197        0.274849E-10        0.274849E-10        0.117232E-11
  asr3      3198        0.273720E-10        0.273720E-10        0.127635E-11
  asr3      3199        0.272426E-10        0.272426E-10        0.118540E-11
  asr3      3200        0.271271E-10        0.271271E-10        0.115521E-11
  asr3      3201        0.270014E-10        0.270014E-10        0.123822E-11
  asr3      3202        0.267610E-10        0.267610E-10        0.112314E-11
  asr3      3203        0.267615E-10        0.267615E-10        0.114219E-11
  asr3      3204        0.266444E-10        0.266444E-10        0.123749E-11
  asr3      3205        0.265611E-10        0.265611E-10        0.126445E-11
  asr3      3206        0.264071E-10        0.264071E-10        0.117839E-11
  asr3      3207        0.261649E-10        0.261649E-10        0.122671E-11
  asr3      3208        0.261738E-10        0.261738E-10        0.111592E-11
  asr3      3209        0.261736E-10        0.261736E-10        0.108268E-11
  asr3      3210        0.259446E-10        0.259446E-10        0.115585E-11
  asr3      3211        0.258300E-10        0.258300E-10        0.110333E-11
  asr3      3212        0.257167E-10        0.257167E-10        0.107167E-11
  asr3      3213        0.256016E-10        0.256016E-10        0.109043E-11
  asr3      3214        0.254879E-10        0.254879E-10        0.114676E-11
  asr3      3215        0.252614E-10        0.252614E-10        0.105869E-11
  asr3      3216        0.252611E-10        0.252611E-10        0.107336E-11
  asr3      3217        0.251516E-10        0.251516E-10        0.111741E-11
  asr3      3218        0.250379E-10        0.250379E-10        0.104325E-11
  asr3      3219        0.249289E-10        0.249289E-10        0.108505E-11
  asr3      3220        0.248185E-10        0.248185E-10        0.115274E-11
  asr3      3221        0.246981E-10        0.246981E-10        0.105281E-11
  asr3      3222        0.246002E-10        0.246002E-10        0.107066E-11
  asr3      3223        0.244810E-10        0.244810E-10        0.106539E-11
  asr3      3224        0.243951E-10        0.243951E-10        0.113243E-11
  asr3      3225        0.242754E-10        0.242754E-10        0.107959E-11
  asr3      3226        0.241681E-10        0.241681E-10        0.107879E-11
  asr3      3227        0.240614E-10        0.240614E-10        0.104740E-11
  asr3      3228        0.239525E-10        0.239525E-10        0.104685E-11
  asr3      3229        0.238481E-10        0.238481E-10        0.104942E-11
  asr3      3230        0.236367E-10        0.236367E-10        0.110897E-11
  asr3      3231        0.235368E-10        0.235368E-10        0.100691E-11
  asr3      3232        0.235342E-10        0.235342E-10        0.102501E-11
  asr3      3233        0.234295E-10        0.234295E-10        0.101900E-11
  asr3      3234        0.233238E-10        0.233238E-10        0.103641E-11
  asr3      3235        0.232213E-10        0.232213E-10        0.990005E-12
  asr3      3236        0.231198E-10        0.231198E-10        0.105295E-11
  asr3      3237        0.230200E-10        0.230200E-10        0.111246E-11
  asr3      3238        0.229168E-10        0.229168E-10        0.102396E-11
  asr3      3239        0.228142E-10        0.228142E-10        0.948936E-12
  asr3      3240        0.227144E-10        0.227144E-10        0.966814E-12
  asr3      3241        0.226150E-10        0.226150E-10        0.983928E-12
  asr3      3242        0.225120E-10        0.225120E-10        0.100086E-11
  asr3      3243        0.224150E-10        0.224150E-10        0.102088E-11
  asr3      3244        0.223115E-10        0.223115E-10        0.103571E-11
  asr3      3245        0.222158E-10        0.222158E-10        0.946477E-12
  asr3      3246        0.221176E-10        0.221176E-10        0.100663E-11
  asr3      3247        0.220213E-10        0.220213E-10        0.100349E-11
  asr3      3248        0.219283E-10        0.219283E-10        0.933360E-12
  asr3      3249        0.218253E-10        0.218253E-10        0.993679E-12
  asr3      3250        0.217293E-10        0.217293E-10        0.989377E-12
  asr3      3251        0.216334E-10        0.216334E-10        0.985255E-12
  asr3      3252        0.215384E-10        0.215384E-10        0.102235E-11
  asr3      3253        0.214492E-10        0.214492E-10        0.913608E-12
  asr3      3254        0.213475E-10        0.213475E-10        0.909787E-12
  asr3      3255        0.212544E-10        0.212544E-10        0.987196E-12
  asr3      3256        0.211601E-10        0.211601E-10        0.986745E-12
  asr3      3257        0.209517E-10        0.209517E-10        0.957710E-12
  asr3      3258        0.209727E-10        0.209727E-10        0.894708E-12
  asr3      3259        0.208808E-10        0.208808E-10        0.907000E-12
  asr3      3260        0.207876E-10        0.207876E-10        0.927219E-12
  asr3      3261        0.206961E-10        0.206961E-10        0.919952E-12
  asr3      3262        0.206083E-10        0.206083E-10        0.877529E-12
  asr3      3263        0.205131E-10        0.205131E-10        0.852899E-12
  asr3      3264        0.204235E-10        0.204235E-10        0.889908E-12
  asr3      3265        0.204242E-10        0.204242E-10        0.890526E-12
  asr3      3266        0.202414E-10        0.202414E-10        0.881936E-12
  asr3      3267        0.201504E-10        0.201504E-10        0.957776E-12
  asr3      3268        0.200627E-10        0.200627E-10        0.851246E-12
  asr3      3269        0.199753E-10        0.199753E-10        0.873729E-12
  asr3      3270        0.198772E-10        0.198772E-10        0.887242E-12
  asr3      3271        0.198000E-10        0.198000E-10        0.938602E-12
  asr3      3272        0.197060E-10        0.197060E-10        0.914218E-12
  asr3      3273        0.196248E-10        0.196248E-10        0.852944E-12
  asr3      3274        0.195383E-10        0.195383E-10        0.832680E-12
  asr3      3275        0.194514E-10        0.194514E-10        0.902554E-12
  asr3      3276        0.193684E-10        0.193684E-10        0.824032E-12
  asr3      3277        0.192806E-10        0.192806E-10        0.894251E-12
  asr3      3278        0.191936E-10        0.191936E-10        0.835114E-12
  asr3      3279        0.190945E-10        0.190945E-10        0.869300E-12
  asr3      3280        0.190268E-10        0.190268E-10        0.826923E-12
  asr3      3281        0.189408E-10        0.189408E-10        0.903955E-12
  asr3      3282        0.188127E-10        0.188127E-10        0.871330E-12
  asr3      3283        0.187567E-10        0.187567E-10        0.853366E-12
  asr3      3284        0.186906E-10        0.186906E-10        0.812179E-12
  asr3      3285        0.186066E-10        0.186066E-10        0.863113E-12
  asr3      3286        0.185267E-10        0.185267E-10        0.788488E-12
  asr3      3287        0.184429E-10        0.184429E-10        0.785355E-12
  asr3      3288        0.183643E-10        0.183643E-10        0.782333E-12
  asr3      3289        0.182802E-10        0.182802E-10        0.760739E-12
  asr3      3290        0.182016E-10        0.182016E-10        0.795460E-12
  asr3      3291        0.181199E-10        0.181199E-10        0.787944E-12
  asr3      3292        0.180380E-10        0.180380E-10        0.801435E-12
  asr3      3293        0.179585E-10        0.179585E-10        0.833054E-12
  asr3      3294        0.178814E-10        0.178814E-10        0.794389E-12
  asr3      3295        0.178025E-10        0.178025E-10        0.774782E-12
  asr3      3296        0.177277E-10        0.177277E-10        0.822229E-12
  asr3      3297        0.176442E-10        0.176442E-10        0.734187E-12
  asr3      3298        0.175673E-10        0.175673E-10        0.747520E-12
  asr3      3299        0.174872E-10        0.174872E-10        0.727048E-12
  asr3      3300        0.174132E-10        0.174132E-10        0.775870E-12
  asr3      3301        0.174282E-10        0.174282E-10        0.781538E-12
  asr3      3302        0.171811E-10        0.171811E-10        0.816658E-12
  asr3      3303        0.171802E-10        0.171802E-10        0.767561E-12
  asr3      3304        0.171069E-10        0.171069E-10        0.759604E-12
  asr3      3305        0.170314E-10        0.170314E-10        0.789772E-12
  asr3      3306        0.169600E-10        0.169600E-10        0.721888E-12
  asr3      3307        0.168817E-10        0.168817E-10        0.718278E-12
  asr3      3308        0.168046E-10        0.168046E-10        0.698528E-12
  asr3      3309        0.167323E-10        0.167323E-10        0.727483E-12
  asr3      3310        0.166565E-10        0.166565E-10        0.743196E-12
  asr3      3311        0.165837E-10        0.165837E-10        0.754482E-12
  asr3      3312        0.165096E-10        0.165096E-10        0.717907E-12
  asr3      3313        0.164355E-10        0.164355E-10        0.714806E-12
  asr3      3314        0.163660E-10        0.163660E-10        0.755047E-12
  asr3      3315        0.165402E-10        0.165402E-10        0.748975E-12
  asr3      3316        0.162212E-10        0.162212E-10        0.714100E-12
  asr3      3317        0.160589E-10        0.160589E-10        0.722431E-12
  asr3      3318        0.160782E-10        0.160782E-10        0.730363E-12
  asr3      3319        0.160067E-10        0.160067E-10        0.749561E-12
  asr3      3320        0.158647E-10        0.158647E-10        0.710001E-12
  asr3      3321        0.158605E-10        0.158605E-10        0.722118E-12
  asr3      3322        0.158008E-10        0.158008E-10        0.718920E-12
  asr3      3323        0.157247E-10        0.157247E-10        0.686832E-12
  asr3      3324        0.156554E-10        0.156554E-10        0.698336E-12
  asr3      3325        0.155859E-10        0.155859E-10        0.781301E-12
  asr3      3326        0.155154E-10        0.155154E-10        0.660434E-12
  asr3      3327        0.154494E-10        0.154494E-10        0.719470E-12
  asr3      3328        0.153798E-10        0.153798E-10        0.700604E-12
  asr3      3329        0.152306E-10        0.152306E-10        0.677120E-12
  asr3      3330        0.152437E-10        0.152437E-10        0.694353E-12
  asr3      3331        0.151772E-10        0.151772E-10        0.690152E-12
  asr3      3332        0.151119E-10        0.151119E-10        0.700175E-12
  asr3      3333        0.150416E-10        0.150416E-10        0.640270E-12
  asr3      3334        0.149775E-10        0.149775E-10        0.665376E-12
  asr3      3335        0.149099E-10        0.149099E-10        0.679261E-12
  asr3      3336        0.148383E-10        0.148383E-10        0.658819E-12
  asr3      3337        0.147792E-10        0.147792E-10        0.643211E-12
  asr3      3338        0.147145E-10        0.147145E-10        0.655569E-12
  asr3      3339        0.145702E-10        0.145702E-10        0.678245E-12
  asr3      3340        0.145843E-10        0.145843E-10        0.618543E-12
  asr3      3341        0.145209E-10        0.145209E-10        0.631297E-12
  asr3      3342        0.144561E-10        0.144561E-10        0.644916E-12
  asr3      3343        0.143863E-10        0.143863E-10        0.625572E-12
  asr3      3344        0.143309E-10        0.143309E-10        0.639218E-12
  asr3      3345        0.142617E-10        0.142617E-10        0.649340E-12
  asr3      3346        0.141997E-10        0.141997E-10        0.604352E-12
  asr3      3347        0.141384E-10        0.141384E-10        0.656156E-12
  asr3      3348        0.140718E-10        0.140718E-10        0.671797E-12
  asr3      3349        0.139393E-10        0.139393E-10        0.664102E-12
  asr3      3350        0.139662E-10        0.139662E-10        0.582440E-12
  asr3      3351        0.138907E-10        0.138907E-10        0.631719E-12
  asr3      3352        0.138358E-10        0.138358E-10        0.620157E-12
  asr3      3353        0.137017E-10        0.137017E-10        0.583529E-12
  asr3      3354        0.137067E-10        0.137067E-10        0.623126E-12
  asr3      3355        0.136468E-10        0.136468E-10        0.605943E-12
  asr3      3356        0.135817E-10        0.135817E-10        0.565306E-12
  asr3      3357        0.135254E-10        0.135254E-10        0.549280E-12
  asr3      3358        0.134670E-10        0.134670E-10        0.573214E-12
  asr3      3359        0.134080E-10        0.134080E-10        0.583565E-12
  asr3      3360        0.133497E-10        0.133497E-10        0.580862E-12
  asr3      3361        0.132895E-10        0.132895E-10        0.592999E-12
  asr3      3362        0.132141E-10        0.132141E-10        0.574498E-12
  asr3      3363        0.131730E-10        0.131730E-10        0.547632E-12
  asr3      3364        0.131134E-10        0.131134E-10        0.557587E-12
  asr3      3365        0.130560E-10        0.130560E-10        0.579447E-12
  asr3      3366        0.129987E-10        0.129987E-10        0.576985E-12
  asr3      3367        0.129410E-10        0.129410E-10        0.537674E-12
  asr3      3368        0.128840E-10        0.128840E-10        0.560419E-12
  asr3      3369        0.128272E-10        0.128272E-10        0.583504E-12
  asr3      3370        0.127705E-10        0.127705E-10        0.569116E-12
  asr3      3371        0.127130E-10        0.127130E-10        0.528875E-12
  asr3      3372        0.126569E-10        0.126569E-10        0.525840E-12
  asr3      3373        0.126002E-10        0.126002E-10        0.573600E-12
  asr3      3374        0.125467E-10        0.125467E-10        0.545998E-12
  asr3      3375        0.124919E-10        0.124919E-10        0.543273E-12
  asr3      3376        0.124357E-10        0.124357E-10        0.552437E-12
  asr3      3377        0.123808E-10        0.123808E-10        0.620257E-12
  asr3      3378        0.123200E-10        0.123200E-10        0.548924E-12
  asr3      3379        0.122715E-10        0.122715E-10        0.533129E-12
  asr3      3380        0.122178E-10        0.122178E-10        0.519525E-12
  asr3      3381        0.121631E-10        0.121631E-10        0.599518E-12
  asr3      3382        0.120369E-10        0.120369E-10        0.565528E-12
  asr3      3383        0.119853E-10        0.119853E-10        0.491594E-12
  asr3      3384        0.120026E-10        0.120026E-10        0.554940E-12
  asr3      3385        0.119478E-10        0.119478E-10        0.543587E-12
  asr3      3386        0.118947E-10        0.118947E-10        0.517642E-12
  asr3      3387        0.118436E-10        0.118436E-10        0.539135E-12
  asr3      3388        0.117872E-10        0.117872E-10        0.525575E-12
  asr3      3389        0.117386E-10        0.117386E-10        0.498760E-12
  asr3      3390        0.116862E-10        0.116862E-10        0.542253E-12
  asr3      3391        0.116376E-10        0.116376E-10        0.551196E-12
  asr3      3392        0.116443E-10        0.116443E-10        0.505591E-12
  asr3      3393        0.115385E-10        0.115385E-10        0.502907E-12
  asr3      3394        0.114798E-10        0.114798E-10        0.510427E-12
  asr3      3395        0.114307E-10        0.114307E-10        0.474042E-12
  asr3      3396        0.113791E-10        0.113791E-10        0.518226E-12
  asr3      3397        0.113302E-10        0.113302E-10        0.515865E-12
  asr3      3398        0.112767E-10        0.112767E-10        0.468300E-12
  asr3      3399        0.112261E-10        0.112261E-10        0.500327E-12
  asr3      3400        0.111787E-10        0.111787E-10        0.511679E-12
  asr3      3401        0.110813E-10        0.110813E-10        0.516732E-12
  asr3      3402        0.110765E-10        0.110765E-10        0.468984E-12
  asr3      3403        0.110326E-10        0.110326E-10        0.470612E-12
  asr3      3404        0.109880E-10        0.109880E-10        0.509379E-12
  asr3      3405        0.109347E-10        0.109347E-10        0.485765E-12
  asr3      3406        0.108877E-10        0.108877E-10        0.478822E-12
  asr3      3407        0.107903E-10        0.107903E-10        0.519987E-12
  asr3      3408        0.107812E-10        0.107812E-10        0.477912E-12
  asr3      3409        0.107394E-10        0.107394E-10        0.479910E-12
  asr3      3410        0.106390E-10        0.106390E-10        0.466986E-12
  asr3      3411        0.106476E-10        0.106476E-10        0.502424E-12
  asr3      3412        0.106584E-10        0.106584E-10        0.472837E-12
  asr3      3413        0.105551E-10        0.105551E-10        0.480991E-12
  asr3      3414        0.105075E-10        0.105075E-10        0.492501E-12
  asr3      3415        0.104160E-10        0.104160E-10        0.498462E-12
  asr3      3416        0.104206E-10        0.104206E-10        0.442525E-12
  asr3      3417        0.103707E-10        0.103707E-10        0.450425E-12
  asr3      3418        0.103253E-10        0.103253E-10        0.430133E-12
  asr3      3419        0.102807E-10        0.102807E-10        0.456336E-12
  asr3      3420        0.102330E-10        0.102330E-10        0.455787E-12
  asr3      3421        0.101866E-10        0.101866E-10        0.493085E-12
  asr3      3422        0.101520E-10        0.101520E-10        0.440842E-12
  asr3      3423        0.100986E-10        0.100986E-10        0.429419E-12
  asr3      3424        0.100552E-10        0.100552E-10        0.457393E-12
  asr3      3425        0.100103E-10        0.100103E-10        0.444713E-12
  asr3      3426        0.996895E-11        0.996895E-11        0.423806E-12
  asr3      3427        0.992288E-11        0.992288E-11        0.451268E-12
  asr3      3428        0.987882E-11        0.987882E-11        0.434012E-12
  asr3      3429        0.978958E-11        0.978958E-11        0.419174E-12
  asr3      3430        0.979081E-11        0.979081E-11        0.416382E-12
  asr3      3431        0.974875E-11        0.974875E-11        0.434620E-12
  asr3      3432        0.970149E-11        0.970149E-11        0.475832E-12
  asr3      3433        0.971534E-11        0.971534E-11        0.423570E-12
  asr3      3434        0.962037E-11        0.962037E-11        0.417277E-12
  asr3      3435        0.957711E-11        0.957711E-11        0.425726E-12
  asr3      3436        0.953500E-11        0.953500E-11        0.405149E-12
  asr3      3437        0.949346E-11        0.949346E-11        0.441875E-12
  asr3      3438        0.945125E-11        0.945125E-11        0.402161E-12
  asr3      3439        0.940679E-11        0.940679E-11        0.410397E-12
  asr3      3440        0.936916E-11        0.936916E-11        0.388758E-12
  asr3      3441        0.932463E-11        0.932463E-11        0.387372E-12
  asr3      3442        0.928599E-11        0.928599E-11        0.394795E-12
  asr3      3443        0.924288E-11        0.924288E-11        0.429471E-12
  asr3      3444        0.924926E-11        0.924926E-11        0.393395E-12
  asr3      3445        0.916209E-11        0.916209E-11        0.408192E-12
  asr3      3446        0.917052E-11        0.917052E-11        0.448545E-12
  asr3      3447        0.912375E-11        0.912375E-11        0.376711E-12
  asr3      3448        0.904238E-11        0.904238E-11        0.410533E-12
  asr3      3449        0.899760E-11        0.899760E-11        0.399391E-12
  asr3      3450        0.896260E-11        0.896260E-11        0.407445E-12
  asr3      3451        0.892492E-11        0.892492E-11        0.430016E-12
  asr3      3452        0.892568E-11        0.892568E-11        0.376256E-12
  asr3      3453        0.884367E-11        0.884367E-11        0.366618E-12
  asr3      3454        0.880663E-11        0.880663E-11        0.411736E-12
  asr3      3455        0.872765E-11        0.872765E-11        0.404400E-12
  asr3      3456        0.876494E-11        0.876494E-11        0.372818E-12
  asr3      3457        0.868931E-11        0.868931E-11        0.385587E-12
  asr3      3458        0.865039E-11        0.865039E-11        0.400131E-12
  asr3      3459        0.861202E-11        0.861202E-11        0.374382E-12
  asr3      3460        0.857306E-11        0.857306E-11        0.371908E-12
  asr3      3461        0.853513E-11        0.853513E-11        0.380243E-12
  asr3      3462        0.849576E-11        0.849576E-11        0.360802E-12
  asr3      3463        0.846120E-11        0.846120E-11        0.391711E-12
  asr3      3464        0.842298E-11        0.842298E-11        0.365887E-12
  asr3      3465        0.838470E-11        0.838470E-11        0.373442E-12
  asr3      3466        0.834878E-11        0.834878E-11        0.379455E-12
  asr3      3467        0.830807E-11        0.830807E-11        0.368333E-12
  asr3      3468        0.827315E-11        0.827315E-11        0.376915E-12
  asr3      3469        0.824541E-11        0.824541E-11        0.381605E-12
  asr3      3470        0.819959E-11        0.819959E-11        0.372215E-12
  asr3      3471        0.816700E-11        0.816700E-11        0.363403E-12
  asr3      3472        0.812904E-11        0.812904E-11        0.352907E-12
  asr3      3473        0.809524E-11        0.809524E-11        0.360264E-12
  asr3      3474        0.806000E-11        0.806000E-11        0.365997E-12
  asr3      3475        0.802145E-11        0.802145E-11        0.380027E-12
  asr3      3476        0.798760E-11        0.798760E-11        0.331752E-12
  asr3      3477        0.795331E-11        0.795331E-11        0.354159E-12
  asr3      3478        0.791796E-11        0.791796E-11        0.320696E-12
  asr3      3479        0.788201E-11        0.788201E-11        0.343479E-12
  asr3      3480        0.785060E-11        0.785060E-11        0.333260E-12
  asr3      3481        0.781326E-11        0.781326E-11        0.339316E-12
  asr3      3482        0.777982E-11        0.777982E-11        0.322962E-12
  asr3      3483        0.774629E-11        0.774629E-11        0.330447E-12
  asr3      3484        0.766716E-11        0.766716E-11        0.348673E-12
  asr3      3485        0.767478E-11        0.767478E-11        0.341411E-12
  asr3      3486        0.764134E-11        0.764134E-11        0.331121E-12
  asr3      3487        0.760769E-11        0.760769E-11        0.337206E-12
  asr3      3488        0.757491E-11        0.757491E-11        0.329183E-12
  asr3      3489        0.754261E-11        0.754261E-11        0.327841E-12
  asr3      3490        0.750918E-11        0.750918E-11        0.333886E-12
  asr3      3491        0.747428E-11        0.747428E-11        0.324277E-12
  asr3      3492        0.744077E-11        0.744077E-11        0.366374E-12
  asr3      3493        0.740430E-11        0.740430E-11        0.350704E-12
  asr3      3494        0.737675E-11        0.737675E-11        0.341757E-12
  asr3      3495        0.734344E-11        0.734344E-11        0.312059E-12
  asr3      3496        0.731024E-11        0.731024E-11        0.332312E-12
  asr3      3497        0.727948E-11        0.727948E-11        0.309171E-12
  asr3      3498        0.724863E-11        0.724863E-11        0.329326E-12
  asr3      3499        0.721533E-11        0.721533E-11        0.313325E-12
  asr3      3500        0.718376E-11        0.718376E-11        0.326357E-12
  asr3      3501        0.715265E-11        0.715265E-11        0.330159E-12
  asr3      3502        0.711465E-11        0.711465E-11        0.329694E-12
  asr3      3503        0.709034E-11        0.709034E-11        0.321857E-12
  asr3      3504        0.705751E-11        0.705751E-11        0.327004E-12
  asr3      3505        0.702557E-11        0.702557E-11        0.324318E-12
  asr3      3506        0.693184E-11        0.693184E-11        0.312062E-12
  asr3      3507        0.696445E-11        0.696445E-11        0.301799E-12
  asr3      3508        0.693327E-11        0.693327E-11        0.310810E-12
  asr3      3509        0.687257E-11        0.687257E-11        0.298367E-12
  asr3      3510        0.687292E-11        0.687292E-11        0.314426E-12
  asr3      3511        0.688263E-11        0.688263E-11        0.304988E-12
  asr3      3512        0.681265E-11        0.681265E-11        0.310035E-12
  asr3      3513        0.678218E-11        0.678218E-11        0.294929E-12
  asr3      3514        0.675328E-11        0.675328E-11        0.312926E-12
  asr3      3515        0.672306E-11        0.672306E-11        0.297920E-12
  asr3      3516        0.669407E-11        0.669407E-11        0.297958E-12
  asr3      3517        0.666676E-11        0.666676E-11        0.282911E-12
  asr3      3518        0.663315E-11        0.663315E-11        0.275329E-12
  asr3      3519        0.659905E-11        0.659905E-11        0.306027E-12
  asr3      3520        0.658151E-11        0.658151E-11        0.291405E-12
  asr3      3521        0.654831E-11        0.654831E-11        0.265181E-12
  asr3      3522        0.651759E-11        0.651759E-11        0.270387E-12
  asr3      3523        0.648946E-11        0.648946E-11        0.293554E-12
  asr3      3524        0.645245E-11        0.645245E-11        0.310937E-12
  asr3      3525        0.643171E-11        0.643171E-11        0.272959E-12
  asr3      3526        0.640392E-11        0.640392E-11        0.265452E-12
  asr3      3527        0.637419E-11        0.637419E-11        0.289323E-12
  asr3      3528        0.634692E-11        0.634692E-11        0.269321E-12
  asr3      3529        0.631978E-11        0.631978E-11        0.286908E-12
  asr3      3530        0.629284E-11        0.629284E-11        0.305833E-12
  asr3      3531        0.623505E-11        0.623505E-11        0.280080E-12
  asr3      3532        0.623554E-11        0.623554E-11        0.312121E-12
  asr3      3533        0.620630E-11        0.620630E-11        0.283109E-12
  asr3      3534        0.618715E-11        0.618715E-11        0.292677E-12
  asr3      3535        0.611966E-11        0.611966E-11        0.278019E-12
  asr3      3536        0.612714E-11        0.612714E-11        0.289857E-12
  asr3      3537        0.606855E-11        0.606855E-11        0.248341E-12
  asr3      3538        0.607418E-11        0.607418E-11        0.271124E-12
  asr3      3539        0.604535E-11        0.604535E-11        0.274428E-12
  asr3      3540        0.601882E-11        0.601882E-11        0.261229E-12
  asr3      3541        0.599148E-11        0.599148E-11        0.267165E-12
  asr3      3542        0.596747E-11        0.596747E-11        0.287496E-12
  asr3      3543        0.594145E-11        0.594145E-11        0.257785E-12
  asr3      3544        0.591394E-11        0.591394E-11        0.251095E-12
  asr3      3545        0.588884E-11        0.588884E-11        0.272495E-12
  asr3      3546        0.586211E-11        0.586211E-11        0.266075E-12
  asr3      3547        0.583642E-11        0.583642E-11        0.269819E-12
  asr3      3548        0.583676E-11        0.583676E-11        0.270101E-12
  asr3      3549        0.578398E-11        0.578398E-11        0.251842E-12
  asr3      3550        0.576070E-11        0.576070E-11        0.238563E-12
  asr3      3551        0.573577E-11        0.573577E-11        0.260487E-12
  asr3      3552        0.571152E-11        0.571152E-11        0.263887E-12
  asr3      3553        0.568647E-11        0.568647E-11        0.247492E-12
  asr3      3554        0.566088E-11        0.566088E-11        0.278232E-12
  asr3      3555        0.563487E-11        0.563487E-11        0.233764E-12
  asr3      3556        0.560914E-11        0.560914E-11        0.243380E-12
  asr3      3557        0.558506E-11        0.558506E-11        0.242088E-12
  asr3      3558        0.555726E-11        0.555726E-11        0.225023E-12
  asr3      3559        0.553365E-11        0.553365E-11        0.250914E-12
  asr3      3560        0.551250E-11        0.551250E-11        0.250031E-12
  asr3      3561        0.548610E-11        0.548610E-11        0.237698E-12
  asr3      3562        0.546186E-11        0.546186E-11        0.253684E-12
  asr3      3563        0.543721E-11        0.543721E-11        0.235914E-12
  asr3      3564        0.541480E-11        0.541480E-11        0.250377E-12
  asr3      3565        0.539280E-11        0.539280E-11        0.228643E-12
  asr3      3566        0.536691E-11        0.536691E-11        0.233898E-12
  asr3      3567        0.531628E-11        0.531628E-11        0.225218E-12
  asr3      3568        0.531851E-11        0.531851E-11        0.229763E-12
  asr3      3569        0.529712E-11        0.529712E-11        0.256192E-12
  asr3      3570        0.524336E-11        0.524336E-11        0.219942E-12
  asr3      3571        0.524901E-11        0.524901E-11        0.230129E-12
  asr3      3572        0.530186E-11        0.530186E-11        0.230349E-12
  asr3      3573        0.520211E-11        0.520211E-11        0.236783E-12
  asr3      3574        0.515321E-11        0.515321E-11        0.224543E-12
  asr3      3575        0.515730E-11        0.515730E-11        0.213550E-12
  asr3      3576        0.513348E-11        0.513348E-11        0.217972E-12
  asr3      3577        0.511285E-11        0.511285E-11        0.226355E-12
  asr3      3578        0.509373E-11        0.509373E-11        0.235647E-12
  asr3      3579        0.506838E-11        0.506838E-11        0.214789E-12
  asr3      3580        0.504826E-11        0.504826E-11        0.218616E-12
  asr3      3581        0.502308E-11        0.502308E-11        0.232205E-12
  asr3      3582        0.499959E-11        0.499959E-11        0.231189E-12
  asr3      3583        0.497827E-11        0.497827E-11        0.230185E-12
  asr3      3584        0.495310E-11        0.495310E-11        0.210417E-12
  asr3      3585        0.493507E-11        0.493507E-11        0.232986E-12
  asr3      3586        0.491344E-11        0.491344E-11        0.203469E-12
  asr3      3587        0.489183E-11        0.489183E-11        0.211832E-12
  asr3      3588        0.487079E-11        0.487079E-11        0.231525E-12
  asr3      3589        0.483033E-11        0.483033E-11        0.219603E-12
  asr3      3590        0.482691E-11        0.482691E-11        0.218572E-12
  asr3      3591        0.482704E-11        0.482704E-11        0.209749E-12
  asr3      3592        0.478559E-11        0.478559E-11        0.212105E-12
  asr3      3593        0.476383E-11        0.476383E-11        0.206065E-12
  asr3      3594        0.474092E-11        0.474092E-11        0.228135E-12
  asr3      3595        0.472249E-11        0.472249E-11        0.214339E-12
  asr3      3596        0.470399E-11        0.470399E-11        0.194325E-12
  asr3      3597        0.467853E-11        0.467853E-11        0.221003E-12
  asr3      3598        0.466325E-11        0.466325E-11        0.224121E-12
  asr3      3599        0.463901E-11        0.463901E-11        0.201156E-12
  asr3      3600        0.461865E-11        0.461865E-11        0.195755E-12
  asr3      3601        0.459921E-11        0.459921E-11        0.205864E-12
  asr3      3602        0.453248E-11        0.453248E-11        0.213564E-12
  asr3      3603        0.457497E-11        0.457497E-11        0.200891E-12
  asr3      3604        0.453630E-11        0.453630E-11        0.209879E-12
  asr3      3605        0.451610E-11        0.451610E-11        0.204556E-12
  asr3      3606        0.452154E-11        0.452154E-11        0.203581E-12
  asr3      3607        0.447832E-11        0.447832E-11        0.204240E-12
  asr3      3608        0.443527E-11        0.443527E-11        0.208418E-12
  asr3      3609        0.444045E-11        0.444045E-11        0.198385E-12
  asr3      3610        0.439966E-11        0.439966E-11        0.187420E-12
  asr3      3611        0.440013E-11        0.440013E-11        0.211295E-12
  asr3      3612        0.440505E-11        0.440505E-11        0.214698E-12
  asr3      3613        0.435999E-11        0.435999E-11        0.197703E-12
  asr3      3614        0.431954E-11        0.431954E-11        0.195405E-12
  asr3      3615        0.432239E-11        0.432239E-11        0.184552E-12
  asr3      3616        0.428251E-11        0.428251E-11        0.182224E-12
  asr3      3617        0.428478E-11        0.428478E-11        0.188815E-12
  asr3      3618        0.426743E-11        0.426743E-11        0.185196E-12
  asr3      3619        0.427002E-11        0.427002E-11        0.184373E-12
  asr3      3620        0.422978E-11        0.422978E-11        0.192173E-12
  asr3      3621        0.421138E-11        0.421138E-11        0.206436E-12
  asr3      3622        0.418999E-11        0.418999E-11        0.199105E-12
  asr3      3623        0.421435E-11        0.421435E-11        0.196909E-12
  asr3      3624        0.417216E-11        0.417216E-11        0.179722E-12
  asr3      3625        0.413961E-11        0.413961E-11        0.180043E-12
  asr3      3626        0.411823E-11        0.411823E-11        0.186990E-12
  asr3      3627        0.410052E-11        0.410052E-11        0.177244E-12
  asr3      3628        0.408456E-11        0.408456E-11        0.180411E-12
  asr3      3629        0.406470E-11        0.406470E-11        0.195209E-12
  asr3      3630        0.404712E-11        0.404712E-11        0.191079E-12
  asr3      3631        0.402478E-11        0.402478E-11        0.174012E-12
  asr3      3632        0.401220E-11        0.401220E-11        0.178021E-12
  asr3      3633        0.399533E-11        0.399533E-11        0.205957E-12
  asr3      3634        0.397640E-11        0.397640E-11        0.172022E-12
  asr3      3635        0.395650E-11        0.395650E-11        0.182631E-12
  asr3      3636        0.393982E-11        0.393982E-11        0.170481E-12
  asr3      3637        0.392329E-11        0.392329E-11        0.173310E-12
  asr3      3638        0.390782E-11        0.390782E-11        0.169046E-12
  asr3      3639        0.388927E-11        0.388927E-11        0.168198E-12
  asr3      3640        0.387125E-11        0.387125E-11        0.164346E-12
  asr3      3641        0.387383E-11        0.387383E-11        0.173858E-12
  asr3      3642        0.383830E-11        0.383830E-11        0.187617E-12
  asr3      3643        0.384048E-11        0.384048E-11        0.166514E-12
  asr3      3644        0.380534E-11        0.380534E-11        0.160484E-12
  asr3      3645        0.373248E-11        0.373248E-11        0.178734E-12
  asr3      3646        0.376924E-11        0.376924E-11        0.168652E-12
  asr3      3647        0.375329E-11        0.375329E-11        0.166286E-12
  asr3      3648        0.373575E-11        0.373575E-11        0.164714E-12
  asr3      3649        0.372089E-11        0.372089E-11        0.161297E-12
  asr3      3650        0.370512E-11        0.370512E-11        0.167863E-12
  asr3      3651        0.368594E-11        0.368594E-11        0.166405E-12
  asr3      3652        0.367378E-11        0.367378E-11        0.165968E-12
  asr3      3653        0.365627E-11        0.365627E-11        0.165724E-12
  asr3      3654        0.364172E-11        0.364172E-11        0.161473E-12
  asr3      3655        0.360543E-11        0.360543E-11        0.155913E-12
  asr3      3656        0.360781E-11        0.360781E-11        0.158883E-12
  asr3      3657        0.359170E-11        0.359170E-11        0.152090E-12
  asr3      3658        0.357733E-11        0.357733E-11        0.157870E-12
  asr3      3659        0.356202E-11        0.356202E-11        0.161148E-12
  asr3      3660        0.354425E-11        0.354425E-11        0.160436E-12
  asr3      3661        0.353238E-11        0.353238E-11        0.162727E-12
  asr3      3662        0.351300E-11        0.351300E-11        0.173678E-12
  asr3      3663        0.348188E-11        0.348188E-11        0.162471E-12
  asr3      3664        0.346628E-11        0.346628E-11        0.154338E-12
  asr3      3665        0.346743E-11        0.346743E-11        0.146358E-12
  asr3      3666        0.345442E-11        0.345442E-11        0.146338E-12
  asr3      3667        0.343668E-11        0.343668E-11        0.165202E-12
  asr3      3668        0.342064E-11        0.342064E-11        0.148213E-12
  asr3      3669        0.340644E-11        0.340644E-11        0.144334E-12
  asr3      3670        0.338996E-11        0.338996E-11        0.143486E-12
  asr3      3671        0.337729E-11        0.337729E-11        0.142903E-12
  asr3      3672        0.336367E-11        0.336367E-11        0.142231E-12
  asr3      3673        0.334716E-11        0.334716E-11        0.141625E-12
  asr3      3674        0.333261E-11        0.333261E-11        0.144287E-12
  asr3      3675        0.332016E-11        0.332016E-11        0.140343E-12
  asr3      3676        0.330387E-11        0.330387E-11        0.136469E-12
  asr3      3677        0.328904E-11        0.328904E-11        0.142285E-12
  asr3      3678        0.327536E-11        0.327536E-11        0.145246E-12
  asr3      3679        0.326004E-11        0.326004E-11        0.140855E-12
  asr3      3680        0.324555E-11        0.324555E-11        0.143219E-12
  asr3      3681        0.323004E-11        0.323004E-11        0.143232E-12
  asr3      3682        0.321777E-11        0.321777E-11        0.148304E-12
  asr3      3683        0.320233E-11        0.320233E-11        0.132352E-12
  asr3      3684        0.318876E-11        0.318876E-11        0.140832E-12
  asr3      3685        0.317424E-11        0.317424E-11        0.137031E-12
  asr3      3686        0.316014E-11        0.316014E-11        0.145613E-12
  asr3      3687        0.314688E-11        0.314688E-11        0.135828E-12
  asr3      3688        0.313398E-11        0.313398E-11        0.141564E-12
  asr3      3689        0.311950E-11        0.311950E-11        0.138142E-12
  asr3      3690        0.310736E-11        0.310736E-11        0.143065E-12
  asr3      3691        0.309370E-11        0.309370E-11        0.137447E-12
  asr3      3692        0.308115E-11        0.308115E-11        0.144900E-12
  asr3      3693        0.306594E-11        0.306594E-11        0.129527E-12
  asr3      3694        0.305048E-11        0.305048E-11        0.129014E-12
  asr3      3695        0.304007E-11        0.304007E-11        0.128411E-12
  asr3      3696        0.302419E-11        0.302419E-11        0.125005E-12
  asr3      3697        0.301174E-11        0.301174E-11        0.130014E-12
  asr3      3698        0.299781E-11        0.299781E-11        0.132319E-12
  asr3      3699        0.298669E-11        0.298669E-11        0.123289E-12
  asr3      3700        0.297164E-11        0.297164E-11        0.125542E-12
  asr3      3701        0.296017E-11        0.296017E-11        0.124928E-12
  asr3      3702        0.294552E-11        0.294552E-11        0.129942E-12
  asr3      3703        0.293219E-11        0.293219E-11        0.129985E-12
  asr3      3704        0.292200E-11        0.292200E-11        0.129212E-12
  asr3      3705        0.292061E-11        0.292061E-11        0.122397E-12
  asr3      3706        0.289658E-11        0.289658E-11        0.125180E-12
  asr3      3707        0.288390E-11        0.288390E-11        0.132662E-12
  asr3      3708        0.286658E-11        0.286658E-11        0.126447E-12
  asr3      3709        0.285858E-11        0.285858E-11        0.123279E-12
  asr3      3710        0.284308E-11        0.284308E-11        0.125773E-12
  asr3      3711        0.283223E-11        0.283223E-11        0.125268E-12
  asr3      3712        0.281217E-11        0.281217E-11        0.120589E-12
  asr3      3713        0.280756E-11        0.280756E-11        0.118267E-12
  asr3      3714        0.279621E-11        0.279621E-11        0.126159E-12
  asr3      3715        0.278520E-11        0.278520E-11        0.127892E-12
  asr3      3716        0.277053E-11        0.277053E-11        0.130267E-12
  asr3      3717        0.275741E-11        0.275741E-11        0.119053E-12
  asr3      3718        0.274687E-11        0.274687E-11        0.121554E-12
  asr3      3719        0.273431E-11        0.273431E-11        0.115362E-12
  asr3      3720        0.272106E-11        0.272106E-11        0.114889E-12
  asr3      3721        0.271072E-11        0.271072E-11        0.115669E-12
  asr3      3722        0.268608E-11        0.268608E-11        0.118359E-12
  asr3      3723        0.268613E-11        0.268613E-11        0.123458E-12
  asr3      3724        0.267566E-11        0.267566E-11        0.115165E-12
  asr3      3725        0.266490E-11        0.266490E-11        0.117863E-12
  asr3      3726        0.265108E-11        0.265108E-11        0.114329E-12
  asr3      3727        0.264161E-11        0.264161E-11        0.113995E-12
  asr3      3728        0.262869E-11        0.262869E-11        0.113468E-12
  asr3      3729        0.261610E-11        0.261610E-11        0.112913E-12
  asr3      3730        0.260406E-11        0.260406E-11        0.117564E-12
  asr3      3731        0.259316E-11        0.259316E-11        0.117104E-12
  asr3      3732        0.258159E-11        0.258159E-11        0.114221E-12
  asr3      3733        0.257041E-11        0.257041E-11        0.115922E-12
  asr3      3734        0.257422E-11        0.257422E-11        0.115860E-12
  asr3      3735        0.254910E-11        0.254910E-11        0.117390E-12
  asr3      3736        0.253742E-11        0.253742E-11        0.112052E-12
  asr3      3737        0.252698E-11        0.252698E-11        0.109099E-12
  asr3      3738        0.251584E-11        0.251584E-11        0.109696E-12
  asr3      3739        0.248003E-11        0.248003E-11        0.110357E-12
  asr3      3740        0.248175E-11        0.248175E-11        0.104180E-12
  asr3      3741        0.248217E-11        0.248217E-11        0.105049E-12
  asr3      3742        0.247159E-11        0.247159E-11        0.107230E-12
  asr3      3743        0.246142E-11        0.246142E-11        0.108754E-12
  asr3      3744        0.244983E-11        0.244983E-11        0.117370E-12
  asr3      3745        0.243795E-11        0.243795E-11        0.102898E-12
  asr3      3746        0.242742E-11        0.242742E-11        0.109577E-12
  asr3      3747        0.241688E-11        0.241688E-11        0.996489E-13
  asr3      3748        0.240820E-11        0.240820E-11        0.108700E-12
  asr3      3749        0.239580E-11        0.239580E-11        0.106072E-12
  asr3      3750        0.238502E-11        0.238502E-11        0.105585E-12
  asr3      3751        0.236308E-11        0.236308E-11        0.101875E-12
  asr3      3752        0.236525E-11        0.236525E-11        0.106685E-12
  asr3      3753        0.235486E-11        0.235486E-11        0.102099E-12
  asr3      3754        0.234444E-11        0.234444E-11        0.105895E-12
  asr3      3755        0.233348E-11        0.233348E-11        0.105413E-12
  asr3      3756        0.232348E-11        0.232348E-11        0.102809E-12
  asr3      3757        0.231336E-11        0.231336E-11        0.102335E-12
  asr3      3758        0.230409E-11        0.230409E-11        0.101349E-12
  asr3      3759        0.229445E-11        0.229445E-11        0.944937E-13
  asr3      3760        0.228215E-11        0.228215E-11        0.983976E-13
  asr3      3761        0.227246E-11        0.227246E-11        0.102405E-12
  asr3      3762        0.227696E-11        0.227696E-11        0.959833E-13
  asr3      3763        0.225186E-11        0.225186E-11        0.973263E-13
  asr3      3764        0.224393E-11        0.224393E-11        0.992381E-13
  asr3      3765        0.223543E-11        0.223543E-11        0.102576E-12
  asr3      3766        0.222411E-11        0.222411E-11        0.936559E-13
  asr3      3767        0.221522E-11        0.221522E-11        0.912006E-13
  asr3      3768        0.220435E-11        0.220435E-11        0.948351E-13
  asr3      3769        0.219688E-11        0.219688E-11        0.924651E-13
  asr3      3770        0.218685E-11        0.218685E-11        0.983183E-13
  asr3      3771        0.217537E-11        0.217537E-11        0.978651E-13
  asr3      3772        0.216634E-11        0.216634E-11        0.930942E-13
  asr3      3773        0.215719E-11        0.215719E-11        0.989747E-13
  asr3      3774        0.214873E-11        0.214873E-11        0.102550E-12
  asr3      3775        0.213677E-11        0.213677E-11        0.103792E-12
  asr3      3776        0.214053E-11        0.214053E-11        0.921133E-13
  asr3      3777        0.212165E-11        0.212165E-11        0.973439E-13
  asr3      3778        0.210971E-11        0.210971E-11        0.968968E-13
  asr3      3779        0.210250E-11        0.210250E-11        0.943818E-13
  asr3      3780        0.209209E-11        0.209209E-11        0.879562E-13
  asr3      3781        0.208217E-11        0.208217E-11        0.855420E-13
  asr3      3782        0.207387E-11        0.207387E-11        0.891603E-13
  asr3      3783        0.206369E-11        0.206369E-11        0.868430E-13
  asr3      3784        0.205629E-11        0.205629E-11        0.995452E-13
  asr3      3785        0.202606E-11        0.202606E-11        0.906798E-13
  asr3      3786        0.203718E-11        0.203718E-11        0.924254E-13
  asr3      3787        0.202838E-11        0.202838E-11        0.869237E-13
  asr3      3788        0.202054E-11        0.202054E-11        0.890437E-13
  asr3      3789        0.201113E-11        0.201113E-11        0.866084E-13
  asr3      3790        0.200254E-11        0.200254E-11        0.917728E-13
  asr3      3791        0.199292E-11        0.199292E-11        0.800438E-13
  asr3      3792        0.198509E-11        0.198509E-11        0.909590E-13
  asr3      3793        0.197463E-11        0.197463E-11        0.866456E-13
  asr3      3794        0.196632E-11        0.196632E-11        0.845960E-13
  asr3      3795        0.195771E-11        0.195771E-11        0.881218E-13
  asr3      3796        0.193856E-11        0.193856E-11        0.879188E-13
  asr3      3797        0.193182E-11        0.193182E-11        0.783196E-13
  asr3      3798        0.193154E-11        0.193154E-11        0.810940E-13
  asr3      3799        0.192387E-11        0.192387E-11        0.808080E-13
  asr3      3800        0.191398E-11        0.191398E-11        0.897127E-13
  asr3      3801        0.190767E-11        0.190767E-11        0.821682E-13
  asr3      3802        0.189703E-11        0.189703E-11        0.777865E-13
  asr3      3803        0.188905E-11        0.188905E-11        0.795055E-13
  asr3      3804        0.188208E-11        0.188208E-11        0.847593E-13
  asr3      3805        0.186095E-11        0.186095E-11        0.828778E-13
  asr3      3806        0.186508E-11        0.186508E-11        0.798531E-13
  asr3      3807        0.185796E-11        0.185796E-11        0.781482E-13
  asr3      3808        0.184985E-11        0.184985E-11        0.845509E-13
  asr3      3809        0.184729E-11        0.184729E-11        0.848415E-13
  asr3      3810        0.183311E-11        0.183311E-11        0.792301E-13
  asr3      3811        0.182405E-11        0.182405E-11        0.837687E-13
  asr3      3812        0.181460E-11        0.181460E-11        0.766264E-13
  asr3      3813        0.180704E-11        0.180704E-11        0.829617E-13
  asr3      3814        0.180108E-11        0.180108E-11        0.791446E-13
  asr3      3815        0.179203E-11        0.179203E-11        0.768382E-13
  asr3      3816        0.178445E-11        0.178445E-11        0.734145E-13
  asr3      3817        0.177700E-11        0.177700E-11        0.728721E-13
  asr3      3818        0.176932E-11        0.176932E-11        0.775552E-13
  asr3      3819        0.176071E-11        0.176071E-11        0.755748E-13
  asr3      3820        0.175386E-11        0.175386E-11        0.788391E-13
  asr3      3821        0.174623E-11        0.174623E-11        0.733248E-13
  asr3      3822        0.173708E-11        0.173708E-11        0.762422E-13
  asr3      3823        0.173037E-11        0.173037E-11        0.742669E-13
  asr3      3824        0.172421E-11        0.172421E-11        0.706539E-13
  asr3      3825        0.171511E-11        0.171511E-11        0.803738E-13
  asr3      3826        0.170756E-11        0.170756E-11        0.732744E-13
  asr3      3827        0.169941E-11        0.169941E-11        0.733684E-13
  asr3      3828        0.169419E-11        0.169419E-11        0.711137E-13
  asr3      3829        0.168611E-11        0.168611E-11        0.771992E-13
  asr3      3830        0.167863E-11        0.167863E-11        0.754467E-13
  asr3      3831        0.167903E-11        0.167903E-11        0.782535E-13
  asr3      3832        0.166303E-11        0.166303E-11        0.681306E-13
  asr3      3833        0.165664E-11        0.165664E-11        0.712077E-13
  asr3      3834        0.165006E-11        0.165006E-11        0.708775E-13
  asr3      3835        0.164081E-11        0.164081E-11        0.705821E-13
  asr3      3836        0.163403E-11        0.163403E-11        0.799261E-13
  asr3      3837        0.162072E-11        0.162072E-11        0.740989E-13
  asr3      3838        0.161921E-11        0.161921E-11        0.741452E-13
  asr3      3839        0.161370E-11        0.161370E-11        0.710823E-13
  asr3      3840        0.160694E-11        0.160694E-11        0.690339E-13
  asr3      3841        0.159937E-11        0.159937E-11        0.672911E-13
  asr3      3842        0.159273E-11        0.159273E-11        0.685626E-13
  asr3      3843        0.158756E-11        0.158756E-11        0.665696E-13
  asr3      3844        0.157665E-11        0.157665E-11        0.739015E-13
  asr3      3845        0.157381E-11        0.157381E-11        0.693459E-13
  asr3      3846        0.156681E-11        0.156681E-11        0.656970E-13
  asr3      3847        0.155861E-11        0.155861E-11        0.700019E-13
  asr3      3848        0.155080E-11        0.155080E-11        0.697005E-13
  asr3      3849        0.154602E-11        0.154602E-11        0.663755E-13
  asr3      3850        0.154751E-11        0.154751E-11        0.674374E-13
  asr3      3851        0.153151E-11        0.153151E-11        0.672164E-13
  asr3      3852        0.152412E-11        0.152412E-11        0.712558E-13
  asr3      3853        0.151806E-11        0.151806E-11        0.680697E-13
  asr3      3854        0.151050E-11        0.151050E-11        0.679766E-13
  asr3      3855        0.150732E-11        0.150732E-11        0.632351E-13
  asr3      3856        0.149884E-11        0.149884E-11        0.642346E-13
  asr3      3857        0.149178E-11        0.149178E-11        0.610978E-13
  asr3      3858        0.148397E-11        0.148397E-11        0.635948E-13
  asr3      3859        0.147835E-11        0.147835E-11        0.691709E-13
  asr3      3860        0.146672E-11        0.146672E-11        0.605626E-13
  asr3      3861        0.146540E-11        0.146540E-11        0.625032E-13
  asr3      3862        0.145927E-11        0.145927E-11        0.653058E-13
  asr3      3863        0.145974E-11        0.145974E-11        0.626860E-13
  asr3      3864        0.143700E-11        0.143700E-11        0.588326E-13
  asr3      3865        0.144187E-11        0.144187E-11        0.616460E-13
  asr3      3866        0.143466E-11        0.143466E-11        0.654870E-13
  asr3      3867        0.142770E-11        0.142770E-11        0.598055E-13
  asr3      3868        0.142224E-11        0.142224E-11        0.608555E-13
  asr3      3869        0.141569E-11        0.141569E-11        0.634321E-13
  asr3      3870        0.140888E-11        0.140888E-11        0.609489E-13
  asr3      3871        0.139543E-11        0.139543E-11        0.627135E-13
  asr3      3872        0.139729E-11        0.139729E-11        0.652469E-13
  asr3      3873        0.139203E-11        0.139203E-11        0.569278E-13
  asr3      3874        0.138375E-11        0.138375E-11        0.622226E-13
  asr3      3875        0.137813E-11        0.137813E-11        0.623627E-13
  asr3      3876        0.136600E-11        0.136600E-11        0.612014E-13
  asr3      3877        0.136557E-11        0.136557E-11        0.573366E-13
  asr3      3878        0.136025E-11        0.136025E-11        0.635550E-13
  asr3      3879        0.135487E-11        0.135487E-11        0.541215E-13
  asr3      3880        0.134795E-11        0.134795E-11        0.579694E-13
  asr3      3881        0.134347E-11        0.134347E-11        0.575989E-13
  asr3      3882        0.133890E-11        0.133890E-11        0.647770E-13
  asr3      3883        0.133980E-11        0.133980E-11        0.542633E-13
  asr3      3884        0.132635E-11        0.132635E-11        0.596527E-13
  asr3      3885        0.132064E-11        0.132064E-11        0.617417E-13
  asr3      3886        0.131549E-11        0.131549E-11        0.563055E-13
  asr3      3887        0.130849E-11        0.130849E-11        0.547516E-13
  asr3      3888        0.130242E-11        0.130242E-11        0.532557E-13
  asr3      3889        0.130031E-11        0.130031E-11        0.566908E-13
  asr3      3890        0.129323E-11        0.129323E-11        0.577495E-13
  asr3      3891        0.128621E-11        0.128621E-11        0.574961E-13
  asr3      3892        0.128138E-11        0.128138E-11        0.535763E-13
  asr3      3893        0.127583E-11        0.127583E-11        0.555791E-13
  asr3      3894        0.126910E-11        0.126910E-11        0.572004E-13
  asr3      3895        0.125881E-11        0.125881E-11        0.551112E-13
  asr3      3896        0.125784E-11        0.125784E-11        0.537798E-13
  asr3      3897        0.125417E-11        0.125417E-11        0.569317E-13
  asr3      3898        0.124737E-11        0.124737E-11        0.539077E-13
  asr3      3899        0.123699E-11        0.123699E-11        0.539493E-13
  asr3      3900        0.123685E-11        0.123685E-11        0.537678E-13
  asr3      3901        0.123101E-11        0.123101E-11        0.515092E-13
  asr3      3902        0.122518E-11        0.122518E-11        0.547709E-13
  asr3      3903        0.122091E-11        0.122091E-11        0.537496E-13
  asr3      3904        0.120985E-11        0.120985E-11        0.565161E-13
  asr3      3905        0.120924E-11        0.120924E-11        0.556413E-13
  asr3      3906        0.120646E-11        0.120646E-11        0.513781E-13
  asr3      3907        0.120073E-11        0.120073E-11        0.489263E-13
  asr3      3908        0.119541E-11        0.119541E-11        0.488255E-13
  asr3      3909        0.118837E-11        0.118837E-11        0.530504E-13
  asr3      3910        0.118996E-11        0.118996E-11        0.518576E-13
  asr3      3911        0.118062E-11        0.118062E-11        0.520578E-13
  asr3      3912        0.116924E-11        0.116924E-11        0.520912E-13
  asr3      3913        0.116823E-11        0.116823E-11        0.487106E-13
  asr3      3914        0.116499E-11        0.116499E-11        0.485030E-13
  asr3      3915        0.115741E-11        0.115741E-11        0.472384E-13
  asr3      3916        0.115427E-11        0.115427E-11        0.491316E-13
  asr3      3917        0.114982E-11        0.114982E-11        0.500770E-13
  asr3      3918        0.114424E-11        0.114424E-11        0.488518E-13
  asr3      3919        0.113933E-11        0.113933E-11        0.470343E-13
  asr3      3920        0.111938E-11        0.111938E-11        0.490145E-13
  asr3      3921        0.112916E-11        0.112916E-11        0.483899E-13
  asr3      3922        0.112452E-11        0.112452E-11        0.489247E-13
  asr3      3923        0.111960E-11        0.111960E-11        0.466833E-13
  asr3      3924        0.111428E-11        0.111428E-11        0.475756E-13
  asr3      3925        0.110972E-11        0.110972E-11        0.462600E-13
  asr3      3926        0.110638E-11        0.110638E-11        0.502064E-13
  asr3      3927        0.109916E-11        0.109916E-11        0.458526E-13
  asr3      3928        0.109460E-11        0.109460E-11        0.445575E-13
  asr3      3929        0.108983E-11        0.108983E-11        0.506442E-13
  asr3      3930        0.108530E-11        0.108530E-11        0.483697E-13
  asr3      3931        0.108161E-11        0.108161E-11        0.460813E-13
  asr3      3932        0.107702E-11        0.107702E-11        0.437993E-13
  asr3      3933        0.107232E-11        0.107232E-11        0.487086E-13
  asr3      3934        0.106776E-11        0.106776E-11        0.423541E-13
  asr3      3935        0.106177E-11        0.106177E-11        0.443189E-13
  asr3      3936        0.105584E-11        0.105584E-11        0.480677E-13
  asr3      3937        0.105374E-11        0.105374E-11        0.460140E-13
  asr3      3938        0.104597E-11        0.104597E-11        0.446425E-13
  asr3      3939        0.104357E-11        0.104357E-11        0.465367E-13
  asr3      3940        0.103920E-11        0.103920E-11        0.451566E-13
  asr3      3941        0.103348E-11        0.103348E-11        0.469224E-13
  asr3      3942        0.103625E-11        0.103625E-11        0.461894E-13
  asr3      3943        0.102813E-11        0.102813E-11        0.448163E-13
  asr3      3944        0.101853E-11        0.101853E-11        0.452038E-13
  asr3      3945        0.101793E-11        0.101793E-11        0.420671E-13
  asr3      3946        0.101407E-11        0.101407E-11        0.423817E-13
  asr3      3947        0.101120E-11        0.101120E-11        0.418690E-13
  asr3      3948        0.100463E-11        0.100463E-11        0.447887E-13
  asr3      3949        0.998223E-12        0.998223E-12        0.407024E-13
 Impose asr3 : done. //  Mem used:           0 Mb

      
     For 2n+1 calculations of force constants please cite:
      1. Lorenzo Paulatto, Francesco Mauri, and Michele Lazzeri
         Phys. Rev. B 87, 214303 (2013)
      
     For thermal transport calculations please cite:
      2. Giorgia Fugallo, Michele Lazzeri, Lorenzo Paulatto, and Francesco Mauri
         Phys. Rev. B 88, 045430 (2013)
      3. A. Cepellotti, G. Fugallo, L. Paulatto, M. Lazzeri, F. Mauri, N. Marzari,
         Nature communications 6 (2015)
      4. G. Fugallo, A. Cepellotti, L. Paulatto, M. Lazzeri, N. Marzari, F. Mauri,
         Nano letters 14 (11), 6109-6114 (2014)
      5. M. Simoncelli, N. Marzari, F. Mauri, Unified theory of thermal transport in crystals and glasses,
         Nature Physics 15 (8), 809-813 (2019)
      6. M. Simoncelli, N. Marzari, F. Mauri,
         Wigner formulation of thermal transport in solids, Phys. Rev. X 12, 041011 (2022)
      
     For spectral function calculations also cite:
      7. Lorenzo Paulatto, Ion Errea, Matteo Calandra, and Francesco Mauri,
         Phys. Rev. B 91, 054304 (2015)

   * WALL :     451.0949 s
   *                          *              ms *         ms/call *          ms*cpu *     ms*cpu/call *  % wtime *        calls *
   *           asr3 iteration *   436967.836663 *      110.652782 *      436967.837 *      110.652782 *   96.868 *        3949. *
   *          asr3 symmetrize *    13265.901790 *        3.358456 *       13265.902 *        3.358456 *    2.941 *        3950. *
   *           asr3 in/output *       31.729206 *       15.864603 *          31.729 *       15.864603 *    0.007 *           2. *
   *               asr3 index *        2.176485 *        1.088242 *           2.176 *        1.088242 *    0.000 *           2. *
