        1        2        4       4.6074234799999996       0.0000000000000000       3.0000000000000000       0.0000000000000000       0.0000000000000000       0.0000000000000000
        1        'C'      12.0106999999999999
        1        1       0.5000000000000000       0.2886800000000000       0.0000000000000000
        2        1       0.5000000000000000      -0.2886800000000000       0.0000000000000000
     F   FFF
        2        2        1
1 1 1  1 1 1
       49
 0  0  0  0  0  0  6.23547022953020117E-03    3.526E-13
-1  0  0  0  0  0 -1.03924503825503244E-03   -5.877E-14
 1  0  0  0  0  0 -1.03924503825503244E-03   -5.877E-14
 0 -1  0  0  0  0 -4.15192252245847812E-02   -5.877E-14
 0  1  0  0  0  0 -4.15192252245847812E-02   -5.877E-14
-1 -1  0  0  0  0  3.94407351480747168E-02   -5.878E-14
 1  1  0  0  0  0  3.94407351480747168E-02   -5.878E-14
 0  0  0 -1  0  0 -1.03924503825503244E-03   -5.877E-14
 0  0  0  1  0  0 -1.03924503825503244E-03   -5.877E-14
-1  0  0 -1  0  0 -1.03924503825503266E-03   -5.877E-14
 1  0  0  1  0  0 -1.03924503825503266E-03   -5.877E-14
 0  1  0 -1  0  0  1.03924503825503244E-03    5.876E-14
 0 -1  0  1  0  0  1.03924503825503244E-03    5.876E-14
-1 -1  0 -1  0  0  1.03924503825503266E-03    5.879E-14
 1  1  0  1  0  0  1.03924503825503266E-03    5.879E-14
 0  0  0  0 -1  0 -4.15192252245847812E-02   -5.877E-14
 0  0  0  0  1  0 -4.15192252245847812E-02   -5.877E-14
 1  0  0  0 -1  0  1.03924503825503266E-03    5.879E-14
-1  0  0  0  1  0  1.03924503825503266E-03    5.879E-14
 0 -1  0  0 -1  0 -4.15192252245847812E-02   -5.877E-14
 0  1  0  0  1  0 -4.15192252245847812E-02   -5.877E-14
-1 -1  0  0 -1  0  1.03924503825503244E-03    5.879E-14
 1  1  0  0  1  0  1.03924503825503244E-03    5.879E-14
 0  0  0 -1 -1  0  3.94407351480747168E-02   -5.878E-14
 0  0  0  1  1  0  3.94407351480747168E-02   -5.878E-14
-1  0  0 -1 -1  0  1.03924503825503244E-03    5.876E-14
 1  0  0  1  1  0  1.03924503825503244E-03    5.876E-14
 0 -1  0 -1 -1  0  1.03924503825503266E-03    5.876E-14
 0  1  0  1  1  0  1.03924503825503266E-03    5.876E-14
-1 -1  0 -1 -1  0  3.94407351480747168E-02   -5.877E-14
 1  1  0  1  1  0  3.94407351480747168E-02   -5.877E-14
-1 -2  0 -1 -2  0  0.00000000000000000E+00    0.000E+00
 0 -1  0 -1 -2  0  0.00000000000000000E+00    0.000E+00
-1 -1  0 -1 -2  0  0.00000000000000000E+00    0.000E+00
-1 -2  0  0 -1  0  0.00000000000000000E+00    0.000E+00
-1 -2  0 -1 -1  0  0.00000000000000000E+00    0.000E+00
 1  2  0  0  0  0  0.00000000000000000E+00    0.000E+00
 1  2  0  0  1  0  0.00000000000000000E+00    0.000E+00
 1  1  0  0 -1  0  0.00000000000000000E+00    0.000E+00
 1  2  0  1  1  0  0.00000000000000000E+00    0.000E+00
 0  1  0 -1 -1  0  0.00000000000000000E+00    0.000E+00
 0  0  0 -1 -2  0  0.00000000000000000E+00    0.000E+00
 0  0  0  1  2  0  0.00000000000000000E+00    0.000E+00
 0  1  0  1  2  0  0.00000000000000000E+00    0.000E+00
 1  1  0  1  2  0  0.00000000000000000E+00    0.000E+00
-1 -1  0  0  1  0  0.00000000000000000E+00    0.000E+00
 0 -1  0  1  1  0  0.00000000000000000E+00    0.000E+00
-1 -2  0  0  0  0  0.00000000000000000E+00    0.000E+00
 1  2  0  1  2  0  0.00000000000000000E+00    0.000E+00
1 1 2  1 1 1
       49
 0  0  0  0  0  0  2.77600491050711984E+00   -6.535E-11
-1  0  0  0  0  0  4.72633760290346205E-01    3.264E-11
 1  0  0  0  0  0  4.72633760290346205E-01    3.264E-11
 0 -1  0  0  0  0  4.74090738782944610E-01   -7.421E-14
 0  1  0  0  0  0  4.74090738782944610E-01   -7.421E-14
-1 -1  0  0  0  0  4.72865928368309096E-01    1.024E-13
 1  1  0  0  0  0  4.72865928368309096E-01    1.024E-13
 0  0  0 -1  0  0  5.21065161775640884E-01   -3.262E-11
 0  0  0  1  0  0  5.21065161775640884E-01   -3.262E-11
-1  0  0 -1  0  0  4.72633760290346205E-01    3.264E-11
 1  0  0  1  0  0  4.72633760290346205E-01    3.264E-11
 0  1  0 -1  0  0  5.04643991071344389E-01    7.438E-14
 0 -1  0  1  0  0  5.04643991071344389E-01    7.438E-14
-1 -1  0 -1  0  0  5.05868801485979902E-01   -1.027E-13
 1  1  0  1  0  0  5.05868801485979902E-01   -1.027E-13
 0  0  0  0 -1  0  4.48037822418343890E-01    3.282E-11
 0  0  0  0  1  0  4.48037822418343890E-01    3.282E-11
 1  0  0  0 -1  0  4.76408397395655991E-01   -3.264E-11
-1  0  0  0  1  0  4.76408397395655991E-01   -3.264E-11
 0 -1  0  0 -1  0  4.74090738782944721E-01   -7.440E-14
 0  1  0  0  1  0  4.74090738782944721E-01   -7.440E-14
-1 -1  0  0 -1  0  5.05868801485980013E-01   -1.028E-13
 1  1  0  0  1  0  5.05868801485980013E-01   -1.028E-13
 0  0  0 -1 -1  0  4.50487443247614916E-01    3.247E-11
 0  0  0  1  1  0  4.50487443247614916E-01    3.247E-11
-1  0  0 -1 -1  0  4.76408397395655991E-01   -3.264E-11
 1  0  0  1  1  0  4.76408397395655991E-01   -3.264E-11
 0 -1  0 -1 -1  0  5.04643991071344500E-01    7.422E-14
 0  1  0  1  1  0  5.04643991071344500E-01    7.422E-14
-1 -1  0 -1 -1  0  4.72865928368309207E-01    1.032E-13
 1  1  0  1  1  0  4.72865928368309207E-01    1.032E-13
-1 -2  0 -1 -2  0  0.00000000000000000E+00    0.000E+00
 0 -1  0 -1 -2  0  0.00000000000000000E+00    0.000E+00
-1 -1  0 -1 -2  0  0.00000000000000000E+00    0.000E+00
-1 -2  0  0 -1  0  0.00000000000000000E+00    0.000E+00
-1 -2  0 -1 -1  0  0.00000000000000000E+00    0.000E+00
 1  2  0  0  0  0  0.00000000000000000E+00    0.000E+00
 1  2  0  0  1  0  0.00000000000000000E+00    0.000E+00
 1  1  0  0 -1  0  0.00000000000000000E+00    0.000E+00
 1  2  0  1  1  0  0.00000000000000000E+00    0.000E+00
 0  1  0 -1 -1  0  0.00000000000000000E+00    0.000E+00
 0  0  0 -1 -2  0  0.00000000000000000E+00    0.000E+00
 0  0  0  1  2  0  0.00000000000000000E+00    0.000E+00
 0  1  0  1  2  0  0.00000000000000000E+00    0.000E+00
 1  1  0  1  2  0  0.00000000000000000E+00    0.000E+00
-1 -1  0  0  1  0  0.00000000000000000E+00    0.000E+00
 0 -1  0  1  1  0  0.00000000000000000E+00    0.000E+00
-1 -2  0  0  0  0  0.00000000000000000E+00    0.000E+00
 1  2  0  1  2  0  0.00000000000000000E+00    0.000E+00
1 1 3  1 1 1
       49
 0  0  0  0  0  0  5.01544262994035328E-37   -6.187E-54
-1  0  0  0  0  0  3.32159636374788501E-45   -1.845E-53
 1  0  0  0  0  0  3.32159636374788501E-45   -1.845E-53
 0 -1  0  0  0  0  3.32159636374789496E-45    6.794E-53
 0  1  0  0  0  0  3.32159636374789496E-45    6.794E-53
-1 -1  0  0  0  0  2.50772131497017664E-37   -4.683E-53
 1  1  0  0  0  0  2.50772131497017664E-37   -4.683E-53
 0  0  0 -1  0  0 -2.50772124853824895E-37   -3.093E-54
 0  0  0  1  0  0 -2.50772124853824895E-37   -3.093E-54
-1  0  0 -1  0  0  3.32159636374788501E-45   -1.845E-53
 1  0  0  1  0  0  3.32159636374788501E-45   -1.845E-53
 0  1  0 -1  0  0  3.32159636374789496E-45   -4.916E-53
 0 -1  0  1  0  0  3.32159636374789496E-45   -4.916E-53
-1 -1  0 -1  0  0 -2.50772124853824895E-37    5.259E-53
 1  1  0  1  0  0 -2.50772124853824895E-37    5.259E-53
 0  0  0  0 -1  0 -2.50772124853824895E-37   -3.093E-54
 0  0  0  0  1  0 -2.50772124853824895E-37   -3.093E-54
 1  0  0  0 -1  0  3.32159636374790492E-45    9.866E-53
-1  0  0  0  1  0  3.32159636374790492E-45    9.866E-53
 0 -1  0  0 -1  0  3.32159636374789496E-45    6.794E-53
 0  1  0  0  1  0  3.32159636374789496E-45    6.794E-53
-1 -1  0  0 -1  0 -2.50772124853824895E-37    5.259E-53
 1  1  0  0  1  0 -2.50772124853824895E-37    5.259E-53
 0  0  0 -1 -1  0  2.50772131497017664E-37   -3.093E-54
 0  0  0  1  1  0  2.50772131497017664E-37   -3.093E-54
-1  0  0 -1 -1  0  3.32159636374790492E-45   -1.179E-52
 1  0  0  1  1  0  3.32159636374790492E-45   -1.179E-52
 0 -1  0 -1 -1  0  3.32159636374789496E-45   -3.147E-53
 0  1  0  1  1  0  3.32159636374789496E-45   -3.147E-53
-1 -1  0 -1 -1  0  2.50772131497017664E-37   -4.683E-53
 1  1  0  1  1  0  2.50772131497017664E-37   -4.683E-53
-1 -2  0 -1 -2  0  0.00000000000000000E+00    0.000E+00
 0 -1  0 -1 -2  0  0.00000000000000000E+00    0.000E+00
-1 -1  0 -1 -2  0  0.00000000000000000E+00    0.000E+00
-1 -2  0  0 -1  0  0.00000000000000000E+00    0.000E+00
-1 -2  0 -1 -1  0  0.00000000000000000E+00    0.000E+00
 1  2  0  0  0  0  0.00000000000000000E+00    0.000E+00
 1  2  0  0  1  0  0.00000000000000000E+00    0.000E+00
 1  1  0  0 -1  0  0.00000000000000000E+00    0.000E+00
 1  2  0  1  1  0  0.00000000000000000E+00    0.000E+00
 0  1  0 -1 -1  0  0.00000000000000000E+00    0.000E+00
 0  0  0 -1 -2  0  0.00000000000000000E+00    0.000E+00
 0  0  0  1  2  0  0.00000000000000000E+00    0.000E+00
 0  1  0  1  2  0  0.00000000000000000E+00    0.000E+00
 1  1  0  1  2  0  0.00000000000000000E+00    0.000E+00
-1 -1  0  0  1  0  0.00000000000000000E+00    0.000E+00
 0 -1  0  1  1  0  0.00000000000000000E+00    0.000E+00
-1 -2  0  0  0  0  0.00000000000000000E+00    0.000E+00
 1  2  0  1  2  0  0.00000000000000000E+00    0.000E+00
1 2 1  1 1 1
       49
 0  0  0  0  0  0  2.77600491050711939E+00   -6.535E-11
-1  0  0  0  0  0  5.21065161775640884E-01   -3.262E-11
 1  0  0  0  0  0  5.21065161775640884E-01   -3.262E-11
 0 -1  0  0  0  0  4.48037822418343890E-01    3.282E-11
 0  1  0  0  0  0  4.48037822418343890E-01    3.282E-11
-1 -1  0  0  0  0  4.50487443247615027E-01    3.247E-11
 1  1  0  0  0  0  4.50487443247615027E-01    3.247E-11
 0  0  0 -1  0  0  4.72633760290346205E-01    3.264E-11
 0  0  0  1  0  0  4.72633760290346205E-01    3.264E-11
-1  0  0 -1  0  0  4.72633760290346205E-01    3.264E-11
 1  0  0  1  0  0  4.72633760290346205E-01    3.264E-11
 0  1  0 -1  0  0  4.76408397395655991E-01   -3.264E-11
 0 -1  0  1  0  0  4.76408397395655991E-01   -3.264E-11
-1 -1  0 -1  0  0  4.76408397395655991E-01   -3.264E-11
 1  1  0  1  0  0  4.76408397395655991E-01   -3.264E-11
 0  0  0  0 -1  0  4.74090738782944610E-01   -7.418E-14
 0  0  0  0  1  0  4.74090738782944610E-01   -7.418E-14
 1  0  0  0 -1  0  5.04643991071344389E-01    7.447E-14
-1  0  0  0  1  0  5.04643991071344389E-01    7.447E-14
 0 -1  0  0 -1  0  4.74090738782944610E-01   -7.437E-14
 0  1  0  0  1  0  4.74090738782944610E-01   -7.437E-14
-1 -1  0  0 -1  0  5.04643991071344389E-01    7.425E-14
 1  1  0  0  1  0  5.04643991071344389E-01    7.425E-14
 0  0  0 -1 -1  0  4.72865928368309096E-01    1.024E-13
 0  0  0  1  1  0  4.72865928368309096E-01    1.024E-13
-1  0  0 -1 -1  0  5.05868801485979902E-01   -1.026E-13
 1  0  0  1  1  0  5.05868801485979902E-01   -1.026E-13
 0 -1  0 -1 -1  0  5.05868801485979902E-01   -1.028E-13
 0  1  0  1  1  0  5.05868801485979902E-01   -1.028E-13
-1 -1  0 -1 -1  0  4.72865928368309096E-01    1.032E-13
 1  1  0  1  1  0  4.72865928368309096E-01    1.032E-13
-1 -2  0 -1 -2  0  0.00000000000000000E+00    0.000E+00
 0 -1  0 -1 -2  0  0.00000000000000000E+00    0.000E+00
-1 -1  0 -1 -2  0  0.00000000000000000E+00    0.000E+00
-1 -2  0  0 -1  0  0.00000000000000000E+00    0.000E+00
-1 -2  0 -1 -1  0  0.00000000000000000E+00    0.000E+00
 1  2  0  0  0  0  0.00000000000000000E+00    0.000E+00
 1  2  0  0  1  0  0.00000000000000000E+00    0.000E+00
 1  1  0  0 -1  0  0.00000000000000000E+00    0.000E+00
 1  2  0  1  1  0  0.00000000000000000E+00    0.000E+00
 0  1  0 -1 -1  0  0.00000000000000000E+00    0.000E+00
 0  0  0 -1 -2  0  0.00000000000000000E+00    0.000E+00
 0  0  0  1  2  0  0.00000000000000000E+00    0.000E+00
 0  1  0  1  2  0  0.00000000000000000E+00    0.000E+00
 1  1  0  1  2  0  0.00000000000000000E+00    0.000E+00
-1 -1  0  0  1  0  0.00000000000000000E+00    0.000E+00
 0 -1  0  1  1  0  0.00000000000000000E+00    0.000E+00
-1 -2  0  0  0  0  0.00000000000000000E+00    0.000E+00
 1  2  0  1  2  0  0.00000000000000000E+00    0.000E+00
1 2 2  1 1 1
       49
 0  0  0  0  0  0  2.07153217739728789E-03   -2.341E-13
-1  0  0  0  0  0 -1.05233204470888938E-03    8.663E-15
 1  0  0  0  0  0 -1.05233204470888938E-03    8.663E-15
 0 -1  0  0  0  0  1.20260483664334826E-03   -1.874E-11
 0  1  0  0  0  0  1.20260483664334826E-03   -1.874E-11
-1 -1  0  0  0  0 -1.18603888063337692E-03    1.885E-11
 1  1  0  0  0  0 -1.18603888063337692E-03    1.885E-11
 0  0  0 -1  0  0 -1.05233204470889024E-03    8.657E-15
 0  0  0  1  0  0 -1.05233204470889024E-03    8.657E-15
-1  0  0 -1  0  0  1.06889800071895006E-03    9.975E-14
 1  0  0  1  0  0  1.06889800071895006E-03    9.975E-14
 0  1  0 -1  0  0 -1.59569756536584208E-02   -1.885E-11
 0 -1  0  1  0  0 -1.59569756536584208E-02   -1.885E-11
-1 -1  0 -1  0  0  1.59404096976481537E-02    1.874E-11
 1  1  0  1  0  0  1.59404096976481537E-02    1.874E-11
 0  0  0  0 -1  0  1.20260483664334870E-03   -1.874E-11
 0  0  0  0  1  0  1.20260483664334870E-03   -1.874E-11
 1  0  0  0 -1  0 -1.59569756536584208E-02   -1.885E-11
-1  0  0  0  1  0 -1.59569756536584208E-02   -1.885E-11
 0 -1  0  0 -1  0 -4.39209559483097201E-02    3.759E-11
 0  1  0  0  1  0 -4.39209559483097201E-02    3.759E-11
-1 -1  0  0 -1  0  1.05233204470874279E-03   -8.644E-15
 1  1  0  0  1  0  1.05233204470874279E-03   -8.644E-15
 0  0  0 -1 -1  0 -1.18603888063337779E-03    1.885E-11
 0  0  0  1  1  0 -1.18603888063337779E-03    1.885E-11
-1  0  0 -1 -1  0  1.59404096976481537E-02    1.874E-11
 1  0  0  1  1  0  1.59404096976481537E-02    1.874E-11
 0 -1  0 -1 -1  0  1.05233204470874236E-03   -8.672E-15
 0  1  0  1  1  0  1.05233204470874236E-03   -8.672E-15
-1 -1  0 -1 -1  0  4.18162918588918242E-02   -3.757E-11
 1  1  0  1  1  0  4.18162918588918242E-02   -3.757E-11
-1 -2  0 -1 -2  0  0.00000000000000000E+00    0.000E+00
 0 -1  0 -1 -2  0  0.00000000000000000E+00    0.000E+00
-1 -1  0 -1 -2  0  0.00000000000000000E+00    0.000E+00
-1 -2  0  0 -1  0  0.00000000000000000E+00    0.000E+00
-1 -2  0 -1 -1  0  0.00000000000000000E+00    0.000E+00
 1  2  0  0  0  0  0.00000000000000000E+00    0.000E+00
 1  2  0  0  1  0  0.00000000000000000E+00    0.000E+00
 1  1  0  0 -1  0  0.00000000000000000E+00    0.000E+00
 1  2  0  1  1  0  0.00000000000000000E+00    0.000E+00
 0  1  0 -1 -1  0  0.00000000000000000E+00    0.000E+00
 0  0  0 -1 -2  0  0.00000000000000000E+00    0.000E+00
 0  0  0  1  2  0  0.00000000000000000E+00    0.000E+00
 0  1  0  1  2  0  0.00000000000000000E+00    0.000E+00
 1  1  0  1  2  0  0.00000000000000000E+00    0.000E+00
-1 -1  0  0  1  0  0.00000000000000000E+00    0.000E+00
 0 -1  0  1  1  0  0.00000000000000000E+00    0.000E+00
-1 -2  0  0  0  0  0.00000000000000000E+00    0.000E+00
 1  2  0  1  2  0  0.00000000000000000E+00    0.000E+00
1 2 3  1 1 1
       49
 0  0  0  0  0  0  2.89566724838720953E-37    5.373E-46
-1  0  0  0  0  0  6.71203594249162599E-45   -2.707E-46
 1  0  0  0  0  0  6.71203594249162599E-45   -2.707E-46
 0 -1  0  0  0  0 -2.89566704702613146E-37   -2.707E-46
 0  1  0  0  0  0 -2.89566704702613146E-37   -2.707E-46
-1 -1  0  0  0  0 -1.44783348995288612E-37    2.686E-46
 1  1  0  0  0  0 -1.44783348995288612E-37    2.686E-46
 0  0  0 -1  0  0  1.44783362419360455E-37   -2.686E-46
 0  0  0  1  0  0  1.44783362419360455E-37   -2.686E-46
-1  0  0 -1  0  0  2.89566718126684989E-37    2.707E-46
 1  0  0  1  0  0  2.89566718126684989E-37    2.707E-46
 0  1  0 -1  0  0  6.71203594249162724E-45    2.707E-46
 0 -1  0  1  0  0  6.71203594249162724E-45    2.707E-46
-1 -1  0 -1  0  0 -1.44783348995288591E-37   -2.686E-46
 1  1  0  1  0  0 -1.44783348995288591E-37   -2.686E-46
 0  0  0  0 -1  0 -4.34350060409937680E-37   -8.101E-46
 0  0  0  0  1  0 -4.34350060409937680E-37   -8.101E-46
 1  0  0  0 -1  0 -2.89566704702613146E-37   -1.349E-45
-1  0  0  0  1  0 -2.89566704702613146E-37   -1.349E-45
 0 -1  0  0 -1  0  6.71203594249163595E-45    8.080E-46
 0  1  0  0  1  0  6.71203594249163595E-45    8.080E-46
-1 -1  0  0 -1  0 -1.44783348995288591E-37    1.347E-45
 1  1  0  0  1  0 -1.44783348995288591E-37    1.347E-45
 0  0  0 -1 -1  0  1.44783362419360476E-37    8.101E-46
 0  0  0  1  1  0  1.44783362419360476E-37    8.101E-46
-1  0  0 -1 -1  0  6.71203594249163844E-45    1.349E-45
 1  0  0  1  1  0  6.71203594249163844E-45    1.349E-45
 0 -1  0 -1 -1  0  2.89566718126684989E-37   -8.080E-46
 0  1  0  1  1  0  2.89566718126684989E-37   -8.080E-46
-1 -1  0 -1 -1  0  4.34350073834009523E-37   -1.347E-45
 1  1  0  1  1  0  4.34350073834009523E-37   -1.347E-45
-1 -2  0 -1 -2  0  0.00000000000000000E+00    0.000E+00
 0 -1  0 -1 -2  0  0.00000000000000000E+00    0.000E+00
-1 -1  0 -1 -2  0  0.00000000000000000E+00    0.000E+00
-1 -2  0  0 -1  0  0.00000000000000000E+00    0.000E+00
-1 -2  0 -1 -1  0  0.00000000000000000E+00    0.000E+00
 1  2  0  0  0  0  0.00000000000000000E+00    0.000E+00
 1  2  0  0  1  0  0.00000000000000000E+00    0.000E+00
 1  1  0  0 -1  0  0.00000000000000000E+00    0.000E+00
 1  2  0  1  1  0  0.00000000000000000E+00    0.000E+00
 0  1  0 -1 -1  0  0.00000000000000000E+00    0.000E+00
 0  0  0 -1 -2  0  0.00000000000000000E+00    0.000E+00
 0  0  0  1  2  0  0.00000000000000000E+00    0.000E+00
 0  1  0  1  2  0  0.00000000000000000E+00    0.000E+00
 1  1  0  1  2  0  0.00000000000000000E+00    0.000E+00
-1 -1  0  0  1  0  0.00000000000000000E+00    0.000E+00
 0 -1  0  1  1  0  0.00000000000000000E+00    0.000E+00
-1 -2  0  0  0  0  0.00000000000000000E+00    0.000E+00
 1  2  0  1  2  0  0.00000000000000000E+00    0.000E+00
1 3 1  1 1 1
       49
 0  0  0  0  0  0  5.01544262994035328E-37   -6.187E-54
-1  0  0  0  0  0 -2.50772124853824895E-37   -3.093E-54
 1  0  0  0  0  0 -2.50772124853824895E-37   -3.093E-54
 0 -1  0  0  0  0 -2.50772124853824895E-37   -3.093E-54
 0  1  0  0  0  0 -2.50772124853824895E-37   -3.093E-54
-1 -1  0  0  0  0  2.50772131497017664E-37   -3.093E-54
 1  1  0  0  0  0  2.50772131497017664E-37   -3.093E-54
 0  0  0 -1  0  0  3.32159636374788501E-45    1.226E-53
 0  0  0  1  0  0  3.32159636374788501E-45    1.226E-53
-1  0  0 -1  0  0  3.32159636374788501E-45    1.226E-53
 1  0  0  1  0  0  3.32159636374788501E-45    1.226E-53
 0  1  0 -1  0  0  3.32159636374790492E-45   -1.048E-52
 0 -1  0  1  0  0  3.32159636374790492E-45   -1.048E-52
-1 -1  0 -1  0  0  3.32159636374790492E-45    1.117E-52
 1  1  0  1  0  0  3.32159636374790492E-45    1.117E-52
 0  0  0  0 -1  0  3.32159636374789496E-45   -7.413E-53
 0  0  0  0  1  0  3.32159636374789496E-45   -7.413E-53
 1  0  0  0 -1  0  3.32159636374789496E-45    4.297E-53
-1  0  0  0  1  0  3.32159636374789496E-45    4.297E-53
 0 -1  0  0 -1  0  3.32159636374789496E-45   -7.413E-53
 0  1  0  0  1  0  3.32159636374789496E-45   -7.413E-53
-1 -1  0  0 -1  0  3.32159636374789496E-45    2.528E-53
 1  1  0  0  1  0  3.32159636374789496E-45    2.528E-53
 0  0  0 -1 -1  0  2.50772131497017664E-37    4.064E-53
 0  0  0  1  1  0  2.50772131497017664E-37    4.064E-53
-1  0  0 -1 -1  0 -2.50772124853824895E-37   -5.878E-53
 1  0  0  1  1  0 -2.50772124853824895E-37   -5.878E-53
 0 -1  0 -1 -1  0 -2.50772124853824895E-37   -5.878E-53
 0  1  0  1  1  0 -2.50772124853824895E-37   -5.878E-53
-1 -1  0 -1 -1  0  2.50772131497017664E-37    4.064E-53
 1  1  0  1  1  0  2.50772131497017664E-37    4.064E-53
-1 -2  0 -1 -2  0  0.00000000000000000E+00    0.000E+00
 0 -1  0 -1 -2  0  0.00000000000000000E+00    0.000E+00
-1 -1  0 -1 -2  0  0.00000000000000000E+00    0.000E+00
-1 -2  0  0 -1  0  0.00000000000000000E+00    0.000E+00
-1 -2  0 -1 -1  0  0.00000000000000000E+00    0.000E+00
 1  2  0  0  0  0  0.00000000000000000E+00    0.000E+00
 1  2  0  0  1  0  0.00000000000000000E+00    0.000E+00
 1  1  0  0 -1  0  0.00000000000000000E+00    0.000E+00
 1  2  0  1  1  0  0.00000000000000000E+00    0.000E+00
 0  1  0 -1 -1  0  0.00000000000000000E+00    0.000E+00
 0  0  0 -1 -2  0  0.00000000000000000E+00    0.000E+00
 0  0  0  1  2  0  0.00000000000000000E+00    0.000E+00
 0  1  0  1  2  0  0.00000000000000000E+00    0.000E+00
 1  1  0  1  2  0  0.00000000000000000E+00    0.000E+00
-1 -1  0  0  1  0  0.00000000000000000E+00    0.000E+00
 0 -1  0  1  1  0  0.00000000000000000E+00    0.000E+00
-1 -2  0  0  0  0  0.00000000000000000E+00    0.000E+00
 1  2  0  1  2  0  0.00000000000000000E+00    0.000E+00
1 3 2  1 1 1
       49
 0  0  0  0  0  0  2.89566724838720953E-37    5.373E-46
-1  0  0  0  0  0  1.44783362419360455E-37   -2.686E-46
 1  0  0  0  0  0  1.44783362419360455E-37   -2.686E-46
 0 -1  0  0  0  0 -4.34350060409937680E-37   -8.101E-46
 0  1  0  0  0  0 -4.34350060409937680E-37   -8.101E-46
-1 -1  0  0  0  0  1.44783362419360476E-37    8.101E-46
 1  1  0  0  0  0  1.44783362419360476E-37    8.101E-46
 0  0  0 -1  0  0  6.71203594249162599E-45   -2.707E-46
 0  0  0  1  0  0  6.71203594249162599E-45   -2.707E-46
-1  0  0 -1  0  0  2.89566718126684989E-37    2.707E-46
 1  0  0  1  0  0  2.89566718126684989E-37    2.707E-46
 0  1  0 -1  0  0 -2.89566704702613146E-37   -1.349E-45
 0 -1  0  1  0  0 -2.89566704702613146E-37   -1.349E-45
-1 -1  0 -1  0  0  6.71203594249163844E-45    1.349E-45
 1  1  0  1  0  0  6.71203594249163844E-45    1.349E-45
 0  0  0  0 -1  0 -2.89566704702613146E-37   -2.707E-46
 0  0  0  0  1  0 -2.89566704702613146E-37   -2.707E-46
 1  0  0  0 -1  0  6.71203594249162724E-45    2.707E-46
-1  0  0  0  1  0  6.71203594249162724E-45    2.707E-46
 0 -1  0  0 -1  0  6.71203594249163595E-45    8.080E-46
 0  1  0  0  1  0  6.71203594249163595E-45    8.080E-46
-1 -1  0  0 -1  0  2.89566718126684989E-37   -8.080E-46
 1  1  0  0  1  0  2.89566718126684989E-37   -8.080E-46
 0  0  0 -1 -1  0 -1.44783348995288612E-37    2.686E-46
 0  0  0  1  1  0 -1.44783348995288612E-37    2.686E-46
-1  0  0 -1 -1  0 -1.44783348995288591E-37   -2.686E-46
 1  0  0  1  1  0 -1.44783348995288591E-37   -2.686E-46
 0 -1  0 -1 -1  0 -1.44783348995288591E-37    1.347E-45
 0  1  0  1  1  0 -1.44783348995288591E-37    1.347E-45
-1 -1  0 -1 -1  0  4.34350073834009523E-37   -1.347E-45
 1  1  0  1  1  0  4.34350073834009523E-37   -1.347E-45
-1 -2  0 -1 -2  0  0.00000000000000000E+00    0.000E+00
 0 -1  0 -1 -2  0  0.00000000000000000E+00    0.000E+00
-1 -1  0 -1 -2  0  0.00000000000000000E+00    0.000E+00
-1 -2  0  0 -1  0  0.00000000000000000E+00    0.000E+00
-1 -2  0 -1 -1  0  0.00000000000000000E+00    0.000E+00
 1  2  0  0  0  0  0.00000000000000000E+00    0.000E+00
 1  2  0  0  1  0  0.00000000000000000E+00    0.000E+00
 1  1  0  0 -1  0  0.00000000000000000E+00    0.000E+00
 1  2  0  1  1  0  0.00000000000000000E+00    0.000E+00
 0  1  0 -1 -1  0  0.00000000000000000E+00    0.000E+00
 0  0  0 -1 -2  0  0.00000000000000000E+00    0.000E+00
 0  0  0  1  2  0  0.00000000000000000E+00    0.000E+00
 0  1  0  1  2  0  0.00000000000000000E+00    0.000E+00
 1  1  0  1  2  0  0.00000000000000000E+00    0.000E+00
-1 -1  0  0  1  0  0.00000000000000000E+00    0.000E+00
 0 -1  0  1  1  0  0.00000000000000000E+00    0.000E+00
-1 -2  0  0  0  0  0.00000000000000000E+00    0.000E+00
 1  2  0  1  2  0  0.00000000000000000E+00    0.000E+00
1 3 3  1 1 1
       49
 0  0  0  0  0  0 -2.37061542307614965E-04    6.492E-12
-1  0  0  0  0  0  5.47623726508213355E-06    3.611E-14
 1  0  0  0  0  0  5.47623726508213355E-06    3.611E-14
 0 -1  0  0  0  0  1.34382007880691854E-02    4.430E-12
 0  1  0  0  0  0  1.34382007880691854E-02    4.430E-12
-1 -1  0  0  0  0 -1.33251462541804592E-02   -7.712E-12
 1  1  0  0  0  0 -1.33251462541804592E-02   -7.712E-12
 0  0  0 -1  0  0  5.47623726508213355E-06    3.611E-14
 0  0  0  1  0  0  5.47623726508213355E-06    3.611E-14
-1  0  0 -1  0  0  1.07578296623642348E-04   -3.318E-12
 1  0  0  1  0  0  1.07578296623642348E-04   -3.318E-12
 0  1  0 -1  0  0  5.89701196418244717E-03    7.712E-12
 0 -1  0  1  0  0  5.89701196418244717E-03    7.712E-12
-1 -1  0 -1  0  0 -6.01006649807117252E-03   -4.430E-12
 1  1  0  1  0  0 -6.01006649807117252E-03   -4.430E-12
 0  0  0  0 -1  0  1.34382007880691854E-02    4.430E-12
 0  0  0  0  1  0  1.34382007880691854E-02    4.430E-12
 1  0  0  0 -1  0  5.89701196418244891E-03    7.712E-12
-1  0  0  0  1  0  5.89701196418244891E-03    7.712E-12
 0 -1  0  0 -1  0 -1.29204900508507383E-02   -1.211E-11
 0  1  0  0  1  0 -1.29204900508507383E-02   -1.211E-11
-1 -1  0  0 -1  0 -5.47623726508213355E-06   -3.611E-14
 1  1  0  0  1  0 -5.47623726508213355E-06   -3.611E-14
 0  0  0 -1 -1  0 -1.33251462541804627E-02   -7.712E-12
 0  0  0  1  1  0 -1.33251462541804627E-02   -7.712E-12
-1  0  0 -1 -1  0 -6.01006649807117339E-03   -4.430E-12
 1  0  0  1  1  0 -6.01006649807117339E-03   -4.430E-12
 0 -1  0 -1 -1  0 -5.47623726508300092E-06   -3.611E-14
 0  1  0  1  1  0 -5.47623726508300092E-06   -3.611E-14
-1 -1  0 -1 -1  0  1.29314425253809050E-02    1.218E-11
 1  1  0  1  1  0  1.29314425253809050E-02    1.218E-11
-1 -2  0 -1 -2  0  0.00000000000000000E+00    0.000E+00
 0 -1  0 -1 -2  0  0.00000000000000000E+00    0.000E+00
-1 -1  0 -1 -2  0  0.00000000000000000E+00    0.000E+00
-1 -2  0  0 -1  0  0.00000000000000000E+00    0.000E+00
-1 -2  0 -1 -1  0  0.00000000000000000E+00    0.000E+00
 1  2  0  0  0  0  0.00000000000000000E+00    0.000E+00
 1  2  0  0  1  0  0.00000000000000000E+00    0.000E+00
 1  1  0  0 -1  0  0.00000000000000000E+00    0.000E+00
 1  2  0  1  1  0  0.00000000000000000E+00    0.000E+00
 0  1  0 -1 -1  0  0.00000000000000000E+00    0.000E+00
 0  0  0 -1 -2  0  0.00000000000000000E+00    0.000E+00
 0  0  0  1  2  0  0.00000000000000000E+00    0.000E+00
 0  1  0  1  2  0  0.00000000000000000E+00    0.000E+00
 1  1  0  1  2  0  0.00000000000000000E+00    0.000E+00
-1 -1  0  0  1  0  0.00000000000000000E+00    0.000E+00
 0 -1  0  1  1  0  0.00000000000000000E+00    0.000E+00
-1 -2  0  0  0  0  0.00000000000000000E+00    0.000E+00
 1  2  0  1  2  0  0.00000000000000000E+00    0.000E+00
2 1 1  1 1 1
       49
 0  0  0  0  0  0  2.77600491050712028E+00   -6.535E-11
-1  0  0  0  0  0  4.72633760290346205E-01    3.264E-11
 1  0  0  0  0  0  4.72633760290346205E-01    3.264E-11
 0 -1  0  0  0  0  4.74090738782944610E-01   -7.418E-14
 0  1  0  0  0  0  4.74090738782944610E-01   -7.418E-14
-1 -1  0  0  0  0  4.72865928368309096E-01    1.024E-13
 1  1  0  0  0  0  4.72865928368309096E-01    1.024E-13
 0  0  0 -1  0  0  4.72633760290346205E-01    3.264E-11
 0  0  0  1  0  0  4.72633760290346205E-01    3.264E-11
-1  0  0 -1  0  0  5.21065161775640884E-01   -3.262E-11
 1  0  0  1  0  0  5.21065161775640884E-01   -3.262E-11
 0  1  0 -1  0  0  5.05868801485979902E-01   -1.026E-13
 0 -1  0  1  0  0  5.05868801485979902E-01   -1.026E-13
-1 -1  0 -1  0  0  5.04643991071344278E-01    7.443E-14
 1  1  0  1  0  0  5.04643991071344278E-01    7.443E-14
 0  0  0  0 -1  0  4.74090738782944721E-01   -7.421E-14
 0  0  0  0  1  0  4.74090738782944721E-01   -7.421E-14
 1  0  0  0 -1  0  5.05868801485980013E-01   -1.026E-13
-1  0  0  0  1  0  5.05868801485980013E-01   -1.026E-13
 0 -1  0  0 -1  0  4.48037822418343890E-01    3.282E-11
 0  1  0  0  1  0  4.48037822418343890E-01    3.282E-11
-1 -1  0  0 -1  0  4.76408397395655936E-01   -3.264E-11
 1  1  0  0  1  0  4.76408397395655936E-01   -3.264E-11
 0  0  0 -1 -1  0  4.72865928368309207E-01    1.024E-13
 0  0  0  1  1  0  4.72865928368309207E-01    1.024E-13
-1  0  0 -1 -1  0  5.04643991071344500E-01    7.440E-14
 1  0  0  1  1  0  5.04643991071344500E-01    7.440E-14
 0 -1  0 -1 -1  0  4.76408397395655991E-01   -3.264E-11
 0  1  0  1  1  0  4.76408397395655991E-01   -3.264E-11
-1 -1  0 -1 -1  0  4.50487443247615027E-01    3.247E-11
 1  1  0  1  1  0  4.50487443247615027E-01    3.247E-11
-1 -2  0 -1 -2  0  0.00000000000000000E+00    0.000E+00
 0 -1  0 -1 -2  0  0.00000000000000000E+00    0.000E+00
-1 -1  0 -1 -2  0  0.00000000000000000E+00    0.000E+00
-1 -2  0  0 -1  0  0.00000000000000000E+00    0.000E+00
-1 -2  0 -1 -1  0  0.00000000000000000E+00    0.000E+00
 1  2  0  0  0  0  0.00000000000000000E+00    0.000E+00
 1  2  0  0  1  0  0.00000000000000000E+00    0.000E+00
 1  1  0  0 -1  0  0.00000000000000000E+00    0.000E+00
 1  2  0  1  1  0  0.00000000000000000E+00    0.000E+00
 0  1  0 -1 -1  0  0.00000000000000000E+00    0.000E+00
 0  0  0 -1 -2  0  0.00000000000000000E+00    0.000E+00
 0  0  0  1  2  0  0.00000000000000000E+00    0.000E+00
 0  1  0  1  2  0  0.00000000000000000E+00    0.000E+00
 1  1  0  1  2  0  0.00000000000000000E+00    0.000E+00
-1 -1  0  0  1  0  0.00000000000000000E+00    0.000E+00
 0 -1  0  1  1  0  0.00000000000000000E+00    0.000E+00
-1 -2  0  0  0  0  0.00000000000000000E+00    0.000E+00
 1  2  0  1  2  0  0.00000000000000000E+00    0.000E+00
2 1 2  1 1 1
       49
 0  0  0  0  0  0  2.07153217739728703E-03   -2.341E-13
-1  0  0  0  0  0  1.06889800071894962E-03    9.975E-14
 1  0  0  0  0  0  1.06889800071894962E-03    9.975E-14
 0 -1  0  0  0  0 -4.39209559483097131E-02    3.759E-11
 0  1  0  0  0  0 -4.39209559483097131E-02    3.759E-11
-1 -1  0  0  0  0  4.18162918588918311E-02   -3.757E-11
 1  1  0  0  0  0  4.18162918588918311E-02   -3.757E-11
 0  0  0 -1  0  0 -1.05233204470888938E-03    8.663E-15
 0  0  0  1  0  0 -1.05233204470888938E-03    8.663E-15
-1  0  0 -1  0  0 -1.05233204470889068E-03    8.663E-15
 1  0  0  1  0  0 -1.05233204470889068E-03    8.663E-15
 0  1  0 -1  0  0  1.05233204470874236E-03   -8.665E-15
 0 -1  0  1  0  0  1.05233204470874236E-03   -8.665E-15
-1 -1  0 -1  0  0  1.05233204470874236E-03   -8.644E-15
 1  1  0  1  0  0  1.05233204470874236E-03   -8.644E-15
 0  0  0  0 -1  0  1.20260483664334826E-03   -1.874E-11
 0  0  0  0  1  0  1.20260483664334826E-03   -1.874E-11
 1  0  0  0 -1  0  1.59404096976481537E-02    1.874E-11
-1  0  0  0  1  0  1.59404096976481537E-02    1.874E-11
 0 -1  0  0 -1  0  1.20260483664334870E-03   -1.874E-11
 0  1  0  0  1  0  1.20260483664334870E-03   -1.874E-11
-1 -1  0  0 -1  0  1.59404096976481537E-02    1.874E-11
 1  1  0  0  1  0  1.59404096976481537E-02    1.874E-11
 0  0  0 -1 -1  0 -1.18603888063337909E-03    1.885E-11
 0  0  0  1  1  0 -1.18603888063337909E-03    1.885E-11
-1  0  0 -1 -1  0 -1.59569756536584208E-02   -1.885E-11
 1  0  0  1  1  0 -1.59569756536584208E-02   -1.885E-11
 0 -1  0 -1 -1  0 -1.59569756536584208E-02   -1.885E-11
 0  1  0  1  1  0 -1.59569756536584208E-02   -1.885E-11
-1 -1  0 -1 -1  0 -1.18603888063337952E-03    1.885E-11
 1  1  0  1  1  0 -1.18603888063337952E-03    1.885E-11
-1 -2  0 -1 -2  0  0.00000000000000000E+00    0.000E+00
 0 -1  0 -1 -2  0  0.00000000000000000E+00    0.000E+00
-1 -1  0 -1 -2  0  0.00000000000000000E+00    0.000E+00
-1 -2  0  0 -1  0  0.00000000000000000E+00    0.000E+00
-1 -2  0 -1 -1  0  0.00000000000000000E+00    0.000E+00
 1  2  0  0  0  0  0.00000000000000000E+00    0.000E+00
 1  2  0  0  1  0  0.00000000000000000E+00    0.000E+00
 1  1  0  0 -1  0  0.00000000000000000E+00    0.000E+00
 1  2  0  1  1  0  0.00000000000000000E+00    0.000E+00
 0  1  0 -1 -1  0  0.00000000000000000E+00    0.000E+00
 0  0  0 -1 -2  0  0.00000000000000000E+00    0.000E+00
 0  0  0  1  2  0  0.00000000000000000E+00    0.000E+00
 0  1  0  1  2  0  0.00000000000000000E+00    0.000E+00
 1  1  0  1  2  0  0.00000000000000000E+00    0.000E+00
-1 -1  0  0  1  0  0.00000000000000000E+00    0.000E+00
 0 -1  0  1  1  0  0.00000000000000000E+00    0.000E+00
-1 -2  0  0  0  0  0.00000000000000000E+00    0.000E+00
 1  2  0  1  2  0  0.00000000000000000E+00    0.000E+00
2 1 3  1 1 1
       49
 0  0  0  0  0  0  2.89566724838720953E-37    5.373E-46
-1  0  0  0  0  0  2.89566718126684989E-37    2.707E-46
 1  0  0  0  0  0  2.89566718126684989E-37    2.707E-46
 0 -1  0  0  0  0  6.71203594249163720E-45    8.080E-46
 0  1  0  0  0  0  6.71203594249163720E-45    8.080E-46
-1 -1  0  0  0  0  4.34350073834009523E-37   -1.347E-45
 1  1  0  0  0  0  4.34350073834009523E-37   -1.347E-45
 0  0  0 -1  0  0  1.44783362419360455E-37   -2.686E-46
 0  0  0  1  0  0  1.44783362419360455E-37   -2.686E-46
-1  0  0 -1  0  0  6.71203594249162599E-45   -2.707E-46
 1  0  0  1  0  0  6.71203594249162599E-45   -2.707E-46
 0  1  0 -1  0  0  2.89566718126684989E-37   -8.080E-46
 0 -1  0  1  0  0  2.89566718126684989E-37   -8.080E-46
-1 -1  0 -1  0  0 -1.44783348995288591E-37    1.347E-45
 1  1  0  1  0  0 -1.44783348995288591E-37    1.347E-45
 0  0  0  0 -1  0 -4.34350060409937680E-37   -8.101E-46
 0  0  0  0  1  0 -4.34350060409937680E-37   -8.101E-46
 1  0  0  0 -1  0  6.71203594249163844E-45    1.349E-45
-1  0  0  0  1  0  6.71203594249163844E-45    1.349E-45
 0 -1  0  0 -1  0 -2.89566704702613146E-37   -2.707E-46
 0  1  0  0  1  0 -2.89566704702613146E-37   -2.707E-46
-1 -1  0  0 -1  0 -1.44783348995288591E-37   -2.686E-46
 1  1  0  0  1  0 -1.44783348995288591E-37   -2.686E-46
 0  0  0 -1 -1  0  1.44783362419360476E-37    8.101E-46
 0  0  0  1  1  0  1.44783362419360476E-37    8.101E-46
-1  0  0 -1 -1  0 -2.89566704702613146E-37   -1.349E-45
 1  0  0  1  1  0 -2.89566704702613146E-37   -1.349E-45
 0 -1  0 -1 -1  0  6.71203594249162848E-45    2.707E-46
 0  1  0  1  1  0  6.71203594249162848E-45    2.707E-46
-1 -1  0 -1 -1  0 -1.44783348995288612E-37    2.686E-46
 1  1  0  1  1  0 -1.44783348995288612E-37    2.686E-46
-1 -2  0 -1 -2  0  0.00000000000000000E+00    0.000E+00
 0 -1  0 -1 -2  0  0.00000000000000000E+00    0.000E+00
-1 -1  0 -1 -2  0  0.00000000000000000E+00    0.000E+00
-1 -2  0  0 -1  0  0.00000000000000000E+00    0.000E+00
-1 -2  0 -1 -1  0  0.00000000000000000E+00    0.000E+00
 1  2  0  0  0  0  0.00000000000000000E+00    0.000E+00
 1  2  0  0  1  0  0.00000000000000000E+00    0.000E+00
 1  1  0  0 -1  0  0.00000000000000000E+00    0.000E+00
 1  2  0  1  1  0  0.00000000000000000E+00    0.000E+00
 0  1  0 -1 -1  0  0.00000000000000000E+00    0.000E+00
 0  0  0 -1 -2  0  0.00000000000000000E+00    0.000E+00
 0  0  0  1  2  0  0.00000000000000000E+00    0.000E+00
 0  1  0  1  2  0  0.00000000000000000E+00    0.000E+00
 1  1  0  1  2  0  0.00000000000000000E+00    0.000E+00
-1 -1  0  0  1  0  0.00000000000000000E+00    0.000E+00
 0 -1  0  1  1  0  0.00000000000000000E+00    0.000E+00
-1 -2  0  0  0  0  0.00000000000000000E+00    0.000E+00
 1  2  0  1  2  0  0.00000000000000000E+00    0.000E+00
2 2 1  1 1 1
       49
 0  0  0  0  0  0  2.07153217739728789E-03   -2.341E-13
-1  0  0  0  0  0 -1.05233204470889024E-03    8.657E-15
 1  0  0  0  0  0 -1.05233204470889024E-03    8.657E-15
 0 -1  0  0  0  0  1.20260483664334783E-03   -1.874E-11
 0  1  0  0  0  0  1.20260483664334783E-03   -1.874E-11
-1 -1  0  0  0  0 -1.18603888063337779E-03    1.885E-11
 1  1  0  0  0  0 -1.18603888063337779E-03    1.885E-11
 0  0  0 -1  0  0  1.06889800071894962E-03    9.975E-14
 0  0  0  1  0  0  1.06889800071894962E-03    9.975E-14
-1  0  0 -1  0  0 -1.05233204470888938E-03    8.657E-15
 1  0  0  1  0  0 -1.05233204470888938E-03    8.657E-15
 0  1  0 -1  0  0  1.59404096976481537E-02    1.874E-11
 0 -1  0  1  0  0  1.59404096976481537E-02    1.874E-11
-1 -1  0 -1  0  0 -1.59569756536584208E-02   -1.885E-11
 1  1  0  1  0  0 -1.59569756536584208E-02   -1.885E-11
 0  0  0  0 -1  0 -4.39209559483097131E-02    3.759E-11
 0  0  0  0  1  0 -4.39209559483097131E-02    3.759E-11
 1  0  0  0 -1  0  1.05233204470874236E-03   -8.652E-15
-1  0  0  0  1  0  1.05233204470874236E-03   -8.652E-15
 0 -1  0  0 -1  0  1.20260483664334826E-03   -1.874E-11
 0  1  0  0  1  0  1.20260483664334826E-03   -1.874E-11
-1 -1  0  0 -1  0 -1.59569756536584208E-02   -1.885E-11
 1  1  0  0  1  0 -1.59569756536584208E-02   -1.885E-11
 0  0  0 -1 -1  0  4.18162918588918311E-02   -3.757E-11
 0  0  0  1  1  0  4.18162918588918311E-02   -3.757E-11
-1  0  0 -1 -1  0  1.05233204470874279E-03   -8.672E-15
 1  0  0  1  1  0  1.05233204470874279E-03   -8.672E-15
 0 -1  0 -1 -1  0  1.59404096976481537E-02    1.874E-11
 0  1  0  1  1  0  1.59404096976481537E-02    1.874E-11
-1 -1  0 -1 -1  0 -1.18603888063337866E-03    1.885E-11
 1  1  0  1  1  0 -1.18603888063337866E-03    1.885E-11
-1 -2  0 -1 -2  0  0.00000000000000000E+00    0.000E+00
 0 -1  0 -1 -2  0  0.00000000000000000E+00    0.000E+00
-1 -1  0 -1 -2  0  0.00000000000000000E+00    0.000E+00
-1 -2  0  0 -1  0  0.00000000000000000E+00    0.000E+00
-1 -2  0 -1 -1  0  0.00000000000000000E+00    0.000E+00
 1  2  0  0  0  0  0.00000000000000000E+00    0.000E+00
 1  2  0  0  1  0  0.00000000000000000E+00    0.000E+00
 1  1  0  0 -1  0  0.00000000000000000E+00    0.000E+00
 1  2  0  1  1  0  0.00000000000000000E+00    0.000E+00
 0  1  0 -1 -1  0  0.00000000000000000E+00    0.000E+00
 0  0  0 -1 -2  0  0.00000000000000000E+00    0.000E+00
 0  0  0  1  2  0  0.00000000000000000E+00    0.000E+00
 0  1  0  1  2  0  0.00000000000000000E+00    0.000E+00
 1  1  0  1  2  0  0.00000000000000000E+00    0.000E+00
-1 -1  0  0  1  0  0.00000000000000000E+00    0.000E+00
 0 -1  0  1  1  0  0.00000000000000000E+00    0.000E+00
-1 -2  0  0  0  0  0.00000000000000000E+00    0.000E+00
 1  2  0  1  2  0  0.00000000000000000E+00    0.000E+00
2 2 2  1 1 1
       49
 0  0  0  0  0  0 -2.77120135112115351E+00    6.499E-11
-1  0  0  0  0  0 -4.27255147463334928E-01   -1.083E-11
 1  0  0  0  0  0 -4.27255147463334928E-01   -1.083E-11
 0 -1  0  0  0  0 -4.97368529835424511E-01   -1.083E-11
 0  1  0  0  0  0 -4.97368529835424511E-01   -1.083E-11
-1 -1  0  0  0  0 -4.97368529835424511E-01   -1.083E-11
 1  1  0  0  0  0 -4.97368529835424511E-01   -1.083E-11
 0  0  0 -1  0  0 -4.27255147463334928E-01   -1.083E-11
 0  0  0  1  0  0 -4.27255147463334928E-01   -1.083E-11
-1  0  0 -1  0  0 -4.27255147463334928E-01   -1.083E-11
 1  0  0  1  0  0 -4.27255147463334928E-01   -1.083E-11
 0  1  0 -1  0  0 -4.94839803419994451E-01    1.083E-11
 0 -1  0  1  0  0 -4.94839803419994451E-01    1.083E-11
-1 -1  0 -1  0  0 -4.94839803419994506E-01    1.083E-11
 1  1  0  1  0  0 -4.94839803419994506E-01    1.083E-11
 0  0  0  0 -1  0 -4.97368529835424511E-01   -1.083E-11
 0  0  0  0  1  0 -4.97368529835424511E-01   -1.083E-11
 1  0  0  0 -1  0 -4.94839803419994506E-01    1.083E-11
-1  0  0  0  1  0 -4.94839803419994506E-01    1.083E-11
 0 -1  0  0 -1  0 -4.97368529835424511E-01   -1.083E-11
 0  1  0  0  1  0 -4.97368529835424511E-01   -1.083E-11
-1 -1  0  0 -1  0 -4.94839803419994451E-01    1.083E-11
 1  1  0  0  1  0 -4.94839803419994451E-01    1.083E-11
 0  0  0 -1 -1  0 -4.97368529835424511E-01   -1.083E-11
 0  0  0  1  1  0 -4.97368529835424511E-01   -1.083E-11
-1  0  0 -1 -1  0 -4.94839803419994451E-01    1.083E-11
 1  0  0  1  1  0 -4.94839803419994451E-01    1.083E-11
 0 -1  0 -1 -1  0 -4.94839803419994506E-01    1.083E-11
 0  1  0  1  1  0 -4.94839803419994506E-01    1.083E-11
-1 -1  0 -1 -1  0 -4.97368529835424511E-01   -1.083E-11
 1  1  0  1  1  0 -4.97368529835424511E-01   -1.083E-11
-1 -2  0 -1 -2  0  0.00000000000000000E+00    0.000E+00
 0 -1  0 -1 -2  0  0.00000000000000000E+00    0.000E+00
-1 -1  0 -1 -2  0  0.00000000000000000E+00    0.000E+00
-1 -2  0  0 -1  0  0.00000000000000000E+00    0.000E+00
-1 -2  0 -1 -1  0  0.00000000000000000E+00    0.000E+00
 1  2  0  0  0  0  0.00000000000000000E+00    0.000E+00
 1  2  0  0  1  0  0.00000000000000000E+00    0.000E+00
 1  1  0  0 -1  0  0.00000000000000000E+00    0.000E+00
 1  2  0  1  1  0  0.00000000000000000E+00    0.000E+00
 0  1  0 -1 -1  0  0.00000000000000000E+00    0.000E+00
 0  0  0 -1 -2  0  0.00000000000000000E+00    0.000E+00
 0  0  0  1  2  0  0.00000000000000000E+00    0.000E+00
 0  1  0  1  2  0  0.00000000000000000E+00    0.000E+00
 1  1  0  1  2  0  0.00000000000000000E+00    0.000E+00
-1 -1  0  0  1  0  0.00000000000000000E+00    0.000E+00
 0 -1  0  1  1  0  0.00000000000000000E+00    0.000E+00
-1 -2  0  0  0  0  0.00000000000000000E+00    0.000E+00
 1  2  0  1  2  0  0.00000000000000000E+00    0.000E+00
2 2 3  1 1 1
       49
 0  0  0  0  0  0  8.35907178065060292E-37   -6.252E-46
-1  0  0  0  0  0  5.01544298424325268E-37    1.486E-52
 1  0  0  0  0  0  5.01544298424325268E-37    1.486E-52
 0 -1  0  0  0  0 -1.67181376710036580E-37   -1.558E-45
 0  1  0  0  0  0 -1.67181376710036580E-37   -1.558E-45
-1 -1  0  0  0  0  8.35907514653490865E-38    1.868E-45
 1  1  0  0  0  0  8.35907514653490865E-38    1.868E-45
 0  0  0 -1  0  0  5.85135007816120389E-37    3.126E-46
 0  0  0  1  0  0  5.85135007816120389E-37    3.126E-46
-1  0  0 -1  0  0  5.01544298424325268E-37    1.486E-52
 1  0  0  1  0  0  5.01544298424325268E-37    1.486E-52
 0  1  0 -1  0  0  1.67181460857144323E-37    1.558E-45
 0 -1  0  1  0  0  1.67181460857144323E-37    1.558E-45
-1 -1  0 -1  0  0 -8.35906673182413441E-38   -1.868E-45
 1  1  0  1  0  0 -8.35906673182413441E-38   -1.868E-45
 0  0  0  0 -1  0 -7.52316342452603223E-37    3.424E-45
 0  0  0  0  1  0 -7.52316342452603223E-37    3.424E-45
 1  0  0  0 -1  0 -5.01544214277217525E-37    2.168E-52
-1  0  0  0  1  0 -5.01544214277217525E-37    2.168E-52
 0 -1  0  0 -1  0 -1.67181376710036559E-37   -1.558E-45
 0  1  0  0  1  0 -1.67181376710036559E-37   -1.558E-45
-1 -1  0  0 -1  0 -8.35906673182413441E-38   -1.868E-45
 1  1  0  0  1  0 -8.35906673182413441E-38   -1.868E-45
 0  0  0 -1 -1  0 -2.50772086101831910E-37   -3.424E-45
 0  0  0  1  1  0 -2.50772086101831910E-37   -3.424E-45
-1  0  0 -1 -1  0 -5.01544214277217525E-37    4.918E-53
 1  0  0  1  1  0 -5.01544214277217525E-37    4.918E-53
 0 -1  0 -1 -1  0  1.67181460857144302E-37    1.558E-45
 0  1  0  1  1  0  1.67181460857144302E-37    1.558E-45
-1 -1  0 -1 -1  0  8.35907514653490865E-38    1.868E-45
 1  1  0  1  1  0  8.35907514653490865E-38    1.868E-45
-1 -2  0 -1 -2  0  0.00000000000000000E+00    0.000E+00
 0 -1  0 -1 -2  0  0.00000000000000000E+00    0.000E+00
-1 -1  0 -1 -2  0  0.00000000000000000E+00    0.000E+00
-1 -2  0  0 -1  0  0.00000000000000000E+00    0.000E+00
-1 -2  0 -1 -1  0  0.00000000000000000E+00    0.000E+00
 1  2  0  0  0  0  0.00000000000000000E+00    0.000E+00
 1  2  0  0  1  0  0.00000000000000000E+00    0.000E+00
 1  1  0  0 -1  0  0.00000000000000000E+00    0.000E+00
 1  2  0  1  1  0  0.00000000000000000E+00    0.000E+00
 0  1  0 -1 -1  0  0.00000000000000000E+00    0.000E+00
 0  0  0 -1 -2  0  0.00000000000000000E+00    0.000E+00
 0  0  0  1  2  0  0.00000000000000000E+00    0.000E+00
 0  1  0  1  2  0  0.00000000000000000E+00    0.000E+00
 1  1  0  1  2  0  0.00000000000000000E+00    0.000E+00
-1 -1  0  0  1  0  0.00000000000000000E+00    0.000E+00
 0 -1  0  1  1  0  0.00000000000000000E+00    0.000E+00
-1 -2  0  0  0  0  0.00000000000000000E+00    0.000E+00
 1  2  0  1  2  0  0.00000000000000000E+00    0.000E+00
2 3 1  1 1 1
       49
 0  0  0  0  0  0  2.89566724838720953E-37    5.373E-46
-1  0  0  0  0  0  1.44783362419360455E-37   -2.686E-46
 1  0  0  0  0  0  1.44783362419360455E-37   -2.686E-46
 0 -1  0  0  0  0 -4.34350060409937680E-37   -8.101E-46
 0  1  0  0  0  0 -4.34350060409937680E-37   -8.101E-46
-1 -1  0  0  0  0  1.44783362419360476E-37    8.101E-46
 1  1  0  0  0  0  1.44783362419360476E-37    8.101E-46
 0  0  0 -1  0  0  2.89566718126684989E-37    2.707E-46
 0  0  0  1  0  0  2.89566718126684989E-37    2.707E-46
-1  0  0 -1  0  0  6.71203594249162599E-45   -2.707E-46
 1  0  0  1  0  0  6.71203594249162599E-45   -2.707E-46
 0  1  0 -1  0  0  6.71203594249163844E-45    1.349E-45
 0 -1  0  1  0  0  6.71203594249163844E-45    1.349E-45
-1 -1  0 -1  0  0 -2.89566704702613146E-37   -1.349E-45
 1  1  0  1  0  0 -2.89566704702613146E-37   -1.349E-45
 0  0  0  0 -1  0  6.71203594249163720E-45    8.080E-46
 0  0  0  0  1  0  6.71203594249163720E-45    8.080E-46
 1  0  0  0 -1  0  2.89566718126684989E-37   -8.080E-46
-1  0  0  0  1  0  2.89566718126684989E-37   -8.080E-46
 0 -1  0  0 -1  0 -2.89566704702613146E-37   -2.707E-46
 0  1  0  0  1  0 -2.89566704702613146E-37   -2.707E-46
-1 -1  0  0 -1  0  6.71203594249162848E-45    2.707E-46
 1  1  0  0  1  0  6.71203594249162848E-45    2.707E-46
 0  0  0 -1 -1  0  4.34350073834009523E-37   -1.347E-45
 0  0  0  1  1  0  4.34350073834009523E-37   -1.347E-45
-1  0  0 -1 -1  0 -1.44783348995288591E-37    1.347E-45
 1  0  0  1  1  0 -1.44783348995288591E-37    1.347E-45
 0 -1  0 -1 -1  0 -1.44783348995288591E-37   -2.686E-46
 0  1  0  1  1  0 -1.44783348995288591E-37   -2.686E-46
-1 -1  0 -1 -1  0 -1.44783348995288612E-37    2.686E-46
 1  1  0  1  1  0 -1.44783348995288612E-37    2.686E-46
-1 -2  0 -1 -2  0  0.00000000000000000E+00    0.000E+00
 0 -1  0 -1 -2  0  0.00000000000000000E+00    0.000E+00
-1 -1  0 -1 -2  0  0.00000000000000000E+00    0.000E+00
-1 -2  0  0 -1  0  0.00000000000000000E+00    0.000E+00
-1 -2  0 -1 -1  0  0.00000000000000000E+00    0.000E+00
 1  2  0  0  0  0  0.00000000000000000E+00    0.000E+00
 1  2  0  0  1  0  0.00000000000000000E+00    0.000E+00
 1  1  0  0 -1  0  0.00000000000000000E+00    0.000E+00
 1  2  0  1  1  0  0.00000000000000000E+00    0.000E+00
 0  1  0 -1 -1  0  0.00000000000000000E+00    0.000E+00
 0  0  0 -1 -2  0  0.00000000000000000E+00    0.000E+00
 0  0  0  1  2  0  0.00000000000000000E+00    0.000E+00
 0  1  0  1  2  0  0.00000000000000000E+00    0.000E+00
 1  1  0  1  2  0  0.00000000000000000E+00    0.000E+00
-1 -1  0  0  1  0  0.00000000000000000E+00    0.000E+00
 0 -1  0  1  1  0  0.00000000000000000E+00    0.000E+00
-1 -2  0  0  0  0  0.00000000000000000E+00    0.000E+00
 1  2  0  1  2  0  0.00000000000000000E+00    0.000E+00
2 3 2  1 1 1
       49
 0  0  0  0  0  0  8.35907178065060292E-37   -6.252E-46
-1  0  0  0  0  0  5.85135007816120389E-37    3.126E-46
 1  0  0  0  0  0  5.85135007816120389E-37    3.126E-46
 0 -1  0  0  0  0 -7.52316342452603223E-37    3.424E-45
 0  1  0  0  0  0 -7.52316342452603223E-37    3.424E-45
-1 -1  0  0  0  0 -2.50772086101831910E-37   -3.424E-45
 1  1  0  0  0  0 -2.50772086101831910E-37   -3.424E-45
 0  0  0 -1  0  0  5.01544298424325268E-37    1.793E-52
 0  0  0  1  0  0  5.01544298424325268E-37    1.793E-52
-1  0  0 -1  0  0  5.01544298424325268E-37    1.793E-52
 1  0  0  1  0  0  5.01544298424325268E-37    1.793E-52
 0  1  0 -1  0  0 -5.01544214277217525E-37    1.111E-52
 0 -1  0  1  0  0 -5.01544214277217525E-37    1.111E-52
-1 -1  0 -1  0  0 -5.01544214277217525E-37    2.787E-52
 1  1  0  1  0  0 -5.01544214277217525E-37    2.787E-52
 0  0  0  0 -1  0 -1.67181376710036580E-37   -1.558E-45
 0  0  0  0  1  0 -1.67181376710036580E-37   -1.558E-45
 1  0  0  0 -1  0  1.67181460857144323E-37    1.558E-45
-1  0  0  0  1  0  1.67181460857144323E-37    1.558E-45
 0 -1  0  0 -1  0 -1.67181376710036559E-37   -1.558E-45
 0  1  0  0  1  0 -1.67181376710036559E-37   -1.558E-45
-1 -1  0  0 -1  0  1.67181460857144302E-37    1.558E-45
 1  1  0  0  1  0  1.67181460857144302E-37    1.558E-45
 0  0  0 -1 -1  0  8.35907514653490865E-38    1.868E-45
 0  0  0  1  1  0  8.35907514653490865E-38    1.868E-45
-1  0  0 -1 -1  0 -8.35906673182413441E-38   -1.868E-45
 1  0  0  1  1  0 -8.35906673182413441E-38   -1.868E-45
 0 -1  0 -1 -1  0 -8.35906673182413441E-38   -1.868E-45
 0  1  0  1  1  0 -8.35906673182413441E-38   -1.868E-45
-1 -1  0 -1 -1  0  8.35907514653490865E-38    1.868E-45
 1  1  0  1  1  0  8.35907514653490865E-38    1.868E-45
-1 -2  0 -1 -2  0  0.00000000000000000E+00    0.000E+00
 0 -1  0 -1 -2  0  0.00000000000000000E+00    0.000E+00
-1 -1  0 -1 -2  0  0.00000000000000000E+00    0.000E+00
-1 -2  0  0 -1  0  0.00000000000000000E+00    0.000E+00
-1 -2  0 -1 -1  0  0.00000000000000000E+00    0.000E+00
 1  2  0  0  0  0  0.00000000000000000E+00    0.000E+00
 1  2  0  0  1  0  0.00000000000000000E+00    0.000E+00
 1  1  0  0 -1  0  0.00000000000000000E+00    0.000E+00
 1  2  0  1  1  0  0.00000000000000000E+00    0.000E+00
 0  1  0 -1 -1  0  0.00000000000000000E+00    0.000E+00
 0  0  0 -1 -2  0  0.00000000000000000E+00    0.000E+00
 0  0  0  1  2  0  0.00000000000000000E+00    0.000E+00
 0  1  0  1  2  0  0.00000000000000000E+00    0.000E+00
 1  1  0  1  2  0  0.00000000000000000E+00    0.000E+00
-1 -1  0  0  1  0  0.00000000000000000E+00    0.000E+00
 0 -1  0  1  1  0  0.00000000000000000E+00    0.000E+00
-1 -2  0  0  0  0  0.00000000000000000E+00    0.000E+00
 1  2  0  1  2  0  0.00000000000000000E+00    0.000E+00
2 3 3  1 1 1
       49
 0  0  0  0  0  0 -1.39955533911577043E-04   -1.104E-12
-1  0  0  0  0  0 -1.53883804429944711E-02   -6.488E-12
 1  0  0  0  0  0 -1.53883804429944711E-02   -6.488E-12
 0 -1  0  0  0  0  7.75885555524324141E-03    2.622E-12
 0  1  0  0  0  0  7.75885555524324141E-03    2.622E-12
-1 -1  0  0  0  0  7.69950265470701993E-03    4.418E-12
 1  1  0  0  0  0  7.69950265470701993E-03    4.418E-12
 0  0  0 -1  0  0 -1.53883804429944711E-02   -6.488E-12
 0  0  0  1  0  0 -1.53883804429944711E-02   -6.488E-12
-1  0  0 -1  0  0  1.48687076463888505E-02    1.353E-11
 1  0  0  1  0  0  1.48687076463888505E-02    1.353E-11
 0  1  0 -1  0  0 -3.41086732280028188E-03   -4.418E-12
 0 -1  0  1  0  0 -3.41086732280028188E-03   -4.418E-12
-1 -1  0 -1  0  0 -3.47022022333650423E-03   -2.622E-12
 1  1  0  1  0  0 -3.47022022333650423E-03   -2.622E-12
 0  0  0  0 -1  0  7.75885555524324141E-03    2.622E-12
 0  0  0  0  1  0  7.75885555524324141E-03    2.622E-12
 1  0  0  0 -1  0 -3.41086732280028275E-03   -4.418E-12
-1  0  0  0  1  0 -3.41086732280028275E-03   -4.418E-12
 0 -1  0  0 -1  0 -7.45871784025275292E-03   -4.692E-12
 0  1  0  0  1  0 -7.45871784025275292E-03   -4.692E-12
-1 -1  0  0 -1  0  6.81110977918099846E-03    6.488E-12
 1  1  0  0  1  0  6.81110977918099846E-03    6.488E-12
 0  0  0 -1 -1  0  7.69950265470702080E-03    4.418E-12
 0  0  0  1  1  0  7.69950265470702080E-03    4.418E-12
-1  0  0 -1 -1  0 -3.47022022333650423E-03   -2.622E-12
 1  0  0  1  1  0 -3.47022022333650423E-03   -2.622E-12
 0 -1  0 -1 -1  0  6.81110977918099846E-03    6.488E-12
 0  1  0  1  1  0  6.81110977918099846E-03    6.488E-12
-1 -1  0 -1 -1  0 -7.34001203918030823E-03   -8.284E-12
 1  1  0  1  1  0 -7.34001203918030823E-03   -8.284E-12
-1 -2  0 -1 -2  0  0.00000000000000000E+00    0.000E+00
 0 -1  0 -1 -2  0  0.00000000000000000E+00    0.000E+00
-1 -1  0 -1 -2  0  0.00000000000000000E+00    0.000E+00
-1 -2  0  0 -1  0  0.00000000000000000E+00    0.000E+00
-1 -2  0 -1 -1  0  0.00000000000000000E+00    0.000E+00
 1  2  0  0  0  0  0.00000000000000000E+00    0.000E+00
 1  2  0  0  1  0  0.00000000000000000E+00    0.000E+00
 1  1  0  0 -1  0  0.00000000000000000E+00    0.000E+00
 1  2  0  1  1  0  0.00000000000000000E+00    0.000E+00
 0  1  0 -1 -1  0  0.00000000000000000E+00    0.000E+00
 0  0  0 -1 -2  0  0.00000000000000000E+00    0.000E+00
 0  0  0  1  2  0  0.00000000000000000E+00    0.000E+00
 0  1  0  1  2  0  0.00000000000000000E+00    0.000E+00
 1  1  0  1  2  0  0.00000000000000000E+00    0.000E+00
-1 -1  0  0  1  0  0.00000000000000000E+00    0.000E+00
 0 -1  0  1  1  0  0.00000000000000000E+00    0.000E+00
-1 -2  0  0  0  0  0.00000000000000000E+00    0.000E+00
 1  2  0  1  2  0  0.00000000000000000E+00    0.000E+00
3 1 1  1 1 1
       49
 0  0  0  0  0  0  5.01544262994035328E-37   -6.187E-54
-1  0  0  0  0  0  3.32159636374788501E-45    1.226E-53
 1  0  0  0  0  0  3.32159636374788501E-45    1.226E-53
 0 -1  0  0  0  0  3.32159636374789496E-45   -7.413E-53
 0  1  0  0  0  0  3.32159636374789496E-45   -7.413E-53
-1 -1  0  0  0  0  2.50772131497017664E-37    4.064E-53
 1  1  0  0  0  0  2.50772131497017664E-37    4.064E-53
 0  0  0 -1  0  0  3.32159636374788501E-45   -1.845E-53
 0  0  0  1  0  0  3.32159636374788501E-45   -1.845E-53
-1  0  0 -1  0  0 -2.50772124853824895E-37   -3.093E-54
 1  0  0  1  0  0 -2.50772124853824895E-37   -3.093E-54
 0  1  0 -1  0  0 -2.50772124853824895E-37   -8.949E-53
 0 -1  0  1  0  0 -2.50772124853824895E-37   -8.949E-53
-1 -1  0 -1  0  0  3.32159636374789496E-45    2.528E-53
 1  1  0  1  0  0  3.32159636374789496E-45    2.528E-53
 0  0  0  0 -1  0  3.32159636374789496E-45    6.794E-53
 0  0  0  0  1  0  3.32159636374789496E-45    6.794E-53
 1  0  0  0 -1  0 -2.50772124853824895E-37    8.330E-53
-1  0  0  0  1  0 -2.50772124853824895E-37    8.330E-53
 0 -1  0  0 -1  0 -2.50772124853824895E-37   -3.093E-54
 0  1  0  0  1  0 -2.50772124853824895E-37   -3.093E-54
-1 -1  0  0 -1  0  3.32159636374790492E-45    1.117E-52
 1  1  0  0  1  0  3.32159636374790492E-45    1.117E-52
 0  0  0 -1 -1  0  2.50772131497017664E-37   -4.683E-53
 0  0  0  1  1  0  2.50772131497017664E-37   -4.683E-53
-1  0  0 -1 -1  0  3.32159636374789496E-45   -3.147E-53
 1  0  0  1  1  0  3.32159636374789496E-45   -3.147E-53
 0 -1  0 -1 -1  0  3.32159636374790492E-45   -1.179E-52
 0  1  0  1  1  0  3.32159636374790492E-45   -1.179E-52
-1 -1  0 -1 -1  0  2.50772131497017664E-37   -3.093E-54
 1  1  0  1  1  0  2.50772131497017664E-37   -3.093E-54
-1 -2  0 -1 -2  0  0.00000000000000000E+00    0.000E+00
 0 -1  0 -1 -2  0  0.00000000000000000E+00    0.000E+00
-1 -1  0 -1 -2  0  0.00000000000000000E+00    0.000E+00
-1 -2  0  0 -1  0  0.00000000000000000E+00    0.000E+00
-1 -2  0 -1 -1  0  0.00000000000000000E+00    0.000E+00
 1  2  0  0  0  0  0.00000000000000000E+00    0.000E+00
 1  2  0  0  1  0  0.00000000000000000E+00    0.000E+00
 1  1  0  0 -1  0  0.00000000000000000E+00    0.000E+00
 1  2  0  1  1  0  0.00000000000000000E+00    0.000E+00
 0  1  0 -1 -1  0  0.00000000000000000E+00    0.000E+00
 0  0  0 -1 -2  0  0.00000000000000000E+00    0.000E+00
 0  0  0  1  2  0  0.00000000000000000E+00    0.000E+00
 0  1  0  1  2  0  0.00000000000000000E+00    0.000E+00
 1  1  0  1  2  0  0.00000000000000000E+00    0.000E+00
-1 -1  0  0  1  0  0.00000000000000000E+00    0.000E+00
 0 -1  0  1  1  0  0.00000000000000000E+00    0.000E+00
-1 -2  0  0  0  0  0.00000000000000000E+00    0.000E+00
 1  2  0  1  2  0  0.00000000000000000E+00    0.000E+00
3 1 2  1 1 1
       49
 0  0  0  0  0  0  2.89566724838720953E-37    5.373E-46
-1  0  0  0  0  0  2.89566718126684989E-37    2.707E-46
 1  0  0  0  0  0  2.89566718126684989E-37    2.707E-46
 0 -1  0  0  0  0  6.71203594249163720E-45    8.080E-46
 0  1  0  0  0  0  6.71203594249163720E-45    8.080E-46
-1 -1  0  0  0  0  4.34350073834009523E-37   -1.347E-45
 1  1  0  0  0  0  4.34350073834009523E-37   -1.347E-45
 0  0  0 -1  0  0  6.71203594249162599E-45   -2.707E-46
 0  0  0  1  0  0  6.71203594249162599E-45   -2.707E-46
-1  0  0 -1  0  0  1.44783362419360455E-37   -2.686E-46
 1  0  0  1  0  0  1.44783362419360455E-37   -2.686E-46
 0  1  0 -1  0  0 -1.44783348995288591E-37    1.347E-45
 0 -1  0  1  0  0 -1.44783348995288591E-37    1.347E-45
-1 -1  0 -1  0  0  2.89566718126684989E-37   -8.080E-46
 1  1  0  1  0  0  2.89566718126684989E-37   -8.080E-46
 0  0  0  0 -1  0 -2.89566704702613146E-37   -2.707E-46
 0  0  0  0  1  0 -2.89566704702613146E-37   -2.707E-46
 1  0  0  0 -1  0 -1.44783348995288591E-37   -2.686E-46
-1  0  0  0  1  0 -1.44783348995288591E-37   -2.686E-46
 0 -1  0  0 -1  0 -4.34350060409937680E-37   -8.101E-46
 0  1  0  0  1  0 -4.34350060409937680E-37   -8.101E-46
-1 -1  0  0 -1  0  6.71203594249163720E-45    1.349E-45
 1  1  0  0  1  0  6.71203594249163720E-45    1.349E-45
 0  0  0 -1 -1  0 -1.44783348995288612E-37    2.686E-46
 0  0  0  1  1  0 -1.44783348995288612E-37    2.686E-46
-1  0  0 -1 -1  0  6.71203594249162724E-45    2.707E-46
 1  0  0  1  1  0  6.71203594249162724E-45    2.707E-46
 0 -1  0 -1 -1  0 -2.89566704702613146E-37   -1.349E-45
 0  1  0  1  1  0 -2.89566704702613146E-37   -1.349E-45
-1 -1  0 -1 -1  0  1.44783362419360476E-37    8.101E-46
 1  1  0  1  1  0  1.44783362419360476E-37    8.101E-46
-1 -2  0 -1 -2  0  0.00000000000000000E+00    0.000E+00
 0 -1  0 -1 -2  0  0.00000000000000000E+00    0.000E+00
-1 -1  0 -1 -2  0  0.00000000000000000E+00    0.000E+00
-1 -2  0  0 -1  0  0.00000000000000000E+00    0.000E+00
-1 -2  0 -1 -1  0  0.00000000000000000E+00    0.000E+00
 1  2  0  0  0  0  0.00000000000000000E+00    0.000E+00
 1  2  0  0  1  0  0.00000000000000000E+00    0.000E+00
 1  1  0  0 -1  0  0.00000000000000000E+00    0.000E+00
 1  2  0  1  1  0  0.00000000000000000E+00    0.000E+00
 0  1  0 -1 -1  0  0.00000000000000000E+00    0.000E+00
 0  0  0 -1 -2  0  0.00000000000000000E+00    0.000E+00
 0  0  0  1  2  0  0.00000000000000000E+00    0.000E+00
 0  1  0  1  2  0  0.00000000000000000E+00    0.000E+00
 1  1  0  1  2  0  0.00000000000000000E+00    0.000E+00
-1 -1  0  0  1  0  0.00000000000000000E+00    0.000E+00
 0 -1  0  1  1  0  0.00000000000000000E+00    0.000E+00
-1 -2  0  0  0  0  0.00000000000000000E+00    0.000E+00
 1  2  0  1  2  0  0.00000000000000000E+00    0.000E+00
3 1 3  1 1 1
       49
 0  0  0  0  0  0 -2.37061542307615697E-04    6.492E-12
-1  0  0  0  0  0  1.07578296623641115E-04   -3.318E-12
 1  0  0  0  0  0  1.07578296623641115E-04   -3.318E-12
 0 -1  0  0  0  0 -1.29204900508507383E-02   -1.211E-11
 0  1  0  0  0  0 -1.29204900508507383E-02   -1.211E-11
-1 -1  0  0  0  0  1.29314425253809050E-02    1.218E-11
 1  1  0  0  0  0  1.29314425253809050E-02    1.218E-11
 0  0  0 -1  0  0  5.47623726508423420E-06    3.611E-14
 0  0  0  1  0  0  5.47623726508423420E-06    3.611E-14
-1  0  0 -1  0  0  5.47623726508249947E-06    3.611E-14
 1  0  0  1  0  0  5.47623726508249947E-06    3.611E-14
 0  1  0 -1  0  0 -5.47623726508336683E-06   -3.611E-14
 0 -1  0  1  0  0 -5.47623726508336683E-06   -3.611E-14
-1 -1  0 -1  0  0 -5.47623726508336683E-06   -3.611E-14
 1  1  0  1  0  0 -5.47623726508336683E-06   -3.611E-14
 0  0  0  0 -1  0  1.34382007880691854E-02    4.430E-12
 0  0  0  0  1  0  1.34382007880691854E-02    4.430E-12
 1  0  0  0 -1  0 -6.01006649807117252E-03   -4.430E-12
-1  0  0  0  1  0 -6.01006649807117252E-03   -4.430E-12
 0 -1  0  0 -1  0  1.34382007880691871E-02    4.430E-12
 0  1  0  0  1  0  1.34382007880691871E-02    4.430E-12
-1 -1  0  0 -1  0 -6.01006649807117252E-03   -4.430E-12
 1  1  0  0  1  0 -6.01006649807117252E-03   -4.430E-12
 0  0  0 -1 -1  0 -1.33251462541804627E-02   -7.712E-12
 0  0  0  1  1  0 -1.33251462541804627E-02   -7.712E-12
-1  0  0 -1 -1  0  5.89701196418244804E-03    7.712E-12
 1  0  0  1  1  0  5.89701196418244804E-03    7.712E-12
 0 -1  0 -1 -1  0  5.89701196418244804E-03    7.712E-12
 0  1  0  1  1  0  5.89701196418244804E-03    7.712E-12
-1 -1  0 -1 -1  0 -1.33251462541804627E-02   -7.712E-12
 1  1  0  1  1  0 -1.33251462541804627E-02   -7.712E-12
-1 -2  0 -1 -2  0  0.00000000000000000E+00    0.000E+00
 0 -1  0 -1 -2  0  0.00000000000000000E+00    0.000E+00
-1 -1  0 -1 -2  0  0.00000000000000000E+00    0.000E+00
-1 -2  0  0 -1  0  0.00000000000000000E+00    0.000E+00
-1 -2  0 -1 -1  0  0.00000000000000000E+00    0.000E+00
 1  2  0  0  0  0  0.00000000000000000E+00    0.000E+00
 1  2  0  0  1  0  0.00000000000000000E+00    0.000E+00
 1  1  0  0 -1  0  0.00000000000000000E+00    0.000E+00
 1  2  0  1  1  0  0.00000000000000000E+00    0.000E+00
 0  1  0 -1 -1  0  0.00000000000000000E+00    0.000E+00
 0  0  0 -1 -2  0  0.00000000000000000E+00    0.000E+00
 0  0  0  1  2  0  0.00000000000000000E+00    0.000E+00
 0  1  0  1  2  0  0.00000000000000000E+00    0.000E+00
 1  1  0  1  2  0  0.00000000000000000E+00    0.000E+00
-1 -1  0  0  1  0  0.00000000000000000E+00    0.000E+00
 0 -1  0  1  1  0  0.00000000000000000E+00    0.000E+00
-1 -2  0  0  0  0  0.00000000000000000E+00    0.000E+00
 1  2  0  1  2  0  0.00000000000000000E+00    0.000E+00
3 2 1  1 1 1
       49
 0  0  0  0  0  0  2.89566724838720953E-37    5.373E-46
-1  0  0  0  0  0  6.71203594249162599E-45   -2.707E-46
 1  0  0  0  0  0  6.71203594249162599E-45   -2.707E-46
 0 -1  0  0  0  0 -2.89566704702613146E-37   -2.707E-46
 0  1  0  0  0  0 -2.89566704702613146E-37   -2.707E-46
-1 -1  0  0  0  0 -1.44783348995288612E-37    2.686E-46
 1  1  0  0  0  0 -1.44783348995288612E-37    2.686E-46
 0  0  0 -1  0  0  2.89566718126684989E-37    2.707E-46
 0  0  0  1  0  0  2.89566718126684989E-37    2.707E-46
-1  0  0 -1  0  0  1.44783362419360455E-37   -2.686E-46
 1  0  0  1  0  0  1.44783362419360455E-37   -2.686E-46
 0  1  0 -1  0  0 -1.44783348995288591E-37   -2.686E-46
 0 -1  0  1  0  0 -1.44783348995288591E-37   -2.686E-46
-1 -1  0 -1  0  0  6.71203594249162724E-45    2.707E-46
 1  1  0  1  0  0  6.71203594249162724E-45    2.707E-46
 0  0  0  0 -1  0  6.71203594249163720E-45    8.080E-46
 0  0  0  0  1  0  6.71203594249163720E-45    8.080E-46
 1  0  0  0 -1  0 -1.44783348995288591E-37    1.347E-45
-1  0  0  0  1  0 -1.44783348995288591E-37    1.347E-45
 0 -1  0  0 -1  0 -4.34350060409937680E-37   -8.101E-46
 0  1  0  0  1  0 -4.34350060409937680E-37   -8.101E-46
-1 -1  0  0 -1  0 -2.89566704702613146E-37   -1.349E-45
 1  1  0  0  1  0 -2.89566704702613146E-37   -1.349E-45
 0  0  0 -1 -1  0  4.34350073834009523E-37   -1.347E-45
 0  0  0  1  1  0  4.34350073834009523E-37   -1.347E-45
-1  0  0 -1 -1  0  2.89566718126684989E-37   -8.080E-46
 1  0  0  1  1  0  2.89566718126684989E-37   -8.080E-46
 0 -1  0 -1 -1  0  6.71203594249163720E-45    1.349E-45
 0  1  0  1  1  0  6.71203594249163720E-45    1.349E-45
-1 -1  0 -1 -1  0  1.44783362419360476E-37    8.101E-46
 1  1  0  1  1  0  1.44783362419360476E-37    8.101E-46
-1 -2  0 -1 -2  0  0.00000000000000000E+00    0.000E+00
 0 -1  0 -1 -2  0  0.00000000000000000E+00    0.000E+00
-1 -1  0 -1 -2  0  0.00000000000000000E+00    0.000E+00
-1 -2  0  0 -1  0  0.00000000000000000E+00    0.000E+00
-1 -2  0 -1 -1  0  0.00000000000000000E+00    0.000E+00
 1  2  0  0  0  0  0.00000000000000000E+00    0.000E+00
 1  2  0  0  1  0  0.00000000000000000E+00    0.000E+00
 1  1  0  0 -1  0  0.00000000000000000E+00    0.000E+00
 1  2  0  1  1  0  0.00000000000000000E+00    0.000E+00
 0  1  0 -1 -1  0  0.00000000000000000E+00    0.000E+00
 0  0  0 -1 -2  0  0.00000000000000000E+00    0.000E+00
 0  0  0  1  2  0  0.00000000000000000E+00    0.000E+00
 0  1  0  1  2  0  0.00000000000000000E+00    0.000E+00
 1  1  0  1  2  0  0.00000000000000000E+00    0.000E+00
-1 -1  0  0  1  0  0.00000000000000000E+00    0.000E+00
 0 -1  0  1  1  0  0.00000000000000000E+00    0.000E+00
-1 -2  0  0  0  0  0.00000000000000000E+00    0.000E+00
 1  2  0  1  2  0  0.00000000000000000E+00    0.000E+00
3 2 2  1 1 1
       49
 0  0  0  0  0  0  8.35907178065060292E-37   -6.252E-46
-1  0  0  0  0  0  5.01544298424325268E-37    1.793E-52
 1  0  0  0  0  0  5.01544298424325268E-37    1.793E-52
 0 -1  0  0  0  0 -1.67181376710036580E-37   -1.558E-45
 0  1  0  0  0  0 -1.67181376710036580E-37   -1.558E-45
-1 -1  0  0  0  0  8.35907514653490865E-38    1.868E-45
 1  1  0  0  0  0  8.35907514653490865E-38    1.868E-45
 0  0  0 -1  0  0  5.01544298424325268E-37    1.486E-52
 0  0  0  1  0  0  5.01544298424325268E-37    1.486E-52
-1  0  0 -1  0  0  5.85135007816120389E-37    3.126E-46
 1  0  0  1  0  0  5.85135007816120389E-37    3.126E-46
 0  1  0 -1  0  0 -8.35906673182413441E-38   -1.868E-45
 0 -1  0  1  0  0 -8.35906673182413441E-38   -1.868E-45
-1 -1  0 -1  0  0  1.67181460857144323E-37    1.558E-45
 1  1  0  1  0  0  1.67181460857144323E-37    1.558E-45
 0  0  0  0 -1  0 -1.67181376710036559E-37   -1.558E-45
 0  0  0  0  1  0 -1.67181376710036559E-37   -1.558E-45
 1  0  0  0 -1  0 -8.35906673182413441E-38   -1.868E-45
-1  0  0  0  1  0 -8.35906673182413441E-38   -1.868E-45
 0 -1  0  0 -1  0 -7.52316342452603223E-37    3.424E-45
 0  1  0  0  1  0 -7.52316342452603223E-37    3.424E-45
-1 -1  0  0 -1  0 -5.01544214277217525E-37    2.787E-52
 1  1  0  0  1  0 -5.01544214277217525E-37    2.787E-52
 0  0  0 -1 -1  0  8.35907514653490865E-38    1.868E-45
 0  0  0  1  1  0  8.35907514653490865E-38    1.868E-45
-1  0  0 -1 -1  0  1.67181460857144302E-37    1.558E-45
 1  0  0  1  1  0  1.67181460857144302E-37    1.558E-45
 0 -1  0 -1 -1  0 -5.01544214277217525E-37    4.918E-53
 0  1  0  1  1  0 -5.01544214277217525E-37    4.918E-53
-1 -1  0 -1 -1  0 -2.50772086101831910E-37   -3.424E-45
 1  1  0  1  1  0 -2.50772086101831910E-37   -3.424E-45
-1 -2  0 -1 -2  0  0.00000000000000000E+00    0.000E+00
 0 -1  0 -1 -2  0  0.00000000000000000E+00    0.000E+00
-1 -1  0 -1 -2  0  0.00000000000000000E+00    0.000E+00
-1 -2  0  0 -1  0  0.00000000000000000E+00    0.000E+00
-1 -2  0 -1 -1  0  0.00000000000000000E+00    0.000E+00
 1  2  0  0  0  0  0.00000000000000000E+00    0.000E+00
 1  2  0  0  1  0  0.00000000000000000E+00    0.000E+00
 1  1  0  0 -1  0  0.00000000000000000E+00    0.000E+00
 1  2  0  1  1  0  0.00000000000000000E+00    0.000E+00
 0  1  0 -1 -1  0  0.00000000000000000E+00    0.000E+00
 0  0  0 -1 -2  0  0.00000000000000000E+00    0.000E+00
 0  0  0  1  2  0  0.00000000000000000E+00    0.000E+00
 0  1  0  1  2  0  0.00000000000000000E+00    0.000E+00
 1  1  0  1  2  0  0.00000000000000000E+00    0.000E+00
-1 -1  0  0  1  0  0.00000000000000000E+00    0.000E+00
 0 -1  0  1  1  0  0.00000000000000000E+00    0.000E+00
-1 -2  0  0  0  0  0.00000000000000000E+00    0.000E+00
 1  2  0  1  2  0  0.00000000000000000E+00    0.000E+00
3 2 3  1 1 1
       49
 0  0  0  0  0  0 -1.39955533911576176E-04   -1.104E-12
-1  0  0  0  0  0  1.48687076463888488E-02    1.353E-11
 1  0  0  0  0  0  1.48687076463888488E-02    1.353E-11
 0 -1  0  0  0  0 -7.45871784025275118E-03   -4.692E-12
 0  1  0  0  0  0 -7.45871784025275118E-03   -4.692E-12
-1 -1  0  0  0  0 -7.34001203918030823E-03   -8.284E-12
 1  1  0  0  0  0 -7.34001203918030823E-03   -8.284E-12
 0  0  0 -1  0  0 -1.53883804429944728E-02   -6.488E-12
 0  0  0  1  0  0 -1.53883804429944728E-02   -6.488E-12
-1  0  0 -1  0  0 -1.53883804429944728E-02   -6.488E-12
 1  0  0  1  0  0 -1.53883804429944728E-02   -6.488E-12
 0  1  0 -1  0  0  6.81110977918099846E-03    6.488E-12
 0 -1  0  1  0  0  6.81110977918099846E-03    6.488E-12
-1 -1  0 -1  0  0  6.81110977918099846E-03    6.488E-12
 1  1  0  1  0  0  6.81110977918099846E-03    6.488E-12
 0  0  0  0 -1  0  7.75885555524324054E-03    2.622E-12
 0  0  0  0  1  0  7.75885555524324054E-03    2.622E-12
 1  0  0  0 -1  0 -3.47022022333650423E-03   -2.622E-12
-1  0  0  0  1  0 -3.47022022333650423E-03   -2.622E-12
 0 -1  0  0 -1  0  7.75885555524324054E-03    2.622E-12
 0  1  0  0  1  0  7.75885555524324054E-03    2.622E-12
-1 -1  0  0 -1  0 -3.47022022333650423E-03   -2.622E-12
 1  1  0  0  1  0 -3.47022022333650423E-03   -2.622E-12
 0  0  0 -1 -1  0  7.69950265470701993E-03    4.418E-12
 0  0  0  1  1  0  7.69950265470701993E-03    4.418E-12
-1  0  0 -1 -1  0 -3.41086732280028275E-03   -4.418E-12
 1  0  0  1  1  0 -3.41086732280028275E-03   -4.418E-12
 0 -1  0 -1 -1  0 -3.41086732280028275E-03   -4.418E-12
 0  1  0  1  1  0 -3.41086732280028275E-03   -4.418E-12
-1 -1  0 -1 -1  0  7.69950265470702080E-03    4.418E-12
 1  1  0  1  1  0  7.69950265470702080E-03    4.418E-12
-1 -2  0 -1 -2  0  0.00000000000000000E+00    0.000E+00
 0 -1  0 -1 -2  0  0.00000000000000000E+00    0.000E+00
-1 -1  0 -1 -2  0  0.00000000000000000E+00    0.000E+00
-1 -2  0  0 -1  0  0.00000000000000000E+00    0.000E+00
-1 -2  0 -1 -1  0  0.00000000000000000E+00    0.000E+00
 1  2  0  0  0  0  0.00000000000000000E+00    0.000E+00
 1  2  0  0  1  0  0.00000000000000000E+00    0.000E+00
 1  1  0  0 -1  0  0.00000000000000000E+00    0.000E+00
 1  2  0  1  1  0  0.00000000000000000E+00    0.000E+00
 0  1  0 -1 -1  0  0.00000000000000000E+00    0.000E+00
 0  0  0 -1 -2  0  0.00000000000000000E+00    0.000E+00
 0  0  0  1  2  0  0.00000000000000000E+00    0.000E+00
 0  1  0  1  2  0  0.00000000000000000E+00    0.000E+00
 1  1  0  1  2  0  0.00000000000000000E+00    0.000E+00
-1 -1  0  0  1  0  0.00000000000000000E+00    0.000E+00
 0 -1  0  1  1  0  0.00000000000000000E+00    0.000E+00
-1 -2  0  0  0  0  0.00000000000000000E+00    0.000E+00
 1  2  0  1  2  0  0.00000000000000000E+00    0.000E+00
3 3 1  1 1 1
       49
 0  0  0  0  0  0 -2.37061542307615697E-04    6.492E-12
-1  0  0  0  0  0  5.47623726508423420E-06    3.611E-14
 1  0  0  0  0  0  5.47623726508423420E-06    3.611E-14
 0 -1  0  0  0  0  1.34382007880691837E-02    4.430E-12
 0  1  0  0  0  0  1.34382007880691837E-02    4.430E-12
-1 -1  0  0  0  0 -1.33251462541804609E-02   -7.712E-12
 1  1  0  0  0  0 -1.33251462541804609E-02   -7.712E-12
 0  0  0 -1  0  0  1.07578296623641115E-04   -3.318E-12
 0  0  0  1  0  0  1.07578296623641115E-04   -3.318E-12
-1  0  0 -1  0  0  5.47623726508249947E-06    3.611E-14
 1  0  0  1  0  0  5.47623726508249947E-06    3.611E-14
 0  1  0 -1  0  0 -6.01006649807117339E-03   -4.430E-12
 0 -1  0  1  0  0 -6.01006649807117339E-03   -4.430E-12
-1 -1  0 -1  0  0  5.89701196418244804E-03    7.712E-12
 1  1  0  1  0  0  5.89701196418244804E-03    7.712E-12
 0  0  0  0 -1  0 -1.29204900508507400E-02   -1.211E-11
 0  0  0  0  1  0 -1.29204900508507400E-02   -1.211E-11
 1  0  0  0 -1  0 -5.47623726508336683E-06   -3.611E-14
-1  0  0  0  1  0 -5.47623726508336683E-06   -3.611E-14
 0 -1  0  0 -1  0  1.34382007880691871E-02    4.430E-12
 0  1  0  0  1  0  1.34382007880691871E-02    4.430E-12
-1 -1  0  0 -1  0  5.89701196418244891E-03    7.712E-12
 1  1  0  0  1  0  5.89701196418244891E-03    7.712E-12
 0  0  0 -1 -1  0  1.29314425253809068E-02    1.218E-11
 0  0  0  1  1  0  1.29314425253809068E-02    1.218E-11
-1  0  0 -1 -1  0 -5.47623726508336683E-06   -3.611E-14
 1  0  0  1  1  0 -5.47623726508336683E-06   -3.611E-14
 0 -1  0 -1 -1  0 -6.01006649807117252E-03   -4.430E-12
 0  1  0  1  1  0 -6.01006649807117252E-03   -4.430E-12
-1 -1  0 -1 -1  0 -1.33251462541804609E-02   -7.712E-12
 1  1  0  1  1  0 -1.33251462541804609E-02   -7.712E-12
-1 -2  0 -1 -2  0  0.00000000000000000E+00    0.000E+00
 0 -1  0 -1 -2  0  0.00000000000000000E+00    0.000E+00
-1 -1  0 -1 -2  0  0.00000000000000000E+00    0.000E+00
-1 -2  0  0 -1  0  0.00000000000000000E+00    0.000E+00
-1 -2  0 -1 -1  0  0.00000000000000000E+00    0.000E+00
 1  2  0  0  0  0  0.00000000000000000E+00    0.000E+00
 1  2  0  0  1  0  0.00000000000000000E+00    0.000E+00
 1  1  0  0 -1  0  0.00000000000000000E+00    0.000E+00
 1  2  0  1  1  0  0.00000000000000000E+00    0.000E+00
 0  1  0 -1 -1  0  0.00000000000000000E+00    0.000E+00
 0  0  0 -1 -2  0  0.00000000000000000E+00    0.000E+00
 0  0  0  1  2  0  0.00000000000000000E+00    0.000E+00
 0  1  0  1  2  0  0.00000000000000000E+00    0.000E+00
 1  1  0  1  2  0  0.00000000000000000E+00    0.000E+00
-1 -1  0  0  1  0  0.00000000000000000E+00    0.000E+00
 0 -1  0  1  1  0  0.00000000000000000E+00    0.000E+00
-1 -2  0  0  0  0  0.00000000000000000E+00    0.000E+00
 1  2  0  1  2  0  0.00000000000000000E+00    0.000E+00
3 3 2  1 1 1
       49
 0  0  0  0  0  0 -1.39955533911576176E-04   -1.104E-12
-1  0  0  0  0  0 -1.53883804429944728E-02   -6.488E-12
 1  0  0  0  0  0 -1.53883804429944728E-02   -6.488E-12
 0 -1  0  0  0  0  7.75885555524324054E-03    2.622E-12
 0  1  0  0  0  0  7.75885555524324054E-03    2.622E-12
-1 -1  0  0  0  0  7.69950265470701993E-03    4.418E-12
 1  1  0  0  0  0  7.69950265470701993E-03    4.418E-12
 0  0  0 -1  0  0  1.48687076463888505E-02    1.353E-11
 0  0  0  1  0  0  1.48687076463888505E-02    1.353E-11
-1  0  0 -1  0  0 -1.53883804429944746E-02   -6.488E-12
 1  0  0  1  0  0 -1.53883804429944746E-02   -6.488E-12
 0  1  0 -1  0  0 -3.47022022333650423E-03   -2.622E-12
 0 -1  0  1  0  0 -3.47022022333650423E-03   -2.622E-12
-1 -1  0 -1  0  0 -3.41086732280028232E-03   -4.418E-12
 1  1  0  1  0  0 -3.41086732280028232E-03   -4.418E-12
 0  0  0  0 -1  0 -7.45871784025275118E-03   -4.692E-12
 0  0  0  0  1  0 -7.45871784025275118E-03   -4.692E-12
 1  0  0  0 -1  0  6.81110977918099846E-03    6.488E-12
-1  0  0  0  1  0  6.81110977918099846E-03    6.488E-12
 0 -1  0  0 -1  0  7.75885555524324054E-03    2.622E-12
 0  1  0  0  1  0  7.75885555524324054E-03    2.622E-12
-1 -1  0  0 -1  0 -3.41086732280028275E-03   -4.418E-12
 1  1  0  0  1  0 -3.41086732280028275E-03   -4.418E-12
 0  0  0 -1 -1  0 -7.34001203918030996E-03   -8.284E-12
 0  0  0  1  1  0 -7.34001203918030996E-03   -8.284E-12
-1  0  0 -1 -1  0  6.81110977918100019E-03    6.488E-12
 1  0  0  1  1  0  6.81110977918100019E-03    6.488E-12
 0 -1  0 -1 -1  0 -3.47022022333650423E-03   -2.622E-12
 0  1  0  1  1  0 -3.47022022333650423E-03   -2.622E-12
-1 -1  0 -1 -1  0  7.69950265470701993E-03    4.418E-12
 1  1  0  1  1  0  7.69950265470701993E-03    4.418E-12
-1 -2  0 -1 -2  0  0.00000000000000000E+00    0.000E+00
 0 -1  0 -1 -2  0  0.00000000000000000E+00    0.000E+00
-1 -1  0 -1 -2  0  0.00000000000000000E+00    0.000E+00
-1 -2  0  0 -1  0  0.00000000000000000E+00    0.000E+00
-1 -2  0 -1 -1  0  0.00000000000000000E+00    0.000E+00
 1  2  0  0  0  0  0.00000000000000000E+00    0.000E+00
 1  2  0  0  1  0  0.00000000000000000E+00    0.000E+00
 1  1  0  0 -1  0  0.00000000000000000E+00    0.000E+00
 1  2  0  1  1  0  0.00000000000000000E+00    0.000E+00
 0  1  0 -1 -1  0  0.00000000000000000E+00    0.000E+00
 0  0  0 -1 -2  0  0.00000000000000000E+00    0.000E+00
 0  0  0  1  2  0  0.00000000000000000E+00    0.000E+00
 0  1  0  1  2  0  0.00000000000000000E+00    0.000E+00
 1  1  0  1  2  0  0.00000000000000000E+00    0.000E+00
-1 -1  0  0  1  0  0.00000000000000000E+00    0.000E+00
 0 -1  0  1  1  0  0.00000000000000000E+00    0.000E+00
-1 -2  0  0  0  0  0.00000000000000000E+00    0.000E+00
 1  2  0  1  2  0  0.00000000000000000E+00    0.000E+00
3 3 3  1 1 1
       49
 0  0  0  0  0  0  0.00000000000000000E+00    0.000E+00
-1  0  0  0  0  0  0.00000000000000000E+00    0.000E+00
 1  0  0  0  0  0  0.00000000000000000E+00    0.000E+00
 0 -1  0  0  0  0  0.00000000000000000E+00    0.000E+00
 0  1  0  0  0  0  0.00000000000000000E+00    0.000E+00
-1 -1  0  0  0  0  0.00000000000000000E+00    0.000E+00
 1  1  0  0  0  0  0.00000000000000000E+00    0.000E+00
 0  0  0 -1  0  0  0.00000000000000000E+00    0.000E+00
 0  0  0  1  0  0  0.00000000000000000E+00    0.000E+00
-1  0  0 -1  0  0  0.00000000000000000E+00    0.000E+00
 1  0  0  1  0  0  0.00000000000000000E+00    0.000E+00
 0  1  0 -1  0  0  0.00000000000000000E+00    0.000E+00
 0 -1  0  1  0  0  0.00000000000000000E+00    0.000E+00
-1 -1  0 -1  0  0  0.00000000000000000E+00    0.000E+00
 1  1  0  1  0  0  0.00000000000000000E+00    0.000E+00
 0  0  0  0 -1  0  0.00000000000000000E+00    0.000E+00
 0  0  0  0  1  0  0.00000000000000000E+00    0.000E+00
 1  0  0  0 -1  0  0.00000000000000000E+00    0.000E+00
-1  0  0  0  1  0  0.00000000000000000E+00    0.000E+00
 0 -1  0  0 -1  0  0.00000000000000000E+00    0.000E+00
 0  1  0  0  1  0  0.00000000000000000E+00    0.000E+00
-1 -1  0  0 -1  0  0.00000000000000000E+00    0.000E+00
 1  1  0  0  1  0  0.00000000000000000E+00    0.000E+00
 0  0  0 -1 -1  0  0.00000000000000000E+00    0.000E+00
 0  0  0  1  1  0  0.00000000000000000E+00    0.000E+00
-1  0  0 -1 -1  0  0.00000000000000000E+00    0.000E+00
 1  0  0  1  1  0  0.00000000000000000E+00    0.000E+00
 0 -1  0 -1 -1  0  0.00000000000000000E+00    0.000E+00
 0  1  0  1  1  0  0.00000000000000000E+00    0.000E+00
-1 -1  0 -1 -1  0  0.00000000000000000E+00    0.000E+00
 1  1  0  1  1  0  0.00000000000000000E+00    0.000E+00
-1 -2  0 -1 -2  0  0.00000000000000000E+00    0.000E+00
 0 -1  0 -1 -2  0  0.00000000000000000E+00    0.000E+00
-1 -1  0 -1 -2  0  0.00000000000000000E+00    0.000E+00
-1 -2  0  0 -1  0  0.00000000000000000E+00    0.000E+00
-1 -2  0 -1 -1  0  0.00000000000000000E+00    0.000E+00
 1  2  0  0  0  0  0.00000000000000000E+00    0.000E+00
 1  2  0  0  1  0  0.00000000000000000E+00    0.000E+00
 1  1  0  0 -1  0  0.00000000000000000E+00    0.000E+00
 1  2  0  1  1  0  0.00000000000000000E+00    0.000E+00
 0  1  0 -1 -1  0  0.00000000000000000E+00    0.000E+00
 0  0  0 -1 -2  0  0.00000000000000000E+00    0.000E+00
 0  0  0  1  2  0  0.00000000000000000E+00    0.000E+00
 0  1  0  1  2  0  0.00000000000000000E+00    0.000E+00
 1  1  0  1  2  0  0.00000000000000000E+00    0.000E+00
-1 -1  0  0  1  0  0.00000000000000000E+00    0.000E+00
 0 -1  0  1  1  0  0.00000000000000000E+00    0.000E+00
-1 -2  0  0  0  0  0.00000000000000000E+00    0.000E+00
 1  2  0  1  2  0  0.00000000000000000E+00    0.000E+00
1 1 1  1 1 2
       49
 0  0  0  0  0  0 -4.56142749171661865E-04   -1.922E-05
-1  0  0  0  0  0  2.73190702216055681E-04   -4.340E-08
 1  0  0  0  0  0  2.73190702216055681E-04   -4.340E-08
 0 -1  0  0  0  0  7.15558339661385989E-02    7.722E-06
 0  1  0  0  0  0  0.00000000000000000E+00    0.000E+00
-1 -1  0  0  0  0 -7.16460726213990207E-02    1.159E-05
 1  1  0  0  0  0  0.00000000000000000E+00    0.000E+00
 0  0  0 -1  0  0  0.00000000000000000E+00    0.000E+00
 0  0  0  1  0  0  0.00000000000000000E+00    0.000E+00
-1  0  0 -1  0  0  2.73190702216027925E-04   -4.340E-08
 1  0  0  1  0  0  2.73190702216027925E-04   -4.340E-08
 0  1  0 -1  0  0  0.00000000000000000E+00    0.000E+00
 0 -1  0  1  0  0  0.00000000000000000E+00    0.000E+00
-1 -1  0 -1  0  0  0.00000000000000000E+00    0.000E+00
 1  1  0  1  0  0  0.00000000000000000E+00    0.000E+00
 0  0  0  0 -1  0  0.00000000000000000E+00    0.000E+00
 0  0  0  0  1  0  1.23655954288040015E+00    3.779E-06
 1  0  0  0 -1  0  0.00000000000000000E+00    0.000E+00
-1  0  0  0  1  0 -5.46381404432083606E-04    8.679E-08
 0 -1  0  0 -1  0  0.00000000000000000E+00    0.000E+00
 0  1  0  0  1  0  7.15558339661386544E-02    7.722E-06
-1 -1  0  0 -1  0  0.00000000000000000E+00    0.000E+00
 1  1  0  0  1  0  0.00000000000000000E+00    0.000E+00
 0  0  0 -1 -1  0  0.00000000000000000E+00    0.000E+00
 0  0  0  1  1  0 -1.23546678007153621E+00   -3.952E-06
-1  0  0 -1 -1  0  0.00000000000000000E+00    0.000E+00
 1  0  0  1  1  0 -5.46381404432083606E-04    8.679E-08
 0 -1  0 -1 -1  0  0.00000000000000000E+00    0.000E+00
 0  1  0  1  1  0  0.00000000000000000E+00    0.000E+00
-1 -1  0 -1 -1  0  0.00000000000000000E+00    0.000E+00
 1  1  0  1  1  0 -7.16460726213989790E-02    1.159E-05
-1 -2  0 -1 -2  0  0.00000000000000000E+00    0.000E+00
 0 -1  0 -1 -2  0  0.00000000000000000E+00    0.000E+00
-1 -1  0 -1 -2  0  0.00000000000000000E+00    0.000E+00
-1 -2  0  0 -1  0  0.00000000000000000E+00    0.000E+00
-1 -2  0 -1 -1  0  0.00000000000000000E+00    0.000E+00
 1  2  0  0  0  0  0.00000000000000000E+00    0.000E+00
 1  2  0  0  1  0  0.00000000000000000E+00    0.000E+00
 1  1  0  0 -1  0  0.00000000000000000E+00    0.000E+00
 1  2  0  1  1  0  0.00000000000000000E+00    0.000E+00
 0  1  0 -1 -1  0  0.00000000000000000E+00    0.000E+00
 0  0  0 -1 -2  0  0.00000000000000000E+00    0.000E+00
 0  0  0  1  2  0 -6.36620059692505347E-04    1.940E-05
 0  1  0  1  2  0  5.03261898753032400E-03   -7.722E-06
 1  1  0  1  2  0 -4.94238033226987450E-03   -1.159E-05
-1 -1  0  0  1  0 -4.94238033226990225E-03   -1.159E-05
 0 -1  0  1  1  0  5.03261898753035175E-03   -7.722E-06
-1 -2  0  0  0  0  0.00000000000000000E+00    0.000E+00
 1  2  0  1  2  0  0.00000000000000000E+00    0.000E+00
1 1 2  1 1 2
       49
 0  0  0  0  0  0 -1.09030150965926387E+00   -2.792E-06
-1  0  0  0  0  0 -4.77925119135174492E-01    1.244E-06
 1  0  0  0  0  0 -4.77925119135174492E-01    1.244E-06
 0 -1  0  0  0  0 -9.78651619397181372E-01   -4.791E-07
 0  1  0  0  0  0  0.00000000000000000E+00    0.000E+00
-1 -1  0  0  0  0 -9.79887088480362101E-01    7.840E-07
 1  1  0  0  0  0  0.00000000000000000E+00    0.000E+00
 0  0  0 -1  0  0  0.00000000000000000E+00    0.000E+00
 0  0  0  1  0  0  0.00000000000000000E+00    0.000E+00
-1  0  0 -1  0  0 -4.77925119135174492E-01    1.244E-06
 1  0  0  1  0  0 -4.77925119135174492E-01    1.244E-06
 0  1  0 -1  0  0  0.00000000000000000E+00    0.000E+00
 0 -1  0  1  0  0  0.00000000000000000E+00    0.000E+00
-1 -1  0 -1  0  0  0.00000000000000000E+00    0.000E+00
 1  1  0  1  0  0  0.00000000000000000E+00    0.000E+00
 0  0  0  0 -1  0  0.00000000000000000E+00    0.000E+00
 0  0  0  0  1  0 -1.77278135908646672E+00    3.751E-06
 1  0  0  0 -1  0  0.00000000000000000E+00    0.000E+00
-1  0  0  0  1  0 -9.42420877186021966E-01   -2.488E-06
 0 -1  0  0 -1  0  0.00000000000000000E+00    0.000E+00
 0  1  0  0  1  0 -9.78651619397181038E-01   -4.791E-07
-1 -1  0  0 -1  0  0.00000000000000000E+00    0.000E+00
 1  1  0  0  1  0  0.00000000000000000E+00    0.000E+00
 0  0  0 -1 -1  0  0.00000000000000000E+00    0.000E+00
 0  0  0  1  1  0 -1.77031042092010549E+00    1.225E-06
-1  0  0 -1 -1  0  0.00000000000000000E+00    0.000E+00
 1  0  0  1  1  0 -9.42420877186022188E-01   -2.488E-06
 0 -1  0 -1 -1  0  0.00000000000000000E+00    0.000E+00
 0  1  0  1  1  0  0.00000000000000000E+00    0.000E+00
-1 -1  0 -1 -1  0  0.00000000000000000E+00    0.000E+00
 1  1  0  1  1  0 -9.79887088480361768E-01    7.840E-07
-1 -2  0 -1 -2  0  0.00000000000000000E+00    0.000E+00
 0 -1  0 -1 -2  0  0.00000000000000000E+00    0.000E+00
-1 -1  0 -1 -2  0  0.00000000000000000E+00    0.000E+00
-1 -2  0  0 -1  0  0.00000000000000000E+00    0.000E+00
-1 -2  0 -1 -1  0  0.00000000000000000E+00    0.000E+00
 1  2  0  0  0  0  0.00000000000000000E+00    0.000E+00
 1  2  0  0  1  0  0.00000000000000000E+00    0.000E+00
 1  1  0  0 -1  0  0.00000000000000000E+00    0.000E+00
 1  2  0  1  1  0  0.00000000000000000E+00    0.000E+00
 0  1  0 -1 -1  0  0.00000000000000000E+00    0.000E+00
 0  0  0 -1 -2  0  0.00000000000000000E+00    0.000E+00
 0  0  0  1  2  0 -9.73917092411369034E-01   -2.183E-06
 0  1  0  1  2  0 -1.00526556761483565E+00    4.791E-07
 1  1  0  1  2  0 -1.00403009853165504E+00   -7.840E-07
-1 -1  0  0  1  0 -1.00403009853165459E+00   -7.840E-07
 0 -1  0  1  1  0 -1.00526556761483565E+00    4.791E-07
-1 -2  0  0  0  0  0.00000000000000000E+00    0.000E+00
 1  2  0  1  2  0  0.00000000000000000E+00    0.000E+00
1 1 3  1 1 2
       49
 0  0  0  0  0  0 -2.50772125684223991E-37   -1.531E-41
-1  0  0  0  0  0  1.24559863379533882E-45   -5.021E-53
 1  0  0  0  0  0  1.24559863379533882E-45   -5.021E-53
 0 -1  0  0  0  0 -2.50772125684223991E-37   -1.531E-41
 0  1  0  0  0  0  0.00000000000000000E+00    0.000E+00
-1 -1  0  0  0  0  2.49119726759067765E-45   -1.561E-52
 1  1  0  0  0  0  0.00000000000000000E+00    0.000E+00
 0  0  0 -1  0  0  0.00000000000000000E+00    0.000E+00
 0  0  0  1  0  0  0.00000000000000000E+00    0.000E+00
-1  0  0 -1  0  0  1.24559863379533882E-45   -5.021E-53
 1  0  0  1  0  0  1.24559863379533882E-45   -5.021E-53
 0  1  0 -1  0  0  0.00000000000000000E+00    0.000E+00
 0 -1  0  1  0  0  0.00000000000000000E+00    0.000E+00
-1 -1  0 -1  0  0  0.00000000000000000E+00    0.000E+00
 1  1  0  1  0  0  0.00000000000000000E+00    0.000E+00
 0  0  0  0 -1  0  0.00000000000000000E+00    0.000E+00
 0  0  0  0  1  0 -2.50772125684223991E-37   -1.531E-41
 1  0  0  0 -1  0  0.00000000000000000E+00    0.000E+00
-1  0  0  0  1  0  2.49119726759067765E-45   -5.669E-53
 0 -1  0  0 -1  0  0.00000000000000000E+00    0.000E+00
 0  1  0  0  1  0 -2.50772125684223991E-37   -1.531E-41
-1 -1  0  0 -1  0  0.00000000000000000E+00    0.000E+00
 1  1  0  0  1  0  0.00000000000000000E+00    0.000E+00
 0  0  0 -1 -1  0  0.00000000000000000E+00    0.000E+00
 0  0  0  1  1  0  2.50772130666618484E-37    1.531E-41
-1  0  0 -1 -1  0  0.00000000000000000E+00    0.000E+00
 1  0  0  1  1  0  2.49119726759067765E-45   -1.998E-52
 0 -1  0 -1 -1  0  0.00000000000000000E+00    0.000E+00
 0  1  0  1  1  0  0.00000000000000000E+00    0.000E+00
-1 -1  0 -1 -1  0  0.00000000000000000E+00    0.000E+00
 1  1  0  1  1  0  2.49119726759067765E-45   -1.561E-52
-1 -2  0 -1 -2  0  0.00000000000000000E+00    0.000E+00
 0 -1  0 -1 -2  0  0.00000000000000000E+00    0.000E+00
-1 -1  0 -1 -2  0  0.00000000000000000E+00    0.000E+00
-1 -2  0  0 -1  0  0.00000000000000000E+00    0.000E+00
-1 -2  0 -1 -1  0  0.00000000000000000E+00    0.000E+00
 1  2  0  0  0  0  0.00000000000000000E+00    0.000E+00
 1  2  0  0  1  0  0.00000000000000000E+00    0.000E+00
 1  1  0  0 -1  0  0.00000000000000000E+00    0.000E+00
 1  2  0  1  1  0  0.00000000000000000E+00    0.000E+00
 0  1  0 -1 -1  0  0.00000000000000000E+00    0.000E+00
 0  0  0 -1 -2  0  0.00000000000000000E+00    0.000E+00
 0  0  0  1  2  0  2.50772130666618484E-37    1.531E-41
 0  1  0  1  2  0  2.50772130666618484E-37    1.531E-41
 1  1  0  1  2  0  2.49119726759067765E-45   -5.669E-53
-1 -1  0  0  1  0  2.49119726759067765E-45   -5.669E-53
 0 -1  0  1  1  0  2.50772130666618484E-37    1.531E-41
-1 -2  0  0  0  0  0.00000000000000000E+00    0.000E+00
 1  2  0  1  2  0  0.00000000000000000E+00    0.000E+00
1 2 1  1 1 2
       49
 0  0  0  0  0  0 -1.05824220372938860E+00   -2.790E-06
-1  0  0  0  0  0 -5.06150247091830985E-01    1.280E-06
 1  0  0  0  0  0 -5.06150247091830985E-01    1.280E-06
 0 -1  0  0  0  0 -9.59301727814965144E-01   -6.779E-07
 0  1  0  0  0  0  0.00000000000000000E+00    0.000E+00
-1 -1  0  0  0  0 -9.61078614128297759E-01    9.084E-07
 1  1  0  0  0  0  0.00000000000000000E+00    0.000E+00
 0  0  0 -1  0  0  0.00000000000000000E+00    0.000E+00
 0  0  0  1  0  0  0.00000000000000000E+00    0.000E+00
-1  0  0 -1  0  0 -5.01367578328980934E-01    1.222E-06
 1  0  0  1  0  0 -5.01367578328980934E-01    1.222E-06
 0  1  0 -1  0  0  0.00000000000000000E+00    0.000E+00
 0 -1  0  1  0  0  0.00000000000000000E+00    0.000E+00
-1 -1  0 -1  0  0  0.00000000000000000E+00    0.000E+00
 1  1  0  1  0  0  0.00000000000000000E+00    0.000E+00
 0  0  0  0 -1  0  0.00000000000000000E+00    0.000E+00
 0  0  0  0  1  0 -1.78829676324658071E+00    3.820E-06
 1  0  0  0 -1  0  0.00000000000000000E+00    0.000E+00
-1  0  0  0  1  0 -1.02005343859564479E+00   -2.670E-06
 0 -1  0  0 -1  0  0.00000000000000000E+00    0.000E+00
 0  1  0  0  1  0 -9.20174030251159181E-01   -3.516E-07
-1 -1  0  0 -1  0  0.00000000000000000E+00    0.000E+00
 1  1  0  0  1  0  0.00000000000000000E+00    0.000E+00
 0  0  0 -1 -1  0  0.00000000000000000E+00    0.000E+00
 0  0  0  1  1  0 -1.78714408516892953E+00    1.185E-06
-1  0  0 -1 -1  0  0.00000000000000000E+00    0.000E+00
 1  0  0  1  1  0 -1.02118201244599383E+00   -2.334E-06
 0 -1  0 -1 -1  0  0.00000000000000000E+00    0.000E+00
 0  1  0  1  1  0  0.00000000000000000E+00    0.000E+00
-1 -1  0 -1 -1  0  0.00000000000000000E+00    0.000E+00
 1  1  0  1  1  0 -9.19549822015477414E-01    6.970E-07
-1 -2  0 -1 -2  0  0.00000000000000000E+00    0.000E+00
 0 -1  0 -1 -2  0  0.00000000000000000E+00    0.000E+00
-1 -1  0 -1 -2  0  0.00000000000000000E+00    0.000E+00
-1 -2  0  0 -1  0  0.00000000000000000E+00    0.000E+00
-1 -2  0 -1 -1  0  0.00000000000000000E+00    0.000E+00
 1  2  0  0  0  0  0.00000000000000000E+00    0.000E+00
 1  2  0  0  1  0  0.00000000000000000E+00    0.000E+00
 1  1  0  0 -1  0  0.00000000000000000E+00    0.000E+00
 1  2  0  1  1  0  0.00000000000000000E+00    0.000E+00
 0  1  0 -1 -1  0  0.00000000000000000E+00    0.000E+00
 0  0  0 -1 -2  0  0.00000000000000000E+00    0.000E+00
 0  0  0  1  2  0 -9.73627329932304164E-01   -2.214E-06
 0  1  0  1  2  0 -9.81602437921479165E-01    5.768E-07
 1  1  0  1  2  0 -9.81098072306812008E-01   -8.073E-07
-1 -1  0  0  1  0 -9.76243430088184816E-01   -7.981E-07
 0 -1  0  1  1  0 -9.76891742551169173E-01    4.527E-07
-1 -2  0  0  0  0  0.00000000000000000E+00    0.000E+00
 1  2  0  1  2  0  0.00000000000000000E+00    0.000E+00
1 2 2  1 1 2
       49
 0  0  0  0  0  0  3.71271471710163392E-05   -6.482E-06
-1  0  0  0  0  0 -1.90898656668297972E-05   -8.755E-08
 1  0  0  0  0  0 -1.90898656668297972E-05   -8.755E-08
 0 -1  0  0  0  0  3.50250888186791551E-02    2.738E-06
 0  1  0  0  0  0  0.00000000000000000E+00    0.000E+00
-1 -1  0  0  0  0 -3.50240362345156583E-02    3.920E-06
 1  1  0  0  0  0  0.00000000000000000E+00    0.000E+00
 0  0  0 -1  0  0  0.00000000000000000E+00    0.000E+00
 0  0  0  1  0  0  0.00000000000000000E+00    0.000E+00
-1  0  0 -1  0  0  2.24641198799668818E-05    8.710E-08
 1  0  0  1  0  0  2.24641198799668818E-05    8.710E-08
 0  1  0 -1  0  0  0.00000000000000000E+00    0.000E+00
 0 -1  0  1  0  0  0.00000000000000000E+00    0.000E+00
-1 -1  0 -1  0  0  0.00000000000000000E+00    0.000E+00
 1  1  0  1  0  0  0.00000000000000000E+00    0.000E+00
 0  0  0  0 -1  0  0.00000000000000000E+00    0.000E+00
 0  0  0  0  1  0  4.21546008167111075E-01    1.298E-06
 1  0  0  0 -1  0  0.00000000000000000E+00    0.000E+00
-1  0  0  0  1  0  2.36474938615184802E-02    3.361E-08
 0 -1  0  0 -1  0  0.00000000000000000E+00    0.000E+00
 0  1  0  0  1  0  5.76154749771557659E-02    2.447E-06
-1 -1  0  0 -1  0  0.00000000000000000E+00    0.000E+00
 1  1  0  0  1  0  0.00000000000000000E+00    0.000E+00
 0  0  0 -1 -1  0  0.00000000000000000E+00    0.000E+00
 0  0  0  1  1  0 -4.21539259658684828E-01   -1.299E-06
-1  0  0 -1 -1  0  0.00000000000000000E+00    0.000E+00
 1  0  0  1  1  0 -2.36542423699437690E-02   -3.272E-08
 0 -1  0 -1 -1  0  0.00000000000000000E+00    0.000E+00
 0  1  0  1  1  0  0.00000000000000000E+00    0.000E+00
-1 -1  0 -1 -1  0  0.00000000000000000E+00    0.000E+00
 1  1  0  1  1  0 -5.76975303640857445E-02    3.861E-06
-1 -2  0 -1 -2  0  0.00000000000000000E+00    0.000E+00
 0 -1  0 -1 -2  0  0.00000000000000000E+00    0.000E+00
-1 -1  0 -1 -2  0  0.00000000000000000E+00    0.000E+00
-1 -2  0  0 -1  0  0.00000000000000000E+00    0.000E+00
-1 -2  0 -1 -1  0  0.00000000000000000E+00    0.000E+00
 1  2  0  0  0  0  0.00000000000000000E+00    0.000E+00
 1  2  0  0  1  0  0.00000000000000000E+00    0.000E+00
 1  1  0  0 -1  0  0.00000000000000000E+00    0.000E+00
 1  2  0  1  1  0  0.00000000000000000E+00    0.000E+00
 0  1  0 -1 -1  0  0.00000000000000000E+00    0.000E+00
 0  0  0 -1 -2  0  0.00000000000000000E+00    0.000E+00
 0  0  0  1  2  0 -4.38756555963329409E-05    6.483E-06
 0  1  0  1  2  0  2.07774177713839353E-02   -2.655E-06
 1  1  0  1  2  0 -2.07784703555467243E-02   -4.003E-06
-1 -1  0  0  1  0 -1.25361984671915269E-02   -3.778E-06
 0 -1  0  1  1  0  1.26182538541224493E-02   -2.530E-06
-1 -2  0  0  0  0  0.00000000000000000E+00    0.000E+00
 1  2  0  1  2  0  0.00000000000000000E+00    0.000E+00
1 2 3  1 1 2
       49
 0  0  0  0  0  0 -2.89566703264319776E-37   -2.590E-53
-1  0  0  0  0  0  2.38892537324601958E-36   -4.418E-42
 1  0  0  0  0  0  2.38892537324601958E-36   -4.418E-42
 0 -1  0  0  0  0 -5.21220079731335451E-36   -1.767E-41
 0  1  0  0  0  0  0.00000000000000000E+00    0.000E+00
-1 -1  0  0  0  0  4.34350075272303060E-37    8.837E-42
 1  1  0  0  0  0  0.00000000000000000E+00    0.000E+00
 0  0  0 -1  0  0  0.00000000000000000E+00    0.000E+00
 0  0  0  1  0  0  0.00000000000000000E+00    0.000E+00
-1  0  0 -1  0  0  2.24414201753869488E-36    4.418E-42
 1  0  0  1  0  0  2.24414201753869488E-36    4.418E-42
 0  1  0 -1  0  0  0.00000000000000000E+00    0.000E+00
 0 -1  0  1  0  0  0.00000000000000000E+00    0.000E+00
-1 -1  0 -1  0  0  0.00000000000000000E+00    0.000E+00
 1  1  0  1  0  0  0.00000000000000000E+00    0.000E+00
 0  0  0  0 -1  0  0.00000000000000000E+00    0.000E+00
 0  0  0  0  1  0 -5.79133414678968844E-37   -1.767E-41
 1  0  0  0 -1  0  0.00000000000000000E+00    0.000E+00
-1  0  0  0  1  0  5.06741745790668856E-36    8.837E-42
 0 -1  0  0 -1  0  0.00000000000000000E+00    0.000E+00
 0  1  0  0  1  0 -4.92263408589870511E-36    1.533E-51
-1 -1  0  0 -1  0  0.00000000000000000E+00    0.000E+00
 1  1  0  0  1  0  0.00000000000000000E+00    0.000E+00
 0  0  0 -1 -1  0  0.00000000000000000E+00    0.000E+00
 0  0  0  1  1  0  5.79133430979627594E-37    1.767E-41
-1  0  0 -1 -1  0  0.00000000000000000E+00    0.000E+00
 1  0  0  1  1  0  4.19871732366274035E-36   -8.837E-42
 0 -1  0 -1 -1  0  0.00000000000000000E+00    0.000E+00
 0  1  0  1  1  0  0.00000000000000000E+00    0.000E+00
-1 -1  0 -1 -1  0  0.00000000000000000E+00    0.000E+00
 1  1  0  1  1  0 -1.44783347556995242E-37    8.837E-42
-1 -2  0 -1 -2  0  0.00000000000000000E+00    0.000E+00
 0 -1  0 -1 -2  0  0.00000000000000000E+00    0.000E+00
-1 -1  0 -1 -2  0  0.00000000000000000E+00    0.000E+00
-1 -2  0  0 -1  0  0.00000000000000000E+00    0.000E+00
-1 -2  0 -1 -1  0  0.00000000000000000E+00    0.000E+00
 1  2  0  0  0  0  0.00000000000000000E+00    0.000E+00
 1  2  0  0  1  0  0.00000000000000000E+00    0.000E+00
 1  1  0  0 -1  0  0.00000000000000000E+00    0.000E+00
 1  2  0  1  1  0  0.00000000000000000E+00    0.000E+00
 0  1  0 -1 -1  0  0.00000000000000000E+00    0.000E+00
 0  0  0 -1 -2  0  0.00000000000000000E+00    0.000E+00
 0  0  0  1  2  0  2.89566719564978526E-37    2.730E-53
 0  1  0  1  2  0 -4.05393395165475690E-36    1.767E-41
 1  1  0  1  2  0 -4.34350058971644310E-37   -8.837E-42
-1 -1  0  0  1  0  1.44783363857653992E-37   -8.837E-42
 0 -1  0  1  1  0 -4.34350066306940631E-36    1.528E-51
-1 -2  0  0  0  0  0.00000000000000000E+00    0.000E+00
 1  2  0  1  2  0  0.00000000000000000E+00    0.000E+00
1 3 1  1 1 2
       49
 0  0  0  0  0  0  1.66079817994052291E-45   -4.795E-53
-1  0  0  0  0  0  8.30399089970261455E-46   -2.397E-53
 1  0  0  0  0  0  8.30399089970261455E-46   -2.397E-53
 0 -1  0  0  0  0  1.66079817994052291E-45   -4.795E-53
 0  1  0  0  0  0  0.00000000000000000E+00    0.000E+00
-1 -1  0  0  0  0  1.66079817994052291E-45   -4.795E-53
 1  1  0  0  0  0  0.00000000000000000E+00    0.000E+00
 0  0  0 -1  0  0  0.00000000000000000E+00    0.000E+00
 0  0  0  1  0  0  0.00000000000000000E+00    0.000E+00
-1  0  0 -1  0  0  8.30399089970261455E-46   -2.397E-53
 1  0  0  1  0  0  8.30399089970261455E-46   -2.397E-53
 0  1  0 -1  0  0  0.00000000000000000E+00    0.000E+00
 0 -1  0  1  0  0  0.00000000000000000E+00    0.000E+00
-1 -1  0 -1  0  0  0.00000000000000000E+00    0.000E+00
 1  1  0  1  0  0  0.00000000000000000E+00    0.000E+00
 0  0  0  0 -1  0  0.00000000000000000E+00    0.000E+00
 0  0  0  0  1  0  1.66079817994052291E-45   -4.795E-53
 1  0  0  0 -1  0  0.00000000000000000E+00    0.000E+00
-1  0  0  0  1  0  1.66079817994052291E-45   -4.795E-53
 0 -1  0  0 -1  0  0.00000000000000000E+00    0.000E+00
 0  1  0  0  1  0  1.66079817994052291E-45   -4.795E-53
-1 -1  0  0 -1  0  0.00000000000000000E+00    0.000E+00
 1  1  0  0  1  0  0.00000000000000000E+00    0.000E+00
 0  0  0 -1 -1  0  0.00000000000000000E+00    0.000E+00
 0  0  0  1  1  0  1.66079817994052291E-45   -4.795E-53
-1  0  0 -1 -1  0  0.00000000000000000E+00    0.000E+00
 1  0  0  1  1  0  1.66079817994052291E-45   -4.795E-53
 0 -1  0 -1 -1  0  0.00000000000000000E+00    0.000E+00
 0  1  0  1  1  0  0.00000000000000000E+00    0.000E+00
-1 -1  0 -1 -1  0  0.00000000000000000E+00    0.000E+00
 1  1  0  1  1  0  1.66079817994052291E-45   -4.795E-53
-1 -2  0 -1 -2  0  0.00000000000000000E+00    0.000E+00
 0 -1  0 -1 -2  0  0.00000000000000000E+00    0.000E+00
-1 -1  0 -1 -2  0  0.00000000000000000E+00    0.000E+00
-1 -2  0  0 -1  0  0.00000000000000000E+00    0.000E+00
-1 -2  0 -1 -1  0  0.00000000000000000E+00    0.000E+00
 1  2  0  0  0  0  0.00000000000000000E+00    0.000E+00
 1  2  0  0  1  0  0.00000000000000000E+00    0.000E+00
 1  1  0  0 -1  0  0.00000000000000000E+00    0.000E+00
 1  2  0  1  1  0  0.00000000000000000E+00    0.000E+00
 0  1  0 -1 -1  0  0.00000000000000000E+00    0.000E+00
 0  0  0 -1 -2  0  0.00000000000000000E+00    0.000E+00
 0  0  0  1  2  0  1.66079817994052291E-45   -4.795E-53
 0  1  0  1  2  0  1.66079817994052291E-45   -4.795E-53
 1  1  0  1  2  0  1.66079817994052291E-45   -4.795E-53
-1 -1  0  0  1  0  1.66079817994052291E-45   -4.795E-53
 0 -1  0  1  1  0  1.66079817994052291E-45   -4.795E-53
-1 -2  0  0  0  0  0.00000000000000000E+00    0.000E+00
 1  2  0  1  2  0  0.00000000000000000E+00    0.000E+00
1 3 2  1 1 2
       49
 0  0  0  0  0  0 -5.79133420911577930E-37    8.427E-48
-1  0  0  0  0  0  2.89566712373509421E-37   -4.277E-54
 1  0  0  0  0  0  2.89566712373509421E-37   -4.277E-54
 0 -1  0  0  0  0 -5.79133420911577428E-37   -8.428E-48
 0  1  0  0  0  0  0.00000000000000000E+00    0.000E+00
-1 -1  0  0  0  0  5.79133424747018341E-37    2.486E-52
 1  1  0  0  0  0  0.00000000000000000E+00    0.000E+00
 0  0  0 -1  0  0  0.00000000000000000E+00    0.000E+00
 0  0  0  1  0  0  0.00000000000000000E+00    0.000E+00
-1  0  0 -1  0  0  2.89566712373513263E-37    4.214E-48
 1  0  0  1  0  0  2.89566712373513263E-37    4.214E-48
 0  1  0 -1  0  0  0.00000000000000000E+00    0.000E+00
 0 -1  0  1  0  0  0.00000000000000000E+00    0.000E+00
-1 -1  0 -1  0  0  0.00000000000000000E+00    0.000E+00
 1  1  0  1  0  0  0.00000000000000000E+00    0.000E+00
 0  0  0  0 -1  0  0.00000000000000000E+00    0.000E+00
 0  0  0  0  1  0 -5.79133420911577428E-37   -8.428E-48
 1  0  0  0 -1  0  0.00000000000000000E+00    0.000E+00
-1  0  0  0  1  0  5.79133424747018341E-37   -8.555E-54
 0 -1  0  0 -1  0  0.00000000000000000E+00    0.000E+00
 0  1  0  0  1  0 -5.79133420911577930E-37    8.427E-48
-1 -1  0  0 -1  0  0.00000000000000000E+00    0.000E+00
 1  1  0  0  1  0  0.00000000000000000E+00    0.000E+00
 0  0  0 -1 -1  0  0.00000000000000000E+00    0.000E+00
 0  0  0  1  1  0 -5.79133420911569744E-37   -7.948E-53
-1  0  0 -1 -1  0  0.00000000000000000E+00    0.000E+00
 1  0  0  1  1  0  5.79133424747027028E-37   -8.428E-48
 0 -1  0 -1 -1  0  0.00000000000000000E+00    0.000E+00
 0  1  0  1  1  0  0.00000000000000000E+00    0.000E+00
-1 -1  0 -1 -1  0  0.00000000000000000E+00    0.000E+00
 1  1  0  1  1  0  5.79133424747026526E-37    8.428E-48
-1 -2  0 -1 -2  0  0.00000000000000000E+00    0.000E+00
 0 -1  0 -1 -2  0  0.00000000000000000E+00    0.000E+00
-1 -1  0 -1 -2  0  0.00000000000000000E+00    0.000E+00
-1 -2  0  0 -1  0  0.00000000000000000E+00    0.000E+00
-1 -2  0 -1 -1  0  0.00000000000000000E+00    0.000E+00
 1  2  0  0  0  0  0.00000000000000000E+00    0.000E+00
 1  2  0  0  1  0  0.00000000000000000E+00    0.000E+00
 1  1  0  0 -1  0  0.00000000000000000E+00    0.000E+00
 1  2  0  1  1  0  0.00000000000000000E+00    0.000E+00
 0  1  0 -1 -1  0  0.00000000000000000E+00    0.000E+00
 0  0  0 -1 -2  0  0.00000000000000000E+00    0.000E+00
 0  0  0  1  2  0 -5.79133420911569243E-37   -7.948E-53
 0  1  0  1  2  0 -5.79133420911569744E-37   -2.815E-52
 1  1  0  1  2  0  5.79133424747027028E-37   -8.427E-48
-1 -1  0  0  1  0  5.79133424747018842E-37    2.486E-52
 0 -1  0  1  1  0 -5.79133420911569243E-37   -2.815E-52
-1 -2  0  0  0  0  0.00000000000000000E+00    0.000E+00
 1  2  0  1  2  0  0.00000000000000000E+00    0.000E+00
1 3 3  1 1 2
       49
 0  0  0  0  0  0  3.19631128825777211E-06    1.390E-06
-1  0  0  0  0  0 -3.63103897028309308E-04   -2.128E-08
 1  0  0  0  0  0 -3.63103897028309308E-04   -2.128E-08
 0 -1  0  0  0  0 -3.94624331258036469E-03   -4.904E-07
 0  1  0  0  0  0  0.00000000000000000E+00    0.000E+00
-1 -1  0  0  0  0  4.66925479534872033E-03   -8.575E-07
 1  1  0  0  0  0  0.00000000000000000E+00    0.000E+00
 0  0  0 -1  0  0  0.00000000000000000E+00    0.000E+00
 0  0  0  1  0  0  0.00000000000000000E+00    0.000E+00
-1  0  0 -1  0  0 -1.45583012554906244E-06    7.917E-08
 1  0  0  1  0  0 -1.45583012554906244E-06    7.917E-08
 0  1  0 -1  0  0  0.00000000000000000E+00    0.000E+00
 0 -1  0  1  0  0  0.00000000000000000E+00    0.000E+00
-1 -1  0 -1  0  0  0.00000000000000000E+00    0.000E+00
 1  1  0  1  0  0  0.00000000000000000E+00    0.000E+00
 0  0  0  0 -1  0  0.00000000000000000E+00    0.000E+00
 0  0  0  0  1  0 -9.67270511456980314E-02   -2.471E-07
 1  0  0  0 -1  0  0.00000000000000000E+00    0.000E+00
-1  0  0  0  1  0  1.21550582256314474E-03   -5.311E-08
 0 -1  0  0 -1  0  0.00000000000000000E+00    0.000E+00
 0  1  0  0  1  0 -3.45708249873781515E-03   -6.529E-07
-1 -1  0  0 -1  0  0.00000000000000000E+00    0.000E+00
 1  1  0  0  1  0  0.00000000000000000E+00    0.000E+00
 0  0  0 -1 -1  0  0.00000000000000000E+00    0.000E+00
 0  0  0  1  1  0  9.59979316913903008E-02    3.628E-07
-1  0  0 -1 -1  0  0.00000000000000000E+00    0.000E+00
 1  0  0  1  1  0 -4.86386368255431467E-04   -6.267E-08
 0 -1  0 -1 -1  0  0.00000000000000000E+00    0.000E+00
 0  1  0  1  1  0  0.00000000000000000E+00    0.000E+00
-1 -1  0 -1 -1  0  0.00000000000000000E+00    0.000E+00
 1  1  0  1  1  0  3.45679784770065897E-03   -8.958E-07
-1 -2  0 -1 -2  0  0.00000000000000000E+00    0.000E+00
 0 -1  0 -1 -2  0  0.00000000000000000E+00    0.000E+00
-1 -1  0 -1 -2  0  0.00000000000000000E+00    0.000E+00
-1 -2  0  0 -1  0  0.00000000000000000E+00    0.000E+00
-1 -2  0 -1 -1  0  0.00000000000000000E+00    0.000E+00
 1  2  0  0  0  0  0.00000000000000000E+00    0.000E+00
 1  2  0  0  1  0  0.00000000000000000E+00    0.000E+00
 1  1  0  0 -1  0  0.00000000000000000E+00    0.000E+00
 1  2  0  1  1  0  0.00000000000000000E+00    0.000E+00
 0  1  0 -1 -1  0  0.00000000000000000E+00    0.000E+00
 0  0  0 -1 -2  0  0.00000000000000000E+00    0.000E+00
 0  0  0  1  2  0  7.25923143019457234E-04   -1.506E-06
 0  1  0  1  2  0 -1.06250678627272874E-03    5.477E-07
 1  1  0  1  2  0  3.39495303504369628E-04    8.001E-07
-1 -1  0  0  1  0 -5.66974489790935798E-03    9.531E-07
 0 -1  0  1  1  0  5.67002954894651849E-03    5.956E-07
-1 -2  0  0  0  0  0.00000000000000000E+00    0.000E+00
 1  2  0  1  2  0  0.00000000000000000E+00    0.000E+00
2 1 1  1 1 2
       49
 0  0  0  0  0  0 -1.05824220372938860E+00   -2.790E-06
-1  0  0  0  0  0 -5.01367578328980823E-01    1.222E-06
 1  0  0  0  0  0 -5.01367578328980823E-01    1.222E-06
 0 -1  0  0  0  0 -9.20174030251159181E-01   -3.516E-07
 0  1  0  0  0  0  0.00000000000000000E+00    0.000E+00
-1 -1  0  0  0  0 -9.19549822015477414E-01    6.970E-07
 1  1  0  0  0  0  0.00000000000000000E+00    0.000E+00
 0  0  0 -1  0  0  0.00000000000000000E+00    0.000E+00
 0  0  0  1  0  0  0.00000000000000000E+00    0.000E+00
-1  0  0 -1  0  0 -5.06150247091830985E-01    1.280E-06
 1  0  0  1  0  0 -5.06150247091830985E-01    1.280E-06
 0  1  0 -1  0  0  0.00000000000000000E+00    0.000E+00
 0 -1  0  1  0  0  0.00000000000000000E+00    0.000E+00
-1 -1  0 -1  0  0  0.00000000000000000E+00    0.000E+00
 1  1  0  1  0  0  0.00000000000000000E+00    0.000E+00
 0  0  0  0 -1  0  0.00000000000000000E+00    0.000E+00
 0  0  0  0  1  0 -1.78829676324658071E+00    3.820E-06
 1  0  0  0 -1  0  0.00000000000000000E+00    0.000E+00
-1  0  0  0  1  0 -1.02118201244599383E+00   -2.334E-06
 0 -1  0  0 -1  0  0.00000000000000000E+00    0.000E+00
 0  1  0  0  1  0 -9.59301727814965144E-01   -6.779E-07
-1 -1  0  0 -1  0  0.00000000000000000E+00    0.000E+00
 1  1  0  0  1  0  0.00000000000000000E+00    0.000E+00
 0  0  0 -1 -1  0  0.00000000000000000E+00    0.000E+00
 0  0  0  1  1  0 -1.78714408516892953E+00    1.185E-06
-1  0  0 -1 -1  0  0.00000000000000000E+00    0.000E+00
 1  0  0  1  1  0 -1.02005343859564479E+00   -2.670E-06
 0 -1  0 -1 -1  0  0.00000000000000000E+00    0.000E+00
 0  1  0  1  1  0  0.00000000000000000E+00    0.000E+00
-1 -1  0 -1 -1  0  0.00000000000000000E+00    0.000E+00
 1  1  0  1  1  0 -9.61078614128297870E-01    9.084E-07
-1 -2  0 -1 -2  0  0.00000000000000000E+00    0.000E+00
 0 -1  0 -1 -2  0  0.00000000000000000E+00    0.000E+00
-1 -1  0 -1 -2  0  0.00000000000000000E+00    0.000E+00
-1 -2  0  0 -1  0  0.00000000000000000E+00    0.000E+00
-1 -2  0 -1 -1  0  0.00000000000000000E+00    0.000E+00
 1  2  0  0  0  0  0.00000000000000000E+00    0.000E+00
 1  2  0  0  1  0  0.00000000000000000E+00    0.000E+00
 1  1  0  0 -1  0  0.00000000000000000E+00    0.000E+00
 1  2  0  1  1  0  0.00000000000000000E+00    0.000E+00
 0  1  0 -1 -1  0  0.00000000000000000E+00    0.000E+00
 0  0  0 -1 -2  0  0.00000000000000000E+00    0.000E+00
 0  0  0  1  2  0 -9.73627329932303942E-01   -2.214E-06
 0  1  0  1  2  0 -9.76891742551169395E-01    4.527E-07
 1  1  0  1  2  0 -9.76243430088184816E-01   -7.981E-07
-1 -1  0  0  1  0 -9.81098072306811897E-01   -8.073E-07
 0 -1  0  1  1  0 -9.81602437921479165E-01    5.768E-07
-1 -2  0  0  0  0  0.00000000000000000E+00    0.000E+00
 1  2  0  1  2  0  0.00000000000000000E+00    0.000E+00
2 1 2  1 1 2
       49
 0  0  0  0  0  0  3.71271471710024614E-05   -6.482E-06
-1  0  0  0  0  0  2.24641198799634123E-05    8.710E-08
 1  0  0  0  0  0  2.24641198799634123E-05    8.710E-08
 0 -1  0  0  0  0  5.76154749771557520E-02    2.447E-06
 0  1  0  0  0  0  0.00000000000000000E+00    0.000E+00
-1 -1  0  0  0  0 -5.76975303640857376E-02    3.861E-06
 1  1  0  0  0  0  0.00000000000000000E+00    0.000E+00
 0  0  0 -1  0  0  0.00000000000000000E+00    0.000E+00
 0  0  0  1  0  0  0.00000000000000000E+00    0.000E+00
-1  0  0 -1  0  0 -1.90898656668263278E-05   -8.755E-08
 1  0  0  1  0  0 -1.90898656668263278E-05   -8.755E-08
 0  1  0 -1  0  0  0.00000000000000000E+00    0.000E+00
 0 -1  0  1  0  0  0.00000000000000000E+00    0.000E+00
-1 -1  0 -1  0  0  0.00000000000000000E+00    0.000E+00
 1  1  0  1  0  0  0.00000000000000000E+00    0.000E+00
 0  0  0  0 -1  0  0.00000000000000000E+00    0.000E+00
 0  0  0  0  1  0  4.21546008167111019E-01    1.298E-06
 1  0  0  0 -1  0  0.00000000000000000E+00    0.000E+00
-1  0  0  0  1  0 -2.36542423699437655E-02   -3.272E-08
 0 -1  0  0 -1  0  0.00000000000000000E+00    0.000E+00
 0  1  0  0  1  0  3.50250888186791967E-02    2.738E-06
-1 -1  0  0 -1  0  0.00000000000000000E+00    0.000E+00
 1  1  0  0  1  0  0.00000000000000000E+00    0.000E+00
 0  0  0 -1 -1  0  0.00000000000000000E+00    0.000E+00
 0  0  0  1  1  0 -4.21539259658684828E-01   -1.299E-06
-1  0  0 -1 -1  0  0.00000000000000000E+00    0.000E+00
 1  0  0  1  1  0  2.36474938615184697E-02    3.361E-08
 0 -1  0 -1 -1  0  0.00000000000000000E+00    0.000E+00
 0  1  0  1  1  0  0.00000000000000000E+00    0.000E+00
-1 -1  0 -1 -1  0  0.00000000000000000E+00    0.000E+00
 1  1  0  1  1  0 -3.50240362345156722E-02    3.920E-06
-1 -2  0 -1 -2  0  0.00000000000000000E+00    0.000E+00
 0 -1  0 -1 -2  0  0.00000000000000000E+00    0.000E+00
-1 -1  0 -1 -2  0  0.00000000000000000E+00    0.000E+00
-1 -2  0  0 -1  0  0.00000000000000000E+00    0.000E+00
-1 -2  0 -1 -1  0  0.00000000000000000E+00    0.000E+00
 1  2  0  0  0  0  0.00000000000000000E+00    0.000E+00
 1  2  0  0  1  0  0.00000000000000000E+00    0.000E+00
 1  1  0  0 -1  0  0.00000000000000000E+00    0.000E+00
 1  2  0  1  1  0  0.00000000000000000E+00    0.000E+00
 0  1  0 -1 -1  0  0.00000000000000000E+00    0.000E+00
 0  0  0 -1 -2  0  0.00000000000000000E+00    0.000E+00
 0  0  0  1  2  0 -4.38756555963468187E-05    6.483E-06
 0  1  0  1  2  0  1.26182538541224423E-02   -2.530E-06
 1  1  0  1  2  0 -1.25361984671915408E-02   -3.778E-06
-1 -1  0  0  1  0 -2.07784703555467312E-02   -4.003E-06
 0 -1  0  1  1  0  2.07774177713839284E-02   -2.655E-06
-1 -2  0  0  0  0  0.00000000000000000E+00    0.000E+00
 1  2  0  1  2  0  0.00000000000000000E+00    0.000E+00
2 1 3  1 1 2
       49
 0  0  0  0  0  0 -2.89566703264319860E-37   -2.590E-53
-1  0  0  0  0  0  2.24414201753869521E-36    4.418E-42
 1  0  0  0  0  0  2.24414201753869521E-36    4.418E-42
 0 -1  0  0  0  0 -4.92263408589870444E-36    1.533E-51
 0  1  0  0  0  0  0.00000000000000000E+00    0.000E+00
-1 -1  0  0  0  0 -1.44783347556995117E-37    8.837E-42
 1  1  0  0  0  0  0.00000000000000000E+00    0.000E+00
 0  0  0 -1  0  0  0.00000000000000000E+00    0.000E+00
 0  0  0  1  0  0  0.00000000000000000E+00    0.000E+00
-1  0  0 -1  0  0  2.38892537324601925E-36   -4.418E-42
 1  0  0  1  0  0  2.38892537324601925E-36   -4.418E-42
 0  1  0 -1  0  0  0.00000000000000000E+00    0.000E+00
 0 -1  0  1  0  0  0.00000000000000000E+00    0.000E+00
-1 -1  0 -1  0  0  0.00000000000000000E+00    0.000E+00
 1  1  0  1  0  0  0.00000000000000000E+00    0.000E+00
 0  0  0  0 -1  0  0.00000000000000000E+00    0.000E+00
 0  0  0  0  1  0 -5.79133414678968927E-37   -1.767E-41
 1  0  0  0 -1  0  0.00000000000000000E+00    0.000E+00
-1  0  0  0  1  0  4.19871732366274102E-36   -8.837E-42
 0 -1  0  0 -1  0  0.00000000000000000E+00    0.000E+00
 0  1  0  0  1  0 -5.21220079731335384E-36   -1.767E-41
-1 -1  0  0 -1  0  0.00000000000000000E+00    0.000E+00
 1  1  0  0  1  0  0.00000000000000000E+00    0.000E+00
 0  0  0 -1 -1  0  0.00000000000000000E+00    0.000E+00
 0  0  0  1  1  0  5.79133430979627677E-37    1.767E-41
-1  0  0 -1 -1  0  0.00000000000000000E+00    0.000E+00
 1  0  0  1  1  0  5.06741745790668789E-36    8.837E-42
 0 -1  0 -1 -1  0  0.00000000000000000E+00    0.000E+00
 0  1  0  1  1  0  0.00000000000000000E+00    0.000E+00
-1 -1  0 -1 -1  0  0.00000000000000000E+00    0.000E+00
 1  1  0  1  1  0  4.34350075272302977E-37    8.837E-42
-1 -2  0 -1 -2  0  0.00000000000000000E+00    0.000E+00
 0 -1  0 -1 -2  0  0.00000000000000000E+00    0.000E+00
-1 -1  0 -1 -2  0  0.00000000000000000E+00    0.000E+00
-1 -2  0  0 -1  0  0.00000000000000000E+00    0.000E+00
-1 -2  0 -1 -1  0  0.00000000000000000E+00    0.000E+00
 1  2  0  0  0  0  0.00000000000000000E+00    0.000E+00
 1  2  0  0  1  0  0.00000000000000000E+00    0.000E+00
 1  1  0  0 -1  0  0.00000000000000000E+00    0.000E+00
 1  2  0  1  1  0  0.00000000000000000E+00    0.000E+00
 0  1  0 -1 -1  0  0.00000000000000000E+00    0.000E+00
 0  0  0 -1 -2  0  0.00000000000000000E+00    0.000E+00
 0  0  0  1  2  0  2.89566719564978610E-37   -7.909E-53
 0  1  0  1  2  0 -4.34350066306940697E-36    1.454E-51
 1  1  0  1  2  0  1.44783363857653867E-37   -8.837E-42
-1 -1  0  0  1  0 -4.34350058971644226E-37   -8.837E-42
 0 -1  0  1  1  0 -4.05393395165475757E-36    1.767E-41
-1 -2  0  0  0  0  0.00000000000000000E+00    0.000E+00
 1  2  0  1  2  0  0.00000000000000000E+00    0.000E+00
2 2 1  1 1 2
       49
 0  0  0  0  0  0 -5.49111304066429717E-04   -6.258E-06
-1  0  0  0  0  0  2.74648186577675785E-04   -4.371E-08
 1  0  0  0  0  0  2.74648186577675785E-04   -4.371E-08
 0 -1  0  0  0  0 -2.10850361251111312E-02    2.538E-06
 0  1  0  0  0  0  0.00000000000000000E+00    0.000E+00
-1 -1  0  0  0  0  2.10848510560219179E-02    3.807E-06
 1  1  0  0  0  0  0.00000000000000000E+00    0.000E+00
 0  0  0 -1  0  0  0.00000000000000000E+00    0.000E+00
 0  0  0  1  0  0  0.00000000000000000E+00    0.000E+00
-1  0  0 -1  0  0  2.74648186577682724E-04   -4.371E-08
 1  0  0  1  0  0  2.74648186577682724E-04   -4.371E-08
 0  1  0 -1  0  0  0.00000000000000000E+00    0.000E+00
 0 -1  0  1  0  0  0.00000000000000000E+00    0.000E+00
-1 -1  0 -1  0  0  0.00000000000000000E+00    0.000E+00
 1  1  0  1  0  0  0.00000000000000000E+00    0.000E+00
 0  0  0  0 -1  0  0.00000000000000000E+00    0.000E+00
 0  0  0  0  1  0  3.93486853397366498E-01    1.182E-06
 1  0  0  0 -1  0  0.00000000000000000E+00    0.000E+00
-1  0  0  0  1  0 -5.49296373155573614E-04    8.741E-08
 0 -1  0  0 -1  0  0.00000000000000000E+00    0.000E+00
 0  1  0  0  1  0 -2.10850361251111382E-02    2.538E-06
-1 -1  0  0 -1  0  0.00000000000000000E+00    0.000E+00
 1  1  0  0  1  0  0.00000000000000000E+00    0.000E+00
 0  0  0 -1 -1  0  0.00000000000000000E+00    0.000E+00
 0  0  0  1  1  0 -3.92388260651055865E-01   -1.356E-06
-1  0  0 -1 -1  0  0.00000000000000000E+00    0.000E+00
 1  0  0  1  1  0 -5.49296373155573614E-04    8.741E-08
 0 -1  0 -1 -1  0  0.00000000000000000E+00    0.000E+00
 0  1  0  1  1  0  0.00000000000000000E+00    0.000E+00
-1 -1  0 -1 -1  0  0.00000000000000000E+00    0.000E+00
 1  1  0  1  1  0  2.10848510560219318E-02    3.807E-06
-1 -2  0 -1 -2  0  0.00000000000000000E+00    0.000E+00
 0 -1  0 -1 -2  0  0.00000000000000000E+00    0.000E+00
-1 -1  0 -1 -2  0  0.00000000000000000E+00    0.000E+00
-1 -2  0  0 -1  0  0.00000000000000000E+00    0.000E+00
-1 -2  0 -1 -1  0  0.00000000000000000E+00    0.000E+00
 1  2  0  0  0  0  0.00000000000000000E+00    0.000E+00
 1  2  0  0  1  0  0.00000000000000000E+00    0.000E+00
 1  1  0  0 -1  0  0.00000000000000000E+00    0.000E+00
 1  2  0  1  1  0  0.00000000000000000E+00    0.000E+00
 0  1  0 -1 -1  0  0.00000000000000000E+00    0.000E+00
 0  0  0 -1 -2  0  0.00000000000000000E+00    0.000E+00
 0  0  0  1  2  0 -5.49481442244592611E-04    6.433E-06
 0  1  0  1  2  0 -2.83627463425714030E-02   -2.538E-06
 1  1  0  1  2  0  2.83629314116604150E-02   -3.807E-06
-1 -1  0  0  1  0  2.83629314116604150E-02   -3.807E-06
 0 -1  0  1  1  0 -2.83627463425713891E-02   -2.538E-06
-1 -2  0  0  0  0  0.00000000000000000E+00    0.000E+00
 1  2  0  1  2  0  0.00000000000000000E+00    0.000E+00
2 2 2  1 1 2
       49
 0  0  0  0  0  0  2.97310033313884681E+00   -2.000E-07
-1  0  0  0  0  0  4.91129191979430668E-01    1.735E-06
 1  0  0  0  0  0  4.91129191979430668E-01    1.735E-06
 0 -1  0  0  0  0  1.00779269751706035E+00    6.537E-06
 0  1  0  0  0  0  0.00000000000000000E+00    0.000E+00
-1 -1  0  0  0  0  1.00781169459503595E+00   -9.806E-06
 1  1  0  0  0  0  0.00000000000000000E+00    0.000E+00
 0  0  0 -1  0  0  0.00000000000000000E+00    0.000E+00
 0  0  0  1  0  0  0.00000000000000000E+00    0.000E+00
-1  0  0 -1  0  0  4.91129191979430724E-01    1.735E-06
 1  0  0  1  0  0  4.91129191979430724E-01    1.735E-06
 0  1  0 -1  0  0  0.00000000000000000E+00    0.000E+00
 0 -1  0  1  0  0  0.00000000000000000E+00    0.000E+00
-1 -1  0 -1  0  0  0.00000000000000000E+00    0.000E+00
 1  1  0  1  0  0  0.00000000000000000E+00    0.000E+00
 0  0  0  0 -1  0  0.00000000000000000E+00    0.000E+00
 0  0  0  0  1  0  8.30506378790028865E-01   -1.287E-05
 1  0  0  0 -1  0  0.00000000000000000E+00    0.000E+00
-1  0  0  0  1  0  8.84673384675112140E-01   -3.469E-06
 0 -1  0  0 -1  0  0.00000000000000000E+00    0.000E+00
 0  1  0  0  1  0  1.00779269751706035E+00    6.537E-06
-1 -1  0  0 -1  0  0.00000000000000000E+00    0.000E+00
 1  1  0  0  1  0  0.00000000000000000E+00    0.000E+00
 0  0  0 -1 -1  0  0.00000000000000000E+00    0.000E+00
 0  0  0  1  1  0  8.30468384634076018E-01    1.981E-05
-1  0  0 -1 -1  0  0.00000000000000000E+00    0.000E+00
 1  0  0  1  1  0  8.84673384675112251E-01   -3.469E-06
 0 -1  0 -1 -1  0  0.00000000000000000E+00    0.000E+00
 0  1  0  1  1  0  0.00000000000000000E+00    0.000E+00
-1 -1  0 -1 -1  0  0.00000000000000000E+00    0.000E+00
 1  1  0  1  1  0  1.00781169459503639E+00   -9.806E-06
-1 -2  0 -1 -2  0  0.00000000000000000E+00    0.000E+00
 0 -1  0 -1 -2  0  0.00000000000000000E+00    0.000E+00
-1 -1  0 -1 -2  0  0.00000000000000000E+00    0.000E+00
-1 -2  0  0 -1  0  0.00000000000000000E+00    0.000E+00
-1 -2  0 -1 -1  0  0.00000000000000000E+00    0.000E+00
 1  2  0  0  0  0  0.00000000000000000E+00    0.000E+00
 1  2  0  0  1  0  0.00000000000000000E+00    0.000E+00
 1  1  0  0 -1  0  0.00000000000000000E+00    0.000E+00
 1  2  0  1  1  0  0.00000000000000000E+00    0.000E+00
 0  1  0 -1 -1  0  0.00000000000000000E+00    0.000E+00
 0  0  0 -1 -2  0  0.00000000000000000E+00    0.000E+00
 0  0  0  1  2  0  9.73235285513454840E-01   -6.739E-06
 0  1  0  1  2  0  9.91794162905738630E-01   -6.537E-06
 1  1  0  1  2  0  9.91775165827762373E-01    9.806E-06
-1 -1  0  0  1  0  9.91775165827762484E-01    9.806E-06
 0 -1  0  1  1  0  9.91794162905738741E-01   -6.537E-06
-1 -2  0  0  0  0  0.00000000000000000E+00    0.000E+00
 1  2  0  1  2  0  0.00000000000000000E+00    0.000E+00
2 2 3  1 1 2
       49
 0  0  0  0  0  0  4.59748900962874839E-36   -1.531E-41
-1  0  0  0  0  0  5.26621468822310418E-36    3.893E-47
 1  0  0  0  0  0  5.26621468822310418E-36    3.893E-47
 0 -1  0  0  0  0 -1.11175643560287578E-35   -5.102E-42
 0  1  0  0  0  0  0.00000000000000000E+00    0.000E+00
-1 -1  0  0  0  0 -5.51698682677848100E-36   -1.020E-41
 1  1  0  0  0  0  0.00000000000000000E+00    0.000E+00
 0  0  0 -1  0  0  0.00000000000000000E+00    0.000E+00
 0  0  0  1  0  0  0.00000000000000000E+00    0.000E+00
-1  0  0 -1  0  0  5.26621468822310418E-36    3.893E-47
 1  0  0  1  0  0  5.26621468822310418E-36    3.893E-47
 0  1  0 -1  0  0  0.00000000000000000E+00    0.000E+00
 0 -1  0  1  0  0  0.00000000000000000E+00    0.000E+00
-1 -1  0 -1  0  0  0.00000000000000000E+00    0.000E+00
 1  1  0  1  0  0  0.00000000000000000E+00    0.000E+00
 0  0  0  0 -1  0  0.00000000000000000E+00    0.000E+00
 0  0  0  0  1  0  5.26621468476310937E-36    5.102E-42
 1  0  0  0 -1  0  0.00000000000000000E+00    0.000E+00
-1  0  0  0  1  0  1.08667922140133875E-35   -7.785E-47
 0 -1  0  0 -1  0  0.00000000000000000E+00    0.000E+00
 0  1  0  0  1  0 -1.11175643560287578E-35   -5.102E-42
-1 -1  0  0 -1  0  0.00000000000000000E+00    0.000E+00
 1  1  0  0  1  0  0.00000000000000000E+00    0.000E+00
 0  0  0 -1 -1  0  0.00000000000000000E+00    0.000E+00
 0  0  0  1  1  0  5.76775894111387943E-36   -5.102E-42
-1  0  0 -1 -1  0  0.00000000000000000E+00    0.000E+00
 1  0  0  1  1  0  1.08667922140133875E-35   -7.785E-47
 0 -1  0 -1 -1  0  0.00000000000000000E+00    0.000E+00
 0  1  0  1  1  0  0.00000000000000000E+00    0.000E+00
-1 -1  0 -1 -1  0  0.00000000000000000E+00    0.000E+00
 1  1  0  1  1  0 -5.51698682677847967E-36   -1.020E-41
-1 -2  0 -1 -2  0  0.00000000000000000E+00    0.000E+00
 0 -1  0 -1 -2  0  0.00000000000000000E+00    0.000E+00
-1 -1  0 -1 -2  0  0.00000000000000000E+00    0.000E+00
-1 -2  0  0 -1  0  0.00000000000000000E+00    0.000E+00
-1 -2  0 -1 -1  0  0.00000000000000000E+00    0.000E+00
 1  2  0  0  0  0  0.00000000000000000E+00    0.000E+00
 1  2  0  0  1  0  0.00000000000000000E+00    0.000E+00
 1  1  0  0 -1  0  0.00000000000000000E+00    0.000E+00
 1  2  0  1  1  0  0.00000000000000000E+00    0.000E+00
 0  1  0 -1 -1  0  0.00000000000000000E+00    0.000E+00
 0  0  0 -1 -2  0  0.00000000000000000E+00    0.000E+00
 0  0  0  1  2  0  5.76775894111388210E-36    1.531E-41
 0  1  0  1  2  0 -1.02816572621108073E-35    5.102E-42
 1  1  0  1  2  0 -5.18262398921129784E-36    1.020E-41
-1 -1  0  0  1  0 -5.18262398921129918E-36    1.020E-41
 0 -1  0  1  1  0 -1.02816572621108073E-35    5.102E-42
-1 -2  0  0  0  0  0.00000000000000000E+00    0.000E+00
 1  2  0  1  2  0  0.00000000000000000E+00    0.000E+00
2 3 1  1 1 2
       49
 0  0  0  0  0  0  5.79133423308729314E-37   -1.697E-53
-1  0  0  0  0  0  2.89566711654364657E-37   -8.484E-54
 1  0  0  0  0  0  2.89566711654364657E-37   -8.484E-54
 0 -1  0  0  0  0 -5.79133422349866956E-37    5.683E-52
 0  1  0  0  0  0  0.00000000000000000E+00    0.000E+00
-1 -1  0  0  0  0 -5.79133422349866956E-37    5.683E-52
 1  1  0  0  0  0  0.00000000000000000E+00    0.000E+00
 0  0  0 -1  0  0  0.00000000000000000E+00    0.000E+00
 0  0  0  1  0  0  0.00000000000000000E+00    0.000E+00
-1  0  0 -1  0  0  2.89566711654364657E-37   -8.484E-54
 1  0  0  1  0  0  2.89566711654364657E-37   -8.484E-54
 0  1  0 -1  0  0  0.00000000000000000E+00    0.000E+00
 0 -1  0  1  0  0  0.00000000000000000E+00    0.000E+00
-1 -1  0 -1  0  0  0.00000000000000000E+00    0.000E+00
 1  1  0  1  0  0  0.00000000000000000E+00    0.000E+00
 0  0  0  0 -1  0  0.00000000000000000E+00    0.000E+00
 0  0  0  0  1  0  5.79133423308729314E-37   -1.697E-53
 1  0  0  0 -1  0  0.00000000000000000E+00    0.000E+00
-1  0  0  0  1  0  5.79133423308729314E-37   -1.697E-53
 0 -1  0  0 -1  0  0.00000000000000000E+00    0.000E+00
 0  1  0  0  1  0 -5.79133422349866956E-37    5.683E-52
-1 -1  0  0 -1  0  0.00000000000000000E+00    0.000E+00
 1  1  0  0  1  0  0.00000000000000000E+00    0.000E+00
 0  0  0 -1 -1  0  0.00000000000000000E+00    0.000E+00
 0  0  0  1  1  0  5.79133423308729314E-37   -1.697E-53
-1  0  0 -1 -1  0  0.00000000000000000E+00    0.000E+00
 1  0  0  1  1  0  5.79133423308729314E-37   -1.697E-53
 0 -1  0 -1 -1  0  0.00000000000000000E+00    0.000E+00
 0  1  0  1  1  0  0.00000000000000000E+00    0.000E+00
-1 -1  0 -1 -1  0  0.00000000000000000E+00    0.000E+00
 1  1  0  1  1  0 -5.79133422349866956E-37    5.683E-52
-1 -2  0 -1 -2  0  0.00000000000000000E+00    0.000E+00
 0 -1  0 -1 -2  0  0.00000000000000000E+00    0.000E+00
-1 -1  0 -1 -2  0  0.00000000000000000E+00    0.000E+00
-1 -2  0  0 -1  0  0.00000000000000000E+00    0.000E+00
-1 -2  0 -1 -1  0  0.00000000000000000E+00    0.000E+00
 1  2  0  0  0  0  0.00000000000000000E+00    0.000E+00
 1  2  0  0  1  0  0.00000000000000000E+00    0.000E+00
 1  1  0  0 -1  0  0.00000000000000000E+00    0.000E+00
 1  2  0  1  1  0  0.00000000000000000E+00    0.000E+00
 0  1  0 -1 -1  0  0.00000000000000000E+00    0.000E+00
 0  0  0 -1 -2  0  0.00000000000000000E+00    0.000E+00
 0  0  0  1  2  0  5.79133423308729314E-37   -1.697E-53
 0  1  0  1  2  0 -5.79133422349866956E-37    5.683E-52
 1  1  0  1  2  0 -5.79133422349866956E-37    5.683E-52
-1 -1  0  0  1  0 -5.79133422349866956E-37    5.683E-52
 0 -1  0  1  1  0 -5.79133422349866956E-37    5.683E-52
-1 -2  0  0  0  0  0.00000000000000000E+00    0.000E+00
 1  2  0  1  2  0  0.00000000000000000E+00    0.000E+00
2 3 2  1 1 2
       49
 0  0  0  0  0  0 -2.76799721873752815E-44    4.379E-47
-1  0  0  0  0  0  3.34362823727194965E-37    1.946E-47
 1  0  0  0  0  0  3.34362823727194965E-37    1.946E-47
 0 -1  0  0  0  0 -6.68725702814333516E-37    3.406E-47
 0  1  0  0  0  0  0.00000000000000000E+00    0.000E+00
-1 -1  0  0  0  0 -2.76799721873752815E-44    3.893E-47
 1  1  0  0  0  0  0.00000000000000000E+00    0.000E+00
 0  0  0 -1  0  0  0.00000000000000000E+00    0.000E+00
 0  0  0  1  0  0  0.00000000000000000E+00    0.000E+00
-1  0  0 -1  0  0  3.34362823727197136E-37    2.190E-47
 1  0  0  1  0  0  3.34362823727197136E-37    2.190E-47
 0  1  0 -1  0  0  0.00000000000000000E+00    0.000E+00
 0 -1  0  1  0  0  0.00000000000000000E+00    0.000E+00
-1 -1  0 -1  0  0  0.00000000000000000E+00    0.000E+00
 1  1  0  1  0  0  0.00000000000000000E+00    0.000E+00
 0  0  0  0 -1  0  0.00000000000000000E+00    0.000E+00
 0  0  0  0  1  0 -2.76799718904014226E-44   -4.379E-47
 1  0  0  0 -1  0  0.00000000000000000E+00    0.000E+00
-1  0  0  0  1  0  6.68725647454389596E-37   -3.892E-47
 0 -1  0  0 -1  0  0.00000000000000000E+00    0.000E+00
 0  1  0  0  1  0 -6.68725702814333850E-37   -3.406E-47
-1 -1  0  0 -1  0  0.00000000000000000E+00    0.000E+00
 1  1  0  0  1  0  0.00000000000000000E+00    0.000E+00
 0  0  0 -1 -1  0  0.00000000000000000E+00    0.000E+00
 0  0  0  1  1  0 -2.76799674357935791E-44   -3.892E-47
-1  0  0 -1 -1  0  0.00000000000000000E+00    0.000E+00
 1  0  0  1  1  0  6.68725647454394607E-37   -4.379E-47
 0 -1  0 -1 -1  0  0.00000000000000000E+00    0.000E+00
 0  1  0  1  1  0  0.00000000000000000E+00    0.000E+00
-1 -1  0 -1 -1  0  0.00000000000000000E+00    0.000E+00
 1  1  0  1  1  0 -2.76799674357935791E-44   -3.406E-47
-1 -2  0 -1 -2  0  0.00000000000000000E+00    0.000E+00
 0 -1  0 -1 -2  0  0.00000000000000000E+00    0.000E+00
-1 -1  0 -1 -2  0  0.00000000000000000E+00    0.000E+00
-1 -2  0  0 -1  0  0.00000000000000000E+00    0.000E+00
-1 -2  0 -1 -1  0  0.00000000000000000E+00    0.000E+00
 1  2  0  0  0  0  0.00000000000000000E+00    0.000E+00
 1  2  0  0  1  0  0.00000000000000000E+00    0.000E+00
 1  1  0  0 -1  0  0.00000000000000000E+00    0.000E+00
 1  2  0  1  1  0  0.00000000000000000E+00    0.000E+00
 0  1  0 -1 -1  0  0.00000000000000000E+00    0.000E+00
 0  0  0 -1 -2  0  0.00000000000000000E+00    0.000E+00
 0  0  0  1  2  0 -2.76799671388197202E-44    3.892E-47
 0  1  0  1  2  0 -6.68725702814329172E-37    3.893E-47
 1  1  0  1  2  0 -2.76799671388197202E-44    3.406E-47
-1 -1  0  0  1  0 -2.76799718904014226E-44   -3.892E-47
 0 -1  0  1  1  0 -6.68725702814328838E-37   -3.892E-47
-1 -2  0  0  0  0  0.00000000000000000E+00    0.000E+00
 1  2  0  1  2  0  0.00000000000000000E+00    0.000E+00
2 3 3  1 1 2
       49
 0  0  0  0  0  0 -1.11692269805843403E-01    1.651E-07
-1  0  0  0  0  0 -3.06396722012174973E-03   -1.747E-07
 1  0  0  0  0  0 -3.06396722012174973E-03   -1.747E-07
 0 -1  0  0  0  0 -1.71328302952375531E-03   -2.945E-07
 0  1  0  0  0  0  0.00000000000000000E+00    0.000E+00
-1 -1  0  0  0  0 -1.29249812372935011E-03    4.789E-07
 1  1  0  0  0  0  0.00000000000000000E+00    0.000E+00
 0  0  0 -1  0  0  0.00000000000000000E+00    0.000E+00
 0  0  0  1  0  0  0.00000000000000000E+00    0.000E+00
-1  0  0 -1  0  0  1.96671627389586722E-04   -1.665E-07
 1  0  0  1  0  0  1.96671627389586722E-04   -1.665E-07
 0  1  0 -1  0  0  0.00000000000000000E+00    0.000E+00
 0 -1  0  1  0  0  0.00000000000000000E+00    0.000E+00
-1 -1  0 -1  0  0  0.00000000000000000E+00    0.000E+00
 1  1  0  1  0  0  0.00000000000000000E+00    0.000E+00
 0  0  0  0 -1  0  0.00000000000000000E+00    0.000E+00
 0  0  0  0  1  0  5.58482312573318346E-02    5.841E-07
 1  0  0  0 -1  0  0.00000000000000000E+00    0.000E+00
-1  0  0  0  1  0  4.69017151912644575E-03    4.267E-07
 0 -1  0  0 -1  0  0.00000000000000000E+00    0.000E+00
 0  1  0  0  1  0 -2.56053419772821200E-03   -4.547E-07
-1 -1  0  0 -1  0  0.00000000000000000E+00    0.000E+00
 1  1  0  0  1  0  0.00000000000000000E+00    0.000E+00
 0  0  0 -1 -1  0  0.00000000000000000E+00    0.000E+00
 0  0  0  1  1  0  5.54245739895439168E-02   -1.266E-06
-1  0  0 -1 -1  0  0.00000000000000000E+00    0.000E+00
 1  0  0  1  1  0  4.27273495180969382E-03    2.557E-07
 0 -1  0 -1 -1  0  0.00000000000000000E+00    0.000E+00
 0  1  0  1  1  0  0.00000000000000000E+00    0.000E+00
-1 -1  0 -1 -1  0  0.00000000000000000E+00    0.000E+00
 1  1  0  1  1  0 -2.55766183573469946E-03    6.225E-07
-1 -2  0 -1 -2  0  0.00000000000000000E+00    0.000E+00
 0 -1  0 -1 -2  0  0.00000000000000000E+00    0.000E+00
-1 -1  0 -1 -2  0  0.00000000000000000E+00    0.000E+00
-1 -2  0  0 -1  0  0.00000000000000000E+00    0.000E+00
-1 -2  0 -1 -1  0  0.00000000000000000E+00    0.000E+00
 1  2  0  0  0  0  0.00000000000000000E+00    0.000E+00
 1  2  0  0  1  0  0.00000000000000000E+00    0.000E+00
 1  1  0  0 -1  0  0.00000000000000000E+00    0.000E+00
 1  2  0  1  1  0  0.00000000000000000E+00    0.000E+00
 0  1  0 -1 -1  0  0.00000000000000000E+00    0.000E+00
 0  0  0 -1 -2  0  0.00000000000000000E+00    0.000E+00
 0  0  0  1  2  0  4.19464558967633065E-04    5.173E-07
 0  1  0  1  2  0 -6.13686051878773418E-04    3.609E-07
 1  1  0  1  2  0 -1.99121846555529690E-04   -5.452E-07
-1 -1  0  0  1  0  2.43512416328368203E-03   -5.561E-07
 0 -1  0  1  1  0  3.27334563639484349E-03    3.883E-07
-1 -2  0  0  0  0  0.00000000000000000E+00    0.000E+00
 1  2  0  1  2  0  0.00000000000000000E+00    0.000E+00
3 1 1  1 1 2
       49
 0  0  0  0  0  0  1.66079817994052291E-45   -4.795E-53
-1  0  0  0  0  0  8.30399089970261455E-46   -2.397E-53
 1  0  0  0  0  0  8.30399089970261455E-46   -2.397E-53
 0 -1  0  0  0  0  1.66079817994052291E-45   -4.795E-53
 0  1  0  0  0  0  0.00000000000000000E+00    0.000E+00
-1 -1  0  0  0  0  1.66079817994052291E-45   -4.795E-53
 1  1  0  0  0  0  0.00000000000000000E+00    0.000E+00
 0  0  0 -1  0  0  0.00000000000000000E+00    0.000E+00
 0  0  0  1  0  0  0.00000000000000000E+00    0.000E+00
-1  0  0 -1  0  0  8.30399089970261455E-46   -2.397E-53
 1  0  0  1  0  0  8.30399089970261455E-46   -2.397E-53
 0  1  0 -1  0  0  0.00000000000000000E+00    0.000E+00
 0 -1  0  1  0  0  0.00000000000000000E+00    0.000E+00
-1 -1  0 -1  0  0  0.00000000000000000E+00    0.000E+00
 1  1  0  1  0  0  0.00000000000000000E+00    0.000E+00
 0  0  0  0 -1  0  0.00000000000000000E+00    0.000E+00
 0  0  0  0  1  0  1.66079817994052291E-45   -4.795E-53
 1  0  0  0 -1  0  0.00000000000000000E+00    0.000E+00
-1  0  0  0  1  0  1.66079817994052291E-45   -4.795E-53
 0 -1  0  0 -1  0  0.00000000000000000E+00    0.000E+00
 0  1  0  0  1  0  1.66079817994052291E-45   -4.795E-53
-1 -1  0  0 -1  0  0.00000000000000000E+00    0.000E+00
 1  1  0  0  1  0  0.00000000000000000E+00    0.000E+00
 0  0  0 -1 -1  0  0.00000000000000000E+00    0.000E+00
 0  0  0  1  1  0  1.66079817994052291E-45   -4.795E-53
-1  0  0 -1 -1  0  0.00000000000000000E+00    0.000E+00
 1  0  0  1  1  0  1.66079817994052291E-45   -4.795E-53
 0 -1  0 -1 -1  0  0.00000000000000000E+00    0.000E+00
 0  1  0  1  1  0  0.00000000000000000E+00    0.000E+00
-1 -1  0 -1 -1  0  0.00000000000000000E+00    0.000E+00
 1  1  0  1  1  0  1.66079817994052291E-45   -4.795E-53
-1 -2  0 -1 -2  0  0.00000000000000000E+00    0.000E+00
 0 -1  0 -1 -2  0  0.00000000000000000E+00    0.000E+00
-1 -1  0 -1 -2  0  0.00000000000000000E+00    0.000E+00
-1 -2  0  0 -1  0  0.00000000000000000E+00    0.000E+00
-1 -2  0 -1 -1  0  0.00000000000000000E+00    0.000E+00
 1  2  0  0  0  0  0.00000000000000000E+00    0.000E+00
 1  2  0  0  1  0  0.00000000000000000E+00    0.000E+00
 1  1  0  0 -1  0  0.00000000000000000E+00    0.000E+00
 1  2  0  1  1  0  0.00000000000000000E+00    0.000E+00
 0  1  0 -1 -1  0  0.00000000000000000E+00    0.000E+00
 0  0  0 -1 -2  0  0.00000000000000000E+00    0.000E+00
 0  0  0  1  2  0  1.66079817994052291E-45   -4.795E-53
 0  1  0  1  2  0  1.66079817994052291E-45   -4.795E-53
 1  1  0  1  2  0  1.66079817994052291E-45   -4.795E-53
-1 -1  0  0  1  0  1.66079817994052291E-45   -4.795E-53
 0 -1  0  1  1  0  1.66079817994052291E-45   -4.795E-53
-1 -2  0  0  0  0  0.00000000000000000E+00    0.000E+00
 1  2  0  1  2  0  0.00000000000000000E+00    0.000E+00
3 1 2  1 1 2
       49
 0  0  0  0  0  0 -5.79133420911577930E-37    8.427E-48
-1  0  0  0  0  0  2.89566712373513263E-37    4.214E-48
 1  0  0  0  0  0  2.89566712373513263E-37    4.214E-48
 0 -1  0  0  0  0 -5.79133420911577930E-37    8.427E-48
 0  1  0  0  0  0  0.00000000000000000E+00    0.000E+00
-1 -1  0  0  0  0  5.79133424747026526E-37    8.428E-48
 1  1  0  0  0  0  0.00000000000000000E+00    0.000E+00
 0  0  0 -1  0  0  0.00000000000000000E+00    0.000E+00
 0  0  0  1  0  0  0.00000000000000000E+00    0.000E+00
-1  0  0 -1  0  0  2.89566712373509421E-37   -4.277E-54
 1  0  0  1  0  0  2.89566712373509421E-37   -4.277E-54
 0  1  0 -1  0  0  0.00000000000000000E+00    0.000E+00
 0 -1  0  1  0  0  0.00000000000000000E+00    0.000E+00
-1 -1  0 -1  0  0  0.00000000000000000E+00    0.000E+00
 1  1  0  1  0  0  0.00000000000000000E+00    0.000E+00
 0  0  0  0 -1  0  0.00000000000000000E+00    0.000E+00
 0  0  0  0  1  0 -5.79133420911577428E-37   -8.428E-48
 1  0  0  0 -1  0  0.00000000000000000E+00    0.000E+00
-1  0  0  0  1  0  5.79133424747027028E-37   -8.428E-48
 0 -1  0  0 -1  0  0.00000000000000000E+00    0.000E+00
 0  1  0  0  1  0 -5.79133420911577428E-37   -8.428E-48
-1 -1  0  0 -1  0  0.00000000000000000E+00    0.000E+00
 1  1  0  0  1  0  0.00000000000000000E+00    0.000E+00
 0  0  0 -1 -1  0  0.00000000000000000E+00    0.000E+00
 0  0  0  1  1  0 -5.79133420911569744E-37   -7.948E-53
-1  0  0 -1 -1  0  0.00000000000000000E+00    0.000E+00
 1  0  0  1  1  0  5.79133424747018341E-37   -8.555E-54
 0 -1  0 -1 -1  0  0.00000000000000000E+00    0.000E+00
 0  1  0  1  1  0  0.00000000000000000E+00    0.000E+00
-1 -1  0 -1 -1  0  0.00000000000000000E+00    0.000E+00
 1  1  0  1  1  0  5.79133424747018341E-37    2.486E-52
-1 -2  0 -1 -2  0  0.00000000000000000E+00    0.000E+00
 0 -1  0 -1 -2  0  0.00000000000000000E+00    0.000E+00
-1 -1  0 -1 -2  0  0.00000000000000000E+00    0.000E+00
-1 -2  0  0 -1  0  0.00000000000000000E+00    0.000E+00
-1 -2  0 -1 -1  0  0.00000000000000000E+00    0.000E+00
 1  2  0  0  0  0  0.00000000000000000E+00    0.000E+00
 1  2  0  0  1  0  0.00000000000000000E+00    0.000E+00
 1  1  0  0 -1  0  0.00000000000000000E+00    0.000E+00
 1  2  0  1  1  0  0.00000000000000000E+00    0.000E+00
 0  1  0 -1 -1  0  0.00000000000000000E+00    0.000E+00
 0  0  0 -1 -2  0  0.00000000000000000E+00    0.000E+00
 0  0  0  1  2  0 -5.79133420911569243E-37   -7.948E-53
 0  1  0  1  2  0 -5.79133420911569243E-37   -2.815E-52
 1  1  0  1  2  0  5.79133424747018842E-37    2.486E-52
-1 -1  0  0  1  0  5.79133424747027028E-37   -8.427E-48
 0 -1  0  1  1  0 -5.79133420911569744E-37   -2.815E-52
-1 -2  0  0  0  0  0.00000000000000000E+00    0.000E+00
 1  2  0  1  2  0  0.00000000000000000E+00    0.000E+00
3 1 3  1 1 2
       49
 0  0  0  0  0  0  3.19631128825603739E-06    1.390E-06
-1  0  0  0  0  0 -1.45583012554992980E-06    7.917E-08
 1  0  0  0  0  0 -1.45583012554992980E-06    7.917E-08
 0 -1  0  0  0  0 -3.45708249873781862E-03   -6.529E-07
 0  1  0  0  0  0  0.00000000000000000E+00    0.000E+00
-1 -1  0  0  0  0  3.45679784770065550E-03   -8.958E-07
 1  1  0  0  0  0  0.00000000000000000E+00    0.000E+00
 0  0  0 -1  0  0  0.00000000000000000E+00    0.000E+00
 0  0  0  1  0  0  0.00000000000000000E+00    0.000E+00
-1  0  0 -1  0  0 -3.63103897028308441E-04   -2.128E-08
 1  0  0  1  0  0 -3.63103897028308441E-04   -2.128E-08
 0  1  0 -1  0  0  0.00000000000000000E+00    0.000E+00
 0 -1  0  1  0  0  0.00000000000000000E+00    0.000E+00
-1 -1  0 -1  0  0  0.00000000000000000E+00    0.000E+00
 1  1  0  1  0  0  0.00000000000000000E+00    0.000E+00
 0  0  0  0 -1  0  0.00000000000000000E+00    0.000E+00
 0  0  0  0  1  0 -9.67270511456980175E-02   -2.471E-07
 1  0  0  0 -1  0  0.00000000000000000E+00    0.000E+00
-1  0  0  0  1  0 -4.86386368255431467E-04   -6.267E-08
 0 -1  0  0 -1  0  0.00000000000000000E+00    0.000E+00
 0  1  0  0  1  0 -3.94624331258036816E-03   -4.904E-07
-1 -1  0  0 -1  0  0.00000000000000000E+00    0.000E+00
 1  1  0  0  1  0  0.00000000000000000E+00    0.000E+00
 0  0  0 -1 -1  0  0.00000000000000000E+00    0.000E+00
 0  0  0  1  1  0  9.59979316913902869E-02    3.628E-07
-1  0  0 -1 -1  0  0.00000000000000000E+00    0.000E+00
 1  0  0  1  1  0  1.21550582256314474E-03   -5.311E-08
 0 -1  0 -1 -1  0  0.00000000000000000E+00    0.000E+00
 0  1  0  1  1  0  0.00000000000000000E+00    0.000E+00
-1 -1  0 -1 -1  0  0.00000000000000000E+00    0.000E+00
 1  1  0  1  1  0  4.66925479534872640E-03   -8.575E-07
-1 -2  0 -1 -2  0  0.00000000000000000E+00    0.000E+00
 0 -1  0 -1 -2  0  0.00000000000000000E+00    0.000E+00
-1 -1  0 -1 -2  0  0.00000000000000000E+00    0.000E+00
-1 -2  0  0 -1  0  0.00000000000000000E+00    0.000E+00
-1 -2  0 -1 -1  0  0.00000000000000000E+00    0.000E+00
 1  2  0  0  0  0  0.00000000000000000E+00    0.000E+00
 1  2  0  0  1  0  0.00000000000000000E+00    0.000E+00
 1  1  0  0 -1  0  0.00000000000000000E+00    0.000E+00
 1  2  0  1  1  0  0.00000000000000000E+00    0.000E+00
 0  1  0 -1 -1  0  0.00000000000000000E+00    0.000E+00
 0  0  0 -1 -2  0  0.00000000000000000E+00    0.000E+00
 0  0  0  1  2  0  7.25923143019457234E-04   -1.506E-06
 0  1  0  1  2  0  5.67002954894651329E-03    5.956E-07
 1  1  0  1  2  0 -5.66974489790935537E-03    9.531E-07
-1 -1  0  0  1  0  3.39495303504369628E-04    8.001E-07
 0 -1  0  1  1  0 -1.06250678627273047E-03    5.477E-07
-1 -2  0  0  0  0  0.00000000000000000E+00    0.000E+00
 1  2  0  1  2  0  0.00000000000000000E+00    0.000E+00
3 2 1  1 1 2
       49
 0  0  0  0  0  0  5.79133423308729314E-37   -1.697E-53
-1  0  0  0  0  0  2.89566711654364657E-37   -8.484E-54
 1  0  0  0  0  0  2.89566711654364657E-37   -8.484E-54
 0 -1  0  0  0  0 -5.79133422349866956E-37    5.683E-52
 0  1  0  0  0  0  0.00000000000000000E+00    0.000E+00
-1 -1  0  0  0  0 -5.79133422349866956E-37    5.683E-52
 1  1  0  0  0  0  0.00000000000000000E+00    0.000E+00
 0  0  0 -1  0  0  0.00000000000000000E+00    0.000E+00
 0  0  0  1  0  0  0.00000000000000000E+00    0.000E+00
-1  0  0 -1  0  0  2.89566711654364657E-37   -8.484E-54
 1  0  0  1  0  0  2.89566711654364657E-37   -8.484E-54
 0  1  0 -1  0  0  0.00000000000000000E+00    0.000E+00
 0 -1  0  1  0  0  0.00000000000000000E+00    0.000E+00
-1 -1  0 -1  0  0  0.00000000000000000E+00    0.000E+00
 1  1  0  1  0  0  0.00000000000000000E+00    0.000E+00
 0  0  0  0 -1  0  0.00000000000000000E+00    0.000E+00
 0  0  0  0  1  0  5.79133423308729314E-37   -1.697E-53
 1  0  0  0 -1  0  0.00000000000000000E+00    0.000E+00
-1  0  0  0  1  0  5.79133423308729314E-37   -1.697E-53
 0 -1  0  0 -1  0  0.00000000000000000E+00    0.000E+00
 0  1  0  0  1  0 -5.79133422349866956E-37    5.683E-52
-1 -1  0  0 -1  0  0.00000000000000000E+00    0.000E+00
 1  1  0  0  1  0  0.00000000000000000E+00    0.000E+00
 0  0  0 -1 -1  0  0.00000000000000000E+00    0.000E+00
 0  0  0  1  1  0  5.79133423308729314E-37   -1.697E-53
-1  0  0 -1 -1  0  0.00000000000000000E+00    0.000E+00
 1  0  0  1  1  0  5.79133423308729314E-37   -1.697E-53
 0 -1  0 -1 -1  0  0.00000000000000000E+00    0.000E+00
 0  1  0  1  1  0  0.00000000000000000E+00    0.000E+00
-1 -1  0 -1 -1  0  0.00000000000000000E+00    0.000E+00
 1  1  0  1  1  0 -5.79133422349866956E-37    5.683E-52
-1 -2  0 -1 -2  0  0.00000000000000000E+00    0.000E+00
 0 -1  0 -1 -2  0  0.00000000000000000E+00    0.000E+00
-1 -1  0 -1 -2  0  0.00000000000000000E+00    0.000E+00
-1 -2  0  0 -1  0  0.00000000000000000E+00    0.000E+00
-1 -2  0 -1 -1  0  0.00000000000000000E+00    0.000E+00
 1  2  0  0  0  0  0.00000000000000000E+00    0.000E+00
 1  2  0  0  1  0  0.00000000000000000E+00    0.000E+00
 1  1  0  0 -1  0  0.00000000000000000E+00    0.000E+00
 1  2  0  1  1  0  0.00000000000000000E+00    0.000E+00
 0  1  0 -1 -1  0  0.00000000000000000E+00    0.000E+00
 0  0  0 -1 -2  0  0.00000000000000000E+00    0.000E+00
 0  0  0  1  2  0  5.79133423308729314E-37   -1.697E-53
 0  1  0  1  2  0 -5.79133422349866956E-37    5.683E-52
 1  1  0  1  2  0 -5.79133422349866956E-37    5.683E-52
-1 -1  0  0  1  0 -5.79133422349866956E-37    5.683E-52
 0 -1  0  1  1  0 -5.79133422349866956E-37    5.683E-52
-1 -2  0  0  0  0  0.00000000000000000E+00    0.000E+00
 1  2  0  1  2  0  0.00000000000000000E+00    0.000E+00
3 2 2  1 1 2
       49
 0  0  0  0  0  0 -2.76799721920155002E-44    4.379E-47
-1  0  0  0  0  0  3.34362823727197136E-37    2.190E-47
 1  0  0  0  0  0  3.34362823727197136E-37    2.190E-47
 0 -1  0  0  0  0 -6.68725702814333933E-37   -3.406E-47
 0  1  0  0  0  0  0.00000000000000000E+00    0.000E+00
-1 -1  0  0  0  0 -2.76799674311533604E-44   -3.406E-47
 1  1  0  0  0  0  0.00000000000000000E+00    0.000E+00
 0  0  0 -1  0  0  0.00000000000000000E+00    0.000E+00
 0  0  0  1  0  0  0.00000000000000000E+00    0.000E+00
-1  0  0 -1  0  0  3.34362823727194923E-37    1.946E-47
 1  0  0  1  0  0  3.34362823727194923E-37    1.946E-47
 0  1  0 -1  0  0  0.00000000000000000E+00    0.000E+00
 0 -1  0  1  0  0  0.00000000000000000E+00    0.000E+00
-1 -1  0 -1  0  0  0.00000000000000000E+00    0.000E+00
 1  1  0  1  0  0  0.00000000000000000E+00    0.000E+00
 0  0  0  0 -1  0  0.00000000000000000E+00    0.000E+00
 0  0  0  0  1  0 -2.76799718950416414E-44   -4.379E-47
 1  0  0  0 -1  0  0.00000000000000000E+00    0.000E+00
-1  0  0  0  1  0  6.68725647454394607E-37   -4.379E-47
 0 -1  0  0 -1  0  0.00000000000000000E+00    0.000E+00
 0  1  0  0  1  0 -6.68725702814333599E-37    3.406E-47
-1 -1  0  0 -1  0  0.00000000000000000E+00    0.000E+00
 1  1  0  0  1  0  0.00000000000000000E+00    0.000E+00
 0  0  0 -1 -1  0  0.00000000000000000E+00    0.000E+00
 0  0  0  1  1  0 -2.76799674311533604E-44   -3.892E-47
-1  0  0 -1 -1  0  0.00000000000000000E+00    0.000E+00
 1  0  0  1  1  0  6.68725647454389512E-37   -3.892E-47
 0 -1  0 -1 -1  0  0.00000000000000000E+00    0.000E+00
 0  1  0  1  1  0  0.00000000000000000E+00    0.000E+00
-1 -1  0 -1 -1  0  0.00000000000000000E+00    0.000E+00
 1  1  0  1  1  0 -2.76799721920155002E-44    3.893E-47
-1 -2  0 -1 -2  0  0.00000000000000000E+00    0.000E+00
 0 -1  0 -1 -2  0  0.00000000000000000E+00    0.000E+00
-1 -1  0 -1 -2  0  0.00000000000000000E+00    0.000E+00
-1 -2  0  0 -1  0  0.00000000000000000E+00    0.000E+00
-1 -2  0 -1 -1  0  0.00000000000000000E+00    0.000E+00
 1  2  0  0  0  0  0.00000000000000000E+00    0.000E+00
 1  2  0  0  1  0  0.00000000000000000E+00    0.000E+00
 1  1  0  0 -1  0  0.00000000000000000E+00    0.000E+00
 1  2  0  1  1  0  0.00000000000000000E+00    0.000E+00
 0  1  0 -1 -1  0  0.00000000000000000E+00    0.000E+00
 0  0  0 -1 -2  0  0.00000000000000000E+00    0.000E+00
 0  0  0  1  2  0 -2.76799671341795015E-44    3.892E-47
 0  1  0  1  2  0 -6.68725702814328838E-37   -3.892E-47
 1  1  0  1  2  0 -2.76799718950416414E-44   -3.892E-47
-1 -1  0  0  1  0 -2.76799671341795015E-44    3.406E-47
 0 -1  0  1  1  0 -6.68725702814329172E-37    3.893E-47
-1 -2  0  0  0  0  0.00000000000000000E+00    0.000E+00
 1  2  0  1  2  0  0.00000000000000000E+00    0.000E+00
3 2 3  1 1 2
       49
 0  0  0  0  0  0 -1.11692269805843403E-01    1.651E-07
-1  0  0  0  0  0  1.96671627389582819E-04   -1.665E-07
 1  0  0  0  0  0  1.96671627389582819E-04   -1.665E-07
 0 -1  0  0  0  0 -2.56053419772820940E-03   -4.547E-07
 0  1  0  0  0  0  0.00000000000000000E+00    0.000E+00
-1 -1  0  0  0  0 -2.55766183573470120E-03    6.225E-07
 1  1  0  0  0  0  0.00000000000000000E+00    0.000E+00
 0  0  0 -1  0  0  0.00000000000000000E+00    0.000E+00
 0  0  0  1  0  0  0.00000000000000000E+00    0.000E+00
-1  0  0 -1  0  0 -3.06396722012174539E-03   -1.747E-07
 1  0  0  1  0  0 -3.06396722012174539E-03   -1.747E-07
 0  1  0 -1  0  0  0.00000000000000000E+00    0.000E+00
 0 -1  0  1  0  0  0.00000000000000000E+00    0.000E+00
-1 -1  0 -1  0  0  0.00000000000000000E+00    0.000E+00
 1  1  0  1  0  0  0.00000000000000000E+00    0.000E+00
 0  0  0  0 -1  0  0.00000000000000000E+00    0.000E+00
 0  0  0  0  1  0  5.58482312573318346E-02    5.841E-07
 1  0  0  0 -1  0  0.00000000000000000E+00    0.000E+00
-1  0  0  0  1  0  4.27273495180968688E-03    2.557E-07
 0 -1  0  0 -1  0  0.00000000000000000E+00    0.000E+00
 0  1  0  0  1  0 -1.71328302952375184E-03   -2.945E-07
-1 -1  0  0 -1  0  0.00000000000000000E+00    0.000E+00
 1  1  0  0  1  0  0.00000000000000000E+00    0.000E+00
 0  0  0 -1 -1  0  0.00000000000000000E+00    0.000E+00
 0  0  0  1  1  0  5.54245739895439099E-02   -1.266E-06
-1  0  0 -1 -1  0  0.00000000000000000E+00    0.000E+00
 1  0  0  1  1  0  4.69017151912644748E-03    4.267E-07
 0 -1  0 -1 -1  0  0.00000000000000000E+00    0.000E+00
 0  1  0  1  1  0  0.00000000000000000E+00    0.000E+00
-1 -1  0 -1 -1  0  0.00000000000000000E+00    0.000E+00
 1  1  0  1  1  0 -1.29249812372935358E-03    4.789E-07
-1 -2  0 -1 -2  0  0.00000000000000000E+00    0.000E+00
 0 -1  0 -1 -2  0  0.00000000000000000E+00    0.000E+00
-1 -1  0 -1 -2  0  0.00000000000000000E+00    0.000E+00
-1 -2  0  0 -1  0  0.00000000000000000E+00    0.000E+00
-1 -2  0 -1 -1  0  0.00000000000000000E+00    0.000E+00
 1  2  0  0  0  0  0.00000000000000000E+00    0.000E+00
 1  2  0  0  1  0  0.00000000000000000E+00    0.000E+00
 1  1  0  0 -1  0  0.00000000000000000E+00    0.000E+00
 1  2  0  1  1  0  0.00000000000000000E+00    0.000E+00
 0  1  0 -1 -1  0  0.00000000000000000E+00    0.000E+00
 0  0  0 -1 -2  0  0.00000000000000000E+00    0.000E+00
 0  0  0  1  2  0  4.19464558967630463E-04    5.173E-07
 0  1  0  1  2  0  3.27334563639484783E-03    3.883E-07
 1  1  0  1  2  0  2.43512416328368723E-03   -5.561E-07
-1 -1  0  0  1  0 -1.99121846555530557E-04   -5.452E-07
 0 -1  0  1  1  0 -6.13686051878779490E-04    3.609E-07
-1 -2  0  0  0  0  0.00000000000000000E+00    0.000E+00
 1  2  0  1  2  0  0.00000000000000000E+00    0.000E+00
3 3 1  1 1 2
       49
 0  0  0  0  0  0 -2.31727497003909530E-03    3.267E-06
-1  0  0  0  0  0 -2.89449166090277599E-06    4.287E-10
 1  0  0  0  0  0 -2.89449166090277599E-06    4.287E-10
 0 -1  0  0  0  0 -1.36858771977916120E-02   -1.258E-06
 0  1  0  0  0  0  0.00000000000000000E+00    0.000E+00
-1 -1  0  0  0  0  1.60089411511525163E-02   -2.010E-06
 1  1  0  0  0  0  0.00000000000000000E+00    0.000E+00
 0  0  0 -1  0  0  0.00000000000000000E+00    0.000E+00
 0  0  0  1  0  0  0.00000000000000000E+00    0.000E+00
-1  0  0 -1  0  0 -2.89449166090277599E-06    4.287E-10
 1  0  0  1  0  0 -2.89449166090277599E-06    4.287E-10
 0  1  0 -1  0  0  0.00000000000000000E+00    0.000E+00
 0 -1  0  1  0  0  0.00000000000000000E+00    0.000E+00
-1 -1  0 -1  0  0  0.00000000000000000E+00    0.000E+00
 1  1  0  1  0  0  0.00000000000000000E+00    0.000E+00
 0  0  0  0 -1  0  0.00000000000000000E+00    0.000E+00
 0  0  0  0  1  0 -2.08306002517043926E-01   -7.512E-07
 1  0  0  0 -1  0  0.00000000000000000E+00    0.000E+00
-1  0  0  0  1  0  5.78898332181596031E-06   -8.575E-10
 0 -1  0  0 -1  0  0.00000000000000000E+00    0.000E+00
 0  1  0  0  1  0 -1.36858771977915981E-02   -1.258E-06
-1 -1  0  0 -1  0  0.00000000000000000E+00    0.000E+00
 1  1  0  0  1  0  0.00000000000000000E+00    0.000E+00
 0  0  0 -1 -1  0  0.00000000000000000E+00    0.000E+00
 0  0  0  1  1  0  2.08294424550400314E-01    7.529E-07
-1  0  0 -1 -1  0  0.00000000000000000E+00    0.000E+00
 1  0  0  1  1  0  5.78898332179861308E-06   -8.575E-10
 0 -1  0 -1 -1  0  0.00000000000000000E+00    0.000E+00
 0  1  0  1  1  0  0.00000000000000000E+00    0.000E+00
-1 -1  0 -1 -1  0  0.00000000000000000E+00    0.000E+00
 1  1  0  1  1  0  1.60089411511525025E-02   -2.010E-06
-1 -2  0 -1 -2  0  0.00000000000000000E+00    0.000E+00
 0 -1  0 -1 -2  0  0.00000000000000000E+00    0.000E+00
-1 -1  0 -1 -2  0  0.00000000000000000E+00    0.000E+00
-1 -2  0  0 -1  0  0.00000000000000000E+00    0.000E+00
-1 -2  0 -1 -1  0  0.00000000000000000E+00    0.000E+00
 1  2  0  0  0  0  0.00000000000000000E+00    0.000E+00
 1  2  0  0  1  0  0.00000000000000000E+00    0.000E+00
 1  1  0  0 -1  0  0.00000000000000000E+00    0.000E+00
 1  2  0  1  1  0  0.00000000000000000E+00    0.000E+00
 0  1  0 -1 -1  0  0.00000000000000000E+00    0.000E+00
 0  0  0 -1 -2  0  0.00000000000000000E+00    0.000E+00
 0  0  0  1  2  0  2.32885293668270640E-03   -3.269E-06
 0  1  0  1  2  0 -1.17319829828248026E-02    1.258E-06
 1  1  0  1  2  0  9.40891902946388442E-03    2.010E-06
-1 -1  0  0  1  0  9.40891902946388789E-03    2.010E-06
 0 -1  0  1  1  0 -1.17319829828247957E-02    1.258E-06
-1 -2  0  0  0  0  0.00000000000000000E+00    0.000E+00
 1  2  0  1  2  0  0.00000000000000000E+00    0.000E+00
3 3 2  1 1 2
       49
 0  0  0  0  0  0 -2.39192703885804298E-01    2.922E-07
-1  0  0  0  0  0  5.43367783955050858E-03   -3.632E-07
 1  0  0  0  0  0  5.43367783955050858E-03   -3.632E-07
 0 -1  0  0  0  0 -7.90086689412004307E-03   -7.270E-07
 0  1  0  0  0  0  0.00000000000000000E+00    0.000E+00
-1 -1  0  0  0  0 -9.23675968270088951E-03    1.161E-06
 1  1  0  0  0  0  0.00000000000000000E+00    0.000E+00
 0  0  0 -1  0  0  0.00000000000000000E+00    0.000E+00
 0  0  0  1  0  0  0.00000000000000000E+00    0.000E+00
-1  0  0 -1  0  0  5.43367783955051118E-03   -3.632E-07
 1  0  0  1  0  0  5.43367783955051118E-03   -3.632E-07
 0  1  0 -1  0  0  0.00000000000000000E+00    0.000E+00
 0 -1  0  1  0  0  0.00000000000000000E+00    0.000E+00
-1 -1  0 -1  0  0  0.00000000000000000E+00    0.000E+00
 1  1  0  1  0  0  0.00000000000000000E+00    0.000E+00
 0  0  0  0 -1  0  0.00000000000000000E+00    0.000E+00
 0  0  0  0  1  0  1.17587941950803271E-01    1.162E-06
 1  0  0  0 -1  0  0.00000000000000000E+00    0.000E+00
-1  0  0  0  1  0  1.84826611559032114E-02    7.264E-07
 0 -1  0  0 -1  0  0.00000000000000000E+00    0.000E+00
 0  1  0  0  1  0 -7.90086689412004307E-03   -7.270E-07
-1 -1  0  0 -1  0  0.00000000000000000E+00    0.000E+00
 1  1  0  0  1  0  0.00000000000000000E+00    0.000E+00
 0  0  0 -1 -1  0  0.00000000000000000E+00    0.000E+00
 0  0  0  1  1  0  1.20259727527964946E-01   -2.615E-06
-1  0  0 -1 -1  0  0.00000000000000000E+00    0.000E+00
 1  0  0  1  1  0  1.84826611559032114E-02    7.264E-07
 0 -1  0 -1 -1  0  0.00000000000000000E+00    0.000E+00
 0  1  0  1  1  0  0.00000000000000000E+00    0.000E+00
-1 -1  0 -1 -1  0  0.00000000000000000E+00    0.000E+00
 1  1  0  1  1  0 -9.23675968270089472E-03    1.161E-06
-1 -2  0 -1 -2  0  0.00000000000000000E+00    0.000E+00
 0 -1  0 -1 -2  0  0.00000000000000000E+00    0.000E+00
-1 -1  0 -1 -2  0  0.00000000000000000E+00    0.000E+00
-1 -2  0  0 -1  0  0.00000000000000000E+00    0.000E+00
-1 -2  0 -1 -1  0  0.00000000000000000E+00    0.000E+00
 1  2  0  0  0  0  0.00000000000000000E+00    0.000E+00
 1  2  0  0  1  0  0.00000000000000000E+00    0.000E+00
 1  1  0  0 -1  0  0.00000000000000000E+00    0.000E+00
 1  2  0  1  1  0  0.00000000000000000E+00    0.000E+00
 0  1  0 -1 -1  0  0.00000000000000000E+00    0.000E+00
 0  0  0 -1 -2  0  0.00000000000000000E+00    0.000E+00
 0  0  0  1  2  0  1.34503440703607688E-03    1.161E-06
 0  1  0  1  2  0 -6.77414152338207121E-03    7.270E-07
 1  1  0  1  2  0 -5.43824873480121436E-03   -1.161E-06
-1 -1  0  0  1  0 -5.43824873480121262E-03   -1.161E-06
 0 -1  0  1  1  0 -6.77414152338207468E-03    7.270E-07
-1 -2  0  0  0  0  0.00000000000000000E+00    0.000E+00
 1  2  0  1  2  0  0.00000000000000000E+00    0.000E+00
3 3 3  1 1 2
       49
 0  0  0  0  0  0  0.00000000000000000E+00    0.000E+00
-1  0  0  0  0  0  0.00000000000000000E+00    0.000E+00
 1  0  0  0  0  0  0.00000000000000000E+00    0.000E+00
 0 -1  0  0  0  0  0.00000000000000000E+00    0.000E+00
 0  1  0  0  0  0  0.00000000000000000E+00    0.000E+00
-1 -1  0  0  0  0  0.00000000000000000E+00    0.000E+00
 1  1  0  0  0  0  0.00000000000000000E+00    0.000E+00
 0  0  0 -1  0  0  0.00000000000000000E+00    0.000E+00
 0  0  0  1  0  0  0.00000000000000000E+00    0.000E+00
-1  0  0 -1  0  0  0.00000000000000000E+00    0.000E+00
 1  0  0  1  0  0  0.00000000000000000E+00    0.000E+00
 0  1  0 -1  0  0  0.00000000000000000E+00    0.000E+00
 0 -1  0  1  0  0  0.00000000000000000E+00    0.000E+00
-1 -1  0 -1  0  0  0.00000000000000000E+00    0.000E+00
 1  1  0  1  0  0  0.00000000000000000E+00    0.000E+00
 0  0  0  0 -1  0  0.00000000000000000E+00    0.000E+00
 0  0  0  0  1  0  0.00000000000000000E+00    0.000E+00
 1  0  0  0 -1  0  0.00000000000000000E+00    0.000E+00
-1  0  0  0  1  0  0.00000000000000000E+00    0.000E+00
 0 -1  0  0 -1  0  0.00000000000000000E+00    0.000E+00
 0  1  0  0  1  0  0.00000000000000000E+00    0.000E+00
-1 -1  0  0 -1  0  0.00000000000000000E+00    0.000E+00
 1  1  0  0  1  0  0.00000000000000000E+00    0.000E+00
 0  0  0 -1 -1  0  0.00000000000000000E+00    0.000E+00
 0  0  0  1  1  0  0.00000000000000000E+00    0.000E+00
-1  0  0 -1 -1  0  0.00000000000000000E+00    0.000E+00
 1  0  0  1  1  0  0.00000000000000000E+00    0.000E+00
 0 -1  0 -1 -1  0  0.00000000000000000E+00    0.000E+00
 0  1  0  1  1  0  0.00000000000000000E+00    0.000E+00
-1 -1  0 -1 -1  0  0.00000000000000000E+00    0.000E+00
 1  1  0  1  1  0  0.00000000000000000E+00    0.000E+00
-1 -2  0 -1 -2  0  0.00000000000000000E+00    0.000E+00
 0 -1  0 -1 -2  0  0.00000000000000000E+00    0.000E+00
-1 -1  0 -1 -2  0  0.00000000000000000E+00    0.000E+00
-1 -2  0  0 -1  0  0.00000000000000000E+00    0.000E+00
-1 -2  0 -1 -1  0  0.00000000000000000E+00    0.000E+00
 1  2  0  0  0  0  0.00000000000000000E+00    0.000E+00
 1  2  0  0  1  0  0.00000000000000000E+00    0.000E+00
 1  1  0  0 -1  0  0.00000000000000000E+00    0.000E+00
 1  2  0  1  1  0  0.00000000000000000E+00    0.000E+00
 0  1  0 -1 -1  0  0.00000000000000000E+00    0.000E+00
 0  0  0 -1 -2  0  0.00000000000000000E+00    0.000E+00
 0  0  0  1  2  0  0.00000000000000000E+00    0.000E+00
 0  1  0  1  2  0  0.00000000000000000E+00    0.000E+00
 1  1  0  1  2  0  0.00000000000000000E+00    0.000E+00
-1 -1  0  0  1  0  0.00000000000000000E+00    0.000E+00
 0 -1  0  1  1  0  0.00000000000000000E+00    0.000E+00
-1 -2  0  0  0  0  0.00000000000000000E+00    0.000E+00
 1  2  0  1  2  0  0.00000000000000000E+00    0.000E+00
1 1 1  1 2 1
       49
 0  0  0  0  0  0 -4.56142749171661865E-04   -1.922E-05
-1  0  0  0  0  0  0.00000000000000000E+00    0.000E+00
 1  0  0  0  0  0  0.00000000000000000E+00    0.000E+00
 0 -1  0  0  0  0  0.00000000000000000E+00    0.000E+00
 0  1  0  0  0  0  1.23655954288040038E+00    3.779E-06
-1 -1  0  0  0  0  0.00000000000000000E+00    0.000E+00
 1  1  0  0  0  0 -1.23546678007153643E+00   -3.952E-06
 0  0  0 -1  0  0  2.73190702216055681E-04   -4.340E-08
 0  0  0  1  0  0  2.73190702216055681E-04   -4.340E-08
-1  0  0 -1  0  0  2.73190702216027925E-04   -4.340E-08
 1  0  0  1  0  0  2.73190702216027925E-04   -4.340E-08
 0  1  0 -1  0  0 -5.46381404432083606E-04    8.679E-08
 0 -1  0  1  0  0  0.00000000000000000E+00    0.000E+00
-1 -1  0 -1  0  0  0.00000000000000000E+00    0.000E+00
 1  1  0  1  0  0 -5.46381404432083606E-04    8.679E-08
 0  0  0  0 -1  0  7.15558339661385989E-02    7.722E-06
 0  0  0  0  1  0  0.00000000000000000E+00    0.000E+00
 1  0  0  0 -1  0  0.00000000000000000E+00    0.000E+00
-1  0  0  0  1  0  0.00000000000000000E+00    0.000E+00
 0 -1  0  0 -1  0  0.00000000000000000E+00    0.000E+00
 0  1  0  0  1  0  7.15558339661385712E-02    7.722E-06
-1 -1  0  0 -1  0  0.00000000000000000E+00    0.000E+00
 1  1  0  0  1  0  0.00000000000000000E+00    0.000E+00
 0  0  0 -1 -1  0 -7.16460726213989929E-02    1.159E-05
 0  0  0  1  1  0  0.00000000000000000E+00    0.000E+00
-1  0  0 -1 -1  0  0.00000000000000000E+00    0.000E+00
 1  0  0  1  1  0  0.00000000000000000E+00    0.000E+00
 0 -1  0 -1 -1  0  0.00000000000000000E+00    0.000E+00
 0  1  0  1  1  0  0.00000000000000000E+00    0.000E+00
-1 -1  0 -1 -1  0  0.00000000000000000E+00    0.000E+00
 1  1  0  1  1  0 -7.16460726213989652E-02    1.159E-05
-1 -2  0 -1 -2  0  0.00000000000000000E+00    0.000E+00
 0 -1  0 -1 -2  0  0.00000000000000000E+00    0.000E+00
-1 -1  0 -1 -2  0  0.00000000000000000E+00    0.000E+00
-1 -2  0  0 -1  0  0.00000000000000000E+00    0.000E+00
-1 -2  0 -1 -1  0  0.00000000000000000E+00    0.000E+00
 1  2  0  0  0  0 -6.36620059692505347E-04    1.940E-05
 1  2  0  0  1  0  5.03261898753029624E-03   -7.722E-06
 1  1  0  0 -1  0  5.03261898753032400E-03   -7.722E-06
 1  2  0  1  1  0 -4.94238033226990225E-03   -1.159E-05
 0  1  0 -1 -1  0 -4.94238033226993001E-03   -1.159E-05
 0  0  0 -1 -2  0  0.00000000000000000E+00    0.000E+00
 0  0  0  1  2  0  0.00000000000000000E+00    0.000E+00
 0  1  0  1  2  0  0.00000000000000000E+00    0.000E+00
 1  1  0  1  2  0  0.00000000000000000E+00    0.000E+00
-1 -1  0  0  1  0  0.00000000000000000E+00    0.000E+00
 0 -1  0  1  1  0  0.00000000000000000E+00    0.000E+00
-1 -2  0  0  0  0  0.00000000000000000E+00    0.000E+00
 1  2  0  1  2  0  0.00000000000000000E+00    0.000E+00
1 1 2  1 2 1
       49
 0  0  0  0  0  0 -1.05824220372938860E+00   -2.790E-06
-1  0  0  0  0  0  0.00000000000000000E+00    0.000E+00
 1  0  0  0  0  0  0.00000000000000000E+00    0.000E+00
 0 -1  0  0  0  0  0.00000000000000000E+00    0.000E+00
 0  1  0  0  0  0 -1.78829676324658071E+00    3.820E-06
-1 -1  0  0  0  0  0.00000000000000000E+00    0.000E+00
 1  1  0  0  0  0 -1.78714408516892953E+00    1.185E-06
 0  0  0 -1  0  0 -5.06150247091830985E-01    1.280E-06
 0  0  0  1  0  0 -5.06150247091830985E-01    1.280E-06
-1  0  0 -1  0  0 -5.01367578328980823E-01    1.222E-06
 1  0  0  1  0  0 -5.01367578328980823E-01    1.222E-06
 0  1  0 -1  0  0 -1.02005343859564479E+00   -2.670E-06
 0 -1  0  1  0  0  0.00000000000000000E+00    0.000E+00
-1 -1  0 -1  0  0  0.00000000000000000E+00    0.000E+00
 1  1  0  1  0  0 -1.02118201244599383E+00   -2.334E-06
 0  0  0  0 -1  0 -9.59301727814965144E-01   -6.779E-07
 0  0  0  0  1  0  0.00000000000000000E+00    0.000E+00
 1  0  0  0 -1  0  0.00000000000000000E+00    0.000E+00
-1  0  0  0  1  0  0.00000000000000000E+00    0.000E+00
 0 -1  0  0 -1  0  0.00000000000000000E+00    0.000E+00
 0  1  0  0  1  0 -9.20174030251159403E-01   -3.516E-07
-1 -1  0  0 -1  0  0.00000000000000000E+00    0.000E+00
 1  1  0  0  1  0  0.00000000000000000E+00    0.000E+00
 0  0  0 -1 -1  0 -9.61078614128297870E-01    9.084E-07
 0  0  0  1  1  0  0.00000000000000000E+00    0.000E+00
-1  0  0 -1 -1  0  0.00000000000000000E+00    0.000E+00
 1  0  0  1  1  0  0.00000000000000000E+00    0.000E+00
 0 -1  0 -1 -1  0  0.00000000000000000E+00    0.000E+00
 0  1  0  1  1  0  0.00000000000000000E+00    0.000E+00
-1 -1  0 -1 -1  0  0.00000000000000000E+00    0.000E+00
 1  1  0  1  1  0 -9.19549822015477525E-01    6.970E-07
-1 -2  0 -1 -2  0  0.00000000000000000E+00    0.000E+00
 0 -1  0 -1 -2  0  0.00000000000000000E+00    0.000E+00
-1 -1  0 -1 -2  0  0.00000000000000000E+00    0.000E+00
-1 -2  0  0 -1  0  0.00000000000000000E+00    0.000E+00
-1 -2  0 -1 -1  0  0.00000000000000000E+00    0.000E+00
 1  2  0  0  0  0 -9.73627329932303942E-01   -2.214E-06
 1  2  0  0  1  0 -9.81602437921479165E-01    5.768E-07
 1  1  0  0 -1  0 -9.76891742551169395E-01    4.527E-07
 1  2  0  1  1  0 -9.81098072306812119E-01   -8.073E-07
 0  1  0 -1 -1  0 -9.76243430088184927E-01   -7.981E-07
 0  0  0 -1 -2  0  0.00000000000000000E+00    0.000E+00
 0  0  0  1  2  0  0.00000000000000000E+00    0.000E+00
 0  1  0  1  2  0  0.00000000000000000E+00    0.000E+00
 1  1  0  1  2  0  0.00000000000000000E+00    0.000E+00
-1 -1  0  0  1  0  0.00000000000000000E+00    0.000E+00
 0 -1  0  1  1  0  0.00000000000000000E+00    0.000E+00
-1 -2  0  0  0  0  0.00000000000000000E+00    0.000E+00
 1  2  0  1  2  0  0.00000000000000000E+00    0.000E+00
1 1 3  1 2 1
       49
 0  0  0  0  0  0  1.66079817994052291E-45   -4.795E-53
-1  0  0  0  0  0  0.00000000000000000E+00    0.000E+00
 1  0  0  0  0  0  0.00000000000000000E+00    0.000E+00
 0 -1  0  0  0  0  0.00000000000000000E+00    0.000E+00
 0  1  0  0  0  0  1.66079817994052291E-45   -4.795E-53
-1 -1  0  0  0  0  0.00000000000000000E+00    0.000E+00
 1  1  0  0  0  0  1.66079817994052291E-45   -4.795E-53
 0  0  0 -1  0  0  8.30399089970261455E-46   -2.397E-53
 0  0  0  1  0  0  8.30399089970261455E-46   -2.397E-53
-1  0  0 -1  0  0  8.30399089970261455E-46   -2.397E-53
 1  0  0  1  0  0  8.30399089970261455E-46   -2.397E-53
 0  1  0 -1  0  0  1.66079817994052291E-45   -4.795E-53
 0 -1  0  1  0  0  0.00000000000000000E+00    0.000E+00
-1 -1  0 -1  0  0  0.00000000000000000E+00    0.000E+00
 1  1  0  1  0  0  1.66079817994052291E-45   -4.795E-53
 0  0  0  0 -1  0  1.66079817994052291E-45   -4.795E-53
 0  0  0  0  1  0  0.00000000000000000E+00    0.000E+00
 1  0  0  0 -1  0  0.00000000000000000E+00    0.000E+00
-1  0  0  0  1  0  0.00000000000000000E+00    0.000E+00
 0 -1  0  0 -1  0  0.00000000000000000E+00    0.000E+00
 0  1  0  0  1  0  1.66079817994052291E-45   -4.795E-53
-1 -1  0  0 -1  0  0.00000000000000000E+00    0.000E+00
 1  1  0  0  1  0  0.00000000000000000E+00    0.000E+00
 0  0  0 -1 -1  0  1.66079817994052291E-45   -4.795E-53
 0  0  0  1  1  0  0.00000000000000000E+00    0.000E+00
-1  0  0 -1 -1  0  0.00000000000000000E+00    0.000E+00
 1  0  0  1  1  0  0.00000000000000000E+00    0.000E+00
 0 -1  0 -1 -1  0  0.00000000000000000E+00    0.000E+00
 0  1  0  1  1  0  0.00000000000000000E+00    0.000E+00
-1 -1  0 -1 -1  0  0.00000000000000000E+00    0.000E+00
 1  1  0  1  1  0  1.66079817994052291E-45   -4.795E-53
-1 -2  0 -1 -2  0  0.00000000000000000E+00    0.000E+00
 0 -1  0 -1 -2  0  0.00000000000000000E+00    0.000E+00
-1 -1  0 -1 -2  0  0.00000000000000000E+00    0.000E+00
-1 -2  0  0 -1  0  0.00000000000000000E+00    0.000E+00
-1 -2  0 -1 -1  0  0.00000000000000000E+00    0.000E+00
 1  2  0  0  0  0  1.66079817994052291E-45   -4.795E-53
 1  2  0  0  1  0  1.66079817994052291E-45   -4.795E-53
 1  1  0  0 -1  0  1.66079817994052291E-45   -4.795E-53
 1  2  0  1  1  0  1.66079817994052291E-45   -4.795E-53
 0  1  0 -1 -1  0  1.66079817994052291E-45   -4.795E-53
 0  0  0 -1 -2  0  0.00000000000000000E+00    0.000E+00
 0  0  0  1  2  0  0.00000000000000000E+00    0.000E+00
 0  1  0  1  2  0  0.00000000000000000E+00    0.000E+00
 1  1  0  1  2  0  0.00000000000000000E+00    0.000E+00
-1 -1  0  0  1  0  0.00000000000000000E+00    0.000E+00
 0 -1  0  1  1  0  0.00000000000000000E+00    0.000E+00
-1 -2  0  0  0  0  0.00000000000000000E+00    0.000E+00
 1  2  0  1  2  0  0.00000000000000000E+00    0.000E+00
1 2 1  1 2 1
       49
 0  0  0  0  0  0 -1.09030150965926387E+00   -2.792E-06
-1  0  0  0  0  0  0.00000000000000000E+00    0.000E+00
 1  0  0  0  0  0  0.00000000000000000E+00    0.000E+00
 0 -1  0  0  0  0  0.00000000000000000E+00    0.000E+00
 0  1  0  0  0  0 -1.77278135908646672E+00    3.751E-06
-1 -1  0  0  0  0  0.00000000000000000E+00    0.000E+00
 1  1  0  0  0  0 -1.77031042092010549E+00    1.225E-06
 0  0  0 -1  0  0 -4.77925119135174548E-01    1.244E-06
 0  0  0  1  0  0 -4.77925119135174548E-01    1.244E-06
-1  0  0 -1  0  0 -4.77925119135174437E-01    1.244E-06
 1  0  0  1  0  0 -4.77925119135174437E-01    1.244E-06
 0  1  0 -1  0  0 -9.42420877186022077E-01   -2.488E-06
 0 -1  0  1  0  0  0.00000000000000000E+00    0.000E+00
-1 -1  0 -1  0  0  0.00000000000000000E+00    0.000E+00
 1  1  0  1  0  0 -9.42420877186022077E-01   -2.488E-06
 0  0  0  0 -1  0 -9.78651619397181038E-01   -4.791E-07
 0  0  0  0  1  0  0.00000000000000000E+00    0.000E+00
 1  0  0  0 -1  0  0.00000000000000000E+00    0.000E+00
-1  0  0  0  1  0  0.00000000000000000E+00    0.000E+00
 0 -1  0  0 -1  0  0.00000000000000000E+00    0.000E+00
 0  1  0  0  1  0 -9.78651619397181038E-01   -4.791E-07
-1 -1  0  0 -1  0  0.00000000000000000E+00    0.000E+00
 1  1  0  0  1  0  0.00000000000000000E+00    0.000E+00
 0  0  0 -1 -1  0 -9.79887088480362101E-01    7.840E-07
 0  0  0  1  1  0  0.00000000000000000E+00    0.000E+00
-1  0  0 -1 -1  0  0.00000000000000000E+00    0.000E+00
 1  0  0  1  1  0  0.00000000000000000E+00    0.000E+00
 0 -1  0 -1 -1  0  0.00000000000000000E+00    0.000E+00
 0  1  0  1  1  0  0.00000000000000000E+00    0.000E+00
-1 -1  0 -1 -1  0  0.00000000000000000E+00    0.000E+00
 1  1  0  1  1  0 -9.79887088480361879E-01    7.840E-07
-1 -2  0 -1 -2  0  0.00000000000000000E+00    0.000E+00
 0 -1  0 -1 -2  0  0.00000000000000000E+00    0.000E+00
-1 -1  0 -1 -2  0  0.00000000000000000E+00    0.000E+00
-1 -2  0  0 -1  0  0.00000000000000000E+00    0.000E+00
-1 -2  0 -1 -1  0  0.00000000000000000E+00    0.000E+00
 1  2  0  0  0  0 -9.73917092411369145E-01   -2.183E-06
 1  2  0  0  1  0 -1.00526556761483565E+00    4.791E-07
 1  1  0  0 -1  0 -1.00526556761483565E+00    4.791E-07
 1  2  0  1  1  0 -1.00403009853165437E+00   -7.840E-07
 0  1  0 -1 -1  0 -1.00403009853165459E+00   -7.840E-07
 0  0  0 -1 -2  0  0.00000000000000000E+00    0.000E+00
 0  0  0  1  2  0  0.00000000000000000E+00    0.000E+00
 0  1  0  1  2  0  0.00000000000000000E+00    0.000E+00
 1  1  0  1  2  0  0.00000000000000000E+00    0.000E+00
-1 -1  0  0  1  0  0.00000000000000000E+00    0.000E+00
 0 -1  0  1  1  0  0.00000000000000000E+00    0.000E+00
-1 -2  0  0  0  0  0.00000000000000000E+00    0.000E+00
 1  2  0  1  2  0  0.00000000000000000E+00    0.000E+00
1 2 2  1 2 1
       49
 0  0  0  0  0  0  3.71271471710163392E-05   -6.482E-06
-1  0  0  0  0  0  0.00000000000000000E+00    0.000E+00
 1  0  0  0  0  0  0.00000000000000000E+00    0.000E+00
 0 -1  0  0  0  0  0.00000000000000000E+00    0.000E+00
 0  1  0  0  0  0  4.21546008167111019E-01    1.298E-06
-1 -1  0  0  0  0  0.00000000000000000E+00    0.000E+00
 1  1  0  0  0  0 -4.21539259658684828E-01   -1.299E-06
 0  0  0 -1  0  0 -1.90898656668228583E-05   -8.755E-08
 0  0  0  1  0  0 -1.90898656668228583E-05   -8.755E-08
-1  0  0 -1  0  0  2.24641198799668818E-05    8.710E-08
 1  0  0  1  0  0  2.24641198799668818E-05    8.710E-08
 0  1  0 -1  0  0  2.36474938615184732E-02    3.361E-08
 0 -1  0  1  0  0  0.00000000000000000E+00    0.000E+00
-1 -1  0 -1  0  0  0.00000000000000000E+00    0.000E+00
 1  1  0  1  0  0 -2.36542423699437482E-02   -3.272E-08
 0  0  0  0 -1  0  3.50250888186791481E-02    2.738E-06
 0  0  0  0  1  0  0.00000000000000000E+00    0.000E+00
 1  0  0  0 -1  0  0.00000000000000000E+00    0.000E+00
-1  0  0  0  1  0  0.00000000000000000E+00    0.000E+00
 0 -1  0  0 -1  0  0.00000000000000000E+00    0.000E+00
 0  1  0  0  1  0  5.76154749771557451E-02    2.447E-06
-1 -1  0  0 -1  0  0.00000000000000000E+00    0.000E+00
 1  1  0  0  1  0  0.00000000000000000E+00    0.000E+00
 0  0  0 -1 -1  0 -3.50240362345156792E-02    3.920E-06
 0  0  0  1  1  0  0.00000000000000000E+00    0.000E+00
-1  0  0 -1 -1  0  0.00000000000000000E+00    0.000E+00
 1  0  0  1  1  0  0.00000000000000000E+00    0.000E+00
 0 -1  0 -1 -1  0  0.00000000000000000E+00    0.000E+00
 0  1  0  1  1  0  0.00000000000000000E+00    0.000E+00
-1 -1  0 -1 -1  0  0.00000000000000000E+00    0.000E+00
 1  1  0  1  1  0 -5.76975303640857445E-02    3.861E-06
-1 -2  0 -1 -2  0  0.00000000000000000E+00    0.000E+00
 0 -1  0 -1 -2  0  0.00000000000000000E+00    0.000E+00
-1 -1  0 -1 -2  0  0.00000000000000000E+00    0.000E+00
-1 -2  0  0 -1  0  0.00000000000000000E+00    0.000E+00
-1 -2  0 -1 -1  0  0.00000000000000000E+00    0.000E+00
 1  2  0  0  0  0 -4.38756555963468187E-05    6.483E-06
 1  2  0  0  1  0  2.07774177713839457E-02   -2.655E-06
 1  1  0  0 -1  0  1.26182538541224701E-02   -2.530E-06
 1  2  0  1  1  0 -2.07784703555467382E-02   -4.003E-06
 0  1  0 -1 -1  0 -1.25361984671915339E-02   -3.778E-06
 0  0  0 -1 -2  0  0.00000000000000000E+00    0.000E+00
 0  0  0  1  2  0  0.00000000000000000E+00    0.000E+00
 0  1  0  1  2  0  0.00000000000000000E+00    0.000E+00
 1  1  0  1  2  0  0.00000000000000000E+00    0.000E+00
-1 -1  0  0  1  0  0.00000000000000000E+00    0.000E+00
 0 -1  0  1  1  0  0.00000000000000000E+00    0.000E+00
-1 -2  0  0  0  0  0.00000000000000000E+00    0.000E+00
 1  2  0  1  2  0  0.00000000000000000E+00    0.000E+00
1 2 3  1 2 1
       49
 0  0  0  0  0  0 -5.79133420911577930E-37    8.427E-48
-1  0  0  0  0  0  0.00000000000000000E+00    0.000E+00
 1  0  0  0  0  0  0.00000000000000000E+00    0.000E+00
 0 -1  0  0  0  0  0.00000000000000000E+00    0.000E+00
 0  1  0  0  0  0 -5.79133420911577428E-37   -8.428E-48
-1 -1  0  0  0  0  0.00000000000000000E+00    0.000E+00
 1  1  0  0  0  0 -5.79133420911569744E-37   -7.948E-53
 0  0  0 -1  0  0  2.89566712373509421E-37   -7.520E-53
 0  0  0  1  0  0  2.89566712373509421E-37   -7.520E-53
-1  0  0 -1  0  0  2.89566712373513263E-37    4.214E-48
 1  0  0  1  0  0  2.89566712373513263E-37    4.214E-48
 0  1  0 -1  0  0  5.79133424747018341E-37   -1.504E-52
 0 -1  0  1  0  0  0.00000000000000000E+00    0.000E+00
-1 -1  0 -1  0  0  0.00000000000000000E+00    0.000E+00
 1  1  0  1  0  0  5.79133424747027028E-37   -8.428E-48
 0  0  0  0 -1  0 -5.79133420911577428E-37   -8.427E-48
 0  0  0  0  1  0  0.00000000000000000E+00    0.000E+00
 1  0  0  0 -1  0  0.00000000000000000E+00    0.000E+00
-1  0  0  0  1  0  0.00000000000000000E+00    0.000E+00
 0 -1  0  0 -1  0  0.00000000000000000E+00    0.000E+00
 0  1  0  0  1  0 -5.79133420911577930E-37    8.428E-48
-1 -1  0  0 -1  0  0.00000000000000000E+00    0.000E+00
 1  1  0  0  1  0  0.00000000000000000E+00    0.000E+00
 0  0  0 -1 -1  0  5.79133424747018341E-37   -4.076E-52
 0  0  0  1  1  0  0.00000000000000000E+00    0.000E+00
-1  0  0 -1 -1  0  0.00000000000000000E+00    0.000E+00
 1  0  0  1  1  0  0.00000000000000000E+00    0.000E+00
 0 -1  0 -1 -1  0  0.00000000000000000E+00    0.000E+00
 0  1  0  1  1  0  0.00000000000000000E+00    0.000E+00
-1 -1  0 -1 -1  0  0.00000000000000000E+00    0.000E+00
 1  1  0  1  1  0  5.79133424747026526E-37    8.427E-48
-1 -2  0 -1 -2  0  0.00000000000000000E+00    0.000E+00
 0 -1  0 -1 -2  0  0.00000000000000000E+00    0.000E+00
-1 -1  0 -1 -2  0  0.00000000000000000E+00    0.000E+00
-1 -2  0  0 -1  0  0.00000000000000000E+00    0.000E+00
-1 -2  0 -1 -1  0  0.00000000000000000E+00    0.000E+00
 1  2  0  0  0  0 -5.79133420911569243E-37   -7.948E-53
 1  2  0  0  1  0 -5.79133420911569744E-37    1.225E-52
 1  1  0  0 -1  0 -5.79133420911569243E-37    1.225E-52
 1  2  0  1  1  0  5.79133424747027028E-37   -8.428E-48
 0  1  0 -1 -1  0  5.79133424747018842E-37   -4.076E-52
 0  0  0 -1 -2  0  0.00000000000000000E+00    0.000E+00
 0  0  0  1  2  0  0.00000000000000000E+00    0.000E+00
 0  1  0  1  2  0  0.00000000000000000E+00    0.000E+00
 1  1  0  1  2  0  0.00000000000000000E+00    0.000E+00
-1 -1  0  0  1  0  0.00000000000000000E+00    0.000E+00
 0 -1  0  1  1  0  0.00000000000000000E+00    0.000E+00
-1 -2  0  0  0  0  0.00000000000000000E+00    0.000E+00
 1  2  0  1  2  0  0.00000000000000000E+00    0.000E+00
1 3 1  1 2 1
       49
 0  0  0  0  0  0 -2.50772125684223991E-37   -1.531E-41
-1  0  0  0  0  0  0.00000000000000000E+00    0.000E+00
 1  0  0  0  0  0  0.00000000000000000E+00    0.000E+00
 0 -1  0  0  0  0  0.00000000000000000E+00    0.000E+00
 0  1  0  0  0  0 -2.50772125684223991E-37   -1.531E-41
-1 -1  0  0  0  0  0.00000000000000000E+00    0.000E+00
 1  1  0  0  0  0  2.50772130666618484E-37    1.531E-41
 0  0  0 -1  0  0  1.24559863379533882E-45   -3.486E-53
 0  0  0  1  0  0  1.24559863379533882E-45   -3.486E-53
-1  0  0 -1  0  0  1.24559863379533882E-45   -3.486E-53
 1  0  0  1  0  0  1.24559863379533882E-45   -3.486E-53
 0  1  0 -1  0  0  2.49119726759067765E-45   -1.134E-52
 0 -1  0  1  0  0  0.00000000000000000E+00    0.000E+00
-1 -1  0 -1  0  0  0.00000000000000000E+00    0.000E+00
 1  1  0  1  0  0  2.49119726759067765E-45    2.970E-53
 0  0  0  0 -1  0 -2.50772125684223991E-37   -1.531E-41
 0  0  0  0  1  0  0.00000000000000000E+00    0.000E+00
 1  0  0  0 -1  0  0.00000000000000000E+00    0.000E+00
-1  0  0  0  1  0  0.00000000000000000E+00    0.000E+00
 0 -1  0  0 -1  0  0.00000000000000000E+00    0.000E+00
 0  1  0  0  1  0 -2.50772125684223991E-37   -1.531E-41
-1 -1  0  0 -1  0  0.00000000000000000E+00    0.000E+00
 1  1  0  0  1  0  0.00000000000000000E+00    0.000E+00
 0  0  0 -1 -1  0  2.49119726759067765E-45   -1.403E-53
 0  0  0  1  1  0  0.00000000000000000E+00    0.000E+00
-1  0  0 -1 -1  0  0.00000000000000000E+00    0.000E+00
 1  0  0  1  1  0  0.00000000000000000E+00    0.000E+00
 0 -1  0 -1 -1  0  0.00000000000000000E+00    0.000E+00
 0  1  0  1  1  0  0.00000000000000000E+00    0.000E+00
-1 -1  0 -1 -1  0  0.00000000000000000E+00    0.000E+00
 1  1  0  1  1  0  2.49119726759067765E-45   -1.403E-53
-1 -2  0 -1 -2  0  0.00000000000000000E+00    0.000E+00
 0 -1  0 -1 -2  0  0.00000000000000000E+00    0.000E+00
-1 -1  0 -1 -2  0  0.00000000000000000E+00    0.000E+00
-1 -2  0  0 -1  0  0.00000000000000000E+00    0.000E+00
-1 -2  0 -1 -1  0  0.00000000000000000E+00    0.000E+00
 1  2  0  0  0  0  2.50772130666618484E-37    1.531E-41
 1  2  0  0  1  0  2.50772130666618484E-37    1.531E-41
 1  1  0  0 -1  0  2.50772130666618484E-37    1.531E-41
 1  2  0  1  1  0  2.49119726759067765E-45   -1.134E-52
 0  1  0 -1 -1  0  2.49119726759067765E-45   -1.134E-52
 0  0  0 -1 -2  0  0.00000000000000000E+00    0.000E+00
 0  0  0  1  2  0  0.00000000000000000E+00    0.000E+00
 0  1  0  1  2  0  0.00000000000000000E+00    0.000E+00
 1  1  0  1  2  0  0.00000000000000000E+00    0.000E+00
-1 -1  0  0  1  0  0.00000000000000000E+00    0.000E+00
 0 -1  0  1  1  0  0.00000000000000000E+00    0.000E+00
-1 -2  0  0  0  0  0.00000000000000000E+00    0.000E+00
 1  2  0  1  2  0  0.00000000000000000E+00    0.000E+00
1 3 2  1 2 1
       49
 0  0  0  0  0  0 -2.89566703264319860E-37   -2.590E-53
-1  0  0  0  0  0  0.00000000000000000E+00    0.000E+00
 1  0  0  0  0  0  0.00000000000000000E+00    0.000E+00
 0 -1  0  0  0  0  0.00000000000000000E+00    0.000E+00
 0  1  0  0  0  0 -5.79133414678968927E-37   -1.767E-41
-1 -1  0  0  0  0  0.00000000000000000E+00    0.000E+00
 1  1  0  0  0  0  5.79133430979627677E-37    1.767E-41
 0  0  0 -1  0  0  2.38892537324601925E-36   -4.418E-42
 0  0  0  1  0  0  2.38892537324601925E-36   -4.418E-42
-1  0  0 -1  0  0  2.24414201753869521E-36    4.418E-42
 1  0  0  1  0  0  2.24414201753869521E-36    4.418E-42
 0  1  0 -1  0  0  5.06741745790668789E-36    8.837E-42
 0 -1  0  1  0  0  0.00000000000000000E+00    0.000E+00
-1 -1  0 -1  0  0  0.00000000000000000E+00    0.000E+00
 1  1  0  1  0  0  4.19871732366274102E-36   -8.837E-42
 0  0  0  0 -1  0 -5.21220079731335384E-36   -1.767E-41
 0  0  0  0  1  0  0.00000000000000000E+00    0.000E+00
 1  0  0  0 -1  0  0.00000000000000000E+00    0.000E+00
-1  0  0  0  1  0  0.00000000000000000E+00    0.000E+00
 0 -1  0  0 -1  0  0.00000000000000000E+00    0.000E+00
 0  1  0  0  1  0 -4.92263408589870444E-36   -1.584E-51
-1 -1  0  0 -1  0  0.00000000000000000E+00    0.000E+00
 1  1  0  0  1  0  0.00000000000000000E+00    0.000E+00
 0  0  0 -1 -1  0  4.34350075272302977E-37    8.837E-42
 0  0  0  1  1  0  0.00000000000000000E+00    0.000E+00
-1  0  0 -1 -1  0  0.00000000000000000E+00    0.000E+00
 1  0  0  1  1  0  0.00000000000000000E+00    0.000E+00
 0 -1  0 -1 -1  0  0.00000000000000000E+00    0.000E+00
 0  1  0  1  1  0  0.00000000000000000E+00    0.000E+00
-1 -1  0 -1 -1  0  0.00000000000000000E+00    0.000E+00
 1  1  0  1  1  0 -1.44783347556995159E-37    8.837E-42
-1 -2  0 -1 -2  0  0.00000000000000000E+00    0.000E+00
 0 -1  0 -1 -2  0  0.00000000000000000E+00    0.000E+00
-1 -1  0 -1 -2  0  0.00000000000000000E+00    0.000E+00
-1 -2  0  0 -1  0  0.00000000000000000E+00    0.000E+00
-1 -2  0 -1 -1  0  0.00000000000000000E+00    0.000E+00
 1  2  0  0  0  0  2.89566719564978610E-37   -7.909E-53
 1  2  0  0  1  0 -4.05393395165475757E-36    1.767E-41
 1  1  0  0 -1  0 -4.34350066306940697E-36   -1.580E-51
 1  2  0  1  1  0 -4.34350058971644226E-37   -8.837E-42
 0  1  0 -1 -1  0  1.44783363857653909E-37   -8.837E-42
 0  0  0 -1 -2  0  0.00000000000000000E+00    0.000E+00
 0  0  0  1  2  0  0.00000000000000000E+00    0.000E+00
 0  1  0  1  2  0  0.00000000000000000E+00    0.000E+00
 1  1  0  1  2  0  0.00000000000000000E+00    0.000E+00
-1 -1  0  0  1  0  0.00000000000000000E+00    0.000E+00
 0 -1  0  1  1  0  0.00000000000000000E+00    0.000E+00
-1 -2  0  0  0  0  0.00000000000000000E+00    0.000E+00
 1  2  0  1  2  0  0.00000000000000000E+00    0.000E+00
1 3 3  1 2 1
       49
 0  0  0  0  0  0  3.19631128825777211E-06    1.390E-06
-1  0  0  0  0  0  0.00000000000000000E+00    0.000E+00
 1  0  0  0  0  0  0.00000000000000000E+00    0.000E+00
 0 -1  0  0  0  0  0.00000000000000000E+00    0.000E+00
 0  1  0  0  0  0 -9.67270511456980314E-02   -2.471E-07
-1 -1  0  0  0  0  0.00000000000000000E+00    0.000E+00
 1  1  0  0  0  0  9.59979316913903008E-02    3.628E-07
 0  0  0 -1  0  0 -3.63103897028308441E-04   -2.128E-08
 0  0  0  1  0  0 -3.63103897028308441E-04   -2.128E-08
-1  0  0 -1  0  0 -1.45583012555166452E-06    7.917E-08
 1  0  0  1  0  0 -1.45583012555166452E-06    7.917E-08
 0  1  0 -1  0  0  1.21550582256314647E-03   -5.311E-08
 0 -1  0  1  0  0  0.00000000000000000E+00    0.000E+00
-1 -1  0 -1  0  0  0.00000000000000000E+00    0.000E+00
 1  1  0  1  0  0 -4.86386368255433202E-04   -6.267E-08
 0  0  0  0 -1  0 -3.94624331258036122E-03   -4.904E-07
 0  0  0  0  1  0  0.00000000000000000E+00    0.000E+00
 1  0  0  0 -1  0  0.00000000000000000E+00    0.000E+00
-1  0  0  0  1  0  0.00000000000000000E+00    0.000E+00
 0 -1  0  0 -1  0  0.00000000000000000E+00    0.000E+00
 0  1  0  0  1  0 -3.45708249873781515E-03   -6.529E-07
-1 -1  0  0 -1  0  0.00000000000000000E+00    0.000E+00
 1  1  0  0  1  0  0.00000000000000000E+00    0.000E+00
 0  0  0 -1 -1  0  4.66925479534872033E-03   -8.575E-07
 0  0  0  1  1  0  0.00000000000000000E+00    0.000E+00
-1  0  0 -1 -1  0  0.00000000000000000E+00    0.000E+00
 1  0  0  1  1  0  0.00000000000000000E+00    0.000E+00
 0 -1  0 -1 -1  0  0.00000000000000000E+00    0.000E+00
 0  1  0  1  1  0  0.00000000000000000E+00    0.000E+00
-1 -1  0 -1 -1  0  0.00000000000000000E+00    0.000E+00
 1  1  0  1  1  0  3.45679784770065550E-03   -8.958E-07
-1 -2  0 -1 -2  0  0.00000000000000000E+00    0.000E+00
 0 -1  0 -1 -2  0  0.00000000000000000E+00    0.000E+00
-1 -1  0 -1 -2  0  0.00000000000000000E+00    0.000E+00
-1 -2  0  0 -1  0  0.00000000000000000E+00    0.000E+00
-1 -2  0 -1 -1  0  0.00000000000000000E+00    0.000E+00
 1  2  0  0  0  0  7.25923143019460704E-04   -1.506E-06
 1  2  0  0  1  0 -1.06250678627272353E-03    5.477E-07
 1  1  0  0 -1  0  5.67002954894652370E-03    5.956E-07
 1  2  0  1  1  0  3.39495303504364423E-04    8.001E-07
 0  1  0 -1 -1  0 -5.66974489790936058E-03    9.531E-07
 0  0  0 -1 -2  0  0.00000000000000000E+00    0.000E+00
 0  0  0  1  2  0  0.00000000000000000E+00    0.000E+00
 0  1  0  1  2  0  0.00000000000000000E+00    0.000E+00
 1  1  0  1  2  0  0.00000000000000000E+00    0.000E+00
-1 -1  0  0  1  0  0.00000000000000000E+00    0.000E+00
 0 -1  0  1  1  0  0.00000000000000000E+00    0.000E+00
-1 -2  0  0  0  0  0.00000000000000000E+00    0.000E+00
 1  2  0  1  2  0  0.00000000000000000E+00    0.000E+00
2 1 1  1 2 1
       49
 0  0  0  0  0  0 -1.05824220372938860E+00   -2.790E-06
-1  0  0  0  0  0  0.00000000000000000E+00    0.000E+00
 1  0  0  0  0  0  0.00000000000000000E+00    0.000E+00
 0 -1  0  0  0  0  0.00000000000000000E+00    0.000E+00
 0  1  0  0  0  0 -1.78829676324658071E+00    3.820E-06
-1 -1  0  0  0  0  0.00000000000000000E+00    0.000E+00
 1  1  0  0  0  0 -1.78714408516892953E+00    1.185E-06
 0  0  0 -1  0  0 -5.01367578328980823E-01    1.222E-06
 0  0  0  1  0  0 -5.01367578328980823E-01    1.222E-06
-1  0  0 -1  0  0 -5.06150247091830985E-01    1.280E-06
 1  0  0  1  0  0 -5.06150247091830985E-01    1.280E-06
 0  1  0 -1  0  0 -1.02118201244599383E+00   -2.334E-06
 0 -1  0  1  0  0  0.00000000000000000E+00    0.000E+00
-1 -1  0 -1  0  0  0.00000000000000000E+00    0.000E+00
 1  1  0  1  0  0 -1.02005343859564479E+00   -2.670E-06
 0  0  0  0 -1  0 -9.20174030251158959E-01   -3.516E-07
 0  0  0  0  1  0  0.00000000000000000E+00    0.000E+00
 1  0  0  0 -1  0  0.00000000000000000E+00    0.000E+00
-1  0  0  0  1  0  0.00000000000000000E+00    0.000E+00
 0 -1  0  0 -1  0  0.00000000000000000E+00    0.000E+00
 0  1  0  0  1  0 -9.59301727814965033E-01   -6.779E-07
-1 -1  0  0 -1  0  0.00000000000000000E+00    0.000E+00
 1  1  0  0  1  0  0.00000000000000000E+00    0.000E+00
 0  0  0 -1 -1  0 -9.19549822015477303E-01    6.970E-07
 0  0  0  1  1  0  0.00000000000000000E+00    0.000E+00
-1  0  0 -1 -1  0  0.00000000000000000E+00    0.000E+00
 1  0  0  1  1  0  0.00000000000000000E+00    0.000E+00
 0 -1  0 -1 -1  0  0.00000000000000000E+00    0.000E+00
 0  1  0  1  1  0  0.00000000000000000E+00    0.000E+00
-1 -1  0 -1 -1  0  0.00000000000000000E+00    0.000E+00
 1  1  0  1  1  0 -9.61078614128297759E-01    9.084E-07
-1 -2  0 -1 -2  0  0.00000000000000000E+00    0.000E+00
 0 -1  0 -1 -2  0  0.00000000000000000E+00    0.000E+00
-1 -1  0 -1 -2  0  0.00000000000000000E+00    0.000E+00
-1 -2  0  0 -1  0  0.00000000000000000E+00    0.000E+00
-1 -2  0 -1 -1  0  0.00000000000000000E+00    0.000E+00
 1  2  0  0  0  0 -9.73627329932304053E-01   -2.214E-06
 1  2  0  0  1  0 -9.76891742551168951E-01    4.527E-07
 1  1  0  0 -1  0 -9.81602437921479276E-01    5.768E-07
 1  2  0  1  1  0 -9.76243430088184927E-01   -7.981E-07
 0  1  0 -1 -1  0 -9.81098072306812008E-01   -8.073E-07
 0  0  0 -1 -2  0  0.00000000000000000E+00    0.000E+00
 0  0  0  1  2  0  0.00000000000000000E+00    0.000E+00
 0  1  0  1  2  0  0.00000000000000000E+00    0.000E+00
 1  1  0  1  2  0  0.00000000000000000E+00    0.000E+00
-1 -1  0  0  1  0  0.00000000000000000E+00    0.000E+00
 0 -1  0  1  1  0  0.00000000000000000E+00    0.000E+00
-1 -2  0  0  0  0  0.00000000000000000E+00    0.000E+00
 1  2  0  1  2  0  0.00000000000000000E+00    0.000E+00
2 1 2  1 2 1
       49
 0  0  0  0  0  0 -5.49111304066429717E-04   -6.258E-06
-1  0  0  0  0  0  0.00000000000000000E+00    0.000E+00
 1  0  0  0  0  0  0.00000000000000000E+00    0.000E+00
 0 -1  0  0  0  0  0.00000000000000000E+00    0.000E+00
 0  1  0  0  0  0  3.93486853397366554E-01    1.182E-06
-1 -1  0  0  0  0  0.00000000000000000E+00    0.000E+00
 1  1  0  0  0  0 -3.92388260651055865E-01   -1.356E-06
 0  0  0 -1  0  0  2.74648186577679254E-04   -4.371E-08
 0  0  0  1  0  0  2.74648186577679254E-04   -4.371E-08
-1  0  0 -1  0  0  2.74648186577679254E-04   -4.371E-08
 1  0  0  1  0  0  2.74648186577679254E-04   -4.371E-08
 0  1  0 -1  0  0 -5.49296373155573614E-04    8.741E-08
 0 -1  0  1  0  0  0.00000000000000000E+00    0.000E+00
-1 -1  0 -1  0  0  0.00000000000000000E+00    0.000E+00
 1  1  0  1  0  0 -5.49296373155573614E-04    8.741E-08
 0  0  0  0 -1  0 -2.10850361251111312E-02    2.538E-06
 0  0  0  0  1  0  0.00000000000000000E+00    0.000E+00
 1  0  0  0 -1  0  0.00000000000000000E+00    0.000E+00
-1  0  0  0  1  0  0.00000000000000000E+00    0.000E+00
 0 -1  0  0 -1  0  0.00000000000000000E+00    0.000E+00
 0  1  0  0  1  0 -2.10850361251111174E-02    2.538E-06
-1 -1  0  0 -1  0  0.00000000000000000E+00    0.000E+00
 1  1  0  0  1  0  0.00000000000000000E+00    0.000E+00
 0  0  0 -1 -1  0  2.10848510560219249E-02    3.807E-06
 0  0  0  1  1  0  0.00000000000000000E+00    0.000E+00
-1  0  0 -1 -1  0  0.00000000000000000E+00    0.000E+00
 1  0  0  1  1  0  0.00000000000000000E+00    0.000E+00
 0 -1  0 -1 -1  0  0.00000000000000000E+00    0.000E+00
 0  1  0  1  1  0  0.00000000000000000E+00    0.000E+00
-1 -1  0 -1 -1  0  0.00000000000000000E+00    0.000E+00
 1  1  0  1  1  0  2.10848510560219249E-02    3.807E-06
-1 -2  0 -1 -2  0  0.00000000000000000E+00    0.000E+00
 0 -1  0 -1 -2  0  0.00000000000000000E+00    0.000E+00
-1 -1  0 -1 -2  0  0.00000000000000000E+00    0.000E+00
-1 -2  0  0 -1  0  0.00000000000000000E+00    0.000E+00
-1 -2  0 -1 -1  0  0.00000000000000000E+00    0.000E+00
 1  2  0  0  0  0 -5.49481442244592611E-04    6.433E-06
 1  2  0  0  1  0 -2.83627463425713822E-02   -2.538E-06
 1  1  0  0 -1  0 -2.83627463425713891E-02   -2.538E-06
 1  2  0  1  1  0  2.83629314116604081E-02   -3.807E-06
 0  1  0 -1 -1  0  2.83629314116604081E-02   -3.807E-06
 0  0  0 -1 -2  0  0.00000000000000000E+00    0.000E+00
 0  0  0  1  2  0  0.00000000000000000E+00    0.000E+00
 0  1  0  1  2  0  0.00000000000000000E+00    0.000E+00
 1  1  0  1  2  0  0.00000000000000000E+00    0.000E+00
-1 -1  0  0  1  0  0.00000000000000000E+00    0.000E+00
 0 -1  0  1  1  0  0.00000000000000000E+00    0.000E+00
-1 -2  0  0  0  0  0.00000000000000000E+00    0.000E+00
 1  2  0  1  2  0  0.00000000000000000E+00    0.000E+00
2 1 3  1 2 1
       49
 0  0  0  0  0  0  5.79133423308729314E-37   -1.697E-53
-1  0  0  0  0  0  0.00000000000000000E+00    0.000E+00
 1  0  0  0  0  0  0.00000000000000000E+00    0.000E+00
 0 -1  0  0  0  0  0.00000000000000000E+00    0.000E+00
 0  1  0  0  0  0  5.79133423308729314E-37   -1.697E-53
-1 -1  0  0  0  0  0.00000000000000000E+00    0.000E+00
 1  1  0  0  0  0  5.79133423308729314E-37   -1.697E-53
 0  0  0 -1  0  0  2.89566711654364657E-37   -8.484E-54
 0  0  0  1  0  0  2.89566711654364657E-37   -8.484E-54
-1  0  0 -1  0  0  2.89566711654364657E-37   -8.484E-54
 1  0  0  1  0  0  2.89566711654364657E-37   -8.484E-54
 0  1  0 -1  0  0  5.79133423308729314E-37   -1.697E-53
 0 -1  0  1  0  0  0.00000000000000000E+00    0.000E+00
-1 -1  0 -1  0  0  0.00000000000000000E+00    0.000E+00
 1  1  0  1  0  0  5.79133423308729314E-37   -1.697E-53
 0  0  0  0 -1  0 -5.79133422349866956E-37   -6.023E-52
 0  0  0  0  1  0  0.00000000000000000E+00    0.000E+00
 1  0  0  0 -1  0  0.00000000000000000E+00    0.000E+00
-1  0  0  0  1  0  0.00000000000000000E+00    0.000E+00
 0 -1  0  0 -1  0  0.00000000000000000E+00    0.000E+00
 0  1  0  0  1  0 -5.79133422349866956E-37   -6.023E-52
-1 -1  0  0 -1  0  0.00000000000000000E+00    0.000E+00
 1  1  0  0  1  0  0.00000000000000000E+00    0.000E+00
 0  0  0 -1 -1  0 -5.79133422349866956E-37   -6.023E-52
 0  0  0  1  1  0  0.00000000000000000E+00    0.000E+00
-1  0  0 -1 -1  0  0.00000000000000000E+00    0.000E+00
 1  0  0  1  1  0  0.00000000000000000E+00    0.000E+00
 0 -1  0 -1 -1  0  0.00000000000000000E+00    0.000E+00
 0  1  0  1  1  0  0.00000000000000000E+00    0.000E+00
-1 -1  0 -1 -1  0  0.00000000000000000E+00    0.000E+00
 1  1  0  1  1  0 -5.79133422349866956E-37   -6.023E-52
-1 -2  0 -1 -2  0  0.00000000000000000E+00    0.000E+00
 0 -1  0 -1 -2  0  0.00000000000000000E+00    0.000E+00
-1 -1  0 -1 -2  0  0.00000000000000000E+00    0.000E+00
-1 -2  0  0 -1  0  0.00000000000000000E+00    0.000E+00
-1 -2  0 -1 -1  0  0.00000000000000000E+00    0.000E+00
 1  2  0  0  0  0  5.79133423308729314E-37   -1.697E-53
 1  2  0  0  1  0 -5.79133422349866956E-37   -6.023E-52
 1  1  0  0 -1  0 -5.79133422349866956E-37   -6.023E-52
 1  2  0  1  1  0 -5.79133422349866956E-37   -6.023E-52
 0  1  0 -1 -1  0 -5.79133422349866956E-37   -6.023E-52
 0  0  0 -1 -2  0  0.00000000000000000E+00    0.000E+00
 0  0  0  1  2  0  0.00000000000000000E+00    0.000E+00
 0  1  0  1  2  0  0.00000000000000000E+00    0.000E+00
 1  1  0  1  2  0  0.00000000000000000E+00    0.000E+00
-1 -1  0  0  1  0  0.00000000000000000E+00    0.000E+00
 0 -1  0  1  1  0  0.00000000000000000E+00    0.000E+00
-1 -2  0  0  0  0  0.00000000000000000E+00    0.000E+00
 1  2  0  1  2  0  0.00000000000000000E+00    0.000E+00
2 2 1  1 2 1
       49
 0  0  0  0  0  0  3.71271471710024614E-05   -6.482E-06
-1  0  0  0  0  0  0.00000000000000000E+00    0.000E+00
 1  0  0  0  0  0  0.00000000000000000E+00    0.000E+00
 0 -1  0  0  0  0  0.00000000000000000E+00    0.000E+00
 0  1  0  0  0  0  4.21546008167111019E-01    1.298E-06
-1 -1  0  0  0  0  0.00000000000000000E+00    0.000E+00
 1  1  0  0  0  0 -4.21539259658684828E-01   -1.299E-06
 0  0  0 -1  0  0  2.24641198799634123E-05    8.710E-08
 0  0  0  1  0  0  2.24641198799634123E-05    8.710E-08
-1  0  0 -1  0  0 -1.90898656668332667E-05   -8.755E-08
 1  0  0  1  0  0 -1.90898656668332667E-05   -8.755E-08
 0  1  0 -1  0  0 -2.36542423699437621E-02   -3.272E-08
 0 -1  0  1  0  0  0.00000000000000000E+00    0.000E+00
-1 -1  0 -1  0  0  0.00000000000000000E+00    0.000E+00
 1  1  0  1  0  0  2.36474938615184871E-02    3.361E-08
 0  0  0  0 -1  0  5.76154749771557381E-02    2.447E-06
 0  0  0  0  1  0  0.00000000000000000E+00    0.000E+00
 1  0  0  0 -1  0  0.00000000000000000E+00    0.000E+00
-1  0  0  0  1  0  0.00000000000000000E+00    0.000E+00
 0 -1  0  0 -1  0  0.00000000000000000E+00    0.000E+00
 0  1  0  0  1  0  3.50250888186791620E-02    2.738E-06
-1 -1  0  0 -1  0  0.00000000000000000E+00    0.000E+00
 1  1  0  0  1  0  0.00000000000000000E+00    0.000E+00
 0  0  0 -1 -1  0 -5.76975303640857376E-02    3.861E-06
 0  0  0  1  1  0  0.00000000000000000E+00    0.000E+00
-1  0  0 -1 -1  0  0.00000000000000000E+00    0.000E+00
 1  0  0  1  1  0  0.00000000000000000E+00    0.000E+00
 0 -1  0 -1 -1  0  0.00000000000000000E+00    0.000E+00
 0  1  0  1  1  0  0.00000000000000000E+00    0.000E+00
-1 -1  0 -1 -1  0  0.00000000000000000E+00    0.000E+00
 1  1  0  1  1  0 -3.50240362345156861E-02    3.920E-06
-1 -2  0 -1 -2  0  0.00000000000000000E+00    0.000E+00
 0 -1  0 -1 -2  0  0.00000000000000000E+00    0.000E+00
-1 -1  0 -1 -2  0  0.00000000000000000E+00    0.000E+00
-1 -2  0  0 -1  0  0.00000000000000000E+00    0.000E+00
-1 -2  0 -1 -1  0  0.00000000000000000E+00    0.000E+00
 1  2  0  0  0  0 -4.38756555963468187E-05    6.483E-06
 1  2  0  0  1  0  1.26182538541224562E-02   -2.530E-06
 1  1  0  0 -1  0  2.07774177713839422E-02   -2.655E-06
 1  2  0  1  1  0 -1.25361984671915269E-02   -3.778E-06
 0  1  0 -1 -1  0 -2.07784703555467277E-02   -4.003E-06
 0  0  0 -1 -2  0  0.00000000000000000E+00    0.000E+00
 0  0  0  1  2  0  0.00000000000000000E+00    0.000E+00
 0  1  0  1  2  0  0.00000000000000000E+00    0.000E+00
 1  1  0  1  2  0  0.00000000000000000E+00    0.000E+00
-1 -1  0  0  1  0  0.00000000000000000E+00    0.000E+00
 0 -1  0  1  1  0  0.00000000000000000E+00    0.000E+00
-1 -2  0  0  0  0  0.00000000000000000E+00    0.000E+00
 1  2  0  1  2  0  0.00000000000000000E+00    0.000E+00
2 2 2  1 2 1
       49
 0  0  0  0  0  0  2.97310033313884725E+00   -2.000E-07
-1  0  0  0  0  0  0.00000000000000000E+00    0.000E+00
 1  0  0  0  0  0  0.00000000000000000E+00    0.000E+00
 0 -1  0  0  0  0  0.00000000000000000E+00    0.000E+00
 0  1  0  0  0  0  8.30506378790028976E-01   -1.287E-05
-1 -1  0  0  0  0  0.00000000000000000E+00    0.000E+00
 1  1  0  0  0  0  8.30468384634076462E-01    1.981E-05
 0  0  0 -1  0  0  4.91129191979430835E-01    1.735E-06
 0  0  0  1  0  0  4.91129191979430835E-01    1.735E-06
-1  0  0 -1  0  0  4.91129191979430724E-01    1.735E-06
 1  0  0  1  0  0  4.91129191979430724E-01    1.735E-06
 0  1  0 -1  0  0  8.84673384675112473E-01   -3.469E-06
 0 -1  0  1  0  0  0.00000000000000000E+00    0.000E+00
-1 -1  0 -1  0  0  0.00000000000000000E+00    0.000E+00
 1  1  0  1  0  0  8.84673384675112473E-01   -3.469E-06
 0  0  0  0 -1  0  1.00779269751706013E+00    6.537E-06
 0  0  0  0  1  0  0.00000000000000000E+00    0.000E+00
 1  0  0  0 -1  0  0.00000000000000000E+00    0.000E+00
-1  0  0  0  1  0  0.00000000000000000E+00    0.000E+00
 0 -1  0  0 -1  0  0.00000000000000000E+00    0.000E+00
 0  1  0  0  1  0  1.00779269751706058E+00    6.537E-06
-1 -1  0  0 -1  0  0.00000000000000000E+00    0.000E+00
 1  1  0  0  1  0  0.00000000000000000E+00    0.000E+00
 0  0  0 -1 -1  0  1.00781169459503617E+00   -9.806E-06
 0  0  0  1  1  0  0.00000000000000000E+00    0.000E+00
-1  0  0 -1 -1  0  0.00000000000000000E+00    0.000E+00
 1  0  0  1  1  0  0.00000000000000000E+00    0.000E+00
 0 -1  0 -1 -1  0  0.00000000000000000E+00    0.000E+00
 0  1  0  1  1  0  0.00000000000000000E+00    0.000E+00
-1 -1  0 -1 -1  0  0.00000000000000000E+00    0.000E+00
 1  1  0  1  1  0  1.00781169459503617E+00   -9.806E-06
-1 -2  0 -1 -2  0  0.00000000000000000E+00    0.000E+00
 0 -1  0 -1 -2  0  0.00000000000000000E+00    0.000E+00
-1 -1  0 -1 -2  0  0.00000000000000000E+00    0.000E+00
-1 -2  0  0 -1  0  0.00000000000000000E+00    0.000E+00
-1 -2  0 -1 -1  0  0.00000000000000000E+00    0.000E+00
 1  2  0  0  0  0  9.73235285513455173E-01   -6.739E-06
 1  2  0  0  1  0  9.91794162905738741E-01   -6.537E-06
 1  1  0  0 -1  0  9.91794162905738852E-01   -6.537E-06
 1  2  0  1  1  0  9.91775165827762595E-01    9.806E-06
 0  1  0 -1 -1  0  9.91775165827762484E-01    9.806E-06
 0  0  0 -1 -2  0  0.00000000000000000E+00    0.000E+00
 0  0  0  1  2  0  0.00000000000000000E+00    0.000E+00
 0  1  0  1  2  0  0.00000000000000000E+00    0.000E+00
 1  1  0  1  2  0  0.00000000000000000E+00    0.000E+00
-1 -1  0  0  1  0  0.00000000000000000E+00    0.000E+00
 0 -1  0  1  1  0  0.00000000000000000E+00    0.000E+00
-1 -2  0  0  0  0  0.00000000000000000E+00    0.000E+00
 1  2  0  1  2  0  0.00000000000000000E+00    0.000E+00
2 2 3  1 2 1
       49
 0  0  0  0  0  0 -2.76799721920155002E-44    4.379E-47
-1  0  0  0  0  0  0.00000000000000000E+00    0.000E+00
 1  0  0  0  0  0  0.00000000000000000E+00    0.000E+00
 0 -1  0  0  0  0  0.00000000000000000E+00    0.000E+00
 0  1  0  0  0  0 -2.76799718950416414E-44   -4.379E-47
-1 -1  0  0  0  0  0.00000000000000000E+00    0.000E+00
 1  1  0  0  0  0 -2.76799674311533604E-44   -3.892E-47
 0  0  0 -1  0  0  3.34362823727194923E-37    1.946E-47
 0  0  0  1  0  0  3.34362823727194923E-37    1.946E-47
-1  0  0 -1  0  0  3.34362823727197136E-37    2.190E-47
 1  0  0  1  0  0  3.34362823727197136E-37    2.190E-47
 0  1  0 -1  0  0  6.68725647454389512E-37   -3.893E-47
 0 -1  0  1  0  0  0.00000000000000000E+00    0.000E+00
-1 -1  0 -1  0  0  0.00000000000000000E+00    0.000E+00
 1  1  0  1  0  0  6.68725647454394607E-37   -4.379E-47
 0  0  0  0 -1  0 -6.68725702814333599E-37    3.406E-47
 0  0  0  0  1  0  0.00000000000000000E+00    0.000E+00
 1  0  0  0 -1  0  0.00000000000000000E+00    0.000E+00
-1  0  0  0  1  0  0.00000000000000000E+00    0.000E+00
 0 -1  0  0 -1  0  0.00000000000000000E+00    0.000E+00
 0  1  0  0  1  0 -6.68725702814333933E-37   -3.406E-47
-1 -1  0  0 -1  0  0.00000000000000000E+00    0.000E+00
 1  1  0  0  1  0  0.00000000000000000E+00    0.000E+00
 0  0  0 -1 -1  0 -2.76799721920155002E-44    3.892E-47
 0  0  0  1  1  0  0.00000000000000000E+00    0.000E+00
-1  0  0 -1 -1  0  0.00000000000000000E+00    0.000E+00
 1  0  0  1  1  0  0.00000000000000000E+00    0.000E+00
 0 -1  0 -1 -1  0  0.00000000000000000E+00    0.000E+00
 0  1  0  1  1  0  0.00000000000000000E+00    0.000E+00
-1 -1  0 -1 -1  0  0.00000000000000000E+00    0.000E+00
 1  1  0  1  1  0 -2.76799674311533604E-44   -3.406E-47
-1 -2  0 -1 -2  0  0.00000000000000000E+00    0.000E+00
 0 -1  0 -1 -2  0  0.00000000000000000E+00    0.000E+00
-1 -1  0 -1 -2  0  0.00000000000000000E+00    0.000E+00
-1 -2  0  0 -1  0  0.00000000000000000E+00    0.000E+00
-1 -2  0 -1 -1  0  0.00000000000000000E+00    0.000E+00
 1  2  0  0  0  0 -2.76799671341795015E-44    3.892E-47
 1  2  0  0  1  0 -6.68725702814329172E-37    3.892E-47
 1  1  0  0 -1  0 -6.68725702814328838E-37   -3.893E-47
 1  2  0  1  1  0 -2.76799671341795015E-44    3.406E-47
 0  1  0 -1 -1  0 -2.76799718950416414E-44   -3.893E-47
 0  0  0 -1 -2  0  0.00000000000000000E+00    0.000E+00
 0  0  0  1  2  0  0.00000000000000000E+00    0.000E+00
 0  1  0  1  2  0  0.00000000000000000E+00    0.000E+00
 1  1  0  1  2  0  0.00000000000000000E+00    0.000E+00
-1 -1  0  0  1  0  0.00000000000000000E+00    0.000E+00
 0 -1  0  1  1  0  0.00000000000000000E+00    0.000E+00
-1 -2  0  0  0  0  0.00000000000000000E+00    0.000E+00
 1  2  0  1  2  0  0.00000000000000000E+00    0.000E+00
2 3 1  1 2 1
       49
 0  0  0  0  0  0 -2.89566703264319860E-37   -2.590E-53
-1  0  0  0  0  0  0.00000000000000000E+00    0.000E+00
 1  0  0  0  0  0  0.00000000000000000E+00    0.000E+00
 0 -1  0  0  0  0  0.00000000000000000E+00    0.000E+00
 0  1  0  0  0  0 -5.79133414678968927E-37   -1.767E-41
-1 -1  0  0  0  0  0.00000000000000000E+00    0.000E+00
 1  1  0  0  0  0  5.79133430979627677E-37    1.767E-41
 0  0  0 -1  0  0  2.24414201753869521E-36    4.418E-42
 0  0  0  1  0  0  2.24414201753869521E-36    4.418E-42
-1  0  0 -1  0  0  2.38892537324601925E-36   -4.418E-42
 1  0  0  1  0  0  2.38892537324601925E-36   -4.418E-42
 0  1  0 -1  0  0  4.19871732366274102E-36   -8.837E-42
 0 -1  0  1  0  0  0.00000000000000000E+00    0.000E+00
-1 -1  0 -1  0  0  0.00000000000000000E+00    0.000E+00
 1  1  0  1  0  0  5.06741745790668789E-36    8.837E-42
 0  0  0  0 -1  0 -4.92263408589870444E-36   -1.584E-51
 0  0  0  0  1  0  0.00000000000000000E+00    0.000E+00
 1  0  0  0 -1  0  0.00000000000000000E+00    0.000E+00
-1  0  0  0  1  0  0.00000000000000000E+00    0.000E+00
 0 -1  0  0 -1  0  0.00000000000000000E+00    0.000E+00
 0  1  0  0  1  0 -5.21220079731335384E-36   -1.767E-41
-1 -1  0  0 -1  0  0.00000000000000000E+00    0.000E+00
 1  1  0  0  1  0  0.00000000000000000E+00    0.000E+00
 0  0  0 -1 -1  0 -1.44783347556995159E-37    8.837E-42
 0  0  0  1  1  0  0.00000000000000000E+00    0.000E+00
-1  0  0 -1 -1  0  0.00000000000000000E+00    0.000E+00
 1  0  0  1  1  0  0.00000000000000000E+00    0.000E+00
 0 -1  0 -1 -1  0  0.00000000000000000E+00    0.000E+00
 0  1  0  1  1  0  0.00000000000000000E+00    0.000E+00
-1 -1  0 -1 -1  0  0.00000000000000000E+00    0.000E+00
 1  1  0  1  1  0  4.34350075272302977E-37    8.837E-42
-1 -2  0 -1 -2  0  0.00000000000000000E+00    0.000E+00
 0 -1  0 -1 -2  0  0.00000000000000000E+00    0.000E+00
-1 -1  0 -1 -2  0  0.00000000000000000E+00    0.000E+00
-1 -2  0  0 -1  0  0.00000000000000000E+00    0.000E+00
-1 -2  0 -1 -1  0  0.00000000000000000E+00    0.000E+00
 1  2  0  0  0  0  2.89566719564978610E-37    2.730E-53
 1  2  0  0  1  0 -4.34350066306940697E-36   -1.506E-51
 1  1  0  0 -1  0 -4.05393395165475757E-36    1.767E-41
 1  2  0  1  1  0  1.44783363857653909E-37   -8.837E-42
 0  1  0 -1 -1  0 -4.34350058971644226E-37   -8.837E-42
 0  0  0 -1 -2  0  0.00000000000000000E+00    0.000E+00
 0  0  0  1  2  0  0.00000000000000000E+00    0.000E+00
 0  1  0  1  2  0  0.00000000000000000E+00    0.000E+00
 1  1  0  1  2  0  0.00000000000000000E+00    0.000E+00
-1 -1  0  0  1  0  0.00000000000000000E+00    0.000E+00
 0 -1  0  1  1  0  0.00000000000000000E+00    0.000E+00
-1 -2  0  0  0  0  0.00000000000000000E+00    0.000E+00
 1  2  0  1  2  0  0.00000000000000000E+00    0.000E+00
2 3 2  1 2 1
       49
 0  0  0  0  0  0  4.59748900962874773E-36   -1.531E-41
-1  0  0  0  0  0  0.00000000000000000E+00    0.000E+00
 1  0  0  0  0  0  0.00000000000000000E+00    0.000E+00
 0 -1  0  0  0  0  0.00000000000000000E+00    0.000E+00
 0  1  0  0  0  0  5.26621468476311137E-36    5.102E-42
-1 -1  0  0  0  0  0.00000000000000000E+00    0.000E+00
 1  1  0  0  0  0  5.76775894111388009E-36   -5.102E-42
 0  0  0 -1  0  0  5.26621468822310351E-36    3.892E-47
 0  0  0  1  0  0  5.26621468822310351E-36    3.892E-47
-1  0  0 -1  0  0  5.26621468822310351E-36    3.892E-47
 1  0  0  1  0  0  5.26621468822310351E-36    3.892E-47
 0  1  0 -1  0  0  1.08667922140133888E-35   -7.785E-47
 0 -1  0  1  0  0  0.00000000000000000E+00    0.000E+00
-1 -1  0 -1  0  0  0.00000000000000000E+00    0.000E+00
 1  1  0  1  0  0  1.08667922140133888E-35   -7.785E-47
 0  0  0  0 -1  0 -1.11175643560287578E-35   -5.102E-42
 0  0  0  0  1  0  0.00000000000000000E+00    0.000E+00
 1  0  0  0 -1  0  0.00000000000000000E+00    0.000E+00
-1  0  0  0  1  0  0.00000000000000000E+00    0.000E+00
 0 -1  0  0 -1  0  0.00000000000000000E+00    0.000E+00
 0  1  0  0  1  0 -1.11175643560287578E-35   -5.102E-42
-1 -1  0  0 -1  0  0.00000000000000000E+00    0.000E+00
 1  1  0  0  1  0  0.00000000000000000E+00    0.000E+00
 0  0  0 -1 -1  0 -5.51698682677848033E-36   -1.020E-41
 0  0  0  1  1  0  0.00000000000000000E+00    0.000E+00
-1  0  0 -1 -1  0  0.00000000000000000E+00    0.000E+00
 1  0  0  1  1  0  0.00000000000000000E+00    0.000E+00
 0 -1  0 -1 -1  0  0.00000000000000000E+00    0.000E+00
 0  1  0  1  1  0  0.00000000000000000E+00    0.000E+00
-1 -1  0 -1 -1  0  0.00000000000000000E+00    0.000E+00
 1  1  0  1  1  0 -5.51698682677848033E-36   -1.020E-41
-1 -2  0 -1 -2  0  0.00000000000000000E+00    0.000E+00
 0 -1  0 -1 -2  0  0.00000000000000000E+00    0.000E+00
-1 -1  0 -1 -2  0  0.00000000000000000E+00    0.000E+00
-1 -2  0  0 -1  0  0.00000000000000000E+00    0.000E+00
-1 -2  0 -1 -1  0  0.00000000000000000E+00    0.000E+00
 1  2  0  0  0  0  5.76775894111388009E-36    1.531E-41
 1  2  0  0  1  0 -1.02816572621108073E-35    5.102E-42
 1  1  0  0 -1  0 -1.02816572621108073E-35    5.102E-42
 1  2  0  1  1  0 -5.18262398921129851E-36    1.020E-41
 0  1  0 -1 -1  0 -5.18262398921129851E-36    1.020E-41
 0  0  0 -1 -2  0  0.00000000000000000E+00    0.000E+00
 0  0  0  1  2  0  0.00000000000000000E+00    0.000E+00
 0  1  0  1  2  0  0.00000000000000000E+00    0.000E+00
 1  1  0  1  2  0  0.00000000000000000E+00    0.000E+00
-1 -1  0  0  1  0  0.00000000000000000E+00    0.000E+00
 0 -1  0  1  1  0  0.00000000000000000E+00    0.000E+00
-1 -2  0  0  0  0  0.00000000000000000E+00    0.000E+00
 1  2  0  1  2  0  0.00000000000000000E+00    0.000E+00
2 3 3  1 2 1
       49
 0  0  0  0  0  0 -1.11692269805843417E-01    1.651E-07
-1  0  0  0  0  0  0.00000000000000000E+00    0.000E+00
 1  0  0  0  0  0  0.00000000000000000E+00    0.000E+00
 0 -1  0  0  0  0  0.00000000000000000E+00    0.000E+00
 0  1  0  0  0  0  5.58482312573318415E-02    5.841E-07
-1 -1  0  0  0  0  0.00000000000000000E+00    0.000E+00
 1  1  0  0  0  0  5.54245739895439238E-02   -1.266E-06
 0  0  0 -1  0  0 -3.06396722012175276E-03   -1.747E-07
 0  0  0  1  0  0 -3.06396722012175276E-03   -1.747E-07
-1  0  0 -1  0  0  1.96671627389581084E-04   -1.665E-07
 1  0  0  1  0  0  1.96671627389581084E-04   -1.665E-07
 0  1  0 -1  0  0  4.69017151912644575E-03    4.267E-07
 0 -1  0  1  0  0  0.00000000000000000E+00    0.000E+00
-1 -1  0 -1  0  0  0.00000000000000000E+00    0.000E+00
 1  1  0  1  0  0  4.27273495180968774E-03    2.557E-07
 0  0  0  0 -1  0 -1.71328302952375184E-03   -2.945E-07
 0  0  0  0  1  0  0.00000000000000000E+00    0.000E+00
 1  0  0  0 -1  0  0.00000000000000000E+00    0.000E+00
-1  0  0  0  1  0  0.00000000000000000E+00    0.000E+00
 0 -1  0  0 -1  0  0.00000000000000000E+00    0.000E+00
 0  1  0  0  1  0 -2.56053419772821287E-03   -4.547E-07
-1 -1  0  0 -1  0  0.00000000000000000E+00    0.000E+00
 1  1  0  0  1  0  0.00000000000000000E+00    0.000E+00
 0  0  0 -1 -1  0 -1.29249812372935272E-03    4.789E-07
 0  0  0  1  1  0  0.00000000000000000E+00    0.000E+00
-1  0  0 -1 -1  0  0.00000000000000000E+00    0.000E+00
 1  0  0  1  1  0  0.00000000000000000E+00    0.000E+00
 0 -1  0 -1 -1  0  0.00000000000000000E+00    0.000E+00
 0  1  0  1  1  0  0.00000000000000000E+00    0.000E+00
-1 -1  0 -1 -1  0  0.00000000000000000E+00    0.000E+00
 1  1  0  1  1  0 -2.55766183573470206E-03    6.225E-07
-1 -2  0 -1 -2  0  0.00000000000000000E+00    0.000E+00
 0 -1  0 -1 -2  0  0.00000000000000000E+00    0.000E+00
-1 -1  0 -1 -2  0  0.00000000000000000E+00    0.000E+00
-1 -2  0  0 -1  0  0.00000000000000000E+00    0.000E+00
-1 -2  0 -1 -1  0  0.00000000000000000E+00    0.000E+00
 1  2  0  0  0  0  4.19464558967630463E-04    5.173E-07
 1  2  0  0  1  0 -6.13686051878780357E-04    3.609E-07
 1  1  0  0 -1  0  3.27334563639484263E-03    3.883E-07
 1  2  0  1  1  0 -1.99121846555531425E-04   -5.452E-07
 0  1  0 -1 -1  0  2.43512416328368290E-03   -5.561E-07
 0  0  0 -1 -2  0  0.00000000000000000E+00    0.000E+00
 0  0  0  1  2  0  0.00000000000000000E+00    0.000E+00
 0  1  0  1  2  0  0.00000000000000000E+00    0.000E+00
 1  1  0  1  2  0  0.00000000000000000E+00    0.000E+00
-1 -1  0  0  1  0  0.00000000000000000E+00    0.000E+00
 0 -1  0  1  1  0  0.00000000000000000E+00    0.000E+00
-1 -2  0  0  0  0  0.00000000000000000E+00    0.000E+00
 1  2  0  1  2  0  0.00000000000000000E+00    0.000E+00
3 1 1  1 2 1
       49
 0  0  0  0  0  0  1.66079817994052291E-45   -4.795E-53
-1  0  0  0  0  0  0.00000000000000000E+00    0.000E+00
 1  0  0  0  0  0  0.00000000000000000E+00    0.000E+00
 0 -1  0  0  0  0  0.00000000000000000E+00    0.000E+00
 0  1  0  0  0  0  1.66079817994052291E-45   -4.795E-53
-1 -1  0  0  0  0  0.00000000000000000E+00    0.000E+00
 1  1  0  0  0  0  1.66079817994052291E-45   -4.795E-53
 0  0  0 -1  0  0  8.30399089970261455E-46   -2.397E-53
 0  0  0  1  0  0  8.30399089970261455E-46   -2.397E-53
-1  0  0 -1  0  0  8.30399089970261455E-46   -2.397E-53
 1  0  0  1  0  0  8.30399089970261455E-46   -2.397E-53
 0  1  0 -1  0  0  1.66079817994052291E-45   -4.795E-53
 0 -1  0  1  0  0  0.00000000000000000E+00    0.000E+00
-1 -1  0 -1  0  0  0.00000000000000000E+00    0.000E+00
 1  1  0  1  0  0  1.66079817994052291E-45   -4.795E-53
 0  0  0  0 -1  0  1.66079817994052291E-45   -4.795E-53
 0  0  0  0  1  0  0.00000000000000000E+00    0.000E+00
 1  0  0  0 -1  0  0.00000000000000000E+00    0.000E+00
-1  0  0  0  1  0  0.00000000000000000E+00    0.000E+00
 0 -1  0  0 -1  0  0.00000000000000000E+00    0.000E+00
 0  1  0  0  1  0  1.66079817994052291E-45   -4.795E-53
-1 -1  0  0 -1  0  0.00000000000000000E+00    0.000E+00
 1  1  0  0  1  0  0.00000000000000000E+00    0.000E+00
 0  0  0 -1 -1  0  1.66079817994052291E-45   -4.795E-53
 0  0  0  1  1  0  0.00000000000000000E+00    0.000E+00
-1  0  0 -1 -1  0  0.00000000000000000E+00    0.000E+00
 1  0  0  1  1  0  0.00000000000000000E+00    0.000E+00
 0 -1  0 -1 -1  0  0.00000000000000000E+00    0.000E+00
 0  1  0  1  1  0  0.00000000000000000E+00    0.000E+00
-1 -1  0 -1 -1  0  0.00000000000000000E+00    0.000E+00
 1  1  0  1  1  0  1.66079817994052291E-45   -4.795E-53
-1 -2  0 -1 -2  0  0.00000000000000000E+00    0.000E+00
 0 -1  0 -1 -2  0  0.00000000000000000E+00    0.000E+00
-1 -1  0 -1 -2  0  0.00000000000000000E+00    0.000E+00
-1 -2  0  0 -1  0  0.00000000000000000E+00    0.000E+00
-1 -2  0 -1 -1  0  0.00000000000000000E+00    0.000E+00
 1  2  0  0  0  0  1.66079817994052291E-45   -4.795E-53
 1  2  0  0  1  0  1.66079817994052291E-45   -4.795E-53
 1  1  0  0 -1  0  1.66079817994052291E-45   -4.795E-53
 1  2  0  1  1  0  1.66079817994052291E-45   -4.795E-53
 0  1  0 -1 -1  0  1.66079817994052291E-45   -4.795E-53
 0  0  0 -1 -2  0  0.00000000000000000E+00    0.000E+00
 0  0  0  1  2  0  0.00000000000000000E+00    0.000E+00
 0  1  0  1  2  0  0.00000000000000000E+00    0.000E+00
 1  1  0  1  2  0  0.00000000000000000E+00    0.000E+00
-1 -1  0  0  1  0  0.00000000000000000E+00    0.000E+00
 0 -1  0  1  1  0  0.00000000000000000E+00    0.000E+00
-1 -2  0  0  0  0  0.00000000000000000E+00    0.000E+00
 1  2  0  1  2  0  0.00000000000000000E+00    0.000E+00
3 1 2  1 2 1
       49
 0  0  0  0  0  0  5.79133423308729314E-37   -1.697E-53
-1  0  0  0  0  0  0.00000000000000000E+00    0.000E+00
 1  0  0  0  0  0  0.00000000000000000E+00    0.000E+00
 0 -1  0  0  0  0  0.00000000000000000E+00    0.000E+00
 0  1  0  0  0  0  5.79133423308729314E-37   -1.697E-53
-1 -1  0  0  0  0  0.00000000000000000E+00    0.000E+00
 1  1  0  0  0  0  5.79133423308729314E-37   -1.697E-53
 0  0  0 -1  0  0  2.89566711654364657E-37   -8.484E-54
 0  0  0  1  0  0  2.89566711654364657E-37   -8.484E-54
-1  0  0 -1  0  0  2.89566711654364657E-37   -8.484E-54
 1  0  0  1  0  0  2.89566711654364657E-37   -8.484E-54
 0  1  0 -1  0  0  5.79133423308729314E-37   -1.697E-53
 0 -1  0  1  0  0  0.00000000000000000E+00    0.000E+00
-1 -1  0 -1  0  0  0.00000000000000000E+00    0.000E+00
 1  1  0  1  0  0  5.79133423308729314E-37   -1.697E-53
 0  0  0  0 -1  0 -5.79133422349866956E-37   -6.023E-52
 0  0  0  0  1  0  0.00000000000000000E+00    0.000E+00
 1  0  0  0 -1  0  0.00000000000000000E+00    0.000E+00
-1  0  0  0  1  0  0.00000000000000000E+00    0.000E+00
 0 -1  0  0 -1  0  0.00000000000000000E+00    0.000E+00
 0  1  0  0  1  0 -5.79133422349866956E-37   -6.023E-52
-1 -1  0  0 -1  0  0.00000000000000000E+00    0.000E+00
 1  1  0  0  1  0  0.00000000000000000E+00    0.000E+00
 0  0  0 -1 -1  0 -5.79133422349866956E-37   -6.023E-52
 0  0  0  1  1  0  0.00000000000000000E+00    0.000E+00
-1  0  0 -1 -1  0  0.00000000000000000E+00    0.000E+00
 1  0  0  1  1  0  0.00000000000000000E+00    0.000E+00
 0 -1  0 -1 -1  0  0.00000000000000000E+00    0.000E+00
 0  1  0  1  1  0  0.00000000000000000E+00    0.000E+00
-1 -1  0 -1 -1  0  0.00000000000000000E+00    0.000E+00
 1  1  0  1  1  0 -5.79133422349866956E-37   -6.023E-52
-1 -2  0 -1 -2  0  0.00000000000000000E+00    0.000E+00
 0 -1  0 -1 -2  0  0.00000000000000000E+00    0.000E+00
-1 -1  0 -1 -2  0  0.00000000000000000E+00    0.000E+00
-1 -2  0  0 -1  0  0.00000000000000000E+00    0.000E+00
-1 -2  0 -1 -1  0  0.00000000000000000E+00    0.000E+00
 1  2  0  0  0  0  5.79133423308729314E-37   -1.697E-53
 1  2  0  0  1  0 -5.79133422349866956E-37   -6.023E-52
 1  1  0  0 -1  0 -5.79133422349866956E-37   -6.023E-52
 1  2  0  1  1  0 -5.79133422349866956E-37   -6.023E-52
 0  1  0 -1 -1  0 -5.79133422349866956E-37   -6.023E-52
 0  0  0 -1 -2  0  0.00000000000000000E+00    0.000E+00
 0  0  0  1  2  0  0.00000000000000000E+00    0.000E+00
 0  1  0  1  2  0  0.00000000000000000E+00    0.000E+00
 1  1  0  1  2  0  0.00000000000000000E+00    0.000E+00
-1 -1  0  0  1  0  0.00000000000000000E+00    0.000E+00
 0 -1  0  1  1  0  0.00000000000000000E+00    0.000E+00
-1 -2  0  0  0  0  0.00000000000000000E+00    0.000E+00
 1  2  0  1  2  0  0.00000000000000000E+00    0.000E+00
3 1 3  1 2 1
       49
 0  0  0  0  0  0 -2.31727497003910571E-03    3.267E-06
-1  0  0  0  0  0  0.00000000000000000E+00    0.000E+00
 1  0  0  0  0  0  0.00000000000000000E+00    0.000E+00
 0 -1  0  0  0  0  0.00000000000000000E+00    0.000E+00
 0  1  0  0  0  0 -2.08306002517043926E-01   -7.512E-07
-1 -1  0  0  0  0  0.00000000000000000E+00    0.000E+00
 1  1  0  0  0  0  2.08294424550400314E-01    7.529E-07
 0  0  0 -1  0  0 -2.89449166090277599E-06    4.287E-10
 0  0  0  1  0  0 -2.89449166090277599E-06    4.287E-10
-1  0  0 -1  0  0 -2.89449166090277599E-06    4.287E-10
 1  0  0  1  0  0 -2.89449166090277599E-06    4.287E-10
 0  1  0 -1  0  0  5.78898332179861308E-06   -8.575E-10
 0 -1  0  1  0  0  0.00000000000000000E+00    0.000E+00
-1 -1  0 -1  0  0  0.00000000000000000E+00    0.000E+00
 1  1  0  1  0  0  5.78898332181249087E-06   -8.575E-10
 0  0  0  0 -1  0 -1.36858771977916051E-02   -1.258E-06
 0  0  0  0  1  0  0.00000000000000000E+00    0.000E+00
 1  0  0  0 -1  0  0.00000000000000000E+00    0.000E+00
-1  0  0  0  1  0  0.00000000000000000E+00    0.000E+00
 0 -1  0  0 -1  0  0.00000000000000000E+00    0.000E+00
 0  1  0  0  1  0 -1.36858771977916259E-02   -1.258E-06
-1 -1  0  0 -1  0  0.00000000000000000E+00    0.000E+00
 1  1  0  0  1  0  0.00000000000000000E+00    0.000E+00
 0  0  0 -1 -1  0  1.60089411511525163E-02   -2.010E-06
 0  0  0  1  1  0  0.00000000000000000E+00    0.000E+00
-1  0  0 -1 -1  0  0.00000000000000000E+00    0.000E+00
 1  0  0  1  1  0  0.00000000000000000E+00    0.000E+00
 0 -1  0 -1 -1  0  0.00000000000000000E+00    0.000E+00
 0  1  0  1  1  0  0.00000000000000000E+00    0.000E+00
-1 -1  0 -1 -1  0  0.00000000000000000E+00    0.000E+00
 1  1  0  1  1  0  1.60089411511525233E-02   -2.010E-06
-1 -2  0 -1 -2  0  0.00000000000000000E+00    0.000E+00
 0 -1  0 -1 -2  0  0.00000000000000000E+00    0.000E+00
-1 -1  0 -1 -2  0  0.00000000000000000E+00    0.000E+00
-1 -2  0  0 -1  0  0.00000000000000000E+00    0.000E+00
-1 -2  0 -1 -1  0  0.00000000000000000E+00    0.000E+00
 1  2  0  0  0  0  2.32885293668271334E-03   -3.269E-06
 1  2  0  0  1  0 -1.17319829828247957E-02    1.258E-06
 1  1  0  0 -1  0 -1.17319829828247853E-02    1.258E-06
 1  2  0  1  1  0  9.40891902946389136E-03    2.010E-06
 0  1  0 -1 -1  0  9.40891902946388442E-03    2.010E-06
 0  0  0 -1 -2  0  0.00000000000000000E+00    0.000E+00
 0  0  0  1  2  0  0.00000000000000000E+00    0.000E+00
 0  1  0  1  2  0  0.00000000000000000E+00    0.000E+00
 1  1  0  1  2  0  0.00000000000000000E+00    0.000E+00
-1 -1  0  0  1  0  0.00000000000000000E+00    0.000E+00
 0 -1  0  1  1  0  0.00000000000000000E+00    0.000E+00
-1 -2  0  0  0  0  0.00000000000000000E+00    0.000E+00
 1  2  0  1  2  0  0.00000000000000000E+00    0.000E+00
3 2 1  1 2 1
       49
 0  0  0  0  0  0 -5.79133420911577930E-37    8.427E-48
-1  0  0  0  0  0  0.00000000000000000E+00    0.000E+00
 1  0  0  0  0  0  0.00000000000000000E+00    0.000E+00
 0 -1  0  0  0  0  0.00000000000000000E+00    0.000E+00
 0  1  0  0  0  0 -5.79133420911577428E-37   -8.428E-48
-1 -1  0  0  0  0  0.00000000000000000E+00    0.000E+00
 1  1  0  0  0  0 -5.79133420911569744E-37   -7.948E-53
 0  0  0 -1  0  0  2.89566712373513263E-37    4.214E-48
 0  0  0  1  0  0  2.89566712373513263E-37    4.214E-48
-1  0  0 -1  0  0  2.89566712373509421E-37   -7.520E-53
 1  0  0  1  0  0  2.89566712373509421E-37   -7.520E-53
 0  1  0 -1  0  0  5.79133424747027028E-37   -8.428E-48
 0 -1  0  1  0  0  0.00000000000000000E+00    0.000E+00
-1 -1  0 -1  0  0  0.00000000000000000E+00    0.000E+00
 1  1  0  1  0  0  5.79133424747018341E-37   -1.504E-52
 0  0  0  0 -1  0 -5.79133420911577930E-37    8.428E-48
 0  0  0  0  1  0  0.00000000000000000E+00    0.000E+00
 1  0  0  0 -1  0  0.00000000000000000E+00    0.000E+00
-1  0  0  0  1  0  0.00000000000000000E+00    0.000E+00
 0 -1  0  0 -1  0  0.00000000000000000E+00    0.000E+00
 0  1  0  0  1  0 -5.79133420911577428E-37   -8.427E-48
-1 -1  0  0 -1  0  0.00000000000000000E+00    0.000E+00
 1  1  0  0  1  0  0.00000000000000000E+00    0.000E+00
 0  0  0 -1 -1  0  5.79133424747026526E-37    8.427E-48
 0  0  0  1  1  0  0.00000000000000000E+00    0.000E+00
-1  0  0 -1 -1  0  0.00000000000000000E+00    0.000E+00
 1  0  0  1  1  0  0.00000000000000000E+00    0.000E+00
 0 -1  0 -1 -1  0  0.00000000000000000E+00    0.000E+00
 0  1  0  1  1  0  0.00000000000000000E+00    0.000E+00
-1 -1  0 -1 -1  0  0.00000000000000000E+00    0.000E+00
 1  1  0  1  1  0  5.79133424747018341E-37   -4.076E-52
-1 -2  0 -1 -2  0  0.00000000000000000E+00    0.000E+00
 0 -1  0 -1 -2  0  0.00000000000000000E+00    0.000E+00
-1 -1  0 -1 -2  0  0.00000000000000000E+00    0.000E+00
-1 -2  0  0 -1  0  0.00000000000000000E+00    0.000E+00
-1 -2  0 -1 -1  0  0.00000000000000000E+00    0.000E+00
 1  2  0  0  0  0 -5.79133420911569243E-37   -7.948E-53
 1  2  0  0  1  0 -5.79133420911569243E-37    1.225E-52
 1  1  0  0 -1  0 -5.79133420911569744E-37    1.225E-52
 1  2  0  1  1  0  5.79133424747018842E-37   -4.076E-52
 0  1  0 -1 -1  0  5.79133424747027028E-37   -8.428E-48
 0  0  0 -1 -2  0  0.00000000000000000E+00    0.000E+00
 0  0  0  1  2  0  0.00000000000000000E+00    0.000E+00
 0  1  0  1  2  0  0.00000000000000000E+00    0.000E+00
 1  1  0  1  2  0  0.00000000000000000E+00    0.000E+00
-1 -1  0  0  1  0  0.00000000000000000E+00    0.000E+00
 0 -1  0  1  1  0  0.00000000000000000E+00    0.000E+00
-1 -2  0  0  0  0  0.00000000000000000E+00    0.000E+00
 1  2  0  1  2  0  0.00000000000000000E+00    0.000E+00
3 2 2  1 2 1
       49
 0  0  0  0  0  0 -2.76799721920155002E-44    4.379E-47
-1  0  0  0  0  0  0.00000000000000000E+00    0.000E+00
 1  0  0  0  0  0  0.00000000000000000E+00    0.000E+00
 0 -1  0  0  0  0  0.00000000000000000E+00    0.000E+00
 0  1  0  0  0  0 -2.76799718950416414E-44   -4.379E-47
-1 -1  0  0  0  0  0.00000000000000000E+00    0.000E+00
 1  1  0  0  0  0 -2.76799674311533604E-44   -3.892E-47
 0  0  0 -1  0  0  3.34362823727197136E-37    2.190E-47
 0  0  0  1  0  0  3.34362823727197136E-37    2.190E-47
-1  0  0 -1  0  0  3.34362823727194923E-37    1.946E-47
 1  0  0  1  0  0  3.34362823727194923E-37    1.946E-47
 0  1  0 -1  0  0  6.68725647454394607E-37   -4.379E-47
 0 -1  0  1  0  0  0.00000000000000000E+00    0.000E+00
-1 -1  0 -1  0  0  0.00000000000000000E+00    0.000E+00
 1  1  0  1  0  0  6.68725647454389512E-37   -3.893E-47
 0  0  0  0 -1  0 -6.68725702814333933E-37   -3.406E-47
 0  0  0  0  1  0  0.00000000000000000E+00    0.000E+00
 1  0  0  0 -1  0  0.00000000000000000E+00    0.000E+00
-1  0  0  0  1  0  0.00000000000000000E+00    0.000E+00
 0 -1  0  0 -1  0  0.00000000000000000E+00    0.000E+00
 0  1  0  0  1  0 -6.68725702814333599E-37    3.406E-47
-1 -1  0  0 -1  0  0.00000000000000000E+00    0.000E+00
 1  1  0  0  1  0  0.00000000000000000E+00    0.000E+00
 0  0  0 -1 -1  0 -2.76799674311533604E-44   -3.406E-47
 0  0  0  1  1  0  0.00000000000000000E+00    0.000E+00
-1  0  0 -1 -1  0  0.00000000000000000E+00    0.000E+00
 1  0  0  1  1  0  0.00000000000000000E+00    0.000E+00
 0 -1  0 -1 -1  0  0.00000000000000000E+00    0.000E+00
 0  1  0  1  1  0  0.00000000000000000E+00    0.000E+00
-1 -1  0 -1 -1  0  0.00000000000000000E+00    0.000E+00
 1  1  0  1  1  0 -2.76799721920155002E-44    3.892E-47
-1 -2  0 -1 -2  0  0.00000000000000000E+00    0.000E+00
 0 -1  0 -1 -2  0  0.00000000000000000E+00    0.000E+00
-1 -1  0 -1 -2  0  0.00000000000000000E+00    0.000E+00
-1 -2  0  0 -1  0  0.00000000000000000E+00    0.000E+00
-1 -2  0 -1 -1  0  0.00000000000000000E+00    0.000E+00
 1  2  0  0  0  0 -2.76799671341795015E-44    3.892E-47
 1  2  0  0  1  0 -6.68725702814328838E-37   -3.893E-47
 1  1  0  0 -1  0 -6.68725702814329172E-37    3.892E-47
 1  2  0  1  1  0 -2.76799718950416414E-44   -3.893E-47
 0  1  0 -1 -1  0 -2.76799671341795015E-44    3.406E-47
 0  0  0 -1 -2  0  0.00000000000000000E+00    0.000E+00
 0  0  0  1  2  0  0.00000000000000000E+00    0.000E+00
 0  1  0  1  2  0  0.00000000000000000E+00    0.000E+00
 1  1  0  1  2  0  0.00000000000000000E+00    0.000E+00
-1 -1  0  0  1  0  0.00000000000000000E+00    0.000E+00
 0 -1  0  1  1  0  0.00000000000000000E+00    0.000E+00
-1 -2  0  0  0  0  0.00000000000000000E+00    0.000E+00
 1  2  0  1  2  0  0.00000000000000000E+00    0.000E+00
3 2 3  1 2 1
       49
 0  0  0  0  0  0 -2.39192703885804298E-01    2.922E-07
-1  0  0  0  0  0  0.00000000000000000E+00    0.000E+00
 1  0  0  0  0  0  0.00000000000000000E+00    0.000E+00
 0 -1  0  0  0  0  0.00000000000000000E+00    0.000E+00
 0  1  0  0  0  0  1.17587941950803271E-01    1.162E-06
-1 -1  0  0  0  0  0.00000000000000000E+00    0.000E+00
 1  1  0  0  0  0  1.20259727527964974E-01   -2.615E-06
 0  0  0 -1  0  0  5.43367783955050424E-03   -3.632E-07
 0  0  0  1  0  0  5.43367783955050424E-03   -3.632E-07
-1  0  0 -1  0  0  5.43367783955051118E-03   -3.632E-07
 1  0  0  1  0  0  5.43367783955051118E-03   -3.632E-07
 0  1  0 -1  0  0  1.84826611559032183E-02    7.264E-07
 0 -1  0  1  0  0  0.00000000000000000E+00    0.000E+00
-1 -1  0 -1  0  0  0.00000000000000000E+00    0.000E+00
 1  1  0  1  0  0  1.84826611559032183E-02    7.264E-07
 0  0  0  0 -1  0 -7.90086689412003614E-03   -7.270E-07
 0  0  0  0  1  0  0.00000000000000000E+00    0.000E+00
 1  0  0  0 -1  0  0.00000000000000000E+00    0.000E+00
-1  0  0  0  1  0  0.00000000000000000E+00    0.000E+00
 0 -1  0  0 -1  0  0.00000000000000000E+00    0.000E+00
 0  1  0  0  1  0 -7.90086689412003614E-03   -7.270E-07
-1 -1  0  0 -1  0  0.00000000000000000E+00    0.000E+00
 1  1  0  0  1  0  0.00000000000000000E+00    0.000E+00
 0  0  0 -1 -1  0 -9.23675968270090166E-03    1.161E-06
 0  0  0  1  1  0  0.00000000000000000E+00    0.000E+00
-1  0  0 -1 -1  0  0.00000000000000000E+00    0.000E+00
 1  0  0  1  1  0  0.00000000000000000E+00    0.000E+00
 0 -1  0 -1 -1  0  0.00000000000000000E+00    0.000E+00
 0  1  0  1  1  0  0.00000000000000000E+00    0.000E+00
-1 -1  0 -1 -1  0  0.00000000000000000E+00    0.000E+00
 1  1  0  1  1  0 -9.23675968270090512E-03    1.161E-06
-1 -2  0 -1 -2  0  0.00000000000000000E+00    0.000E+00
 0 -1  0 -1 -2  0  0.00000000000000000E+00    0.000E+00
-1 -1  0 -1 -2  0  0.00000000000000000E+00    0.000E+00
-1 -2  0  0 -1  0  0.00000000000000000E+00    0.000E+00
-1 -2  0 -1 -1  0  0.00000000000000000E+00    0.000E+00
 1  2  0  0  0  0  1.34503440703606821E-03    1.161E-06
 1  2  0  0  1  0 -6.77414152338207641E-03    7.270E-07
 1  1  0  0 -1  0 -6.77414152338207988E-03    7.270E-07
 1  2  0  1  1  0 -5.43824873480120742E-03   -1.161E-06
 0  1  0 -1 -1  0 -5.43824873480120742E-03   -1.161E-06
 0  0  0 -1 -2  0  0.00000000000000000E+00    0.000E+00
 0  0  0  1  2  0  0.00000000000000000E+00    0.000E+00
 0  1  0  1  2  0  0.00000000000000000E+00    0.000E+00
 1  1  0  1  2  0  0.00000000000000000E+00    0.000E+00
-1 -1  0  0  1  0  0.00000000000000000E+00    0.000E+00
 0 -1  0  1  1  0  0.00000000000000000E+00    0.000E+00
-1 -2  0  0  0  0  0.00000000000000000E+00    0.000E+00
 1  2  0  1  2  0  0.00000000000000000E+00    0.000E+00
3 3 1  1 2 1
       49
 0  0  0  0  0  0  3.19631128825603739E-06    1.390E-06
-1  0  0  0  0  0  0.00000000000000000E+00    0.000E+00
 1  0  0  0  0  0  0.00000000000000000E+00    0.000E+00
 0 -1  0  0  0  0  0.00000000000000000E+00    0.000E+00
 0  1  0  0  0  0 -9.67270511456980314E-02   -2.471E-07
-1 -1  0  0  0  0  0.00000000000000000E+00    0.000E+00
 1  1  0  0  0  0  9.59979316913903008E-02    3.628E-07
 0  0  0 -1  0  0 -1.45583012554992980E-06    7.917E-08
 0  0  0  1  0  0 -1.45583012554992980E-06    7.917E-08
-1  0  0 -1  0  0 -3.63103897028306706E-04   -2.128E-08
 1  0  0  1  0  0 -3.63103897028306706E-04   -2.128E-08
 0  1  0 -1  0  0 -4.86386368255431467E-04   -6.267E-08
 0 -1  0  1  0  0  0.00000000000000000E+00    0.000E+00
-1 -1  0 -1  0  0  0.00000000000000000E+00    0.000E+00
 1  1  0  1  0  0  1.21550582256314474E-03   -5.311E-08
 0  0  0  0 -1  0 -3.45708249873781688E-03   -6.529E-07
 0  0  0  0  1  0  0.00000000000000000E+00    0.000E+00
 1  0  0  0 -1  0  0.00000000000000000E+00    0.000E+00
-1  0  0  0  1  0  0.00000000000000000E+00    0.000E+00
 0 -1  0  0 -1  0  0.00000000000000000E+00    0.000E+00
 0  1  0  0  1  0 -3.94624331258036296E-03   -4.904E-07
-1 -1  0  0 -1  0  0.00000000000000000E+00    0.000E+00
 1  1  0  0  1  0  0.00000000000000000E+00    0.000E+00
 0  0  0 -1 -1  0  3.45679784770065723E-03   -8.958E-07
 0  0  0  1  1  0  0.00000000000000000E+00    0.000E+00
-1  0  0 -1 -1  0  0.00000000000000000E+00    0.000E+00
 1  0  0  1  1  0  0.00000000000000000E+00    0.000E+00
 0 -1  0 -1 -1  0  0.00000000000000000E+00    0.000E+00
 0  1  0  1  1  0  0.00000000000000000E+00    0.000E+00
-1 -1  0 -1 -1  0  0.00000000000000000E+00    0.000E+00
 1  1  0  1  1  0  4.66925479534872727E-03   -8.575E-07
-1 -2  0 -1 -2  0  0.00000000000000000E+00    0.000E+00
 0 -1  0 -1 -2  0  0.00000000000000000E+00    0.000E+00
-1 -1  0 -1 -2  0  0.00000000000000000E+00    0.000E+00
-1 -2  0  0 -1  0  0.00000000000000000E+00    0.000E+00
-1 -2  0 -1 -1  0  0.00000000000000000E+00    0.000E+00
 1  2  0  0  0  0  7.25923143019460704E-04   -1.506E-06
 1  2  0  0  1  0  5.67002954894651849E-03    5.956E-07
 1  1  0  0 -1  0 -1.06250678627272527E-03    5.477E-07
 1  2  0  1  1  0 -5.66974489790935711E-03    9.531E-07
 0  1  0 -1 -1  0  3.39495303504360954E-04    8.001E-07
 0  0  0 -1 -2  0  0.00000000000000000E+00    0.000E+00
 0  0  0  1  2  0  0.00000000000000000E+00    0.000E+00
 0  1  0  1  2  0  0.00000000000000000E+00    0.000E+00
 1  1  0  1  2  0  0.00000000000000000E+00    0.000E+00
-1 -1  0  0  1  0  0.00000000000000000E+00    0.000E+00
 0 -1  0  1  1  0  0.00000000000000000E+00    0.000E+00
-1 -2  0  0  0  0  0.00000000000000000E+00    0.000E+00
 1  2  0  1  2  0  0.00000000000000000E+00    0.000E+00
3 3 2  1 2 1
       49
 0  0  0  0  0  0 -1.11692269805843389E-01    1.651E-07
-1  0  0  0  0  0  0.00000000000000000E+00    0.000E+00
 1  0  0  0  0  0  0.00000000000000000E+00    0.000E+00
 0 -1  0  0  0  0  0.00000000000000000E+00    0.000E+00
 0  1  0  0  0  0  5.58482312573318346E-02    5.841E-07
-1 -1  0  0  0  0  0.00000000000000000E+00    0.000E+00
 1  1  0  0  0  0  5.54245739895439238E-02   -1.266E-06
 0  0  0 -1  0  0  1.96671627389584987E-04   -1.665E-07
 0  0  0  1  0  0  1.96671627389584987E-04   -1.665E-07
-1  0  0 -1  0  0 -3.06396722012175276E-03   -1.747E-07
 1  0  0  1  0  0 -3.06396722012175276E-03   -1.747E-07
 0  1  0 -1  0  0  4.27273495180968427E-03    2.557E-07
 0 -1  0  1  0  0  0.00000000000000000E+00    0.000E+00
-1 -1  0 -1  0  0  0.00000000000000000E+00    0.000E+00
 1  1  0  1  0  0  4.69017151912643707E-03    4.267E-07
 0  0  0  0 -1  0 -2.56053419772821114E-03   -4.547E-07
 0  0  0  0  1  0  0.00000000000000000E+00    0.000E+00
 1  0  0  0 -1  0  0.00000000000000000E+00    0.000E+00
-1  0  0  0  1  0  0.00000000000000000E+00    0.000E+00
 0 -1  0  0 -1  0  0.00000000000000000E+00    0.000E+00
 0  1  0  0  1  0 -1.71328302952375357E-03   -2.945E-07
-1 -1  0  0 -1  0  0.00000000000000000E+00    0.000E+00
 1  1  0  0  1  0  0.00000000000000000E+00    0.000E+00
 0  0  0 -1 -1  0 -2.55766183573470206E-03    6.225E-07
 0  0  0  1  1  0  0.00000000000000000E+00    0.000E+00
-1  0  0 -1 -1  0  0.00000000000000000E+00    0.000E+00
 1  0  0  1  1  0  0.00000000000000000E+00    0.000E+00
 0 -1  0 -1 -1  0  0.00000000000000000E+00    0.000E+00
 0  1  0  1  1  0  0.00000000000000000E+00    0.000E+00
-1 -1  0 -1 -1  0  0.00000000000000000E+00    0.000E+00
 1  1  0  1  1  0 -1.29249812372935011E-03    4.789E-07
-1 -2  0 -1 -2  0  0.00000000000000000E+00    0.000E+00
 0 -1  0 -1 -2  0  0.00000000000000000E+00    0.000E+00
-1 -1  0 -1 -2  0  0.00000000000000000E+00    0.000E+00
-1 -2  0  0 -1  0  0.00000000000000000E+00    0.000E+00
-1 -2  0 -1 -1  0  0.00000000000000000E+00    0.000E+00
 1  2  0  0  0  0  4.19464558967634800E-04    5.173E-07
 1  2  0  0  1  0  3.27334563639484263E-03    3.883E-07
 1  1  0  0 -1  0 -6.13686051878776888E-04    3.609E-07
 1  2  0  1  1  0  2.43512416328368637E-03   -5.561E-07
 0  1  0 -1 -1  0 -1.99121846555527955E-04   -5.452E-07
 0  0  0 -1 -2  0  0.00000000000000000E+00    0.000E+00
 0  0  0  1  2  0  0.00000000000000000E+00    0.000E+00
 0  1  0  1  2  0  0.00000000000000000E+00    0.000E+00
 1  1  0  1  2  0  0.00000000000000000E+00    0.000E+00
-1 -1  0  0  1  0  0.00000000000000000E+00    0.000E+00
 0 -1  0  1  1  0  0.00000000000000000E+00    0.000E+00
-1 -2  0  0  0  0  0.00000000000000000E+00    0.000E+00
 1  2  0  1  2  0  0.00000000000000000E+00    0.000E+00
3 3 3  1 2 1
       49
 0  0  0  0  0  0  0.00000000000000000E+00    0.000E+00
-1  0  0  0  0  0  0.00000000000000000E+00    0.000E+00
 1  0  0  0  0  0  0.00000000000000000E+00    0.000E+00
 0 -1  0  0  0  0  0.00000000000000000E+00    0.000E+00
 0  1  0  0  0  0  0.00000000000000000E+00    0.000E+00
-1 -1  0  0  0  0  0.00000000000000000E+00    0.000E+00
 1  1  0  0  0  0  0.00000000000000000E+00    0.000E+00
 0  0  0 -1  0  0  0.00000000000000000E+00    0.000E+00
 0  0  0  1  0  0  0.00000000000000000E+00    0.000E+00
-1  0  0 -1  0  0  0.00000000000000000E+00    0.000E+00
 1  0  0  1  0  0  0.00000000000000000E+00    0.000E+00
 0  1  0 -1  0  0  0.00000000000000000E+00    0.000E+00
 0 -1  0  1  0  0  0.00000000000000000E+00    0.000E+00
-1 -1  0 -1  0  0  0.00000000000000000E+00    0.000E+00
 1  1  0  1  0  0  0.00000000000000000E+00    0.000E+00
 0  0  0  0 -1  0  0.00000000000000000E+00    0.000E+00
 0  0  0  0  1  0  0.00000000000000000E+00    0.000E+00
 1  0  0  0 -1  0  0.00000000000000000E+00    0.000E+00
-1  0  0  0  1  0  0.00000000000000000E+00    0.000E+00
 0 -1  0  0 -1  0  0.00000000000000000E+00    0.000E+00
 0  1  0  0  1  0  0.00000000000000000E+00    0.000E+00
-1 -1  0  0 -1  0  0.00000000000000000E+00    0.000E+00
 1  1  0  0  1  0  0.00000000000000000E+00    0.000E+00
 0  0  0 -1 -1  0  0.00000000000000000E+00    0.000E+00
 0  0  0  1  1  0  0.00000000000000000E+00    0.000E+00
-1  0  0 -1 -1  0  0.00000000000000000E+00    0.000E+00
 1  0  0  1  1  0  0.00000000000000000E+00    0.000E+00
 0 -1  0 -1 -1  0  0.00000000000000000E+00    0.000E+00
 0  1  0  1  1  0  0.00000000000000000E+00    0.000E+00
-1 -1  0 -1 -1  0  0.00000000000000000E+00    0.000E+00
 1  1  0  1  1  0  0.00000000000000000E+00    0.000E+00
-1 -2  0 -1 -2  0  0.00000000000000000E+00    0.000E+00
 0 -1  0 -1 -2  0  0.00000000000000000E+00    0.000E+00
-1 -1  0 -1 -2  0  0.00000000000000000E+00    0.000E+00
-1 -2  0  0 -1  0  0.00000000000000000E+00    0.000E+00
-1 -2  0 -1 -1  0  0.00000000000000000E+00    0.000E+00
 1  2  0  0  0  0  0.00000000000000000E+00    0.000E+00
 1  2  0  0  1  0  0.00000000000000000E+00    0.000E+00
 1  1  0  0 -1  0  0.00000000000000000E+00    0.000E+00
 1  2  0  1  1  0  0.00000000000000000E+00    0.000E+00
 0  1  0 -1 -1  0  0.00000000000000000E+00    0.000E+00
 0  0  0 -1 -2  0  0.00000000000000000E+00    0.000E+00
 0  0  0  1  2  0  0.00000000000000000E+00    0.000E+00
 0  1  0  1  2  0  0.00000000000000000E+00    0.000E+00
 1  1  0  1  2  0  0.00000000000000000E+00    0.000E+00
-1 -1  0  0  1  0  0.00000000000000000E+00    0.000E+00
 0 -1  0  1  1  0  0.00000000000000000E+00    0.000E+00
-1 -2  0  0  0  0  0.00000000000000000E+00    0.000E+00
 1  2  0  1  2  0  0.00000000000000000E+00    0.000E+00
1 1 1  1 2 2
       49
 0  0  0  0  0  0  4.56142749171610637E-04   -1.922E-05
-1  0  0  0  0  0 -2.73190702216016216E-04   -4.340E-08
 1  0  0  0  0  0 -2.73190702216016216E-04   -4.340E-08
 0 -1  0  0  0  0  0.00000000000000000E+00    0.000E+00
 0  1  0  0  0  0 -7.15558339661385157E-02    7.722E-06
-1 -1  0  0  0  0  0.00000000000000000E+00    0.000E+00
 1  1  0  0  0  0  7.16460726213989652E-02    1.159E-05
 0  0  0 -1  0  0 -2.73190702216016216E-04   -4.340E-08
 0  0  0  1  0  0 -2.73190702216016216E-04   -4.340E-08
-1  0  0 -1  0  0  0.00000000000000000E+00    0.000E+00
 1  0  0  1  0  0  0.00000000000000000E+00    0.000E+00
 0  1  0 -1  0  0  0.00000000000000000E+00    0.000E+00
 0 -1  0  1  0  0  0.00000000000000000E+00    0.000E+00
-1 -1  0 -1  0  0  0.00000000000000000E+00    0.000E+00
 1  1  0  1  0  0  0.00000000000000000E+00    0.000E+00
 0  0  0  0 -1  0  0.00000000000000000E+00    0.000E+00
 0  0  0  0  1  0 -7.15558339661385989E-02    7.722E-06
 1  0  0  0 -1  0  0.00000000000000000E+00    0.000E+00
-1  0  0  0  1  0  0.00000000000000000E+00    0.000E+00
 0 -1  0  0 -1  0  0.00000000000000000E+00    0.000E+00
 0  1  0  0  1  0 -1.23655954288040015E+00    3.779E-06
-1 -1  0  0 -1  0  0.00000000000000000E+00    0.000E+00
 1  1  0  0  1  0  5.46381404432032432E-04    8.679E-08
 0  0  0 -1 -1  0  0.00000000000000000E+00    0.000E+00
 0  0  0  1  1  0  7.16460726213990484E-02    1.159E-05
-1  0  0 -1 -1  0  0.00000000000000000E+00    0.000E+00
 1  0  0  1  1  0  0.00000000000000000E+00    0.000E+00
 0 -1  0 -1 -1  0  0.00000000000000000E+00    0.000E+00
 0  1  0  1  1  0  5.46381404432032432E-04    8.679E-08
-1 -1  0 -1 -1  0  0.00000000000000000E+00    0.000E+00
 1  1  0  1  1  0  1.23546678007153621E+00   -3.952E-06
-1 -2  0 -1 -2  0  0.00000000000000000E+00    0.000E+00
 0 -1  0 -1 -2  0  0.00000000000000000E+00    0.000E+00
-1 -1  0 -1 -2  0  0.00000000000000000E+00    0.000E+00
-1 -2  0  0 -1  0  0.00000000000000000E+00    0.000E+00
-1 -2  0 -1 -1  0  0.00000000000000000E+00    0.000E+00
 1  2  0  0  0  0  0.00000000000000000E+00    0.000E+00
 1  2  0  0  1  0  4.94238033226989792E-03   -1.159E-05
 1  1  0  0 -1  0  0.00000000000000000E+00    0.000E+00
 1  2  0  1  1  0 -5.03261898753034741E-03   -7.722E-06
 0  1  0 -1 -1  0  0.00000000000000000E+00    0.000E+00
 0  0  0 -1 -2  0  0.00000000000000000E+00    0.000E+00
 0  0  0  1  2  0  0.00000000000000000E+00    0.000E+00
 0  1  0  1  2  0  4.94238033226987884E-03   -1.159E-05
 1  1  0  1  2  0 -5.03261898753032833E-03   -7.722E-06
-1 -1  0  0  1  0  0.00000000000000000E+00    0.000E+00
 0 -1  0  1  1  0  0.00000000000000000E+00    0.000E+00
-1 -2  0  0  0  0  0.00000000000000000E+00    0.000E+00
 1  2  0  1  2  0  6.36620059692454172E-04    1.940E-05
1 1 2  1 2 2
       49
 0  0  0  0  0  0  1.05824220372938838E+00   -2.790E-06
-1  0  0  0  0  0  5.01367578328980934E-01    1.222E-06
 1  0  0  0  0  0  5.01367578328980934E-01    1.222E-06
 0 -1  0  0  0  0  0.00000000000000000E+00    0.000E+00
 0  1  0  0  0  0  9.20174030251158626E-01   -3.516E-07
-1 -1  0  0  0  0  0.00000000000000000E+00    0.000E+00
 1  1  0  0  0  0  9.19549822015477858E-01    6.970E-07
 0  0  0 -1  0  0  5.06150247091830874E-01    1.280E-06
 0  0  0  1  0  0  5.06150247091830874E-01    1.280E-06
-1  0  0 -1  0  0  0.00000000000000000E+00    0.000E+00
 1  0  0  1  0  0  0.00000000000000000E+00    0.000E+00
 0  1  0 -1  0  0  0.00000000000000000E+00    0.000E+00
 0 -1  0  1  0  0  0.00000000000000000E+00    0.000E+00
-1 -1  0 -1  0  0  0.00000000000000000E+00    0.000E+00
 1  1  0  1  0  0  0.00000000000000000E+00    0.000E+00
 0  0  0  0 -1  0  0.00000000000000000E+00    0.000E+00
 0  0  0  0  1  0  9.59301727814965144E-01   -6.779E-07
 1  0  0  0 -1  0  0.00000000000000000E+00    0.000E+00
-1  0  0  0  1  0  0.00000000000000000E+00    0.000E+00
 0 -1  0  0 -1  0  0.00000000000000000E+00    0.000E+00
 0  1  0  0  1  0  1.78829676324658138E+00    3.820E-06
-1 -1  0  0 -1  0  0.00000000000000000E+00    0.000E+00
 1  1  0  0  1  0  1.02118201244599316E+00   -2.334E-06
 0  0  0 -1 -1  0  0.00000000000000000E+00    0.000E+00
 0  0  0  1  1  0  9.61078614128297759E-01    9.084E-07
-1  0  0 -1 -1  0  0.00000000000000000E+00    0.000E+00
 1  0  0  1  1  0  0.00000000000000000E+00    0.000E+00
 0 -1  0 -1 -1  0  0.00000000000000000E+00    0.000E+00
 0  1  0  1  1  0  1.02005343859564546E+00   -2.670E-06
-1 -1  0 -1 -1  0  0.00000000000000000E+00    0.000E+00
 1  1  0  1  1  0  1.78714408516892886E+00    1.185E-06
-1 -2  0 -1 -2  0  0.00000000000000000E+00    0.000E+00
 0 -1  0 -1 -2  0  0.00000000000000000E+00    0.000E+00
-1 -1  0 -1 -2  0  0.00000000000000000E+00    0.000E+00
-1 -2  0  0 -1  0  0.00000000000000000E+00    0.000E+00
-1 -2  0 -1 -1  0  0.00000000000000000E+00    0.000E+00
 1  2  0  0  0  0  0.00000000000000000E+00    0.000E+00
 1  2  0  0  1  0  9.81098072306811786E-01   -8.073E-07
 1  1  0  0 -1  0  0.00000000000000000E+00    0.000E+00
 1  2  0  1  1  0  9.81602437921479165E-01    5.768E-07
 0  1  0 -1 -1  0  0.00000000000000000E+00    0.000E+00
 0  0  0 -1 -2  0  0.00000000000000000E+00    0.000E+00
 0  0  0  1  2  0  0.00000000000000000E+00    0.000E+00
 0  1  0  1  2  0  9.76243430088184372E-01   -7.981E-07
 1  1  0  1  2  0  9.76891742551169728E-01    4.527E-07
-1 -1  0  0  1  0  0.00000000000000000E+00    0.000E+00
 0 -1  0  1  1  0  0.00000000000000000E+00    0.000E+00
-1 -2  0  0  0  0  0.00000000000000000E+00    0.000E+00
 1  2  0  1  2  0  9.73627329932304164E-01   -2.214E-06
1 1 3  1 2 2
       49
 0  0  0  0  0  0  1.07951881696134037E-44   -1.495E-44
-1  0  0  0  0  0 -2.44967731541227223E-44   -7.474E-45
 1  0  0  0  0  0 -2.44967731541227223E-44   -7.474E-45
 0 -1  0  0  0  0  0.00000000000000000E+00    0.000E+00
 0  1  0  0  0  0 -1.90991790693160354E-44    1.495E-44
-1 -1  0  0  0  0  0.00000000000000000E+00    0.000E+00
 1  1  0  0  0  0  4.06895554085428130E-44    1.495E-44
 0  0  0 -1  0  0  2.03447777042714140E-44    7.474E-45
 0  0  0  1  0  0  2.03447777042714140E-44    7.474E-45
-1  0  0 -1  0  0  0.00000000000000000E+00    0.000E+00
 1  0  0  1  0  0  0.00000000000000000E+00    0.000E+00
 0  1  0 -1  0  0  0.00000000000000000E+00    0.000E+00
 0 -1  0  1  0  0  0.00000000000000000E+00    0.000E+00
-1 -1  0 -1  0  0  0.00000000000000000E+00    0.000E+00
 1  1  0  1  0  0  0.00000000000000000E+00    0.000E+00
 0  0  0  0 -1  0  0.00000000000000000E+00    0.000E+00
 0  0  0  0  1  0 -1.90991790693160155E-44   -1.495E-44
 1  0  0  0 -1  0  0.00000000000000000E+00    0.000E+00
-1  0  0  0  1  0  0.00000000000000000E+00    0.000E+00
 0 -1  0  0 -1  0  0.00000000000000000E+00    0.000E+00
 0  1  0  0  1  0  1.07951881696133888E-44    1.495E-44
-1 -1  0  0 -1  0  0.00000000000000000E+00    0.000E+00
 1  1  0  0  1  0 -4.89935463082454546E-44    1.495E-44
 0  0  0 -1 -1  0  0.00000000000000000E+00    0.000E+00
 0  0  0  1  1  0 -4.89935463082454546E-44    1.495E-44
-1  0  0 -1 -1  0  0.00000000000000000E+00    0.000E+00
 1  0  0  1  1  0  0.00000000000000000E+00    0.000E+00
 0 -1  0 -1 -1  0  0.00000000000000000E+00    0.000E+00
 0  1  0  1  1  0  4.06895554085428578E-44   -1.495E-44
-1 -1  0 -1 -1  0  0.00000000000000000E+00    0.000E+00
 1  1  0  1  1  0 -1.90991790693159906E-44   -1.495E-44
-1 -2  0 -1 -2  0  0.00000000000000000E+00    0.000E+00
 0 -1  0 -1 -2  0  0.00000000000000000E+00    0.000E+00
-1 -1  0 -1 -2  0  0.00000000000000000E+00    0.000E+00
-1 -2  0  0 -1  0  0.00000000000000000E+00    0.000E+00
-1 -2  0 -1 -1  0  0.00000000000000000E+00    0.000E+00
 1  2  0  0  0  0  0.00000000000000000E+00    0.000E+00
 1  2  0  0  1  0  4.06895554085428329E-44   -1.495E-44
 1  1  0  0 -1  0  0.00000000000000000E+00    0.000E+00
 1  2  0  1  1  0  1.07951881696133938E-44    1.495E-44
 0  1  0 -1 -1  0  0.00000000000000000E+00    0.000E+00
 0  0  0 -1 -2  0  0.00000000000000000E+00    0.000E+00
 0  0  0  1  2  0  0.00000000000000000E+00    0.000E+00
 0  1  0  1  2  0 -4.89935463082454347E-44   -1.495E-44
 1  1  0  1  2  0  1.07951881696134187E-44   -1.495E-44
-1 -1  0  0  1  0  0.00000000000000000E+00    0.000E+00
 0 -1  0  1  1  0  0.00000000000000000E+00    0.000E+00
-1 -2  0  0  0  0  0.00000000000000000E+00    0.000E+00
 1  2  0  1  2  0 -1.90991790693160205E-44    1.495E-44
1 2 1  1 2 2
       49
 0  0  0  0  0  0  1.05824220372938838E+00   -2.790E-06
-1  0  0  0  0  0  5.06150247091830874E-01    1.280E-06
 1  0  0  0  0  0  5.06150247091830874E-01    1.280E-06
 0 -1  0  0  0  0  0.00000000000000000E+00    0.000E+00
 0  1  0  0  0  0  9.59301727814965255E-01   -6.779E-07
-1 -1  0  0  0  0  0.00000000000000000E+00    0.000E+00
 1  1  0  0  0  0  9.61078614128298092E-01    9.084E-07
 0  0  0 -1  0  0  5.01367578328980934E-01    1.222E-06
 0  0  0  1  0  0  5.01367578328980934E-01    1.222E-06
-1  0  0 -1  0  0  0.00000000000000000E+00    0.000E+00
 1  0  0  1  0  0  0.00000000000000000E+00    0.000E+00
 0  1  0 -1  0  0  0.00000000000000000E+00    0.000E+00
 0 -1  0  1  0  0  0.00000000000000000E+00    0.000E+00
-1 -1  0 -1  0  0  0.00000000000000000E+00    0.000E+00
 1  1  0  1  0  0  0.00000000000000000E+00    0.000E+00
 0  0  0  0 -1  0  0.00000000000000000E+00    0.000E+00
 0  0  0  0  1  0  9.20174030251158515E-01   -3.516E-07
 1  0  0  0 -1  0  0.00000000000000000E+00    0.000E+00
-1  0  0  0  1  0  0.00000000000000000E+00    0.000E+00
 0 -1  0  0 -1  0  0.00000000000000000E+00    0.000E+00
 0  1  0  0  1  0  1.78829676324658138E+00    3.820E-06
-1 -1  0  0 -1  0  0.00000000000000000E+00    0.000E+00
 1  1  0  0  1  0  1.02005343859564546E+00   -2.670E-06
 0  0  0 -1 -1  0  0.00000000000000000E+00    0.000E+00
 0  0  0  1  1  0  9.19549822015477969E-01    6.970E-07
-1  0  0 -1 -1  0  0.00000000000000000E+00    0.000E+00
 1  0  0  1  1  0  0.00000000000000000E+00    0.000E+00
 0 -1  0 -1 -1  0  0.00000000000000000E+00    0.000E+00
 0  1  0  1  1  0  1.02118201244599316E+00   -2.334E-06
-1 -1  0 -1 -1  0  0.00000000000000000E+00    0.000E+00
 1  1  0  1  1  0  1.78714408516892886E+00    1.185E-06
-1 -2  0 -1 -2  0  0.00000000000000000E+00    0.000E+00
 0 -1  0 -1 -2  0  0.00000000000000000E+00    0.000E+00
-1 -1  0 -1 -2  0  0.00000000000000000E+00    0.000E+00
-1 -2  0  0 -1  0  0.00000000000000000E+00    0.000E+00
-1 -2  0 -1 -1  0  0.00000000000000000E+00    0.000E+00
 1  2  0  0  0  0  0.00000000000000000E+00    0.000E+00
 1  2  0  0  1  0  9.76243430088184261E-01   -7.981E-07
 1  1  0  0 -1  0  0.00000000000000000E+00    0.000E+00
 1  2  0  1  1  0  9.76891742551169839E-01    4.527E-07
 0  1  0 -1 -1  0  0.00000000000000000E+00    0.000E+00
 0  0  0 -1 -2  0  0.00000000000000000E+00    0.000E+00
 0  0  0  1  2  0  0.00000000000000000E+00    0.000E+00
 0  1  0  1  2  0  9.81098072306811897E-01   -8.073E-07
 1  1  0  1  2  0  9.81602437921479054E-01    5.768E-07
-1 -1  0  0  1  0  0.00000000000000000E+00    0.000E+00
 0 -1  0  1  1  0  0.00000000000000000E+00    0.000E+00
-1 -2  0  0  0  0  0.00000000000000000E+00    0.000E+00
 1  2  0  1  2  0  9.73627329932304164E-01   -2.214E-06
1 2 2  1 2 2
       49
 0  0  0  0  0  0  5.49111304065614397E-04   -6.258E-06
-1  0  0  0  0  0 -2.74648186577715683E-04   -4.371E-08
 1  0  0  0  0  0 -2.74648186577715683E-04   -4.371E-08
 0 -1  0  0  0  0  0.00000000000000000E+00    0.000E+00
 0  1  0  0  0  0  2.10850361251113637E-02    2.538E-06
-1 -1  0  0  0  0  0.00000000000000000E+00    0.000E+00
 1  1  0  0  0  0 -2.10848510560215606E-02    3.807E-06
 0  0  0 -1  0  0 -2.74648186577715683E-04   -4.371E-08
 0  0  0  1  0  0 -2.74648186577715683E-04   -4.371E-08
-1  0  0 -1  0  0  0.00000000000000000E+00    0.000E+00
 1  0  0  1  0  0  0.00000000000000000E+00    0.000E+00
 0  1  0 -1  0  0  0.00000000000000000E+00    0.000E+00
 0 -1  0  1  0  0  0.00000000000000000E+00    0.000E+00
-1 -1  0 -1  0  0  0.00000000000000000E+00    0.000E+00
 1  1  0  1  0  0  0.00000000000000000E+00    0.000E+00
 0  0  0  0 -1  0  0.00000000000000000E+00    0.000E+00
 0  0  0  0  1  0  2.10850361251113567E-02    2.538E-06
 1  0  0  0 -1  0  0.00000000000000000E+00    0.000E+00
-1  0  0  0  1  0  0.00000000000000000E+00    0.000E+00
 0 -1  0  0 -1  0  0.00000000000000000E+00    0.000E+00
 0  1  0  0  1  0 -3.93486853397366443E-01    1.182E-06
-1 -1  0  0 -1  0  0.00000000000000000E+00    0.000E+00
 1  1  0  0  1  0  5.49296373155486878E-04    8.741E-08
 0  0  0 -1 -1  0  0.00000000000000000E+00    0.000E+00
 0  0  0  1  1  0 -2.10848510560215675E-02    3.807E-06
-1  0  0 -1 -1  0  0.00000000000000000E+00    0.000E+00
 1  0  0  1  1  0  0.00000000000000000E+00    0.000E+00
 0 -1  0 -1 -1  0  0.00000000000000000E+00    0.000E+00
 0  1  0  1  1  0  5.49296373155486878E-04    8.741E-08
-1 -1  0 -1 -1  0  0.00000000000000000E+00    0.000E+00
 1  1  0  1  1  0  3.92388260651055698E-01   -1.356E-06
-1 -2  0 -1 -2  0  0.00000000000000000E+00    0.000E+00
 0 -1  0 -1 -2  0  0.00000000000000000E+00    0.000E+00
-1 -1  0 -1 -2  0  0.00000000000000000E+00    0.000E+00
-1 -2  0  0 -1  0  0.00000000000000000E+00    0.000E+00
-1 -2  0 -1 -1  0  0.00000000000000000E+00    0.000E+00
 1  2  0  0  0  0  0.00000000000000000E+00    0.000E+00
 1  2  0  0  1  0 -2.83629314116609389E-02   -3.807E-06
 1  1  0  0 -1  0  0.00000000000000000E+00    0.000E+00
 1  2  0  1  1  0  2.83627463425710387E-02   -2.538E-06
 0  1  0 -1 -1  0  0.00000000000000000E+00    0.000E+00
 0  0  0 -1 -2  0  0.00000000000000000E+00    0.000E+00
 0  0  0  1  2  0  0.00000000000000000E+00    0.000E+00
 0  1  0  1  2  0 -2.83629314116609320E-02   -3.807E-06
 1  1  0  1  2  0  2.83627463425710179E-02   -2.538E-06
-1 -1  0  0  1  0  0.00000000000000000E+00    0.000E+00
 0 -1  0  1  1  0  0.00000000000000000E+00    0.000E+00
-1 -2  0  0  0  0  0.00000000000000000E+00    0.000E+00
 1  2  0  1  2  0  5.49481442245248336E-04    6.433E-06
1 2 3  1 2 2
       49
 0  0  0  0  0  0  5.79133394542860912E-37    8.630E-45
-1  0  0  0  0  0  2.89566680011909515E-37    4.315E-45
 1  0  0  0  0  0  2.89566680011909515E-37    4.315E-45
 0 -1  0  0  0  0  0.00000000000000000E+00    0.000E+00
 0  1  0  0  0  0 -5.79133399337172368E-37   -8.630E-45
-1 -1  0  0  0  0  0.00000000000000000E+00    0.000E+00
 1  1  0  0  0  0 -5.79133364818130485E-37   -8.630E-45
 0  0  0 -1  0  0  2.89566740420232893E-37   -4.315E-45
 0  0  0  1  0  0  2.89566740420232893E-37   -4.315E-45
-1  0  0 -1  0  0  0.00000000000000000E+00    0.000E+00
 1  0  0  1  0  0  0.00000000000000000E+00    0.000E+00
 0  1  0 -1  0  0  0.00000000000000000E+00    0.000E+00
 0 -1  0  1  0  0  0.00000000000000000E+00    0.000E+00
-1 -1  0 -1  0  0  0.00000000000000000E+00    0.000E+00
 1  1  0  1  0  0  0.00000000000000000E+00    0.000E+00
 0  0  0  0 -1  0  0.00000000000000000E+00    0.000E+00
 0  0  0  0  1  0 -5.79133468375256300E-37    8.630E-45
 1  0  0  0 -1  0  0.00000000000000000E+00    0.000E+00
-1  0  0  0  1  0  0.00000000000000000E+00    0.000E+00
 0 -1  0  0 -1  0  0.00000000000000000E+00    0.000E+00
 0  1  0  0  1  0  5.79133463580944844E-37   -8.630E-45
-1 -1  0  0 -1  0  0.00000000000000000E+00    0.000E+00
 1  1  0  0  1  0  5.79133429061902961E-37   -8.630E-45
 0  0  0 -1 -1  0  0.00000000000000000E+00    0.000E+00
 0  0  0  1  1  0 -5.79133416596693309E-37   -8.630E-45
-1  0  0 -1 -1  0  0.00000000000000000E+00    0.000E+00
 1  0  0  1  1  0  0.00000000000000000E+00    0.000E+00
 0 -1  0 -1 -1  0  0.00000000000000000E+00    0.000E+00
 0  1  0  1  1  0  5.79133411802381853E-37    8.630E-45
-1 -1  0 -1 -1  0  0.00000000000000000E+00    0.000E+00
 1  1  0  1  1  0  5.79133377283339971E-37    8.630E-45
-1 -2  0 -1 -2  0  0.00000000000000000E+00    0.000E+00
 0 -1  0 -1 -2  0  0.00000000000000000E+00    0.000E+00
-1 -1  0 -1 -2  0  0.00000000000000000E+00    0.000E+00
-1 -2  0  0 -1  0  0.00000000000000000E+00    0.000E+00
-1 -2  0 -1 -1  0  0.00000000000000000E+00    0.000E+00
 1  2  0  0  0  0  0.00000000000000000E+00    0.000E+00
 1  2  0  0  1  0 -5.79133433856214418E-37    8.630E-45
 1  1  0  0 -1  0  0.00000000000000000E+00    0.000E+00
 1  2  0  1  1  0 -5.79133382077651427E-37   -8.630E-45
 0  1  0 -1 -1  0  0.00000000000000000E+00    0.000E+00
 0  0  0 -1 -2  0  0.00000000000000000E+00    0.000E+00
 0  0  0  1  2  0  0.00000000000000000E+00    0.000E+00
 0  1  0  1  2  0 -5.79133485634777241E-37    8.630E-45
 1  1  0  1  2  0 -5.79133451115735359E-37    8.630E-45
-1 -1  0  0  1  0  0.00000000000000000E+00    0.000E+00
 0 -1  0  1  1  0  0.00000000000000000E+00    0.000E+00
-1 -2  0  0  0  0  0.00000000000000000E+00    0.000E+00
 1  2  0  1  2  0  5.79133446321423903E-37   -8.630E-45
1 3 1  1 2 2
       49
 0  0  0  0  0  0  1.07951881696134037E-44   -1.495E-44
-1  0  0  0  0  0  2.03447777042714140E-44    7.474E-45
 1  0  0  0  0  0  2.03447777042714140E-44    7.474E-45
 0 -1  0  0  0  0  0.00000000000000000E+00    0.000E+00
 0  1  0  0  0  0 -1.90991790693160155E-44   -1.495E-44
-1 -1  0  0  0  0  0.00000000000000000E+00    0.000E+00
 1  1  0  0  0  0 -4.89935463082454546E-44    1.495E-44
 0  0  0 -1  0  0 -2.44967731541227223E-44   -7.474E-45
 0  0  0  1  0  0 -2.44967731541227223E-44   -7.474E-45
-1  0  0 -1  0  0  0.00000000000000000E+00    0.000E+00
 1  0  0  1  0  0  0.00000000000000000E+00    0.000E+00
 0  1  0 -1  0  0  0.00000000000000000E+00    0.000E+00
 0 -1  0  1  0  0  0.00000000000000000E+00    0.000E+00
-1 -1  0 -1  0  0  0.00000000000000000E+00    0.000E+00
 1  1  0  1  0  0  0.00000000000000000E+00    0.000E+00
 0  0  0  0 -1  0  0.00000000000000000E+00    0.000E+00
 0  0  0  0  1  0 -1.90991790693160354E-44    1.495E-44
 1  0  0  0 -1  0  0.00000000000000000E+00    0.000E+00
-1  0  0  0  1  0  0.00000000000000000E+00    0.000E+00
 0 -1  0  0 -1  0  0.00000000000000000E+00    0.000E+00
 0  1  0  0  1  0  1.07951881696133888E-44    1.495E-44
-1 -1  0  0 -1  0  0.00000000000000000E+00    0.000E+00
 1  1  0  0  1  0  4.06895554085428578E-44   -1.495E-44
 0  0  0 -1 -1  0  0.00000000000000000E+00    0.000E+00
 0  0  0  1  1  0  4.06895554085428130E-44    1.495E-44
-1  0  0 -1 -1  0  0.00000000000000000E+00    0.000E+00
 1  0  0  1  1  0  0.00000000000000000E+00    0.000E+00
 0 -1  0 -1 -1  0  0.00000000000000000E+00    0.000E+00
 0  1  0  1  1  0 -4.89935463082454546E-44    1.495E-44
-1 -1  0 -1 -1  0  0.00000000000000000E+00    0.000E+00
 1  1  0  1  1  0 -1.90991790693159906E-44   -1.495E-44
-1 -2  0 -1 -2  0  0.00000000000000000E+00    0.000E+00
 0 -1  0 -1 -2  0  0.00000000000000000E+00    0.000E+00
-1 -1  0 -1 -2  0  0.00000000000000000E+00    0.000E+00
-1 -2  0  0 -1  0  0.00000000000000000E+00    0.000E+00
-1 -2  0 -1 -1  0  0.00000000000000000E+00    0.000E+00
 1  2  0  0  0  0  0.00000000000000000E+00    0.000E+00
 1  2  0  0  1  0 -4.89935463082454248E-44   -1.495E-44
 1  1  0  0 -1  0  0.00000000000000000E+00    0.000E+00
 1  2  0  1  1  0  1.07951881696134212E-44   -1.495E-44
 0  1  0 -1 -1  0  0.00000000000000000E+00    0.000E+00
 0  0  0 -1 -2  0  0.00000000000000000E+00    0.000E+00
 0  0  0  1  2  0  0.00000000000000000E+00    0.000E+00
 0  1  0  1  2  0  4.06895554085428329E-44   -1.495E-44
 1  1  0  1  2  0  1.07951881696133963E-44    1.495E-44
-1 -1  0  0  1  0  0.00000000000000000E+00    0.000E+00
 0 -1  0  1  1  0  0.00000000000000000E+00    0.000E+00
-1 -2  0  0  0  0  0.00000000000000000E+00    0.000E+00
 1  2  0  1  2  0 -1.90991790693160205E-44    1.495E-44
1 3 2  1 2 2
       49
 0  0  0  0  0  0  5.79133394542860912E-37    8.630E-45
-1  0  0  0  0  0  2.89566740420232893E-37   -4.315E-45
 1  0  0  0  0  0  2.89566740420232893E-37   -4.315E-45
 0 -1  0  0  0  0  0.00000000000000000E+00    0.000E+00
 0  1  0  0  0  0 -5.79133468375256300E-37    8.630E-45
-1 -1  0  0  0  0  0.00000000000000000E+00    0.000E+00
 1  1  0  0  0  0 -5.79133416596693309E-37   -8.630E-45
 0  0  0 -1  0  0  2.89566680011909515E-37    4.315E-45
 0  0  0  1  0  0  2.89566680011909515E-37    4.315E-45
-1  0  0 -1  0  0  0.00000000000000000E+00    0.000E+00
 1  0  0  1  0  0  0.00000000000000000E+00    0.000E+00
 0  1  0 -1  0  0  0.00000000000000000E+00    0.000E+00
 0 -1  0  1  0  0  0.00000000000000000E+00    0.000E+00
-1 -1  0 -1  0  0  0.00000000000000000E+00    0.000E+00
 1  1  0  1  0  0  0.00000000000000000E+00    0.000E+00
 0  0  0  0 -1  0  0.00000000000000000E+00    0.000E+00
 0  0  0  0  1  0 -5.79133399337172368E-37   -8.630E-45
 1  0  0  0 -1  0  0.00000000000000000E+00    0.000E+00
-1  0  0  0  1  0  0.00000000000000000E+00    0.000E+00
 0 -1  0  0 -1  0  0.00000000000000000E+00    0.000E+00
 0  1  0  0  1  0  5.79133463580944844E-37   -8.630E-45
-1 -1  0  0 -1  0  0.00000000000000000E+00    0.000E+00
 1  1  0  0  1  0  5.79133411802381853E-37    8.630E-45
 0  0  0 -1 -1  0  0.00000000000000000E+00    0.000E+00
 0  0  0  1  1  0 -5.79133364818130485E-37   -8.630E-45
-1  0  0 -1 -1  0  0.00000000000000000E+00    0.000E+00
 1  0  0  1  1  0  0.00000000000000000E+00    0.000E+00
 0 -1  0 -1 -1  0  0.00000000000000000E+00    0.000E+00
 0  1  0  1  1  0  5.79133429061902961E-37   -8.630E-45
-1 -1  0 -1 -1  0  0.00000000000000000E+00    0.000E+00
 1  1  0  1  1  0  5.79133377283339971E-37    8.630E-45
-1 -2  0 -1 -2  0  0.00000000000000000E+00    0.000E+00
 0 -1  0 -1 -2  0  0.00000000000000000E+00    0.000E+00
-1 -1  0 -1 -2  0  0.00000000000000000E+00    0.000E+00
-1 -2  0  0 -1  0  0.00000000000000000E+00    0.000E+00
-1 -2  0 -1 -1  0  0.00000000000000000E+00    0.000E+00
 1  2  0  0  0  0  0.00000000000000000E+00    0.000E+00
 1  2  0  0  1  0 -5.79133485634777241E-37    8.630E-45
 1  1  0  0 -1  0  0.00000000000000000E+00    0.000E+00
 1  2  0  1  1  0 -5.79133451115735359E-37    8.630E-45
 0  1  0 -1 -1  0  0.00000000000000000E+00    0.000E+00
 0  0  0 -1 -2  0  0.00000000000000000E+00    0.000E+00
 0  0  0  1  2  0  0.00000000000000000E+00    0.000E+00
 0  1  0  1  2  0 -5.79133433856214418E-37    8.630E-45
 1  1  0  1  2  0 -5.79133382077651427E-37   -8.630E-45
-1 -1  0  0  1  0  0.00000000000000000E+00    0.000E+00
 0 -1  0  1  1  0  0.00000000000000000E+00    0.000E+00
-1 -2  0  0  0  0  0.00000000000000000E+00    0.000E+00
 1  2  0  1  2  0  5.79133446321423903E-37   -8.630E-45
1 3 3  1 2 2
       49
 0  0  0  0  0  0  2.31727497003632972E-03    3.267E-06
-1  0  0  0  0  0  2.89449166090296488E-06    4.287E-10
 1  0  0  0  0  0  2.89449166090296488E-06    4.287E-10
 0 -1  0  0  0  0  0.00000000000000000E+00    0.000E+00
 0  1  0  0  0  0  1.36858771977929512E-02   -1.258E-06
-1 -1  0  0  0  0  0.00000000000000000E+00    0.000E+00
 1  1  0  0  0  0 -1.60089411511510800E-02   -2.010E-06
 0  0  0 -1  0  0  2.89449166090296488E-06    4.287E-10
 0  0  0  1  0  0  2.89449166090296488E-06    4.287E-10
-1  0  0 -1  0  0  0.00000000000000000E+00    0.000E+00
 1  0  0  1  0  0  0.00000000000000000E+00    0.000E+00
 0  1  0 -1  0  0  0.00000000000000000E+00    0.000E+00
 0 -1  0  1  0  0  0.00000000000000000E+00    0.000E+00
-1 -1  0 -1  0  0  0.00000000000000000E+00    0.000E+00
 1  1  0  1  0  0  0.00000000000000000E+00    0.000E+00
 0  0  0  0 -1  0  0.00000000000000000E+00    0.000E+00
 0  0  0  0  1  0  1.36858771977929929E-02   -1.258E-06
 1  0  0  0 -1  0  0.00000000000000000E+00    0.000E+00
-1  0  0  0  1  0  0.00000000000000000E+00    0.000E+00
 0 -1  0  0 -1  0  0.00000000000000000E+00    0.000E+00
 0  1  0  0  1  0  2.08306002517043870E-01   -7.511E-07
-1 -1  0  0 -1  0  0.00000000000000000E+00    0.000E+00
 1  1  0  0  1  0 -5.78898332179552141E-06   -8.573E-10
 0  0  0 -1 -1  0  0.00000000000000000E+00    0.000E+00
 0  0  0  1  1  0 -1.60089411511511077E-02   -2.010E-06
-1  0  0 -1 -1  0  0.00000000000000000E+00    0.000E+00
 1  0  0  1  1  0  0.00000000000000000E+00    0.000E+00
 0 -1  0 -1 -1  0  0.00000000000000000E+00    0.000E+00
 0  1  0  1  1  0 -5.78898332181980754E-06   -8.573E-10
-1 -1  0 -1 -1  0  0.00000000000000000E+00    0.000E+00
 1  1  0  1  1  0 -2.08294424550400231E-01    7.528E-07
-1 -2  0 -1 -2  0  0.00000000000000000E+00    0.000E+00
 0 -1  0 -1 -2  0  0.00000000000000000E+00    0.000E+00
-1 -1  0 -1 -2  0  0.00000000000000000E+00    0.000E+00
-1 -2  0  0 -1  0  0.00000000000000000E+00    0.000E+00
-1 -2  0 -1 -1  0  0.00000000000000000E+00    0.000E+00
 1  2  0  0  0  0  0.00000000000000000E+00    0.000E+00
 1  2  0  0  1  0 -9.40891902946530689E-03    2.010E-06
 1  1  0  0 -1  0  0.00000000000000000E+00    0.000E+00
 1  2  0  1  1  0  1.17319829828234357E-02    1.258E-06
 0  1  0 -1 -1  0  0.00000000000000000E+00    0.000E+00
 0  0  0 -1 -2  0  0.00000000000000000E+00    0.000E+00
 0  0  0  1  2  0  0.00000000000000000E+00    0.000E+00
 0  1  0  1  2  0 -9.40891902946532424E-03    2.010E-06
 1  1  0  1  2  0  1.17319829828234565E-02    1.258E-06
-1 -1  0  0  1  0  0.00000000000000000E+00    0.000E+00
 0 -1  0  1  1  0  0.00000000000000000E+00    0.000E+00
-1 -2  0  0  0  0  0.00000000000000000E+00    0.000E+00
 1  2  0  1  2  0 -2.32885293667993475E-03   -3.269E-06
2 1 1  1 2 2
       49
 0  0  0  0  0  0  1.09030150965926365E+00   -2.793E-06
-1  0  0  0  0  0  4.77925119135174437E-01    1.244E-06
 1  0  0  0  0  0  4.77925119135174437E-01    1.244E-06
 0 -1  0  0  0  0  0.00000000000000000E+00    0.000E+00
 0  1  0  0  0  0  9.78651619397181038E-01   -4.791E-07
-1 -1  0  0  0  0  0.00000000000000000E+00    0.000E+00
 1  1  0  0  0  0  9.79887088480361768E-01    7.840E-07
 0  0  0 -1  0  0  4.77925119135174548E-01    1.244E-06
 0  0  0  1  0  0  4.77925119135174548E-01    1.244E-06
-1  0  0 -1  0  0  0.00000000000000000E+00    0.000E+00
 1  0  0  1  0  0  0.00000000000000000E+00    0.000E+00
 0  1  0 -1  0  0  0.00000000000000000E+00    0.000E+00
 0 -1  0  1  0  0  0.00000000000000000E+00    0.000E+00
-1 -1  0 -1  0  0  0.00000000000000000E+00    0.000E+00
 1  1  0  1  0  0  0.00000000000000000E+00    0.000E+00
 0  0  0  0 -1  0  0.00000000000000000E+00    0.000E+00
 0  0  0  0  1  0  9.78651619397181149E-01   -4.791E-07
 1  0  0  0 -1  0  0.00000000000000000E+00    0.000E+00
-1  0  0  0  1  0  0.00000000000000000E+00    0.000E+00
 0 -1  0  0 -1  0  0.00000000000000000E+00    0.000E+00
 0  1  0  0  1  0  1.77278135908646672E+00    3.751E-06
-1 -1  0  0 -1  0  0.00000000000000000E+00    0.000E+00
 1  1  0  0  1  0  9.42420877186021966E-01   -2.488E-06
 0  0  0 -1 -1  0  0.00000000000000000E+00    0.000E+00
 0  0  0  1  1  0  9.79887088480361879E-01    7.840E-07
-1  0  0 -1 -1  0  0.00000000000000000E+00    0.000E+00
 1  0  0  1  1  0  0.00000000000000000E+00    0.000E+00
 0 -1  0 -1 -1  0  0.00000000000000000E+00    0.000E+00
 0  1  0  1  1  0  9.42420877186021966E-01   -2.488E-06
-1 -1  0 -1 -1  0  0.00000000000000000E+00    0.000E+00
 1  1  0  1  1  0  1.77031042092010549E+00    1.225E-06
-1 -2  0 -1 -2  0  0.00000000000000000E+00    0.000E+00
 0 -1  0 -1 -2  0  0.00000000000000000E+00    0.000E+00
-1 -1  0 -1 -2  0  0.00000000000000000E+00    0.000E+00
-1 -2  0  0 -1  0  0.00000000000000000E+00    0.000E+00
-1 -2  0 -1 -1  0  0.00000000000000000E+00    0.000E+00
 1  2  0  0  0  0  0.00000000000000000E+00    0.000E+00
 1  2  0  0  1  0  1.00403009853165459E+00   -7.840E-07
 1  1  0  0 -1  0  0.00000000000000000E+00    0.000E+00
 1  2  0  1  1  0  1.00526556761483543E+00    4.791E-07
 0  1  0 -1 -1  0  0.00000000000000000E+00    0.000E+00
 0  0  0 -1 -2  0  0.00000000000000000E+00    0.000E+00
 0  0  0  1  2  0  0.00000000000000000E+00    0.000E+00
 0  1  0  1  2  0  1.00403009853165481E+00   -7.840E-07
 1  1  0  1  2  0  1.00526556761483543E+00    4.791E-07
-1 -1  0  0  1  0  0.00000000000000000E+00    0.000E+00
 0 -1  0  1  1  0  0.00000000000000000E+00    0.000E+00
-1 -2  0  0  0  0  0.00000000000000000E+00    0.000E+00
 1  2  0  1  2  0  9.73917092411368590E-01   -2.183E-06
2 1 2  1 2 2
       49
 0  0  0  0  0  0 -3.71271471704993916E-05   -6.482E-06
-1  0  0  0  0  0 -2.24641198801316805E-05    8.710E-08
 1  0  0  0  0  0 -2.24641198801316805E-05    8.710E-08
 0 -1  0  0  0  0  0.00000000000000000E+00    0.000E+00
 0  1  0  0  0  0 -5.76154749771554675E-02    2.447E-06
-1 -1  0  0  0  0  0.00000000000000000E+00    0.000E+00
 1  1  0  0  0  0  5.76975303640856335E-02    3.861E-06
 0  0  0 -1  0  0  1.90898656670813321E-05   -8.755E-08
 0  0  0  1  0  0  1.90898656670813321E-05   -8.755E-08
-1  0  0 -1  0  0  0.00000000000000000E+00    0.000E+00
 1  0  0  1  0  0  0.00000000000000000E+00    0.000E+00
 0  1  0 -1  0  0  0.00000000000000000E+00    0.000E+00
 0 -1  0  1  0  0  0.00000000000000000E+00    0.000E+00
-1 -1  0 -1  0  0  0.00000000000000000E+00    0.000E+00
 1  1  0  1  0  0  0.00000000000000000E+00    0.000E+00
 0  0  0  0 -1  0  0.00000000000000000E+00    0.000E+00
 0  0  0  0  1  0 -3.50250888186796339E-02    2.738E-06
 1  0  0  0 -1  0  0.00000000000000000E+00    0.000E+00
-1  0  0  0  1  0  0.00000000000000000E+00    0.000E+00
 0 -1  0  0 -1  0  0.00000000000000000E+00    0.000E+00
 0  1  0  0  1  0 -4.21546008167111019E-01    1.298E-06
-1 -1  0  0 -1  0  0.00000000000000000E+00    0.000E+00
 1  1  0  0  1  0  2.36542423699438904E-02   -3.273E-08
 0  0  0 -1 -1  0  0.00000000000000000E+00    0.000E+00
 0  0  0  1  1  0  3.50240362345154571E-02    3.920E-06
-1  0  0 -1 -1  0  0.00000000000000000E+00    0.000E+00
 1  0  0  1  1  0  0.00000000000000000E+00    0.000E+00
 0 -1  0 -1 -1  0  0.00000000000000000E+00    0.000E+00
 0  1  0  1  1  0 -2.36474938615184559E-02    3.362E-08
-1 -1  0 -1 -1  0  0.00000000000000000E+00    0.000E+00
 1  1  0  1  1  0  4.21539259658684939E-01   -1.299E-06
-1 -2  0 -1 -2  0  0.00000000000000000E+00    0.000E+00
 0 -1  0 -1 -2  0  0.00000000000000000E+00    0.000E+00
-1 -1  0 -1 -2  0  0.00000000000000000E+00    0.000E+00
-1 -2  0  0 -1  0  0.00000000000000000E+00    0.000E+00
-1 -2  0 -1 -1  0  0.00000000000000000E+00    0.000E+00
 1  2  0  0  0  0  0.00000000000000000E+00    0.000E+00
 1  2  0  0  1  0  2.07784703555473522E-02   -4.003E-06
 1  1  0  0 -1  0  0.00000000000000000E+00    0.000E+00
 1  2  0  1  1  0 -2.07774177713835710E-02   -2.655E-06
 0  1  0 -1 -1  0  0.00000000000000000E+00    0.000E+00
 0  0  0 -1 -2  0  0.00000000000000000E+00    0.000E+00
 0  0  0  1  2  0  0.00000000000000000E+00    0.000E+00
 0  1  0  1  2  0  1.25361984671915096E-02   -3.778E-06
 1  1  0  1  2  0 -1.26182538541223070E-02   -2.530E-06
-1 -1  0  0  1  0  0.00000000000000000E+00    0.000E+00
 0 -1  0  1  1  0  0.00000000000000000E+00    0.000E+00
-1 -2  0  0  0  0  0.00000000000000000E+00    0.000E+00
 1  2  0  1  2  0  4.38756555959894656E-05    6.483E-06
2 1 3  1 2 2
       49
 0  0  0  0  0  0 -5.79133348517467392E-37    8.638E-45
-1  0  0  0  0  0  2.89566731311039405E-37    4.319E-45
 1  0  0  0  0  0  2.89566731311039405E-37    4.319E-45
 0 -1  0  0  0  0  0.00000000000000000E+00    0.000E+00
 0  1  0  0  0  0 -5.79133503853156197E-37   -8.621E-45
-1 -1  0  0  0  0  0.00000000000000000E+00    0.000E+00
 1  1  0  0  0  0  5.79133376324473770E-37   -8.621E-45
 0  0  0 -1  0  0  2.89566688162240727E-37   -4.315E-45
 0  0  0  1  0  0  2.89566688162240727E-37   -4.315E-45
-1  0  0 -1  0  0  0.00000000000000000E+00    0.000E+00
 1  0  0  1  0  0  0.00000000000000000E+00    0.000E+00
 0  1  0 -1  0  0  0.00000000000000000E+00    0.000E+00
 0 -1  0  1  0  0  0.00000000000000000E+00    0.000E+00
-1 -1  0 -1  0  0  0.00000000000000000E+00    0.000E+00
 1  1  0  1  0  0  0.00000000000000000E+00    0.000E+00
 0  0  0  0 -1  0  0.00000000000000000E+00    0.000E+00
 0  0  0  0  1  0 -5.79133365776988834E-37    8.621E-45
 1  0  0  0 -1  0  0.00000000000000000E+00    0.000E+00
-1  0  0  0  1  0  0.00000000000000000E+00    0.000E+00
 0 -1  0  0 -1  0  0.00000000000000000E+00    0.000E+00
 0  1  0  0  1  0 -5.79133486593635757E-37   -8.638E-45
-1 -1  0  0 -1  0  0.00000000000000000E+00    0.000E+00
 1  1  0  0  1  0  5.79133324545910445E-37   -8.638E-45
 0  0  0 -1 -1  0  0.00000000000000000E+00    0.000E+00
 0  0  0  1  1  0  5.79133324545919132E-37   -8.630E-45
-1  0  0 -1 -1  0  0.00000000000000000E+00    0.000E+00
 1  0  0  1  1  0  0.00000000000000000E+00    0.000E+00
 0 -1  0 -1 -1  0  0.00000000000000000E+00    0.000E+00
 0  1  0  1  1  0  5.79133514400649820E-37    8.630E-45
-1 -1  0 -1 -1  0  0.00000000000000000E+00    0.000E+00
 1  1  0  1  1  0 -5.79133365776996518E-37    8.630E-45
-1 -2  0 -1 -2  0  0.00000000000000000E+00    0.000E+00
 0 -1  0 -1 -2  0  0.00000000000000000E+00    0.000E+00
-1 -1  0 -1 -2  0  0.00000000000000000E+00    0.000E+00
-1 -2  0  0 -1  0  0.00000000000000000E+00    0.000E+00
-1 -2  0 -1 -1  0  0.00000000000000000E+00    0.000E+00
 1  2  0  0  0  0  0.00000000000000000E+00    0.000E+00
 1  2  0  0  1  0  5.79133514400641134E-37    8.621E-45
 1  1  0  0 -1  0  0.00000000000000000E+00    0.000E+00
 1  2  0  1  1  0 -5.79133486593643442E-37   -8.630E-45
 0  1  0 -1 -1  0  0.00000000000000000E+00    0.000E+00
 0  0  0 -1 -2  0  0.00000000000000000E+00    0.000E+00
 0  0  0  1  2  0  0.00000000000000000E+00    0.000E+00
 0  1  0  1  2  0  5.79133462622086495E-37    8.630E-45
 1  1  0  1  2  0 -5.79133348517476078E-37    8.630E-45
-1 -1  0  0  1  0  0.00000000000000000E+00    0.000E+00
 0 -1  0  1  1  0  0.00000000000000000E+00    0.000E+00
-1 -2  0  0  0  0  0.00000000000000000E+00    0.000E+00
 1  2  0  1  2  0 -5.79133503853164884E-37   -8.630E-45
2 2 1  1 2 2
       49
 0  0  0  0  0  0 -3.71271471705098000E-05   -6.482E-06
-1  0  0  0  0  0  1.90898656670761280E-05   -8.755E-08
 1  0  0  0  0  0  1.90898656670761280E-05   -8.755E-08
 0 -1  0  0  0  0  0.00000000000000000E+00    0.000E+00
 0  1  0  0  0  0 -3.50250888186796616E-02    2.738E-06
-1 -1  0  0  0  0  0.00000000000000000E+00    0.000E+00
 1  1  0  0  0  0  3.50240362345154710E-02    3.920E-06
 0  0  0 -1  0  0 -2.24641198801299458E-05    8.710E-08
 0  0  0  1  0  0 -2.24641198801299458E-05    8.710E-08
-1  0  0 -1  0  0  0.00000000000000000E+00    0.000E+00
 1  0  0  1  0  0  0.00000000000000000E+00    0.000E+00
 0  1  0 -1  0  0  0.00000000000000000E+00    0.000E+00
 0 -1  0  1  0  0  0.00000000000000000E+00    0.000E+00
-1 -1  0 -1  0  0  0.00000000000000000E+00    0.000E+00
 1  1  0  1  0  0  0.00000000000000000E+00    0.000E+00
 0  0  0  0 -1  0  0.00000000000000000E+00    0.000E+00
 0  0  0  0  1  0 -5.76154749771554814E-02    2.447E-06
 1  0  0  0 -1  0  0.00000000000000000E+00    0.000E+00
-1  0  0  0  1  0  0.00000000000000000E+00    0.000E+00
 0 -1  0  0 -1  0  0.00000000000000000E+00    0.000E+00
 0  1  0  0  1  0 -4.21546008167110964E-01    1.298E-06
-1 -1  0  0 -1  0  0.00000000000000000E+00    0.000E+00
 1  1  0  0  1  0 -2.36474938615184489E-02    3.362E-08
 0  0  0 -1 -1  0  0.00000000000000000E+00    0.000E+00
 0  0  0  1  1  0  5.76975303640856196E-02    3.861E-06
-1  0  0 -1 -1  0  0.00000000000000000E+00    0.000E+00
 1  0  0  1  1  0  0.00000000000000000E+00    0.000E+00
 0 -1  0 -1 -1  0  0.00000000000000000E+00    0.000E+00
 0  1  0  1  1  0  2.36542423699438696E-02   -3.273E-08
-1 -1  0 -1 -1  0  0.00000000000000000E+00    0.000E+00
 1  1  0  1  1  0  4.21539259658684995E-01   -1.299E-06
-1 -2  0 -1 -2  0  0.00000000000000000E+00    0.000E+00
 0 -1  0 -1 -2  0  0.00000000000000000E+00    0.000E+00
-1 -1  0 -1 -2  0  0.00000000000000000E+00    0.000E+00
-1 -2  0  0 -1  0  0.00000000000000000E+00    0.000E+00
-1 -2  0 -1 -1  0  0.00000000000000000E+00    0.000E+00
 1  2  0  0  0  0  0.00000000000000000E+00    0.000E+00
 1  2  0  0  1  0  1.25361984671915408E-02   -3.778E-06
 1  1  0  0 -1  0  0.00000000000000000E+00    0.000E+00
 1  2  0  1  1  0 -1.26182538541223035E-02   -2.530E-06
 0  1  0 -1 -1  0  0.00000000000000000E+00    0.000E+00
 0  0  0 -1 -2  0  0.00000000000000000E+00    0.000E+00
 0  0  0  1  2  0  0.00000000000000000E+00    0.000E+00
 0  1  0  1  2  0  2.07784703555473627E-02   -4.003E-06
 1  1  0  1  2  0 -2.07774177713835675E-02   -2.655E-06
-1 -1  0  0  1  0  0.00000000000000000E+00    0.000E+00
 0 -1  0  1  1  0  0.00000000000000000E+00    0.000E+00
-1 -2  0  0  0  0  0.00000000000000000E+00    0.000E+00
 1  2  0  1  2  0  4.38756555959929351E-05    6.483E-06
2 2 2  1 2 2
       49
 0  0  0  0  0  0 -2.97310033313884681E+00   -2.000E-07
-1  0  0  0  0  0 -4.91129191979430724E-01    1.735E-06
 1  0  0  0  0  0 -4.91129191979430724E-01    1.735E-06
 0 -1  0  0  0  0  0.00000000000000000E+00    0.000E+00
 0  1  0  0  0  0 -1.00779269751705991E+00    6.537E-06
-1 -1  0  0  0  0  0.00000000000000000E+00    0.000E+00
 1  1  0  0  0  0 -1.00781169459503595E+00   -9.806E-06
 0  0  0 -1  0  0 -4.91129191979430724E-01    1.735E-06
 0  0  0  1  0  0 -4.91129191979430724E-01    1.735E-06
-1  0  0 -1  0  0  0.00000000000000000E+00    0.000E+00
 1  0  0  1  0  0  0.00000000000000000E+00    0.000E+00
 0  1  0 -1  0  0  0.00000000000000000E+00    0.000E+00
 0 -1  0  1  0  0  0.00000000000000000E+00    0.000E+00
-1 -1  0 -1  0  0  0.00000000000000000E+00    0.000E+00
 1  1  0  1  0  0  0.00000000000000000E+00    0.000E+00
 0  0  0  0 -1  0  0.00000000000000000E+00    0.000E+00
 0  0  0  0  1  0 -1.00779269751705991E+00    6.537E-06
 1  0  0  0 -1  0  0.00000000000000000E+00    0.000E+00
-1  0  0  0  1  0  0.00000000000000000E+00    0.000E+00
 0 -1  0  0 -1  0  0.00000000000000000E+00    0.000E+00
 0  1  0  0  1  0 -8.30506378790029531E-01   -1.287E-05
-1 -1  0  0 -1  0  0.00000000000000000E+00    0.000E+00
 1  1  0  0  1  0 -8.84673384675112029E-01   -3.469E-06
 0  0  0 -1 -1  0  0.00000000000000000E+00    0.000E+00
 0  0  0  1  1  0 -1.00781169459503617E+00   -9.806E-06
-1  0  0 -1 -1  0  0.00000000000000000E+00    0.000E+00
 1  0  0  1  1  0  0.00000000000000000E+00    0.000E+00
 0 -1  0 -1 -1  0  0.00000000000000000E+00    0.000E+00
 0  1  0  1  1  0 -8.84673384675112251E-01   -3.469E-06
-1 -1  0 -1 -1  0  0.00000000000000000E+00    0.000E+00
 1  1  0  1  1  0 -8.30468384634075685E-01    1.981E-05
-1 -2  0 -1 -2  0  0.00000000000000000E+00    0.000E+00
 0 -1  0 -1 -2  0  0.00000000000000000E+00    0.000E+00
-1 -1  0 -1 -2  0  0.00000000000000000E+00    0.000E+00
-1 -2  0  0 -1  0  0.00000000000000000E+00    0.000E+00
-1 -2  0 -1 -1  0  0.00000000000000000E+00    0.000E+00
 1  2  0  0  0  0  0.00000000000000000E+00    0.000E+00
 1  2  0  0  1  0 -9.91775165827762484E-01    9.806E-06
 1  1  0  0 -1  0  0.00000000000000000E+00    0.000E+00
 1  2  0  1  1  0 -9.91794162905738963E-01   -6.537E-06
 0  1  0 -1 -1  0  0.00000000000000000E+00    0.000E+00
 0  0  0 -1 -2  0  0.00000000000000000E+00    0.000E+00
 0  0  0  1  2  0  0.00000000000000000E+00    0.000E+00
 0  1  0  1  2  0 -9.91775165827762262E-01    9.806E-06
 1  1  0  1  2  0 -9.91794162905738963E-01   -6.537E-06
-1 -1  0  0  1  0  0.00000000000000000E+00    0.000E+00
 0 -1  0  1  1  0  0.00000000000000000E+00    0.000E+00
-1 -2  0  0  0  0  0.00000000000000000E+00    0.000E+00
 1  2  0  1  2  0 -9.73235285513454729E-01   -6.739E-06
2 2 3  1 2 2
       49
 0  0  0  0  0  0  3.15551679508778861E-44   -4.939E-45
-1  0  0  0  0  0  3.34362843379973365E-37   -2.469E-45
 1  0  0  0  0  0  3.34362843379973365E-37   -2.469E-45
 0 -1  0  0  0  0  0.00000000000000000E+00    0.000E+00
 0  1  0  0  0  0 -6.68725693403139165E-37    4.948E-45
-1 -1  0  0  0  0  0.00000000000000000E+00    0.000E+00
 1  1  0  0  0  0  1.66079596037099860E-45    4.948E-45
 0  0  0 -1  0  0  3.34362838397581043E-37    2.511E-45
 0  0  0  1  0  0  3.34362838397581043E-37    2.511E-45
-1  0  0 -1  0  0  0.00000000000000000E+00    0.000E+00
 1  0  0  1  0  0  0.00000000000000000E+00    0.000E+00
 0  1  0 -1  0  0  0.00000000000000000E+00    0.000E+00
 0 -1  0  1  0  0  0.00000000000000000E+00    0.000E+00
-1 -1  0 -1  0  0  0.00000000000000000E+00    0.000E+00
 1  1  0  1  0  0  0.00000000000000000E+00    0.000E+00
 0  0  0  0 -1  0  0.00000000000000000E+00    0.000E+00
 0  0  0  0  1  0 -6.68725653543983218E-37   -4.948E-45
 1  0  0  0 -1  0  0.00000000000000000E+00    0.000E+00
-1  0  0  0  1  0  0.00000000000000000E+00    0.000E+00
 0 -1  0  0 -1  0  0.00000000000000000E+00    0.000E+00
 0  1  0  0  1  0 -8.30398866466287961E-45    4.939E-45
-1 -1  0  0 -1  0  0.00000000000000000E+00    0.000E+00
 1  1  0  0  1  0  6.68725646900790115E-37    4.939E-45
 0  0  0 -1 -1  0  0.00000000000000000E+00    0.000E+00
 0  0  0  1  1  0 -2.82335665269724692E-44    5.021E-45
-1  0  0 -1 -1  0  0.00000000000000000E+00    0.000E+00
 1  0  0  1  1  0  0.00000000000000000E+00    0.000E+00
 0 -1  0 -1 -1  0  0.00000000000000000E+00    0.000E+00
 0  1  0  1  1  0  6.68725716654318702E-37   -5.021E-45
-1 -1  0 -1 -1  0  0.00000000000000000E+00    0.000E+00
 1  1  0  1  1  0  2.15903741196544644E-44   -5.021E-45
-1 -2  0 -1 -2  0  0.00000000000000000E+00    0.000E+00
 0 -1  0 -1 -2  0  0.00000000000000000E+00    0.000E+00
-1 -1  0 -1 -2  0  0.00000000000000000E+00    0.000E+00
-1 -2  0  0 -1  0  0.00000000000000000E+00    0.000E+00
-1 -2  0 -1 -1  0  0.00000000000000000E+00    0.000E+00
 1  2  0  0  0  0  0.00000000000000000E+00    0.000E+00
 1  2  0  0  1  0  4.15199519819640490E-44   -4.948E-45
 1  1  0  0 -1  0  0.00000000000000000E+00    0.000E+00
 1  2  0  1  1  0 -6.68725683438354856E-37    5.021E-45
 0  1  0 -1 -1  0  0.00000000000000000E+00    0.000E+00
 0  0  0 -1 -2  0  0.00000000000000000E+00    0.000E+00
 0  0  0  1  2  0  0.00000000000000000E+00    0.000E+00
 0  1  0  1  2  0  1.16255894946205813E-44   -5.021E-45
 1  1  0  1  2  0 -6.68725643579198908E-37   -5.021E-45
-1 -1  0  0  1  0  0.00000000000000000E+00    0.000E+00
 0 -1  0  1  1  0  0.00000000000000000E+00    0.000E+00
-1 -2  0  0  0  0  0.00000000000000000E+00    0.000E+00
 1  2  0  1  2  0 -1.82687824958863037E-44    5.021E-45
2 3 1  1 2 2
       49
 0  0  0  0  0  0 -5.79133348517467392E-37    8.638E-45
-1  0  0  0  0  0  2.89566688162240727E-37   -4.315E-45
 1  0  0  0  0  0  2.89566688162240727E-37   -4.315E-45
 0 -1  0  0  0  0  0.00000000000000000E+00    0.000E+00
 0  1  0  0  0  0 -5.79133365776988834E-37    8.621E-45
-1 -1  0  0  0  0  0.00000000000000000E+00    0.000E+00
 1  1  0  0  0  0  5.79133324545919132E-37   -8.630E-45
 0  0  0 -1  0  0  2.89566731311039405E-37    4.319E-45
 0  0  0  1  0  0  2.89566731311039405E-37    4.319E-45
-1  0  0 -1  0  0  0.00000000000000000E+00    0.000E+00
 1  0  0  1  0  0  0.00000000000000000E+00    0.000E+00
 0  1  0 -1  0  0  0.00000000000000000E+00    0.000E+00
 0 -1  0  1  0  0  0.00000000000000000E+00    0.000E+00
-1 -1  0 -1  0  0  0.00000000000000000E+00    0.000E+00
 1  1  0  1  0  0  0.00000000000000000E+00    0.000E+00
 0  0  0  0 -1  0  0.00000000000000000E+00    0.000E+00
 0  0  0  0  1  0 -5.79133503853156197E-37   -8.621E-45
 1  0  0  0 -1  0  0.00000000000000000E+00    0.000E+00
-1  0  0  0  1  0  0.00000000000000000E+00    0.000E+00
 0 -1  0  0 -1  0  0.00000000000000000E+00    0.000E+00
 0  1  0  0  1  0 -5.79133486593635757E-37   -8.638E-45
-1 -1  0  0 -1  0  0.00000000000000000E+00    0.000E+00
 1  1  0  0  1  0  5.79133514400649820E-37    8.630E-45
 0  0  0 -1 -1  0  0.00000000000000000E+00    0.000E+00
 0  0  0  1  1  0  5.79133376324473770E-37   -8.621E-45
-1  0  0 -1 -1  0  0.00000000000000000E+00    0.000E+00
 1  0  0  1  1  0  0.00000000000000000E+00    0.000E+00
 0 -1  0 -1 -1  0  0.00000000000000000E+00    0.000E+00
 0  1  0  1  1  0  5.79133324545910445E-37   -8.638E-45
-1 -1  0 -1 -1  0  0.00000000000000000E+00    0.000E+00
 1  1  0  1  1  0 -5.79133365776996518E-37    8.630E-45
-1 -2  0 -1 -2  0  0.00000000000000000E+00    0.000E+00
 0 -1  0 -1 -2  0  0.00000000000000000E+00    0.000E+00
-1 -1  0 -1 -2  0  0.00000000000000000E+00    0.000E+00
-1 -2  0  0 -1  0  0.00000000000000000E+00    0.000E+00
-1 -2  0 -1 -1  0  0.00000000000000000E+00    0.000E+00
 1  2  0  0  0  0  0.00000000000000000E+00    0.000E+00
 1  2  0  0  1  0  5.79133462622086495E-37    8.630E-45
 1  1  0  0 -1  0  0.00000000000000000E+00    0.000E+00
 1  2  0  1  1  0 -5.79133348517476078E-37    8.630E-45
 0  1  0 -1 -1  0  0.00000000000000000E+00    0.000E+00
 0  0  0 -1 -2  0  0.00000000000000000E+00    0.000E+00
 0  0  0  1  2  0  0.00000000000000000E+00    0.000E+00
 0  1  0  1  2  0  5.79133514400641134E-37    8.621E-45
 1  1  0  1  2  0 -5.79133486593643442E-37   -8.630E-45
-1 -1  0  0  1  0  0.00000000000000000E+00    0.000E+00
 0 -1  0  1  1  0  0.00000000000000000E+00    0.000E+00
-1 -2  0  0  0  0  0.00000000000000000E+00    0.000E+00
 1  2  0  1  2  0 -5.79133503853164884E-37   -8.630E-45
2 3 2  1 2 2
       49
 0  0  0  0  0  0  3.15551679508778861E-44   -4.939E-45
-1  0  0  0  0  0  3.34362838397581043E-37    2.511E-45
 1  0  0  0  0  0  3.34362838397581043E-37    2.511E-45
 0 -1  0  0  0  0  0.00000000000000000E+00    0.000E+00
 0  1  0  0  0  0 -6.68725653543983218E-37   -4.948E-45
-1 -1  0  0  0  0  0.00000000000000000E+00    0.000E+00
 1  1  0  0  0  0 -2.82335665269724692E-44    5.021E-45
 0  0  0 -1  0  0  3.34362843379973365E-37   -2.469E-45
 0  0  0  1  0  0  3.34362843379973365E-37   -2.469E-45
-1  0  0 -1  0  0  0.00000000000000000E+00    0.000E+00
 1  0  0  1  0  0  0.00000000000000000E+00    0.000E+00
 0  1  0 -1  0  0  0.00000000000000000E+00    0.000E+00
 0 -1  0  1  0  0  0.00000000000000000E+00    0.000E+00
-1 -1  0 -1  0  0  0.00000000000000000E+00    0.000E+00
 1  1  0  1  0  0  0.00000000000000000E+00    0.000E+00
 0  0  0  0 -1  0  0.00000000000000000E+00    0.000E+00
 0  0  0  0  1  0 -6.68725693403139165E-37    4.948E-45
 1  0  0  0 -1  0  0.00000000000000000E+00    0.000E+00
-1  0  0  0  1  0  0.00000000000000000E+00    0.000E+00
 0 -1  0  0 -1  0  0.00000000000000000E+00    0.000E+00
 0  1  0  0  1  0 -8.30398866466287837E-45    4.939E-45
-1 -1  0  0 -1  0  0.00000000000000000E+00    0.000E+00
 1  1  0  0  1  0  6.68725716654318702E-37   -5.021E-45
 0  0  0 -1 -1  0  0.00000000000000000E+00    0.000E+00
 0  0  0  1  1  0  1.66079596037099735E-45    4.948E-45
-1  0  0 -1 -1  0  0.00000000000000000E+00    0.000E+00
 1  0  0  1  1  0  0.00000000000000000E+00    0.000E+00
 0 -1  0 -1 -1  0  0.00000000000000000E+00    0.000E+00
 0  1  0  1  1  0  6.68725646900790115E-37    4.939E-45
-1 -1  0 -1 -1  0  0.00000000000000000E+00    0.000E+00
 1  1  0  1  1  0  2.15903741196544644E-44   -5.021E-45
-1 -2  0 -1 -2  0  0.00000000000000000E+00    0.000E+00
 0 -1  0 -1 -2  0  0.00000000000000000E+00    0.000E+00
-1 -1  0 -1 -2  0  0.00000000000000000E+00    0.000E+00
-1 -2  0  0 -1  0  0.00000000000000000E+00    0.000E+00
-1 -2  0 -1 -1  0  0.00000000000000000E+00    0.000E+00
 1  2  0  0  0  0  0.00000000000000000E+00    0.000E+00
 1  2  0  0  1  0  1.16255894946205838E-44   -5.021E-45
 1  1  0  0 -1  0  0.00000000000000000E+00    0.000E+00
 1  2  0  1  1  0 -6.68725643579198908E-37   -5.021E-45
 0  1  0 -1 -1  0  0.00000000000000000E+00    0.000E+00
 0  0  0 -1 -2  0  0.00000000000000000E+00    0.000E+00
 0  0  0  1  2  0  0.00000000000000000E+00    0.000E+00
 0  1  0  1  2  0  4.15199519819640490E-44   -4.948E-45
 1  1  0  1  2  0 -6.68725683438354856E-37    5.021E-45
-1 -1  0  0  1  0  0.00000000000000000E+00    0.000E+00
 0 -1  0  1  1  0  0.00000000000000000E+00    0.000E+00
-1 -2  0  0  0  0  0.00000000000000000E+00    0.000E+00
 1  2  0  1  2  0 -1.82687824958863062E-44    5.021E-45
2 3 3  1 2 2
       49
 0  0  0  0  0  0  2.39192703885803493E-01    2.923E-07
-1  0  0  0  0  0 -5.43367783955011480E-03   -3.632E-07
 1  0  0  0  0  0 -5.43367783955011480E-03   -3.632E-07
 0 -1  0  0  0  0  0.00000000000000000E+00    0.000E+00
 0  1  0  0  0  0  7.90086689412082543E-03   -7.270E-07
-1 -1  0  0  0  0  0.00000000000000000E+00    0.000E+00
 1  1  0  0  0  0  9.23675968270010889E-03    1.161E-06
 0  0  0 -1  0  0 -5.43367783955011480E-03   -3.632E-07
 0  0  0  1  0  0 -5.43367783955011480E-03   -3.632E-07
-1  0  0 -1  0  0  0.00000000000000000E+00    0.000E+00
 1  0  0  1  0  0  0.00000000000000000E+00    0.000E+00
 0  1  0 -1  0  0  0.00000000000000000E+00    0.000E+00
 0 -1  0  1  0  0  0.00000000000000000E+00    0.000E+00
-1 -1  0 -1  0  0  0.00000000000000000E+00    0.000E+00
 1  1  0  1  0  0  0.00000000000000000E+00    0.000E+00
 0  0  0  0 -1  0  0.00000000000000000E+00    0.000E+00
 0  0  0  0  1  0  7.90086689412081503E-03   -7.270E-07
 1  0  0  0 -1  0  0.00000000000000000E+00    0.000E+00
-1  0  0  0  1  0  0.00000000000000000E+00    0.000E+00
 0 -1  0  0 -1  0  0.00000000000000000E+00    0.000E+00
 0  1  0  0  1  0 -1.17587941950804034E-01    1.162E-06
-1 -1  0  0 -1  0  0.00000000000000000E+00    0.000E+00
 1  1  0  0  1  0 -1.84826611559039955E-02    7.265E-07
 0  0  0 -1 -1  0  0.00000000000000000E+00    0.000E+00
 0  0  0  1  1  0  9.23675968270011583E-03    1.161E-06
-1  0  0 -1 -1  0  0.00000000000000000E+00    0.000E+00
 1  0  0  1  1  0  0.00000000000000000E+00    0.000E+00
 0 -1  0 -1 -1  0  0.00000000000000000E+00    0.000E+00
 0  1  0  1  1  0 -1.84826611559039955E-02    7.265E-07
-1 -1  0 -1 -1  0  0.00000000000000000E+00    0.000E+00
 1  1  0  1  1  0 -1.20259727527962615E-01   -2.615E-06
-1 -2  0 -1 -2  0  0.00000000000000000E+00    0.000E+00
 0 -1  0 -1 -2  0  0.00000000000000000E+00    0.000E+00
-1 -1  0 -1 -2  0  0.00000000000000000E+00    0.000E+00
-1 -2  0  0 -1  0  0.00000000000000000E+00    0.000E+00
-1 -2  0 -1 -1  0  0.00000000000000000E+00    0.000E+00
 1  2  0  0  0  0  0.00000000000000000E+00    0.000E+00
 1  2  0  0  1  0  5.43824873480201060E-03   -1.161E-06
 1  1  0  0 -1  0  0.00000000000000000E+00    0.000E+00
 1  2  0  1  1  0  6.77414152338130099E-03    7.270E-07
 0  1  0 -1 -1  0  0.00000000000000000E+00    0.000E+00
 0  0  0 -1 -2  0  0.00000000000000000E+00    0.000E+00
 0  0  0  1  2  0  0.00000000000000000E+00    0.000E+00
 0  1  0  1  2  0  5.43824873480200366E-03   -1.161E-06
 1  1  0  1  2  0  6.77414152338129405E-03    7.270E-07
-1 -1  0  0  1  0  0.00000000000000000E+00    0.000E+00
 0 -1  0  1  1  0  0.00000000000000000E+00    0.000E+00
-1 -2  0  0  0  0  0.00000000000000000E+00    0.000E+00
 1  2  0  1  2  0 -1.34503440703683322E-03    1.161E-06
3 1 1  1 2 2
       49
 0  0  0  0  0  0 -2.50772129836219388E-37    1.531E-41
-1  0  0  0  0  0 -8.30399085716730167E-46    3.591E-53
 1  0  0  0  0  0 -8.30399085716730167E-46    3.591E-53
 0 -1  0  0  0  0  0.00000000000000000E+00    0.000E+00
 0  1  0  0  0  0 -2.50772129836219388E-37    1.531E-41
-1 -1  0  0  0  0  0.00000000000000000E+00    0.000E+00
 1  1  0  0  0  0 -1.66079817143346033E-45    1.275E-52
 0  0  0 -1  0  0 -8.30399085716730167E-46    2.055E-53
 0  0  0  1  0  0 -8.30399085716730167E-46    2.055E-53
-1  0  0 -1  0  0  0.00000000000000000E+00    0.000E+00
 1  0  0  1  0  0  0.00000000000000000E+00    0.000E+00
 0  1  0 -1  0  0  0.00000000000000000E+00    0.000E+00
 0 -1  0  1  0  0  0.00000000000000000E+00    0.000E+00
-1 -1  0 -1  0  0  0.00000000000000000E+00    0.000E+00
 1  1  0  1  0  0  0.00000000000000000E+00    0.000E+00
 0  0  0  0 -1  0  0.00000000000000000E+00    0.000E+00
 0  0  0  0  1  0 -2.50772129836219388E-37    1.531E-41
 1  0  0  0 -1  0  0.00000000000000000E+00    0.000E+00
-1  0  0  0  1  0  0.00000000000000000E+00    0.000E+00
 0 -1  0  0 -1  0  0.00000000000000000E+00    0.000E+00
 0  1  0  0  1  0 -2.50772129836219388E-37    1.531E-41
-1 -1  0  0 -1  0  0.00000000000000000E+00    0.000E+00
 1  1  0  0  1  0 -1.66079817143346033E-45    1.712E-52
 0  0  0 -1 -1  0  0.00000000000000000E+00    0.000E+00
 0  0  0  1  1  0 -1.66079817143346033E-45   -1.458E-53
-1  0  0 -1 -1  0  0.00000000000000000E+00    0.000E+00
 1  0  0  1  1  0  0.00000000000000000E+00    0.000E+00
 0 -1  0 -1 -1  0  0.00000000000000000E+00    0.000E+00
 0  1  0  1  1  0 -1.66079817143346033E-45   -5.832E-53
-1 -1  0 -1 -1  0  0.00000000000000000E+00    0.000E+00
 1  1  0  1  1  0  2.50772126514623087E-37   -1.531E-41
-1 -2  0 -1 -2  0  0.00000000000000000E+00    0.000E+00
 0 -1  0 -1 -2  0  0.00000000000000000E+00    0.000E+00
-1 -1  0 -1 -2  0  0.00000000000000000E+00    0.000E+00
-1 -2  0  0 -1  0  0.00000000000000000E+00    0.000E+00
-1 -2  0 -1 -1  0  0.00000000000000000E+00    0.000E+00
 1  2  0  0  0  0  0.00000000000000000E+00    0.000E+00
 1  2  0  0  1  0 -1.66079817143346033E-45    1.155E-52
 1  1  0  0 -1  0  0.00000000000000000E+00    0.000E+00
 1  2  0  1  1  0  2.50772126514623087E-37   -1.531E-41
 0  1  0 -1 -1  0  0.00000000000000000E+00    0.000E+00
 0  0  0 -1 -2  0  0.00000000000000000E+00    0.000E+00
 0  0  0  1  2  0  0.00000000000000000E+00    0.000E+00
 0  1  0  1  2  0 -1.66079817143346033E-45   -2.633E-54
 1  1  0  1  2  0  2.50772126514623087E-37   -1.531E-41
-1 -1  0  0  1  0  0.00000000000000000E+00    0.000E+00
 0 -1  0  1  1  0  0.00000000000000000E+00    0.000E+00
-1 -2  0  0  0  0  0.00000000000000000E+00    0.000E+00
 1  2  0  1  2  0  2.50772126514623087E-37   -1.531E-41
3 1 2  1 2 2
       49
 0  0  0  0  0  0 -2.89566723160711951E-37    2.308E-52
-1  0  0  0  0  0  2.24414200759049892E-36   -4.418E-42
 1  0  0  0  0  0  2.24414200759049892E-36   -4.418E-42
 0 -1  0  0  0  0  0.00000000000000000E+00    0.000E+00
 0  1  0  0  0  0 -4.92263410579509703E-36   -1.328E-51
-1 -1  0  0  0  0  0.00000000000000000E+00    0.000E+00
 1  1  0  0  0  0 -1.44783367453387376E-37   -8.837E-42
 0  0  0 -1  0  0  2.38892536329782295E-36    4.418E-42
 0  0  0  1  0  0  2.38892536329782295E-36    4.418E-42
-1  0  0 -1  0  0  0.00000000000000000E+00    0.000E+00
 1  0  0  1  0  0  0.00000000000000000E+00    0.000E+00
 0  1  0 -1  0  0  0.00000000000000000E+00    0.000E+00
 0 -1  0  1  0  0  0.00000000000000000E+00    0.000E+00
-1 -1  0 -1  0  0  0.00000000000000000E+00    0.000E+00
 1  1  0  1  0  0  0.00000000000000000E+00    0.000E+00
 0  0  0  0 -1  0  0.00000000000000000E+00    0.000E+00
 0  0  0  0  1  0 -5.21220081720974644E-36    1.767E-41
 1  0  0  0 -1  0  0.00000000000000000E+00    0.000E+00
-1  0  0  0  1  0  0.00000000000000000E+00    0.000E+00
 0 -1  0  0 -1  0  0.00000000000000000E+00    0.000E+00
 0  1  0  0  1  0 -5.79133434575361019E-37    1.767E-41
-1 -1  0  0 -1  0  0.00000000000000000E+00    0.000E+00
 1  1  0  0  1  0  4.19871730376634843E-36    8.837E-42
 0  0  0 -1 -1  0  0.00000000000000000E+00    0.000E+00
 0  0  0  1  1  0  4.34350055375910718E-37   -8.837E-42
-1  0  0 -1 -1  0  0.00000000000000000E+00    0.000E+00
 1  0  0  1  1  0  0.00000000000000000E+00    0.000E+00
 0 -1  0 -1 -1  0  0.00000000000000000E+00    0.000E+00
 0  1  0  1  1  0  5.06741743801029530E-36   -8.837E-42
-1 -1  0 -1 -1  0  0.00000000000000000E+00    0.000E+00
 1  1  0  1  1  0  5.79133411083235252E-37   -1.767E-41
-1 -2  0 -1 -2  0  0.00000000000000000E+00    0.000E+00
 0 -1  0 -1 -2  0  0.00000000000000000E+00    0.000E+00
-1 -1  0 -1 -2  0  0.00000000000000000E+00    0.000E+00
-1 -2  0  0 -1  0  0.00000000000000000E+00    0.000E+00
-1 -2  0 -1 -1  0  0.00000000000000000E+00    0.000E+00
 1  2  0  0  0  0  0.00000000000000000E+00    0.000E+00
 1  2  0  0  1  0 -4.34350078868036485E-37    8.837E-42
 1  1  0  0 -1  0  0.00000000000000000E+00    0.000E+00
 1  2  0  1  1  0 -4.05393397155115016E-36   -1.767E-41
 0  1  0 -1 -1  0  0.00000000000000000E+00    0.000E+00
 0  0  0 -1 -2  0  0.00000000000000000E+00    0.000E+00
 0  0  0  1  2  0  0.00000000000000000E+00    0.000E+00
 0  1  0  1  2  0  1.44783343961261608E-37    8.837E-42
 1  1  0  1  2  0 -4.34350068296579957E-36   -1.323E-51
-1 -1  0  0  1  0  0.00000000000000000E+00    0.000E+00
 0 -1  0  1  1  0  0.00000000000000000E+00    0.000E+00
-1 -2  0  0  0  0  0.00000000000000000E+00    0.000E+00
 1  2  0  1  2  0  2.89566699668586184E-37    1.777E-52
3 1 3  1 2 2
       49
 0  0  0  0  0  0 -3.19631128849683869E-06    1.390E-06
-1  0  0  0  0  0  1.45583012567813671E-06    7.917E-08
 1  0  0  0  0  0  1.45583012567813671E-06    7.917E-08
 0 -1  0  0  0  0  0.00000000000000000E+00    0.000E+00
 0  1  0  0  0  0  3.45708249873803676E-03   -6.529E-07
-1 -1  0  0  0  0  0.00000000000000000E+00    0.000E+00
 1  1  0  0  0  0 -3.45679784770089272E-03   -8.958E-07
 0  0  0 -1  0  0  3.63103897028974412E-04   -2.128E-08
 0  0  0  1  0  0  3.63103897028974412E-04   -2.128E-08
-1  0  0 -1  0  0  0.00000000000000000E+00    0.000E+00
 1  0  0  1  0  0  0.00000000000000000E+00    0.000E+00
 0  1  0 -1  0  0  0.00000000000000000E+00    0.000E+00
 0 -1  0  1  0  0  0.00000000000000000E+00    0.000E+00
-1 -1  0 -1  0  0  0.00000000000000000E+00    0.000E+00
 1  1  0  1  0  0  0.00000000000000000E+00    0.000E+00
 0  0  0  0 -1  0  0.00000000000000000E+00    0.000E+00
 0  0  0  0  1  0  3.94624331257969682E-03   -4.903E-07
 1  0  0  0 -1  0  0.00000000000000000E+00    0.000E+00
-1  0  0  0  1  0  0.00000000000000000E+00    0.000E+00
 0 -1  0  0 -1  0  0.00000000000000000E+00    0.000E+00
 0  1  0  0  1  0  9.67270511456986698E-02   -2.471E-07
-1 -1  0  0 -1  0  0.00000000000000000E+00    0.000E+00
 1  1  0  0  1  0  4.86386368254788210E-04   -6.264E-08
 0  0  0 -1 -1  0  0.00000000000000000E+00    0.000E+00
 0  0  0  1  1  0 -4.66925479534914187E-03   -8.575E-07
-1  0  0 -1 -1  0  0.00000000000000000E+00    0.000E+00
 1  0  0  1  1  0  0.00000000000000000E+00    0.000E+00
 0 -1  0 -1 -1  0  0.00000000000000000E+00    0.000E+00
 0  1  0  1  1  0 -1.21550582256409320E-03   -5.313E-08
-1 -1  0 -1 -1  0  0.00000000000000000E+00    0.000E+00
 1  1  0  1  1  0 -9.59979316913893432E-02    3.629E-07
-1 -2  0 -1 -2  0  0.00000000000000000E+00    0.000E+00
 0 -1  0 -1 -2  0  0.00000000000000000E+00    0.000E+00
-1 -1  0 -1 -2  0  0.00000000000000000E+00    0.000E+00
-1 -2  0  0 -1  0  0.00000000000000000E+00    0.000E+00
-1 -2  0 -1 -1  0  0.00000000000000000E+00    0.000E+00
 1  2  0  0  0  0  0.00000000000000000E+00    0.000E+00
 1  2  0  0  1  0 -3.39495303503702084E-04    8.001E-07
 1  1  0  0 -1  0  0.00000000000000000E+00    0.000E+00
 1  2  0  1  1  0  1.06250678627314897E-03    5.477E-07
 0  1  0 -1 -1  0  0.00000000000000000E+00    0.000E+00
 0  0  0 -1 -2  0  0.00000000000000000E+00    0.000E+00
 0  0  0  1  2  0  0.00000000000000000E+00    0.000E+00
 0  1  0  1  2  0  5.66974489790934497E-03    9.532E-07
 1  1  0  1  2  0 -5.67002954894648900E-03    5.955E-07
-1 -1  0  0  1  0  0.00000000000000000E+00    0.000E+00
 0 -1  0  1  1  0  0.00000000000000000E+00    0.000E+00
-1 -2  0  0  0  0  0.00000000000000000E+00    0.000E+00
 1  2  0  1  2  0 -7.25923143020801320E-04   -1.506E-06
3 2 1  1 2 2
       49
 0  0  0  0  0  0 -2.89566723160712035E-37    2.308E-52
-1  0  0  0  0  0  2.38892536329782295E-36    4.418E-42
 1  0  0  0  0  0  2.38892536329782295E-36    4.418E-42
 0 -1  0  0  0  0  0.00000000000000000E+00    0.000E+00
 0  1  0  0  0  0 -5.21220081720974644E-36    1.767E-41
-1 -1  0  0  0  0  0.00000000000000000E+00    0.000E+00
 1  1  0  0  0  0  4.34350055375910718E-37   -8.837E-42
 0  0  0 -1  0  0  2.24414200759049892E-36   -4.418E-42
 0  0  0  1  0  0  2.24414200759049892E-36   -4.418E-42
-1  0  0 -1  0  0  0.00000000000000000E+00    0.000E+00
 1  0  0  1  0  0  0.00000000000000000E+00    0.000E+00
 0  1  0 -1  0  0  0.00000000000000000E+00    0.000E+00
 0 -1  0  1  0  0  0.00000000000000000E+00    0.000E+00
-1 -1  0 -1  0  0  0.00000000000000000E+00    0.000E+00
 1  1  0  1  0  0  0.00000000000000000E+00    0.000E+00
 0  0  0  0 -1  0  0.00000000000000000E+00    0.000E+00
 0  0  0  0  1  0 -4.92263410579509703E-36    1.789E-51
 1  0  0  0 -1  0  0.00000000000000000E+00    0.000E+00
-1  0  0  0  1  0  0.00000000000000000E+00    0.000E+00
 0 -1  0  0 -1  0  0.00000000000000000E+00    0.000E+00
 0  1  0  0  1  0 -5.79133434575361103E-37    1.767E-41
-1 -1  0  0 -1  0  0.00000000000000000E+00    0.000E+00
 1  1  0  0  1  0  5.06741743801029530E-36   -8.837E-42
 0  0  0 -1 -1  0  0.00000000000000000E+00    0.000E+00
 0  0  0  1  1  0 -1.44783367453387459E-37   -8.837E-42
-1  0  0 -1 -1  0  0.00000000000000000E+00    0.000E+00
 1  0  0  1  1  0  0.00000000000000000E+00    0.000E+00
 0 -1  0 -1 -1  0  0.00000000000000000E+00    0.000E+00
 0  1  0  1  1  0  4.19871730376634843E-36    8.837E-42
-1 -1  0 -1 -1  0  0.00000000000000000E+00    0.000E+00
 1  1  0  1  1  0  5.79133411083235335E-37   -1.767E-41
-1 -2  0 -1 -2  0  0.00000000000000000E+00    0.000E+00
 0 -1  0 -1 -2  0  0.00000000000000000E+00    0.000E+00
-1 -1  0 -1 -2  0  0.00000000000000000E+00    0.000E+00
-1 -2  0  0 -1  0  0.00000000000000000E+00    0.000E+00
-1 -2  0 -1 -1  0  0.00000000000000000E+00    0.000E+00
 1  2  0  0  0  0  0.00000000000000000E+00    0.000E+00
 1  2  0  0  1  0  1.44783343961261692E-37    8.837E-42
 1  1  0  0 -1  0  0.00000000000000000E+00    0.000E+00
 1  2  0  1  1  0 -4.34350068296579957E-36    1.785E-51
 0  1  0 -1 -1  0  0.00000000000000000E+00    0.000E+00
 0  0  0 -1 -2  0  0.00000000000000000E+00    0.000E+00
 0  0  0  1  2  0  0.00000000000000000E+00    0.000E+00
 0  1  0  1  2  0 -4.34350078868036485E-37    8.837E-42
 1  1  0  1  2  0 -4.05393397155115016E-36   -1.767E-41
-1 -1  0  0  1  0  0.00000000000000000E+00    0.000E+00
 0 -1  0  1  1  0  0.00000000000000000E+00    0.000E+00
-1 -2  0  0  0  0  0.00000000000000000E+00    0.000E+00
 1  2  0  1  2  0  2.89566699668586267E-37    2.840E-52
3 2 2  1 2 2
       49
 0  0  0  0  0  0  4.59748901682553956E-36    1.531E-41
-1  0  0  0  0  0  5.26621469182150010E-36    3.892E-47
 1  0  0  0  0  0  5.26621469182150010E-36    3.892E-47
 0 -1  0  0  0  0  0.00000000000000000E+00    0.000E+00
 0  1  0  0  0  0 -1.11175643488319660E-35    5.102E-42
-1 -1  0  0  0  0  0.00000000000000000E+00    0.000E+00
 1  1  0  0  0  0 -5.51698681958168850E-36    1.020E-41
 0  0  0 -1  0  0  5.26621469182150010E-36    3.893E-47
 0  0  0  1  0  0  5.26621469182150010E-36    3.893E-47
-1  0  0 -1  0  0  0.00000000000000000E+00    0.000E+00
 1  0  0  1  0  0  0.00000000000000000E+00    0.000E+00
 0  1  0 -1  0  0  0.00000000000000000E+00    0.000E+00
 0 -1  0  1  0  0  0.00000000000000000E+00    0.000E+00
-1 -1  0 -1  0  0  0.00000000000000000E+00    0.000E+00
 1  1  0  1  0  0  0.00000000000000000E+00    0.000E+00
 0  0  0  0 -1  0  0.00000000000000000E+00    0.000E+00
 0  0  0  0  1  0 -1.11175643488319660E-35    5.102E-42
 1  0  0  0 -1  0  0.00000000000000000E+00    0.000E+00
-1  0  0  0  1  0  0.00000000000000000E+00    0.000E+00
 0 -1  0  0 -1  0  0.00000000000000000E+00    0.000E+00
 0  1  0  0  1  0  5.26621469195990053E-36   -5.102E-42
-1 -1  0  0 -1  0  0.00000000000000000E+00    0.000E+00
 1  1  0  0  1  0  1.08667922212101793E-35   -7.785E-47
 0  0  0 -1 -1  0  0.00000000000000000E+00    0.000E+00
 0  0  0  1  1  0 -5.51698681958168850E-36    1.020E-41
-1  0  0 -1 -1  0  0.00000000000000000E+00    0.000E+00
 1  0  0  1  1  0  0.00000000000000000E+00    0.000E+00
 0 -1  0 -1 -1  0  0.00000000000000000E+00    0.000E+00
 0  1  0  1  1  0  1.08667922212101793E-35   -7.785E-47
-1 -1  0 -1 -1  0  0.00000000000000000E+00    0.000E+00
 1  1  0  1  1  0  5.76775894831067193E-36    5.102E-42
-1 -2  0 -1 -2  0  0.00000000000000000E+00    0.000E+00
 0 -1  0 -1 -2  0  0.00000000000000000E+00    0.000E+00
-1 -1  0 -1 -2  0  0.00000000000000000E+00    0.000E+00
-1 -2  0  0 -1  0  0.00000000000000000E+00    0.000E+00
-1 -2  0 -1 -1  0  0.00000000000000000E+00    0.000E+00
 1  2  0  0  0  0  0.00000000000000000E+00    0.000E+00
 1  2  0  0  1  0 -5.18262398201450668E-36   -1.020E-41
 1  1  0  0 -1  0  0.00000000000000000E+00    0.000E+00
 1  2  0  1  1  0 -1.02816572549140154E-35   -5.102E-42
 0  1  0 -1 -1  0  0.00000000000000000E+00    0.000E+00
 0  0  0 -1 -2  0  0.00000000000000000E+00    0.000E+00
 0  0  0  1  2  0  0.00000000000000000E+00    0.000E+00
 0  1  0  1  2  0 -5.18262398201450668E-36   -1.020E-41
 1  1  0  1  2  0 -1.02816572549140154E-35   -5.102E-42
-1 -1  0  0  1  0  0.00000000000000000E+00    0.000E+00
 0 -1  0  1  1  0  0.00000000000000000E+00    0.000E+00
-1 -2  0  0  0  0  0.00000000000000000E+00    0.000E+00
 1  2  0  1  2  0  5.76775894831067460E-36   -1.531E-41
3 2 3  1 2 2
       49
 0  0  0  0  0  0  1.11692269805843153E-01    1.651E-07
-1  0  0  0  0  0 -1.96671627389854303E-04   -1.665E-07
 1  0  0  0  0  0 -1.96671627389854303E-04   -1.665E-07
 0 -1  0  0  0  0  0.00000000000000000E+00    0.000E+00
 0  1  0  0  0  0  2.56053419772843578E-03   -4.547E-07
-1 -1  0  0  0  0  0.00000000000000000E+00    0.000E+00
 1  1  0  0  0  0  2.55766183573524937E-03    6.225E-07
 0  0  0 -1  0  0  3.06396722012194315E-03   -1.747E-07
 0  0  0  1  0  0  3.06396722012194315E-03   -1.747E-07
-1  0  0 -1  0  0  0.00000000000000000E+00    0.000E+00
 1  0  0  1  0  0  0.00000000000000000E+00    0.000E+00
 0  1  0 -1  0  0  0.00000000000000000E+00    0.000E+00
 0 -1  0  1  0  0  0.00000000000000000E+00    0.000E+00
-1 -1  0 -1  0  0  0.00000000000000000E+00    0.000E+00
 1  1  0  1  0  0  0.00000000000000000E+00    0.000E+00
 0  0  0  0 -1  0  0.00000000000000000E+00    0.000E+00
 0  0  0  0  1  0  1.71328302952364515E-03   -2.946E-07
 1  0  0  0 -1  0  0.00000000000000000E+00    0.000E+00
-1  0  0  0  1  0  0.00000000000000000E+00    0.000E+00
 0 -1  0  0 -1  0  0.00000000000000000E+00    0.000E+00
 0  1  0  0  1  0 -5.58482312573317166E-02    5.841E-07
-1 -1  0  0 -1  0  0.00000000000000000E+00    0.000E+00
 1  1  0  0  1  0 -4.27273495180878655E-03    2.557E-07
 0  0  0 -1 -1  0  0.00000000000000000E+00    0.000E+00
 0  0  0  1  1  0  1.29249812372930935E-03    4.789E-07
-1  0  0 -1 -1  0  0.00000000000000000E+00    0.000E+00
 1  0  0  1  1  0  0.00000000000000000E+00    0.000E+00
 0 -1  0 -1 -1  0  0.00000000000000000E+00    0.000E+00
 0  1  0  1  1  0 -4.69017151912717346E-03    4.267E-07
-1 -1  0 -1 -1  0  0.00000000000000000E+00    0.000E+00
 1  1  0  1  1  0 -5.54245739895442083E-02   -1.266E-06
-1 -2  0 -1 -2  0  0.00000000000000000E+00    0.000E+00
 0 -1  0 -1 -2  0  0.00000000000000000E+00    0.000E+00
-1 -1  0 -1 -2  0  0.00000000000000000E+00    0.000E+00
-1 -2  0  0 -1  0  0.00000000000000000E+00    0.000E+00
-1 -2  0 -1 -1  0  0.00000000000000000E+00    0.000E+00
 1  2  0  0  0  0  0.00000000000000000E+00    0.000E+00
 1  2  0  0  1  0  1.99121846554630236E-04   -5.452E-07
 1  1  0  0 -1  0  0.00000000000000000E+00    0.000E+00
 1  2  0  1  1  0  6.13686051879820324E-04    3.609E-07
 0  1  0 -1 -1  0  0.00000000000000000E+00    0.000E+00
 0  0  0 -1 -2  0  0.00000000000000000E+00    0.000E+00
 0  0  0  1  2  0  0.00000000000000000E+00    0.000E+00
 0  1  0  1  2  0 -2.43512416328329172E-03   -5.562E-07
 1  1  0  1  2  0 -3.27334563639600229E-03    3.883E-07
-1 -1  0  0  1  0  0.00000000000000000E+00    0.000E+00
 0 -1  0  1  1  0  0.00000000000000000E+00    0.000E+00
-1 -2  0  0  0  0  0.00000000000000000E+00    0.000E+00
 1  2  0  1  2  0 -4.19464558967243620E-04    5.173E-07
3 3 1  1 2 2
       49
 0  0  0  0  0  0 -3.19631128849738079E-06    1.390E-06
-1  0  0  0  0  0  3.63103897028973816E-04   -2.128E-08
 1  0  0  0  0  0  3.63103897028973816E-04   -2.128E-08
 0 -1  0  0  0  0  0.00000000000000000E+00    0.000E+00
 0  1  0  0  0  0  3.94624331257969682E-03   -4.903E-07
-1 -1  0  0  0  0  0.00000000000000000E+00    0.000E+00
 1  1  0  0  0  0 -4.66925479534914534E-03   -8.575E-07
 0  0  0 -1  0  0  1.45583012567754039E-06    7.917E-08
 0  0  0  1  0  0  1.45583012567754039E-06    7.917E-08
-1  0  0 -1  0  0  0.00000000000000000E+00    0.000E+00
 1  0  0  1  0  0  0.00000000000000000E+00    0.000E+00
 0  1  0 -1  0  0  0.00000000000000000E+00    0.000E+00
 0 -1  0  1  0  0  0.00000000000000000E+00    0.000E+00
-1 -1  0 -1  0  0  0.00000000000000000E+00    0.000E+00
 1  1  0  1  0  0  0.00000000000000000E+00    0.000E+00
 0  0  0  0 -1  0  0.00000000000000000E+00    0.000E+00
 0  0  0  0  1  0  3.45708249873803719E-03   -6.529E-07
 1  0  0  0 -1  0  0.00000000000000000E+00    0.000E+00
-1  0  0  0  1  0  0.00000000000000000E+00    0.000E+00
 0 -1  0  0 -1  0  0.00000000000000000E+00    0.000E+00
 0  1  0  0  1  0  9.67270511456986559E-02   -2.471E-07
-1 -1  0  0 -1  0  0.00000000000000000E+00    0.000E+00
 1  1  0  0  1  0 -1.21550582256409385E-03   -5.313E-08
 0  0  0 -1 -1  0  0.00000000000000000E+00    0.000E+00
 0  0  0  1  1  0 -3.45679784770088969E-03   -8.958E-07
-1  0  0 -1 -1  0  0.00000000000000000E+00    0.000E+00
 1  0  0  1  1  0  0.00000000000000000E+00    0.000E+00
 0 -1  0 -1 -1  0  0.00000000000000000E+00    0.000E+00
 0  1  0  1  1  0  4.86386368254787668E-04   -6.264E-08
-1 -1  0 -1 -1  0  0.00000000000000000E+00    0.000E+00
 1  1  0  1  1  0 -9.59979316913893432E-02    3.629E-07
-1 -2  0 -1 -2  0  0.00000000000000000E+00    0.000E+00
 0 -1  0 -1 -2  0  0.00000000000000000E+00    0.000E+00
-1 -1  0 -1 -2  0  0.00000000000000000E+00    0.000E+00
-1 -2  0  0 -1  0  0.00000000000000000E+00    0.000E+00
-1 -2  0 -1 -1  0  0.00000000000000000E+00    0.000E+00
 1  2  0  0  0  0  0.00000000000000000E+00    0.000E+00
 1  2  0  0  1  0  5.66974489790934150E-03    9.532E-07
 1  1  0  0 -1  0  0.00000000000000000E+00    0.000E+00
 1  2  0  1  1  0 -5.67002954894648900E-03    5.955E-07
 0  1  0 -1 -1  0  0.00000000000000000E+00    0.000E+00
 0  0  0 -1 -2  0  0.00000000000000000E+00    0.000E+00
 0  0  0  1  2  0  0.00000000000000000E+00    0.000E+00
 0  1  0  1  2  0 -3.39495303503700241E-04    8.001E-07
 1  1  0  1  2  0  1.06250678627314876E-03    5.477E-07
-1 -1  0  0  1  0  0.00000000000000000E+00    0.000E+00
 0 -1  0  1  1  0  0.00000000000000000E+00    0.000E+00
-1 -2  0  0  0  0  0.00000000000000000E+00    0.000E+00
 1  2  0  1  2  0 -7.25923143020801862E-04   -1.506E-06
3 3 2  1 2 2
       49
 0  0  0  0  0  0  1.11692269805843167E-01    1.651E-07
-1  0  0  0  0  0  3.06396722012194141E-03   -1.747E-07
 1  0  0  0  0  0  3.06396722012194141E-03   -1.747E-07
 0 -1  0  0  0  0  0.00000000000000000E+00    0.000E+00
 0  1  0  0  0  0  1.71328302952364862E-03   -2.946E-07
-1 -1  0  0  0  0  0.00000000000000000E+00    0.000E+00
 1  1  0  0  0  0  1.29249812372931282E-03    4.789E-07
 0  0  0 -1  0  0 -1.96671627389849966E-04   -1.665E-07
 0  0  0  1  0  0 -1.96671627389849966E-04   -1.665E-07
-1  0  0 -1  0  0  0.00000000000000000E+00    0.000E+00
 1  0  0  1  0  0  0.00000000000000000E+00    0.000E+00
 0  1  0 -1  0  0  0.00000000000000000E+00    0.000E+00
 0 -1  0  1  0  0  0.00000000000000000E+00    0.000E+00
-1 -1  0 -1  0  0  0.00000000000000000E+00    0.000E+00
 1  1  0  1  0  0  0.00000000000000000E+00    0.000E+00
 0  0  0  0 -1  0  0.00000000000000000E+00    0.000E+00
 0  0  0  0  1  0  2.56053419772842884E-03   -4.547E-07
 1  0  0  0 -1  0  0.00000000000000000E+00    0.000E+00
-1  0  0  0  1  0  0.00000000000000000E+00    0.000E+00
 0 -1  0  0 -1  0  0.00000000000000000E+00    0.000E+00
 0  1  0  0  1  0 -5.58482312573317166E-02    5.841E-07
-1 -1  0  0 -1  0  0.00000000000000000E+00    0.000E+00
 1  1  0  0  1  0 -4.69017151912717693E-03    4.267E-07
 0  0  0 -1 -1  0  0.00000000000000000E+00    0.000E+00
 0  0  0  1  1  0  2.55766183573524590E-03    6.225E-07
-1  0  0 -1 -1  0  0.00000000000000000E+00    0.000E+00
 1  0  0  1  1  0  0.00000000000000000E+00    0.000E+00
 0 -1  0 -1 -1  0  0.00000000000000000E+00    0.000E+00
 0  1  0  1  1  0 -4.27273495180879696E-03    2.557E-07
-1 -1  0 -1 -1  0  0.00000000000000000E+00    0.000E+00
 1  1  0  1  1  0 -5.54245739895442083E-02   -1.266E-06
-1 -2  0 -1 -2  0  0.00000000000000000E+00    0.000E+00
 0 -1  0 -1 -2  0  0.00000000000000000E+00    0.000E+00
-1 -1  0 -1 -2  0  0.00000000000000000E+00    0.000E+00
-1 -2  0  0 -1  0  0.00000000000000000E+00    0.000E+00
-1 -2  0 -1 -1  0  0.00000000000000000E+00    0.000E+00
 1  2  0  0  0  0  0.00000000000000000E+00    0.000E+00
 1  2  0  0  1  0 -2.43512416328329172E-03   -5.562E-07
 1  1  0  0 -1  0  0.00000000000000000E+00    0.000E+00
 1  2  0  1  1  0 -3.27334563639600749E-03    3.883E-07
 0  1  0 -1 -1  0  0.00000000000000000E+00    0.000E+00
 0  0  0 -1 -2  0  0.00000000000000000E+00    0.000E+00
 0  0  0  1  2  0  0.00000000000000000E+00    0.000E+00
 0  1  0  1  2  0  1.99121846554626766E-04   -5.452E-07
 1  1  0  1  2  0  6.13686051879827263E-04    3.609E-07
-1 -1  0  0  1  0  0.00000000000000000E+00    0.000E+00
 0 -1  0  1  1  0  0.00000000000000000E+00    0.000E+00
-1 -2  0  0  0  0  0.00000000000000000E+00    0.000E+00
 1  2  0  1  2  0 -4.19464558967240150E-04    5.173E-07
3 3 3  1 2 2
       49
 0  0  0  0  0  0  0.00000000000000000E+00   -7.375E-61
-1  0  0  0  0  0 -2.25807281217117686E-77    0.000E+00
 1  0  0  0  0  0 -2.25807281217117686E-77    0.000E+00
 0 -1  0  0  0  0  0.00000000000000000E+00    0.000E+00
 0  1  0  0  0  0 -2.44073573590541381E-76    0.000E+00
-1 -1  0  0  0  0  0.00000000000000000E+00    0.000E+00
 1  1  0  0  0  0 -5.81624945843330947E-76    7.375E-61
 0  0  0 -1  0  0 -2.25807281217117686E-77    0.000E+00
 0  0  0  1  0  0 -2.25807281217117686E-77    0.000E+00
-1  0  0 -1  0  0  0.00000000000000000E+00    0.000E+00
 1  0  0  1  0  0  0.00000000000000000E+00    0.000E+00
 0  1  0 -1  0  0  0.00000000000000000E+00    0.000E+00
 0 -1  0  1  0  0  0.00000000000000000E+00    0.000E+00
-1 -1  0 -1  0  0  0.00000000000000000E+00    0.000E+00
 1  1  0  1  0  0  0.00000000000000000E+00    0.000E+00
 0  0  0  0 -1  0  0.00000000000000000E+00    0.000E+00
 0  0  0  0  1  0 -2.44073573590541381E-76    0.000E+00
 1  0  0  0 -1  0  0.00000000000000000E+00    0.000E+00
-1  0  0  0  1  0  0.00000000000000000E+00    0.000E+00
 0 -1  0  0 -1  0  0.00000000000000000E+00    0.000E+00
 0  1  0  0  1  0 -7.45392290295492258E-76    7.375E-61
-1 -1  0  0 -1  0  0.00000000000000000E+00    0.000E+00
 1  1  0  0  1  0  3.72696145147746129E-76    0.000E+00
 0  0  0 -1 -1  0  0.00000000000000000E+00    0.000E+00
 0  0  0  1  1  0 -5.81624945843330947E-76    7.375E-61
-1  0  0 -1 -1  0  0.00000000000000000E+00    0.000E+00
 1  0  0  1  1  0  0.00000000000000000E+00    0.000E+00
 0 -1  0 -1 -1  0  0.00000000000000000E+00    0.000E+00
 0  1  0  1  1  0  3.72696145147746129E-76    0.000E+00
-1 -1  0 -1 -1  0  0.00000000000000000E+00    0.000E+00
 1  1  0  1  1  0  1.49078458059098452E-75   -7.375E-61
-1 -2  0 -1 -2  0  0.00000000000000000E+00    0.000E+00
 0 -1  0 -1 -2  0  0.00000000000000000E+00    0.000E+00
-1 -1  0 -1 -2  0  0.00000000000000000E+00    0.000E+00
-1 -2  0  0 -1  0  0.00000000000000000E+00    0.000E+00
-1 -2  0 -1 -1  0  0.00000000000000000E+00    0.000E+00
 1  2  0  0  0  0  0.00000000000000000E+00    0.000E+00
 1  2  0  0  1  0  5.46480172948374384E-76   -7.375E-61
 1  1  0  0 -1  0  0.00000000000000000E+00    0.000E+00
 1  2  0  1  1  0  2.08928800695584818E-76    0.000E+00
 0  1  0 -1 -1  0  0.00000000000000000E+00    0.000E+00
 0  0  0 -1 -2  0  0.00000000000000000E+00    0.000E+00
 0  0  0  1  2  0  0.00000000000000000E+00    0.000E+00
 0  1  0  1  2  0  5.46480172948374384E-76   -7.375E-61
 1  1  0  1  2  0  2.08928800695584818E-76    0.000E+00
-1 -1  0  0  1  0  0.00000000000000000E+00    0.000E+00
 0 -1  0  1  1  0  0.00000000000000000E+00    0.000E+00
-1 -2  0  0  0  0  0.00000000000000000E+00    0.000E+00
 1  2  0  1  2  0 -9.03229124868470745E-77    7.375E-61
1 1 1  2 1 1
       49
 0  0  0  0  0  0 -4.56142749171650156E-04   -1.922E-05
-1  0  0  0  0  0  2.73190702216022071E-04   -4.340E-08
 1  0  0  0  0  0  2.73190702216022071E-04   -4.340E-08
 0 -1  0  0  0  0  7.15558339661385295E-02    7.722E-06
 0  1  0  0  0  0  0.00000000000000000E+00    0.000E+00
-1 -1  0  0  0  0 -7.16460726213989790E-02    1.159E-05
 1  1  0  0  0  0  0.00000000000000000E+00    0.000E+00
 0  0  0 -1  0  0  2.73190702216049826E-04   -4.340E-08
 0  0  0  1  0  0  2.73190702216049826E-04   -4.340E-08
-1  0  0 -1  0  0  0.00000000000000000E+00    0.000E+00
 1  0  0  1  0  0  0.00000000000000000E+00    0.000E+00
 0  1  0 -1  0  0  0.00000000000000000E+00    0.000E+00
 0 -1  0  1  0  0  0.00000000000000000E+00    0.000E+00
-1 -1  0 -1  0  0  0.00000000000000000E+00    0.000E+00
 1  1  0  1  0  0  0.00000000000000000E+00    0.000E+00
 0  0  0  0 -1  0  7.15558339661385850E-02    7.722E-06
 0  0  0  0  1  0  0.00000000000000000E+00    0.000E+00
 1  0  0  0 -1  0  0.00000000000000000E+00    0.000E+00
-1  0  0  0  1  0  0.00000000000000000E+00    0.000E+00
 0 -1  0  0 -1  0  1.23655954288040015E+00    3.779E-06
 0  1  0  0  1  0  0.00000000000000000E+00    0.000E+00
-1 -1  0  0 -1  0 -5.46381404432071897E-04    8.679E-08
 1  1  0  0  1  0  0.00000000000000000E+00    0.000E+00
 0  0  0 -1 -1  0 -7.16460726213990345E-02    1.159E-05
 0  0  0  1  1  0  0.00000000000000000E+00    0.000E+00
-1  0  0 -1 -1  0  0.00000000000000000E+00    0.000E+00
 1  0  0  1  1  0  0.00000000000000000E+00    0.000E+00
 0 -1  0 -1 -1  0 -5.46381404432071897E-04    8.679E-08
 0  1  0  1  1  0  0.00000000000000000E+00    0.000E+00
-1 -1  0 -1 -1  0 -1.23546678007153621E+00   -3.952E-06
 1  1  0  1  1  0  0.00000000000000000E+00    0.000E+00
-1 -2  0 -1 -2  0 -6.36620059692493637E-04    1.940E-05
 0 -1  0 -1 -2  0 -4.94238033226989011E-03   -1.159E-05
-1 -1  0 -1 -2  0  5.03261898753033961E-03   -7.722E-06
-1 -2  0  0 -1  0 -4.94238033226988664E-03   -1.159E-05
-1 -2  0 -1 -1  0  5.03261898753033614E-03   -7.722E-06
 1  2  0  0  0  0  0.00000000000000000E+00    0.000E+00
 1  2  0  0  1  0  0.00000000000000000E+00    0.000E+00
 1  1  0  0 -1  0  0.00000000000000000E+00    0.000E+00
 1  2  0  1  1  0  0.00000000000000000E+00    0.000E+00
 0  1  0 -1 -1  0  0.00000000000000000E+00    0.000E+00
 0  0  0 -1 -2  0  0.00000000000000000E+00    0.000E+00
 0  0  0  1  2  0  0.00000000000000000E+00    0.000E+00
 0  1  0  1  2  0  0.00000000000000000E+00    0.000E+00
 1  1  0  1  2  0  0.00000000000000000E+00    0.000E+00
-1 -1  0  0  1  0  0.00000000000000000E+00    0.000E+00
 0 -1  0  1  1  0  0.00000000000000000E+00    0.000E+00
-1 -2  0  0  0  0  0.00000000000000000E+00    0.000E+00
 1  2  0  1  2  0  0.00000000000000000E+00    0.000E+00
1 1 2  2 1 1
       49
 0  0  0  0  0  0 -1.05824220372938860E+00   -2.790E-06
-1  0  0  0  0  0 -5.01367578328980934E-01    1.222E-06
 1  0  0  0  0  0 -5.01367578328980934E-01    1.222E-06
 0 -1  0  0  0  0 -9.20174030251159181E-01   -3.516E-07
 0  1  0  0  0  0  0.00000000000000000E+00    0.000E+00
-1 -1  0  0  0  0 -9.19549822015477192E-01    6.970E-07
 1  1  0  0  0  0  0.00000000000000000E+00    0.000E+00
 0  0  0 -1  0  0 -5.06150247091830985E-01    1.280E-06
 0  0  0  1  0  0 -5.06150247091830985E-01    1.280E-06
-1  0  0 -1  0  0  0.00000000000000000E+00    0.000E+00
 1  0  0  1  0  0  0.00000000000000000E+00    0.000E+00
 0  1  0 -1  0  0  0.00000000000000000E+00    0.000E+00
 0 -1  0  1  0  0  0.00000000000000000E+00    0.000E+00
-1 -1  0 -1  0  0  0.00000000000000000E+00    0.000E+00
 1  1  0  1  0  0  0.00000000000000000E+00    0.000E+00
 0  0  0  0 -1  0 -9.59301727814964922E-01   -6.779E-07
 0  0  0  0  1  0  0.00000000000000000E+00    0.000E+00
 1  0  0  0 -1  0  0.00000000000000000E+00    0.000E+00
-1  0  0  0  1  0  0.00000000000000000E+00    0.000E+00
 0 -1  0  0 -1  0 -1.78829676324658071E+00    3.820E-06
 0  1  0  0  1  0  0.00000000000000000E+00    0.000E+00
-1 -1  0  0 -1  0 -1.02118201244599383E+00   -2.334E-06
 1  1  0  0  1  0  0.00000000000000000E+00    0.000E+00
 0  0  0 -1 -1  0 -9.61078614128297648E-01    9.084E-07
 0  0  0  1  1  0  0.00000000000000000E+00    0.000E+00
-1  0  0 -1 -1  0  0.00000000000000000E+00    0.000E+00
 1  0  0  1  1  0  0.00000000000000000E+00    0.000E+00
 0 -1  0 -1 -1  0 -1.02005343859564479E+00   -2.670E-06
 0  1  0  1  1  0  0.00000000000000000E+00    0.000E+00
-1 -1  0 -1 -1  0 -1.78714408516892953E+00    1.185E-06
 1  1  0  1  1  0  0.00000000000000000E+00    0.000E+00
-1 -2  0 -1 -2  0 -9.73627329932303942E-01   -2.214E-06
 0 -1  0 -1 -2  0 -9.76243430088185038E-01   -7.981E-07
-1 -1  0 -1 -2  0 -9.76891742551169173E-01    4.527E-07
-1 -2  0  0 -1  0 -9.81098072306811897E-01   -8.073E-07
-1 -2  0 -1 -1  0 -9.81602437921479387E-01    5.768E-07
 1  2  0  0  0  0  0.00000000000000000E+00    0.000E+00
 1  2  0  0  1  0  0.00000000000000000E+00    0.000E+00
 1  1  0  0 -1  0  0.00000000000000000E+00    0.000E+00
 1  2  0  1  1  0  0.00000000000000000E+00    0.000E+00
 0  1  0 -1 -1  0  0.00000000000000000E+00    0.000E+00
 0  0  0 -1 -2  0  0.00000000000000000E+00    0.000E+00
 0  0  0  1  2  0  0.00000000000000000E+00    0.000E+00
 0  1  0  1  2  0  0.00000000000000000E+00    0.000E+00
 1  1  0  1  2  0  0.00000000000000000E+00    0.000E+00
-1 -1  0  0  1  0  0.00000000000000000E+00    0.000E+00
 0 -1  0  1  1  0  0.00000000000000000E+00    0.000E+00
-1 -2  0  0  0  0  0.00000000000000000E+00    0.000E+00
 1  2  0  1  2  0  0.00000000000000000E+00    0.000E+00
1 1 3  2 1 1
       49
 0  0  0  0  0  0  1.66079817994052291E-45   -4.795E-53
-1  0  0  0  0  0  8.30399089970261455E-46   -2.397E-53
 1  0  0  0  0  0  8.30399089970261455E-46   -2.397E-53
 0 -1  0  0  0  0  1.66079817994052291E-45   -4.795E-53
 0  1  0  0  0  0  0.00000000000000000E+00    0.000E+00
-1 -1  0  0  0  0  1.66079817994052291E-45   -4.795E-53
 1  1  0  0  0  0  0.00000000000000000E+00    0.000E+00
 0  0  0 -1  0  0  8.30399089970261455E-46   -2.397E-53
 0  0  0  1  0  0  8.30399089970261455E-46   -2.397E-53
-1  0  0 -1  0  0  0.00000000000000000E+00    0.000E+00
 1  0  0  1  0  0  0.00000000000000000E+00    0.000E+00
 0  1  0 -1  0  0  0.00000000000000000E+00    0.000E+00
 0 -1  0  1  0  0  0.00000000000000000E+00    0.000E+00
-1 -1  0 -1  0  0  0.00000000000000000E+00    0.000E+00
 1  1  0  1  0  0  0.00000000000000000E+00    0.000E+00
 0  0  0  0 -1  0  1.66079817994052291E-45   -4.795E-53
 0  0  0  0  1  0  0.00000000000000000E+00    0.000E+00
 1  0  0  0 -1  0  0.00000000000000000E+00    0.000E+00
-1  0  0  0  1  0  0.00000000000000000E+00    0.000E+00
 0 -1  0  0 -1  0  1.66079817994052291E-45   -4.795E-53
 0  1  0  0  1  0  0.00000000000000000E+00    0.000E+00
-1 -1  0  0 -1  0  1.66079817994052291E-45   -4.795E-53
 1  1  0  0  1  0  0.00000000000000000E+00    0.000E+00
 0  0  0 -1 -1  0  1.66079817994052291E-45   -4.795E-53
 0  0  0  1  1  0  0.00000000000000000E+00    0.000E+00
-1  0  0 -1 -1  0  0.00000000000000000E+00    0.000E+00
 1  0  0  1  1  0  0.00000000000000000E+00    0.000E+00
 0 -1  0 -1 -1  0  1.66079817994052291E-45   -4.795E-53
 0  1  0  1  1  0  0.00000000000000000E+00    0.000E+00
-1 -1  0 -1 -1  0  1.66079817994052291E-45   -4.795E-53
 1  1  0  1  1  0  0.00000000000000000E+00    0.000E+00
-1 -2  0 -1 -2  0  1.66079817994052291E-45   -4.795E-53
 0 -1  0 -1 -2  0  1.66079817994052291E-45   -4.795E-53
-1 -1  0 -1 -2  0  1.66079817994052291E-45   -4.795E-53
-1 -2  0  0 -1  0  1.66079817994052291E-45   -4.795E-53
-1 -2  0 -1 -1  0  1.66079817994052291E-45   -4.795E-53
 1  2  0  0  0  0  0.00000000000000000E+00    0.000E+00
 1  2  0  0  1  0  0.00000000000000000E+00    0.000E+00
 1  1  0  0 -1  0  0.00000000000000000E+00    0.000E+00
 1  2  0  1  1  0  0.00000000000000000E+00    0.000E+00
 0  1  0 -1 -1  0  0.00000000000000000E+00    0.000E+00
 0  0  0 -1 -2  0  0.00000000000000000E+00    0.000E+00
 0  0  0  1  2  0  0.00000000000000000E+00    0.000E+00
 0  1  0  1  2  0  0.00000000000000000E+00    0.000E+00
 1  1  0  1  2  0  0.00000000000000000E+00    0.000E+00
-1 -1  0  0  1  0  0.00000000000000000E+00    0.000E+00
 0 -1  0  1  1  0  0.00000000000000000E+00    0.000E+00
-1 -2  0  0  0  0  0.00000000000000000E+00    0.000E+00
 1  2  0  1  2  0  0.00000000000000000E+00    0.000E+00
1 2 1  2 1 1
       49
 0  0  0  0  0  0 -1.05824220372938860E+00   -2.790E-06
-1  0  0  0  0  0 -5.06150247091830985E-01    1.280E-06
 1  0  0  0  0  0 -5.06150247091830985E-01    1.280E-06
 0 -1  0  0  0  0 -9.59301727814965144E-01   -6.779E-07
 0  1  0  0  0  0  0.00000000000000000E+00    0.000E+00
-1 -1  0  0  0  0 -9.61078614128297870E-01    9.084E-07
 1  1  0  0  0  0  0.00000000000000000E+00    0.000E+00
 0  0  0 -1  0  0 -5.01367578328980934E-01    1.222E-06
 0  0  0  1  0  0 -5.01367578328980934E-01    1.222E-06
-1  0  0 -1  0  0  0.00000000000000000E+00    0.000E+00
 1  0  0  1  0  0  0.00000000000000000E+00    0.000E+00
 0  1  0 -1  0  0  0.00000000000000000E+00    0.000E+00
 0 -1  0  1  0  0  0.00000000000000000E+00    0.000E+00
-1 -1  0 -1  0  0  0.00000000000000000E+00    0.000E+00
 1  1  0  1  0  0  0.00000000000000000E+00    0.000E+00
 0  0  0  0 -1  0 -9.20174030251159181E-01   -3.516E-07
 0  0  0  0  1  0  0.00000000000000000E+00    0.000E+00
 1  0  0  0 -1  0  0.00000000000000000E+00    0.000E+00
-1  0  0  0  1  0  0.00000000000000000E+00    0.000E+00
 0 -1  0  0 -1  0 -1.78829676324658071E+00    3.820E-06
 0  1  0  0  1  0  0.00000000000000000E+00    0.000E+00
-1 -1  0  0 -1  0 -1.02005343859564479E+00   -2.670E-06
 1  1  0  0  1  0  0.00000000000000000E+00    0.000E+00
 0  0  0 -1 -1  0 -9.19549822015477414E-01    6.970E-07
 0  0  0  1  1  0  0.00000000000000000E+00    0.000E+00
-1  0  0 -1 -1  0  0.00000000000000000E+00    0.000E+00
 1  0  0  1  1  0  0.00000000000000000E+00    0.000E+00
 0 -1  0 -1 -1  0 -1.02118201244599383E+00   -2.334E-06
 0  1  0  1  1  0  0.00000000000000000E+00    0.000E+00
-1 -1  0 -1 -1  0 -1.78714408516892953E+00    1.185E-06
 1  1  0  1  1  0  0.00000000000000000E+00    0.000E+00
-1 -2  0 -1 -2  0 -9.73627329932303942E-01   -2.214E-06
 0 -1  0 -1 -2  0 -9.81098072306812119E-01   -8.073E-07
-1 -1  0 -1 -2  0 -9.81602437921479165E-01    5.768E-07
-1 -2  0  0 -1  0 -9.76243430088184816E-01   -7.981E-07
-1 -2  0 -1 -1  0 -9.76891742551169173E-01    4.527E-07
 1  2  0  0  0  0  0.00000000000000000E+00    0.000E+00
 1  2  0  0  1  0  0.00000000000000000E+00    0.000E+00
 1  1  0  0 -1  0  0.00000000000000000E+00    0.000E+00
 1  2  0  1  1  0  0.00000000000000000E+00    0.000E+00
 0  1  0 -1 -1  0  0.00000000000000000E+00    0.000E+00
 0  0  0 -1 -2  0  0.00000000000000000E+00    0.000E+00
 0  0  0  1  2  0  0.00000000000000000E+00    0.000E+00
 0  1  0  1  2  0  0.00000000000000000E+00    0.000E+00
 1  1  0  1  2  0  0.00000000000000000E+00    0.000E+00
-1 -1  0  0  1  0  0.00000000000000000E+00    0.000E+00
 0 -1  0  1  1  0  0.00000000000000000E+00    0.000E+00
-1 -2  0  0  0  0  0.00000000000000000E+00    0.000E+00
 1  2  0  1  2  0  0.00000000000000000E+00    0.000E+00
1 2 2  2 1 1
       49
 0  0  0  0  0  0 -5.49111304066429717E-04   -6.258E-06
-1  0  0  0  0  0  2.74648186577686193E-04   -4.371E-08
 1  0  0  0  0  0  2.74648186577686193E-04   -4.371E-08
 0 -1  0  0  0  0 -2.10850361251111312E-02    2.538E-06
 0  1  0  0  0  0  0.00000000000000000E+00    0.000E+00
-1 -1  0  0  0  0  2.10848510560219249E-02    3.807E-06
 1  1  0  0  0  0  0.00000000000000000E+00    0.000E+00
 0  0  0 -1  0  0  2.74648186577679254E-04   -4.371E-08
 0  0  0  1  0  0  2.74648186577679254E-04   -4.371E-08
-1  0  0 -1  0  0  0.00000000000000000E+00    0.000E+00
 1  0  0  1  0  0  0.00000000000000000E+00    0.000E+00
 0  1  0 -1  0  0  0.00000000000000000E+00    0.000E+00
 0 -1  0  1  0  0  0.00000000000000000E+00    0.000E+00
-1 -1  0 -1  0  0  0.00000000000000000E+00    0.000E+00
 1  1  0  1  0  0  0.00000000000000000E+00    0.000E+00
 0  0  0  0 -1  0 -2.10850361251111382E-02    2.538E-06
 0  0  0  0  1  0  0.00000000000000000E+00    0.000E+00
 1  0  0  0 -1  0  0.00000000000000000E+00    0.000E+00
-1  0  0  0  1  0  0.00000000000000000E+00    0.000E+00
 0 -1  0  0 -1  0  3.93486853397366498E-01    1.182E-06
 0  1  0  0  1  0  0.00000000000000000E+00    0.000E+00
-1 -1  0  0 -1  0 -5.49296373155573614E-04    8.741E-08
 1  1  0  0  1  0  0.00000000000000000E+00    0.000E+00
 0  0  0 -1 -1  0  2.10848510560219249E-02    3.807E-06
 0  0  0  1  1  0  0.00000000000000000E+00    0.000E+00
-1  0  0 -1 -1  0  0.00000000000000000E+00    0.000E+00
 1  0  0  1  1  0  0.00000000000000000E+00    0.000E+00
 0 -1  0 -1 -1  0 -5.49296373155573614E-04    8.741E-08
 0  1  0  1  1  0  0.00000000000000000E+00    0.000E+00
-1 -1  0 -1 -1  0 -3.92388260651055865E-01   -1.356E-06
 1  1  0  1  1  0  0.00000000000000000E+00    0.000E+00
-1 -2  0 -1 -2  0 -5.49481442244592611E-04    6.433E-06
 0 -1  0 -1 -2  0  2.83629314116603942E-02   -3.807E-06
-1 -1  0 -1 -2  0 -2.83627463425713822E-02   -2.538E-06
-1 -2  0  0 -1  0  2.83629314116604220E-02   -3.807E-06
-1 -2  0 -1 -1  0 -2.83627463425713960E-02   -2.538E-06
 1  2  0  0  0  0  0.00000000000000000E+00    0.000E+00
 1  2  0  0  1  0  0.00000000000000000E+00    0.000E+00
 1  1  0  0 -1  0  0.00000000000000000E+00    0.000E+00
 1  2  0  1  1  0  0.00000000000000000E+00    0.000E+00
 0  1  0 -1 -1  0  0.00000000000000000E+00    0.000E+00
 0  0  0 -1 -2  0  0.00000000000000000E+00    0.000E+00
 0  0  0  1  2  0  0.00000000000000000E+00    0.000E+00
 0  1  0  1  2  0  0.00000000000000000E+00    0.000E+00
 1  1  0  1  2  0  0.00000000000000000E+00    0.000E+00
-1 -1  0  0  1  0  0.00000000000000000E+00    0.000E+00
 0 -1  0  1  1  0  0.00000000000000000E+00    0.000E+00
-1 -2  0  0  0  0  0.00000000000000000E+00    0.000E+00
 1  2  0  1  2  0  0.00000000000000000E+00    0.000E+00
1 2 3  2 1 1
       49
 0  0  0  0  0  0  5.79133423308729314E-37   -1.697E-53
-1  0  0  0  0  0  2.89566711654364657E-37   -8.484E-54
 1  0  0  0  0  0  2.89566711654364657E-37   -8.484E-54
 0 -1  0  0  0  0 -5.79133422349866956E-37   -6.023E-52
 0  1  0  0  0  0  0.00000000000000000E+00    0.000E+00
-1 -1  0  0  0  0 -5.79133422349866956E-37   -6.023E-52
 1  1  0  0  0  0  0.00000000000000000E+00    0.000E+00
 0  0  0 -1  0  0  2.89566711654364657E-37   -8.484E-54
 0  0  0  1  0  0  2.89566711654364657E-37   -8.484E-54
-1  0  0 -1  0  0  0.00000000000000000E+00    0.000E+00
 1  0  0  1  0  0  0.00000000000000000E+00    0.000E+00
 0  1  0 -1  0  0  0.00000000000000000E+00    0.000E+00
 0 -1  0  1  0  0  0.00000000000000000E+00    0.000E+00
-1 -1  0 -1  0  0  0.00000000000000000E+00    0.000E+00
 1  1  0  1  0  0  0.00000000000000000E+00    0.000E+00
 0  0  0  0 -1  0 -5.79133422349866956E-37    5.683E-52
 0  0  0  0  1  0  0.00000000000000000E+00    0.000E+00
 1  0  0  0 -1  0  0.00000000000000000E+00    0.000E+00
-1  0  0  0  1  0  0.00000000000000000E+00    0.000E+00
 0 -1  0  0 -1  0  5.79133423308729314E-37   -1.697E-53
 0  1  0  0  1  0  0.00000000000000000E+00    0.000E+00
-1 -1  0  0 -1  0  5.79133423308729314E-37   -1.697E-53
 1  1  0  0  1  0  0.00000000000000000E+00    0.000E+00
 0  0  0 -1 -1  0 -5.79133422349866956E-37    5.683E-52
 0  0  0  1  1  0  0.00000000000000000E+00    0.000E+00
-1  0  0 -1 -1  0  0.00000000000000000E+00    0.000E+00
 1  0  0  1  1  0  0.00000000000000000E+00    0.000E+00
 0 -1  0 -1 -1  0  5.79133423308729314E-37   -1.697E-53
 0  1  0  1  1  0  0.00000000000000000E+00    0.000E+00
-1 -1  0 -1 -1  0  5.79133423308729314E-37   -1.697E-53
 1  1  0  1  1  0  0.00000000000000000E+00    0.000E+00
-1 -2  0 -1 -2  0  5.79133423308729314E-37   -1.697E-53
 0 -1  0 -1 -2  0 -5.79133422349866956E-37   -6.023E-52
-1 -1  0 -1 -2  0 -5.79133422349866956E-37   -6.023E-52
-1 -2  0  0 -1  0 -5.79133422349866956E-37    5.683E-52
-1 -2  0 -1 -1  0 -5.79133422349866956E-37    5.683E-52
 1  2  0  0  0  0  0.00000000000000000E+00    0.000E+00
 1  2  0  0  1  0  0.00000000000000000E+00    0.000E+00
 1  1  0  0 -1  0  0.00000000000000000E+00    0.000E+00
 1  2  0  1  1  0  0.00000000000000000E+00    0.000E+00
 0  1  0 -1 -1  0  0.00000000000000000E+00    0.000E+00
 0  0  0 -1 -2  0  0.00000000000000000E+00    0.000E+00
 0  0  0  1  2  0  0.00000000000000000E+00    0.000E+00
 0  1  0  1  2  0  0.00000000000000000E+00    0.000E+00
 1  1  0  1  2  0  0.00000000000000000E+00    0.000E+00
-1 -1  0  0  1  0  0.00000000000000000E+00    0.000E+00
 0 -1  0  1  1  0  0.00000000000000000E+00    0.000E+00
-1 -2  0  0  0  0  0.00000000000000000E+00    0.000E+00
 1  2  0  1  2  0  0.00000000000000000E+00    0.000E+00
1 3 1  2 1 1
       49
 0  0  0  0  0  0  1.66079817994052291E-45   -4.795E-53
-1  0  0  0  0  0  8.30399089970261455E-46   -2.397E-53
 1  0  0  0  0  0  8.30399089970261455E-46   -2.397E-53
 0 -1  0  0  0  0  1.66079817994052291E-45   -4.795E-53
 0  1  0  0  0  0  0.00000000000000000E+00    0.000E+00
-1 -1  0  0  0  0  1.66079817994052291E-45   -4.795E-53
 1  1  0  0  0  0  0.00000000000000000E+00    0.000E+00
 0  0  0 -1  0  0  8.30399089970261455E-46   -2.397E-53
 0  0  0  1  0  0  8.30399089970261455E-46   -2.397E-53
-1  0  0 -1  0  0  0.00000000000000000E+00    0.000E+00
 1  0  0  1  0  0  0.00000000000000000E+00    0.000E+00
 0  1  0 -1  0  0  0.00000000000000000E+00    0.000E+00
 0 -1  0  1  0  0  0.00000000000000000E+00    0.000E+00
-1 -1  0 -1  0  0  0.00000000000000000E+00    0.000E+00
 1  1  0  1  0  0  0.00000000000000000E+00    0.000E+00
 0  0  0  0 -1  0  1.66079817994052291E-45   -4.795E-53
 0  0  0  0  1  0  0.00000000000000000E+00    0.000E+00
 1  0  0  0 -1  0  0.00000000000000000E+00    0.000E+00
-1  0  0  0  1  0  0.00000000000000000E+00    0.000E+00
 0 -1  0  0 -1  0  1.66079817994052291E-45   -4.795E-53
 0  1  0  0  1  0  0.00000000000000000E+00    0.000E+00
-1 -1  0  0 -1  0  1.66079817994052291E-45   -4.795E-53
 1  1  0  0  1  0  0.00000000000000000E+00    0.000E+00
 0  0  0 -1 -1  0  1.66079817994052291E-45   -4.795E-53
 0  0  0  1  1  0  0.00000000000000000E+00    0.000E+00
-1  0  0 -1 -1  0  0.00000000000000000E+00    0.000E+00
 1  0  0  1  1  0  0.00000000000000000E+00    0.000E+00
 0 -1  0 -1 -1  0  1.66079817994052291E-45   -4.795E-53
 0  1  0  1  1  0  0.00000000000000000E+00    0.000E+00
-1 -1  0 -1 -1  0  1.66079817994052291E-45   -4.795E-53
 1  1  0  1  1  0  0.00000000000000000E+00    0.000E+00
-1 -2  0 -1 -2  0  1.66079817994052291E-45   -4.795E-53
 0 -1  0 -1 -2  0  1.66079817994052291E-45   -4.795E-53
-1 -1  0 -1 -2  0  1.66079817994052291E-45   -4.795E-53
-1 -2  0  0 -1  0  1.66079817994052291E-45   -4.795E-53
-1 -2  0 -1 -1  0  1.66079817994052291E-45   -4.795E-53
 1  2  0  0  0  0  0.00000000000000000E+00    0.000E+00
 1  2  0  0  1  0  0.00000000000000000E+00    0.000E+00
 1  1  0  0 -1  0  0.00000000000000000E+00    0.000E+00
 1  2  0  1  1  0  0.00000000000000000E+00    0.000E+00
 0  1  0 -1 -1  0  0.00000000000000000E+00    0.000E+00
 0  0  0 -1 -2  0  0.00000000000000000E+00    0.000E+00
 0  0  0  1  2  0  0.00000000000000000E+00    0.000E+00
 0  1  0  1  2  0  0.00000000000000000E+00    0.000E+00
 1  1  0  1  2  0  0.00000000000000000E+00    0.000E+00
-1 -1  0  0  1  0  0.00000000000000000E+00    0.000E+00
 0 -1  0  1  1  0  0.00000000000000000E+00    0.000E+00
-1 -2  0  0  0  0  0.00000000000000000E+00    0.000E+00
 1  2  0  1  2  0  0.00000000000000000E+00    0.000E+00
1 3 2  2 1 1
       49
 0  0  0  0  0  0  5.79133423308729314E-37   -1.697E-53
-1  0  0  0  0  0  2.89566711654364657E-37   -8.484E-54
 1  0  0  0  0  0  2.89566711654364657E-37   -8.484E-54
 0 -1  0  0  0  0 -5.79133422349866956E-37   -6.023E-52
 0  1  0  0  0  0  0.00000000000000000E+00    0.000E+00
-1 -1  0  0  0  0 -5.79133422349866956E-37   -6.023E-52
 1  1  0  0  0  0  0.00000000000000000E+00    0.000E+00
 0  0  0 -1  0  0  2.89566711654364657E-37   -8.484E-54
 0  0  0  1  0  0  2.89566711654364657E-37   -8.484E-54
-1  0  0 -1  0  0  0.00000000000000000E+00    0.000E+00
 1  0  0  1  0  0  0.00000000000000000E+00    0.000E+00
 0  1  0 -1  0  0  0.00000000000000000E+00    0.000E+00
 0 -1  0  1  0  0  0.00000000000000000E+00    0.000E+00
-1 -1  0 -1  0  0  0.00000000000000000E+00    0.000E+00
 1  1  0  1  0  0  0.00000000000000000E+00    0.000E+00
 0  0  0  0 -1  0 -5.79133422349866956E-37    5.683E-52
 0  0  0  0  1  0  0.00000000000000000E+00    0.000E+00
 1  0  0  0 -1  0  0.00000000000000000E+00    0.000E+00
-1  0  0  0  1  0  0.00000000000000000E+00    0.000E+00
 0 -1  0  0 -1  0  5.79133423308729314E-37   -1.697E-53
 0  1  0  0  1  0  0.00000000000000000E+00    0.000E+00
-1 -1  0  0 -1  0  5.79133423308729314E-37   -1.697E-53
 1  1  0  0  1  0  0.00000000000000000E+00    0.000E+00
 0  0  0 -1 -1  0 -5.79133422349866956E-37    5.683E-52
 0  0  0  1  1  0  0.00000000000000000E+00    0.000E+00
-1  0  0 -1 -1  0  0.00000000000000000E+00    0.000E+00
 1  0  0  1  1  0  0.00000000000000000E+00    0.000E+00
 0 -1  0 -1 -1  0  5.79133423308729314E-37   -1.697E-53
 0  1  0  1  1  0  0.00000000000000000E+00    0.000E+00
-1 -1  0 -1 -1  0  5.79133423308729314E-37   -1.697E-53
 1  1  0  1  1  0  0.00000000000000000E+00    0.000E+00
-1 -2  0 -1 -2  0  5.79133423308729314E-37   -1.697E-53
 0 -1  0 -1 -2  0 -5.79133422349866956E-37   -6.023E-52
-1 -1  0 -1 -2  0 -5.79133422349866956E-37   -6.023E-52
-1 -2  0  0 -1  0 -5.79133422349866956E-37    5.683E-52
-1 -2  0 -1 -1  0 -5.79133422349866956E-37    5.683E-52
 1  2  0  0  0  0  0.00000000000000000E+00    0.000E+00
 1  2  0  0  1  0  0.00000000000000000E+00    0.000E+00
 1  1  0  0 -1  0  0.00000000000000000E+00    0.000E+00
 1  2  0  1  1  0  0.00000000000000000E+00    0.000E+00
 0  1  0 -1 -1  0  0.00000000000000000E+00    0.000E+00
 0  0  0 -1 -2  0  0.00000000000000000E+00    0.000E+00
 0  0  0  1  2  0  0.00000000000000000E+00    0.000E+00
 0  1  0  1  2  0  0.00000000000000000E+00    0.000E+00
 1  1  0  1  2  0  0.00000000000000000E+00    0.000E+00
-1 -1  0  0  1  0  0.00000000000000000E+00    0.000E+00
 0 -1  0  1  1  0  0.00000000000000000E+00    0.000E+00
-1 -2  0  0  0  0  0.00000000000000000E+00    0.000E+00
 1  2  0  1  2  0  0.00000000000000000E+00    0.000E+00
1 3 3  2 1 1
       49
 0  0  0  0  0  0 -2.31727497003910181E-03    3.267E-06
-1  0  0  0  0  0 -2.89449166090289118E-06    4.287E-10
 1  0  0  0  0  0 -2.89449166090289118E-06    4.287E-10
 0 -1  0  0  0  0 -1.36858771977916051E-02   -1.258E-06
 0  1  0  0  0  0  0.00000000000000000E+00    0.000E+00
-1 -1  0  0  0  0  1.60089411511525094E-02   -2.010E-06
 1  1  0  0  0  0  0.00000000000000000E+00    0.000E+00
 0  0  0 -1  0  0 -2.89449166090289118E-06    4.287E-10
 0  0  0  1  0  0 -2.89449166090289118E-06    4.287E-10
-1  0  0 -1  0  0  0.00000000000000000E+00    0.000E+00
 1  0  0  1  0  0  0.00000000000000000E+00    0.000E+00
 0  1  0 -1  0  0  0.00000000000000000E+00    0.000E+00
 0 -1  0  1  0  0  0.00000000000000000E+00    0.000E+00
-1 -1  0 -1  0  0  0.00000000000000000E+00    0.000E+00
 1  1  0  1  0  0  0.00000000000000000E+00    0.000E+00
 0  0  0  0 -1  0 -1.36858771977916190E-02   -1.258E-06
 0  0  0  0  1  0  0.00000000000000000E+00    0.000E+00
 1  0  0  0 -1  0  0.00000000000000000E+00    0.000E+00
-1  0  0  0  1  0  0.00000000000000000E+00    0.000E+00
 0 -1  0  0 -1  0 -2.08306002517043953E-01   -7.512E-07
 0  1  0  0  1  0  0.00000000000000000E+00    0.000E+00
-1 -1  0  0 -1  0  5.78898332180231292E-06   -8.575E-10
 1  1  0  0  1  0  0.00000000000000000E+00    0.000E+00
 0  0  0 -1 -1  0  1.60089411511525233E-02   -2.010E-06
 0  0  0  1  1  0  0.00000000000000000E+00    0.000E+00
-1  0  0 -1 -1  0  0.00000000000000000E+00    0.000E+00
 1  0  0  1  1  0  0.00000000000000000E+00    0.000E+00
 0 -1  0 -1 -1  0  5.78898332181272126E-06   -8.575E-10
 0  1  0  1  1  0  0.00000000000000000E+00    0.000E+00
-1 -1  0 -1 -1  0  2.08294424550400287E-01    7.529E-07
 1  1  0  1  1  0  0.00000000000000000E+00    0.000E+00
-1 -2  0 -1 -2  0  2.32885293668270684E-03   -3.269E-06
 0 -1  0 -1 -2  0  9.40891902946389483E-03    2.010E-06
-1 -1  0 -1 -2  0 -1.17319829828248026E-02    1.258E-06
-1 -2  0  0 -1  0  9.40891902946387748E-03    2.010E-06
-1 -2  0 -1 -1  0 -1.17319829828247887E-02    1.258E-06
 1  2  0  0  0  0  0.00000000000000000E+00    0.000E+00
 1  2  0  0  1  0  0.00000000000000000E+00    0.000E+00
 1  1  0  0 -1  0  0.00000000000000000E+00    0.000E+00
 1  2  0  1  1  0  0.00000000000000000E+00    0.000E+00
 0  1  0 -1 -1  0  0.00000000000000000E+00    0.000E+00
 0  0  0 -1 -2  0  0.00000000000000000E+00    0.000E+00
 0  0  0  1  2  0  0.00000000000000000E+00    0.000E+00
 0  1  0  1  2  0  0.00000000000000000E+00    0.000E+00
 1  1  0  1  2  0  0.00000000000000000E+00    0.000E+00
-1 -1  0  0  1  0  0.00000000000000000E+00    0.000E+00
 0 -1  0  1  1  0  0.00000000000000000E+00    0.000E+00
-1 -2  0  0  0  0  0.00000000000000000E+00    0.000E+00
 1  2  0  1  2  0  0.00000000000000000E+00    0.000E+00
2 1 1  2 1 1
       49
 0  0  0  0  0  0 -1.09030150965926365E+00   -2.792E-06
-1  0  0  0  0  0 -4.77925119135174381E-01    1.244E-06
 1  0  0  0  0  0 -4.77925119135174381E-01    1.244E-06
 0 -1  0  0  0  0 -9.78651619397181038E-01   -4.791E-07
 0  1  0  0  0  0  0.00000000000000000E+00    0.000E+00
-1 -1  0  0  0  0 -9.79887088480361879E-01    7.840E-07
 1  1  0  0  0  0  0.00000000000000000E+00    0.000E+00
 0  0  0 -1  0  0 -4.77925119135174381E-01    1.244E-06
 0  0  0  1  0  0 -4.77925119135174381E-01    1.244E-06
-1  0  0 -1  0  0  0.00000000000000000E+00    0.000E+00
 1  0  0  1  0  0  0.00000000000000000E+00    0.000E+00
 0  1  0 -1  0  0  0.00000000000000000E+00    0.000E+00
 0 -1  0  1  0  0  0.00000000000000000E+00    0.000E+00
-1 -1  0 -1  0  0  0.00000000000000000E+00    0.000E+00
 1  1  0  1  0  0  0.00000000000000000E+00    0.000E+00
 0  0  0  0 -1  0 -9.78651619397181260E-01   -4.791E-07
 0  0  0  0  1  0  0.00000000000000000E+00    0.000E+00
 1  0  0  0 -1  0  0.00000000000000000E+00    0.000E+00
-1  0  0  0  1  0  0.00000000000000000E+00    0.000E+00
 0 -1  0  0 -1  0 -1.77278135908646672E+00    3.751E-06
 0  1  0  0  1  0  0.00000000000000000E+00    0.000E+00
-1 -1  0  0 -1  0 -9.42420877186022077E-01   -2.488E-06
 1  1  0  0  1  0  0.00000000000000000E+00    0.000E+00
 0  0  0 -1 -1  0 -9.79887088480361879E-01    7.840E-07
 0  0  0  1  1  0  0.00000000000000000E+00    0.000E+00
-1  0  0 -1 -1  0  0.00000000000000000E+00    0.000E+00
 1  0  0  1  1  0  0.00000000000000000E+00    0.000E+00
 0 -1  0 -1 -1  0 -9.42420877186022077E-01   -2.488E-06
 0  1  0  1  1  0  0.00000000000000000E+00    0.000E+00
-1 -1  0 -1 -1  0 -1.77031042092010549E+00    1.225E-06
 1  1  0  1  1  0  0.00000000000000000E+00    0.000E+00
-1 -2  0 -1 -2  0 -9.73917092411368701E-01   -2.183E-06
 0 -1  0 -1 -2  0 -1.00403009853165459E+00   -7.840E-07
-1 -1  0 -1 -2  0 -1.00526556761483543E+00    4.791E-07
-1 -2  0  0 -1  0 -1.00403009853165459E+00   -7.840E-07
-1 -2  0 -1 -1  0 -1.00526556761483521E+00    4.791E-07
 1  2  0  0  0  0  0.00000000000000000E+00    0.000E+00
 1  2  0  0  1  0  0.00000000000000000E+00    0.000E+00
 1  1  0  0 -1  0  0.00000000000000000E+00    0.000E+00
 1  2  0  1  1  0  0.00000000000000000E+00    0.000E+00
 0  1  0 -1 -1  0  0.00000000000000000E+00    0.000E+00
 0  0  0 -1 -2  0  0.00000000000000000E+00    0.000E+00
 0  0  0  1  2  0  0.00000000000000000E+00    0.000E+00
 0  1  0  1  2  0  0.00000000000000000E+00    0.000E+00
 1  1  0  1  2  0  0.00000000000000000E+00    0.000E+00
-1 -1  0  0  1  0  0.00000000000000000E+00    0.000E+00
 0 -1  0  1  1  0  0.00000000000000000E+00    0.000E+00
-1 -2  0  0  0  0  0.00000000000000000E+00    0.000E+00
 1  2  0  1  2  0  0.00000000000000000E+00    0.000E+00
2 1 2  2 1 1
       49
 0  0  0  0  0  0  3.71271471710059309E-05   -6.482E-06
-1  0  0  0  0  0  2.24641198799582081E-05    8.710E-08
 1  0  0  0  0  0  2.24641198799582081E-05    8.710E-08
 0 -1  0  0  0  0  5.76154749771557312E-02    2.447E-06
 0  1  0  0  0  0  0.00000000000000000E+00    0.000E+00
-1 -1  0  0  0  0 -5.76975303640857307E-02    3.861E-06
 1  1  0  0  0  0  0.00000000000000000E+00    0.000E+00
 0  0  0 -1  0  0 -1.90898656668245931E-05   -8.755E-08
 0  0  0  1  0  0 -1.90898656668245931E-05   -8.755E-08
-1  0  0 -1  0  0  0.00000000000000000E+00    0.000E+00
 1  0  0  1  0  0  0.00000000000000000E+00    0.000E+00
 0  1  0 -1  0  0  0.00000000000000000E+00    0.000E+00
 0 -1  0  1  0  0  0.00000000000000000E+00    0.000E+00
-1 -1  0 -1  0  0  0.00000000000000000E+00    0.000E+00
 1  1  0  1  0  0  0.00000000000000000E+00    0.000E+00
 0  0  0  0 -1  0  3.50250888186791620E-02    2.738E-06
 0  0  0  0  1  0  0.00000000000000000E+00    0.000E+00
 1  0  0  0 -1  0  0.00000000000000000E+00    0.000E+00
-1  0  0  0  1  0  0.00000000000000000E+00    0.000E+00
 0 -1  0  0 -1  0  4.21546008167111019E-01    1.298E-06
 0  1  0  0  1  0  0.00000000000000000E+00    0.000E+00
-1 -1  0  0 -1  0 -2.36542423699437794E-02   -3.272E-08
 1  1  0  0  1  0  0.00000000000000000E+00    0.000E+00
 0  0  0 -1 -1  0 -3.50240362345156930E-02    3.920E-06
 0  0  0  1  1  0  0.00000000000000000E+00    0.000E+00
-1  0  0 -1 -1  0  0.00000000000000000E+00    0.000E+00
 1  0  0  1  1  0  0.00000000000000000E+00    0.000E+00
 0 -1  0 -1 -1  0  2.36474938615184836E-02    3.361E-08
 0  1  0  1  1  0  0.00000000000000000E+00    0.000E+00
-1 -1  0 -1 -1  0 -4.21539259658684773E-01   -1.299E-06
 1  1  0  1  1  0  0.00000000000000000E+00    0.000E+00
-1 -2  0 -1 -2  0 -4.38756555963433492E-05    6.483E-06
 0 -1  0 -1 -2  0 -1.25361984671915373E-02   -3.778E-06
-1 -1  0 -1 -2  0  1.26182538541224458E-02   -2.530E-06
-1 -2  0  0 -1  0 -2.07784703555467416E-02   -4.003E-06
-1 -2  0 -1 -1  0  2.07774177713839318E-02   -2.655E-06
 1  2  0  0  0  0  0.00000000000000000E+00    0.000E+00
 1  2  0  0  1  0  0.00000000000000000E+00    0.000E+00
 1  1  0  0 -1  0  0.00000000000000000E+00    0.000E+00
 1  2  0  1  1  0  0.00000000000000000E+00    0.000E+00
 0  1  0 -1 -1  0  0.00000000000000000E+00    0.000E+00
 0  0  0 -1 -2  0  0.00000000000000000E+00    0.000E+00
 0  0  0  1  2  0  0.00000000000000000E+00    0.000E+00
 0  1  0  1  2  0  0.00000000000000000E+00    0.000E+00
 1  1  0  1  2  0  0.00000000000000000E+00    0.000E+00
-1 -1  0  0  1  0  0.00000000000000000E+00    0.000E+00
 0 -1  0  1  1  0  0.00000000000000000E+00    0.000E+00
-1 -2  0  0  0  0  0.00000000000000000E+00    0.000E+00
 1  2  0  1  2  0  0.00000000000000000E+00    0.000E+00
2 1 3  2 1 1
       49
 0  0  0  0  0  0 -5.79133420911577930E-37    8.427E-48
-1  0  0  0  0  0  2.89566712373513263E-37    4.214E-48
 1  0  0  0  0  0  2.89566712373513263E-37    4.214E-48
 0 -1  0  0  0  0 -5.79133420911577930E-37    8.428E-48
 0  1  0  0  0  0  0.00000000000000000E+00    0.000E+00
-1 -1  0  0  0  0  5.79133424747026526E-37    8.427E-48
 1  1  0  0  0  0  0.00000000000000000E+00    0.000E+00
 0  0  0 -1  0  0  2.89566712373509421E-37   -4.277E-54
 0  0  0  1  0  0  2.89566712373509421E-37   -4.277E-54
-1  0  0 -1  0  0  0.00000000000000000E+00    0.000E+00
 1  0  0  1  0  0  0.00000000000000000E+00    0.000E+00
 0  1  0 -1  0  0  0.00000000000000000E+00    0.000E+00
 0 -1  0  1  0  0  0.00000000000000000E+00    0.000E+00
-1 -1  0 -1  0  0  0.00000000000000000E+00    0.000E+00
 1  1  0  1  0  0  0.00000000000000000E+00    0.000E+00
 0  0  0  0 -1  0 -5.79133420911577428E-37   -8.428E-48
 0  0  0  0  1  0  0.00000000000000000E+00    0.000E+00
 1  0  0  0 -1  0  0.00000000000000000E+00    0.000E+00
-1  0  0  0  1  0  0.00000000000000000E+00    0.000E+00
 0 -1  0  0 -1  0 -5.79133420911577428E-37   -8.428E-48
 0  1  0  0  1  0  0.00000000000000000E+00    0.000E+00
-1 -1  0  0 -1  0  5.79133424747027028E-37   -8.428E-48
 1  1  0  0  1  0  0.00000000000000000E+00    0.000E+00
 0  0  0 -1 -1  0  5.79133424747018341E-37    2.486E-52
 0  0  0  1  1  0  0.00000000000000000E+00    0.000E+00
-1  0  0 -1 -1  0  0.00000000000000000E+00    0.000E+00
 1  0  0  1  1  0  0.00000000000000000E+00    0.000E+00
 0 -1  0 -1 -1  0  5.79133424747018341E-37   -8.555E-54
 0  1  0  1  1  0  0.00000000000000000E+00    0.000E+00
-1 -1  0 -1 -1  0 -5.79133420911569744E-37   -7.948E-53
 1  1  0  1  1  0  0.00000000000000000E+00    0.000E+00
-1 -2  0 -1 -2  0 -5.79133420911569243E-37   -7.948E-53
 0 -1  0 -1 -2  0  5.79133424747018842E-37   -8.555E-54
-1 -1  0 -1 -2  0 -5.79133420911569243E-37    1.225E-52
-1 -2  0  0 -1  0  5.79133424747027028E-37   -8.428E-48
-1 -2  0 -1 -1  0 -5.79133420911569744E-37   -2.815E-52
 1  2  0  0  0  0  0.00000000000000000E+00    0.000E+00
 1  2  0  0  1  0  0.00000000000000000E+00    0.000E+00
 1  1  0  0 -1  0  0.00000000000000000E+00    0.000E+00
 1  2  0  1  1  0  0.00000000000000000E+00    0.000E+00
 0  1  0 -1 -1  0  0.00000000000000000E+00    0.000E+00
 0  0  0 -1 -2  0  0.00000000000000000E+00    0.000E+00
 0  0  0  1  2  0  0.00000000000000000E+00    0.000E+00
 0  1  0  1  2  0  0.00000000000000000E+00    0.000E+00
 1  1  0  1  2  0  0.00000000000000000E+00    0.000E+00
-1 -1  0  0  1  0  0.00000000000000000E+00    0.000E+00
 0 -1  0  1  1  0  0.00000000000000000E+00    0.000E+00
-1 -2  0  0  0  0  0.00000000000000000E+00    0.000E+00
 1  2  0  1  2  0  0.00000000000000000E+00    0.000E+00
2 2 1  2 1 1
       49
 0  0  0  0  0  0  3.71271471710195918E-05   -6.482E-06
-1  0  0  0  0  0 -1.90898656668244847E-05   -8.755E-08
 1  0  0  0  0  0 -1.90898656668244847E-05   -8.755E-08
 0 -1  0  0  0  0  3.50250888186791620E-02    2.738E-06
 0  1  0  0  0  0  0.00000000000000000E+00    0.000E+00
-1 -1  0  0  0  0 -3.50240362345156722E-02    3.920E-06
 1  1  0  0  0  0  0.00000000000000000E+00    0.000E+00
 0  0  0 -1  0  0  2.24641198799652555E-05    8.710E-08
 0  0  0  1  0  0  2.24641198799652555E-05    8.710E-08
-1  0  0 -1  0  0  0.00000000000000000E+00    0.000E+00
 1  0  0  1  0  0  0.00000000000000000E+00    0.000E+00
 0  1  0 -1  0  0  0.00000000000000000E+00    0.000E+00
 0 -1  0  1  0  0  0.00000000000000000E+00    0.000E+00
-1 -1  0 -1  0  0  0.00000000000000000E+00    0.000E+00
 1  1  0  1  0  0  0.00000000000000000E+00    0.000E+00
 0  0  0  0 -1  0  5.76154749771557589E-02    2.447E-06
 0  0  0  0  1  0  0.00000000000000000E+00    0.000E+00
 1  0  0  0 -1  0  0.00000000000000000E+00    0.000E+00
-1  0  0  0  1  0  0.00000000000000000E+00    0.000E+00
 0 -1  0  0 -1  0  4.21546008167111019E-01    1.298E-06
 0  1  0  0  1  0  0.00000000000000000E+00    0.000E+00
-1 -1  0  0 -1  0  2.36474938615184732E-02    3.361E-08
 1  1  0  0  1  0  0.00000000000000000E+00    0.000E+00
 0  0  0 -1 -1  0 -5.76975303640857445E-02    3.861E-06
 0  0  0  1  1  0  0.00000000000000000E+00    0.000E+00
-1  0  0 -1 -1  0  0.00000000000000000E+00    0.000E+00
 1  0  0  1  1  0  0.00000000000000000E+00    0.000E+00
 0 -1  0 -1 -1  0 -2.36542423699437621E-02   -3.272E-08
 0  1  0  1  1  0  0.00000000000000000E+00    0.000E+00
-1 -1  0 -1 -1  0 -4.21539259658684828E-01   -1.299E-06
 1  1  0  1  1  0  0.00000000000000000E+00    0.000E+00
-1 -2  0 -1 -2  0 -4.38756555963435661E-05    6.483E-06
 0 -1  0 -1 -2  0 -2.07784703555467347E-02   -4.003E-06
-1 -1  0 -1 -2  0  2.07774177713839318E-02   -2.655E-06
-1 -2  0  0 -1  0 -1.25361984671915373E-02   -3.778E-06
-1 -2  0 -1 -1  0  1.26182538541224805E-02   -2.530E-06
 1  2  0  0  0  0  0.00000000000000000E+00    0.000E+00
 1  2  0  0  1  0  0.00000000000000000E+00    0.000E+00
 1  1  0  0 -1  0  0.00000000000000000E+00    0.000E+00
 1  2  0  1  1  0  0.00000000000000000E+00    0.000E+00
 0  1  0 -1 -1  0  0.00000000000000000E+00    0.000E+00
 0  0  0 -1 -2  0  0.00000000000000000E+00    0.000E+00
 0  0  0  1  2  0  0.00000000000000000E+00    0.000E+00
 0  1  0  1  2  0  0.00000000000000000E+00    0.000E+00
 1  1  0  1  2  0  0.00000000000000000E+00    0.000E+00
-1 -1  0  0  1  0  0.00000000000000000E+00    0.000E+00
 0 -1  0  1  1  0  0.00000000000000000E+00    0.000E+00
-1 -2  0  0  0  0  0.00000000000000000E+00    0.000E+00
 1  2  0  1  2  0  0.00000000000000000E+00    0.000E+00
2 2 2  2 1 1
       49
 0  0  0  0  0  0  2.97310033313884725E+00   -2.000E-07
-1  0  0  0  0  0  4.91129191979430668E-01    1.735E-06
 1  0  0  0  0  0  4.91129191979430668E-01    1.735E-06
 0 -1  0  0  0  0  1.00779269751706035E+00    6.537E-06
 0  1  0  0  0  0  0.00000000000000000E+00    0.000E+00
-1 -1  0  0  0  0  1.00781169459503617E+00   -9.806E-06
 1  1  0  0  0  0  0.00000000000000000E+00    0.000E+00
 0  0  0 -1  0  0  4.91129191979430890E-01    1.735E-06
 0  0  0  1  0  0  4.91129191979430890E-01    1.735E-06
-1  0  0 -1  0  0  0.00000000000000000E+00    0.000E+00
 1  0  0  1  0  0  0.00000000000000000E+00    0.000E+00
 0  1  0 -1  0  0  0.00000000000000000E+00    0.000E+00
 0 -1  0  1  0  0  0.00000000000000000E+00    0.000E+00
-1 -1  0 -1  0  0  0.00000000000000000E+00    0.000E+00
 1  1  0  1  0  0  0.00000000000000000E+00    0.000E+00
 0  0  0  0 -1  0  1.00779269751706080E+00    6.537E-06
 0  0  0  0  1  0  0.00000000000000000E+00    0.000E+00
 1  0  0  0 -1  0  0.00000000000000000E+00    0.000E+00
-1  0  0  0  1  0  0.00000000000000000E+00    0.000E+00
 0 -1  0  0 -1  0  8.30506378790028865E-01   -1.287E-05
 0  1  0  0  1  0  0.00000000000000000E+00    0.000E+00
-1 -1  0  0 -1  0  8.84673384675112473E-01   -3.469E-06
 1  1  0  0  1  0  0.00000000000000000E+00    0.000E+00
 0  0  0 -1 -1  0  1.00781169459503639E+00   -9.806E-06
 0  0  0  1  1  0  0.00000000000000000E+00    0.000E+00
-1  0  0 -1 -1  0  0.00000000000000000E+00    0.000E+00
 1  0  0  1  1  0  0.00000000000000000E+00    0.000E+00
 0 -1  0 -1 -1  0  8.84673384675112473E-01   -3.469E-06
 0  1  0  1  1  0  0.00000000000000000E+00    0.000E+00
-1 -1  0 -1 -1  0  8.30468384634076129E-01    1.981E-05
 1  1  0  1  1  0  0.00000000000000000E+00    0.000E+00
-1 -2  0 -1 -2  0  9.73235285513454951E-01   -6.739E-06
 0 -1  0 -1 -2  0  9.91775165827762706E-01    9.806E-06
-1 -1  0 -1 -2  0  9.91794162905738852E-01   -6.537E-06
-1 -2  0  0 -1  0  9.91775165827762817E-01    9.806E-06
-1 -2  0 -1 -1  0  9.91794162905738963E-01   -6.537E-06
 1  2  0  0  0  0  0.00000000000000000E+00    0.000E+00
 1  2  0  0  1  0  0.00000000000000000E+00    0.000E+00
 1  1  0  0 -1  0  0.00000000000000000E+00    0.000E+00
 1  2  0  1  1  0  0.00000000000000000E+00    0.000E+00
 0  1  0 -1 -1  0  0.00000000000000000E+00    0.000E+00
 0  0  0 -1 -2  0  0.00000000000000000E+00    0.000E+00
 0  0  0  1  2  0  0.00000000000000000E+00    0.000E+00
 0  1  0  1  2  0  0.00000000000000000E+00    0.000E+00
 1  1  0  1  2  0  0.00000000000000000E+00    0.000E+00
-1 -1  0  0  1  0  0.00000000000000000E+00    0.000E+00
 0 -1  0  1  1  0  0.00000000000000000E+00    0.000E+00
-1 -2  0  0  0  0  0.00000000000000000E+00    0.000E+00
 1  2  0  1  2  0  0.00000000000000000E+00    0.000E+00
2 2 3  2 1 1
       49
 0  0  0  0  0  0 -2.76799721873752815E-44    4.379E-47
-1  0  0  0  0  0  3.34362823727197136E-37    2.190E-47
 1  0  0  0  0  0  3.34362823727197136E-37    2.190E-47
 0 -1  0  0  0  0 -6.68725702814333850E-37   -3.406E-47
 0  1  0  0  0  0  0.00000000000000000E+00    0.000E+00
-1 -1  0  0  0  0 -2.76799674357935791E-44   -3.406E-47
 1  1  0  0  0  0  0.00000000000000000E+00    0.000E+00
 0  0  0 -1  0  0  3.34362823727194965E-37    1.946E-47
 0  0  0  1  0  0  3.34362823727194965E-37    1.946E-47
-1  0  0 -1  0  0  0.00000000000000000E+00    0.000E+00
 1  0  0  1  0  0  0.00000000000000000E+00    0.000E+00
 0  1  0 -1  0  0  0.00000000000000000E+00    0.000E+00
 0 -1  0  1  0  0  0.00000000000000000E+00    0.000E+00
-1 -1  0 -1  0  0  0.00000000000000000E+00    0.000E+00
 1  1  0  1  0  0  0.00000000000000000E+00    0.000E+00
 0  0  0  0 -1  0 -6.68725702814333516E-37    3.406E-47
 0  0  0  0  1  0  0.00000000000000000E+00    0.000E+00
 1  0  0  0 -1  0  0.00000000000000000E+00    0.000E+00
-1  0  0  0  1  0  0.00000000000000000E+00    0.000E+00
 0 -1  0  0 -1  0 -2.76799718904014226E-44   -4.379E-47
 0  1  0  0  1  0  0.00000000000000000E+00    0.000E+00
-1 -1  0  0 -1  0  6.68725647454394607E-37   -4.379E-47
 1  1  0  0  1  0  0.00000000000000000E+00    0.000E+00
 0  0  0 -1 -1  0 -2.76799721873752815E-44    3.893E-47
 0  0  0  1  1  0  0.00000000000000000E+00    0.000E+00
-1  0  0 -1 -1  0  0.00000000000000000E+00    0.000E+00
 1  0  0  1  1  0  0.00000000000000000E+00    0.000E+00
 0 -1  0 -1 -1  0  6.68725647454389596E-37   -3.892E-47
 0  1  0  1  1  0  0.00000000000000000E+00    0.000E+00
-1 -1  0 -1 -1  0 -2.76799674357935791E-44   -3.892E-47
 1  1  0  1  1  0  0.00000000000000000E+00    0.000E+00
-1 -2  0 -1 -2  0 -2.76799671388197202E-44    3.892E-47
 0 -1  0 -1 -2  0 -2.76799718904014226E-44   -3.893E-47
-1 -1  0 -1 -2  0 -6.68725702814328838E-37   -3.893E-47
-1 -2  0  0 -1  0 -2.76799671388197202E-44    3.406E-47
-1 -2  0 -1 -1  0 -6.68725702814329172E-37    3.893E-47
 1  2  0  0  0  0  0.00000000000000000E+00    0.000E+00
 1  2  0  0  1  0  0.00000000000000000E+00    0.000E+00
 1  1  0  0 -1  0  0.00000000000000000E+00    0.000E+00
 1  2  0  1  1  0  0.00000000000000000E+00    0.000E+00
 0  1  0 -1 -1  0  0.00000000000000000E+00    0.000E+00
 0  0  0 -1 -2  0  0.00000000000000000E+00    0.000E+00
 0  0  0  1  2  0  0.00000000000000000E+00    0.000E+00
 0  1  0  1  2  0  0.00000000000000000E+00    0.000E+00
 1  1  0  1  2  0  0.00000000000000000E+00    0.000E+00
-1 -1  0  0  1  0  0.00000000000000000E+00    0.000E+00
 0 -1  0  1  1  0  0.00000000000000000E+00    0.000E+00
-1 -2  0  0  0  0  0.00000000000000000E+00    0.000E+00
 1  2  0  1  2  0  0.00000000000000000E+00    0.000E+00
2 3 1  2 1 1
       49
 0  0  0  0  0  0 -5.79133420911577930E-37    8.427E-48
-1  0  0  0  0  0  2.89566712373509421E-37   -7.520E-53
 1  0  0  0  0  0  2.89566712373509421E-37   -7.520E-53
 0 -1  0  0  0  0 -5.79133420911577428E-37   -8.427E-48
 0  1  0  0  0  0  0.00000000000000000E+00    0.000E+00
-1 -1  0  0  0  0  5.79133424747018341E-37   -4.076E-52
 1  1  0  0  0  0  0.00000000000000000E+00    0.000E+00
 0  0  0 -1  0  0  2.89566712373513263E-37    4.214E-48
 0  0  0  1  0  0  2.89566712373513263E-37    4.214E-48
-1  0  0 -1  0  0  0.00000000000000000E+00    0.000E+00
 1  0  0  1  0  0  0.00000000000000000E+00    0.000E+00
 0  1  0 -1  0  0  0.00000000000000000E+00    0.000E+00
 0 -1  0  1  0  0  0.00000000000000000E+00    0.000E+00
-1 -1  0 -1  0  0  0.00000000000000000E+00    0.000E+00
 1  1  0  1  0  0  0.00000000000000000E+00    0.000E+00
 0  0  0  0 -1  0 -5.79133420911577930E-37    8.427E-48
 0  0  0  0  1  0  0.00000000000000000E+00    0.000E+00
 1  0  0  0 -1  0  0.00000000000000000E+00    0.000E+00
-1  0  0  0  1  0  0.00000000000000000E+00    0.000E+00
 0 -1  0  0 -1  0 -5.79133420911577428E-37   -8.428E-48
 0  1  0  0  1  0  0.00000000000000000E+00    0.000E+00
-1 -1  0  0 -1  0  5.79133424747018341E-37   -1.504E-52
 1  1  0  0  1  0  0.00000000000000000E+00    0.000E+00
 0  0  0 -1 -1  0  5.79133424747026526E-37    8.428E-48
 0  0  0  1  1  0  0.00000000000000000E+00    0.000E+00
-1  0  0 -1 -1  0  0.00000000000000000E+00    0.000E+00
 1  0  0  1  1  0  0.00000000000000000E+00    0.000E+00
 0 -1  0 -1 -1  0  5.79133424747027028E-37   -8.428E-48
 0  1  0  1  1  0  0.00000000000000000E+00    0.000E+00
-1 -1  0 -1 -1  0 -5.79133420911569744E-37   -7.948E-53
 1  1  0  1  1  0  0.00000000000000000E+00    0.000E+00
-1 -2  0 -1 -2  0 -5.79133420911569243E-37   -7.948E-53
 0 -1  0 -1 -2  0  5.79133424747027028E-37   -8.428E-48
-1 -1  0 -1 -2  0 -5.79133420911569744E-37    1.225E-52
-1 -2  0  0 -1  0  5.79133424747018842E-37   -1.504E-52
-1 -2  0 -1 -1  0 -5.79133420911569243E-37   -2.815E-52
 1  2  0  0  0  0  0.00000000000000000E+00    0.000E+00
 1  2  0  0  1  0  0.00000000000000000E+00    0.000E+00
 1  1  0  0 -1  0  0.00000000000000000E+00    0.000E+00
 1  2  0  1  1  0  0.00000000000000000E+00    0.000E+00
 0  1  0 -1 -1  0  0.00000000000000000E+00    0.000E+00
 0  0  0 -1 -2  0  0.00000000000000000E+00    0.000E+00
 0  0  0  1  2  0  0.00000000000000000E+00    0.000E+00
 0  1  0  1  2  0  0.00000000000000000E+00    0.000E+00
 1  1  0  1  2  0  0.00000000000000000E+00    0.000E+00
-1 -1  0  0  1  0  0.00000000000000000E+00    0.000E+00
 0 -1  0  1  1  0  0.00000000000000000E+00    0.000E+00
-1 -2  0  0  0  0  0.00000000000000000E+00    0.000E+00
 1  2  0  1  2  0  0.00000000000000000E+00    0.000E+00
2 3 2  2 1 1
       49
 0  0  0  0  0  0 -2.76799721873752815E-44    4.379E-47
-1  0  0  0  0  0  3.34362823727194965E-37    1.946E-47
 1  0  0  0  0  0  3.34362823727194965E-37    1.946E-47
 0 -1  0  0  0  0 -6.68725702814333516E-37    3.406E-47
 0  1  0  0  0  0  0.00000000000000000E+00    0.000E+00
-1 -1  0  0  0  0 -2.76799721873752815E-44    3.892E-47
 1  1  0  0  0  0  0.00000000000000000E+00    0.000E+00
 0  0  0 -1  0  0  3.34362823727197136E-37    2.190E-47
 0  0  0  1  0  0  3.34362823727197136E-37    2.190E-47
-1  0  0 -1  0  0  0.00000000000000000E+00    0.000E+00
 1  0  0  1  0  0  0.00000000000000000E+00    0.000E+00
 0  1  0 -1  0  0  0.00000000000000000E+00    0.000E+00
 0 -1  0  1  0  0  0.00000000000000000E+00    0.000E+00
-1 -1  0 -1  0  0  0.00000000000000000E+00    0.000E+00
 1  1  0  1  0  0  0.00000000000000000E+00    0.000E+00
 0  0  0  0 -1  0 -6.68725702814333850E-37   -3.406E-47
 0  0  0  0  1  0  0.00000000000000000E+00    0.000E+00
 1  0  0  0 -1  0  0.00000000000000000E+00    0.000E+00
-1  0  0  0  1  0  0.00000000000000000E+00    0.000E+00
 0 -1  0  0 -1  0 -2.76799718904014226E-44   -4.379E-47
 0  1  0  0  1  0  0.00000000000000000E+00    0.000E+00
-1 -1  0  0 -1  0  6.68725647454389596E-37   -3.893E-47
 1  1  0  0  1  0  0.00000000000000000E+00    0.000E+00
 0  0  0 -1 -1  0 -2.76799674357935791E-44   -3.406E-47
 0  0  0  1  1  0  0.00000000000000000E+00    0.000E+00
-1  0  0 -1 -1  0  0.00000000000000000E+00    0.000E+00
 1  0  0  1  1  0  0.00000000000000000E+00    0.000E+00
 0 -1  0 -1 -1  0  6.68725647454394607E-37   -4.379E-47
 0  1  0  1  1  0  0.00000000000000000E+00    0.000E+00
-1 -1  0 -1 -1  0 -2.76799674357935791E-44   -3.892E-47
 1  1  0  1  1  0  0.00000000000000000E+00    0.000E+00
-1 -2  0 -1 -2  0 -2.76799671388197202E-44    3.892E-47
 0 -1  0 -1 -2  0 -2.76799671388197202E-44    3.406E-47
-1 -1  0 -1 -2  0 -6.68725702814329172E-37    3.892E-47
-1 -2  0  0 -1  0 -2.76799718904014226E-44   -3.892E-47
-1 -2  0 -1 -1  0 -6.68725702814328838E-37   -3.892E-47
 1  2  0  0  0  0  0.00000000000000000E+00    0.000E+00
 1  2  0  0  1  0  0.00000000000000000E+00    0.000E+00
 1  1  0  0 -1  0  0.00000000000000000E+00    0.000E+00
 1  2  0  1  1  0  0.00000000000000000E+00    0.000E+00
 0  1  0 -1 -1  0  0.00000000000000000E+00    0.000E+00
 0  0  0 -1 -2  0  0.00000000000000000E+00    0.000E+00
 0  0  0  1  2  0  0.00000000000000000E+00    0.000E+00
 0  1  0  1  2  0  0.00000000000000000E+00    0.000E+00
 1  1  0  1  2  0  0.00000000000000000E+00    0.000E+00
-1 -1  0  0  1  0  0.00000000000000000E+00    0.000E+00
 0 -1  0  1  1  0  0.00000000000000000E+00    0.000E+00
-1 -2  0  0  0  0  0.00000000000000000E+00    0.000E+00
 1  2  0  1  2  0  0.00000000000000000E+00    0.000E+00
2 3 3  2 1 1
       49
 0  0  0  0  0  0 -2.39192703885804298E-01    2.922E-07
-1  0  0  0  0  0  5.43367783955050684E-03   -3.632E-07
 1  0  0  0  0  0  5.43367783955050684E-03   -3.632E-07
 0 -1  0  0  0  0 -7.90086689412004481E-03   -7.270E-07
 0  1  0  0  0  0  0.00000000000000000E+00    0.000E+00
-1 -1  0  0  0  0 -9.23675968270089645E-03    1.161E-06
 1  1  0  0  0  0  0.00000000000000000E+00    0.000E+00
 0  0  0 -1  0  0  5.43367783955051205E-03   -3.632E-07
 0  0  0  1  0  0  5.43367783955051205E-03   -3.632E-07
-1  0  0 -1  0  0  0.00000000000000000E+00    0.000E+00
 1  0  0  1  0  0  0.00000000000000000E+00    0.000E+00
 0  1  0 -1  0  0  0.00000000000000000E+00    0.000E+00
 0 -1  0  1  0  0  0.00000000000000000E+00    0.000E+00
-1 -1  0 -1  0  0  0.00000000000000000E+00    0.000E+00
 1  1  0  1  0  0  0.00000000000000000E+00    0.000E+00
 0  0  0  0 -1  0 -7.90086689412004481E-03   -7.270E-07
 0  0  0  0  1  0  0.00000000000000000E+00    0.000E+00
 1  0  0  0 -1  0  0.00000000000000000E+00    0.000E+00
-1  0  0  0  1  0  0.00000000000000000E+00    0.000E+00
 0 -1  0  0 -1  0  1.17587941950803271E-01    1.162E-06
 0  1  0  0  1  0  0.00000000000000000E+00    0.000E+00
-1 -1  0  0 -1  0  1.84826611559032218E-02    7.264E-07
 1  1  0  0  1  0  0.00000000000000000E+00    0.000E+00
 0  0  0 -1 -1  0 -9.23675968270090339E-03    1.161E-06
 0  0  0  1  1  0  0.00000000000000000E+00    0.000E+00
-1  0  0 -1 -1  0  0.00000000000000000E+00    0.000E+00
 1  0  0  1  1  0  0.00000000000000000E+00    0.000E+00
 0 -1  0 -1 -1  0  1.84826611559032288E-02    7.264E-07
 0  1  0  1  1  0  0.00000000000000000E+00    0.000E+00
-1 -1  0 -1 -1  0  1.20259727527964946E-01   -2.615E-06
 1  1  0  1  1  0  0.00000000000000000E+00    0.000E+00
-1 -2  0 -1 -2  0  1.34503440703608035E-03    1.161E-06
 0 -1  0 -1 -2  0 -5.43824873480122303E-03   -1.161E-06
-1 -1  0 -1 -2  0 -6.77414152338207468E-03    7.270E-07
-1 -2  0  0 -1  0 -5.43824873480121609E-03   -1.161E-06
-1 -2  0 -1 -1  0 -6.77414152338207468E-03    7.270E-07
 1  2  0  0  0  0  0.00000000000000000E+00    0.000E+00
 1  2  0  0  1  0  0.00000000000000000E+00    0.000E+00
 1  1  0  0 -1  0  0.00000000000000000E+00    0.000E+00
 1  2  0  1  1  0  0.00000000000000000E+00    0.000E+00
 0  1  0 -1 -1  0  0.00000000000000000E+00    0.000E+00
 0  0  0 -1 -2  0  0.00000000000000000E+00    0.000E+00
 0  0  0  1  2  0  0.00000000000000000E+00    0.000E+00
 0  1  0  1  2  0  0.00000000000000000E+00    0.000E+00
 1  1  0  1  2  0  0.00000000000000000E+00    0.000E+00
-1 -1  0  0  1  0  0.00000000000000000E+00    0.000E+00
 0 -1  0  1  1  0  0.00000000000000000E+00    0.000E+00
-1 -2  0  0  0  0  0.00000000000000000E+00    0.000E+00
 1  2  0  1  2  0  0.00000000000000000E+00    0.000E+00
3 1 1  2 1 1
       49
 0  0  0  0  0  0 -2.50772125684223991E-37   -1.531E-41
-1  0  0  0  0  0  1.24559863379533882E-45   -3.486E-53
 1  0  0  0  0  0  1.24559863379533882E-45   -3.486E-53
 0 -1  0  0  0  0 -2.50772125684223991E-37   -1.531E-41
 0  1  0  0  0  0  0.00000000000000000E+00    0.000E+00
-1 -1  0  0  0  0  2.49119726759067765E-45   -1.403E-53
 1  1  0  0  0  0  0.00000000000000000E+00    0.000E+00
 0  0  0 -1  0  0  1.24559863379533882E-45   -5.021E-53
 0  0  0  1  0  0  1.24559863379533882E-45   -5.021E-53
-1  0  0 -1  0  0  0.00000000000000000E+00    0.000E+00
 1  0  0  1  0  0  0.00000000000000000E+00    0.000E+00
 0  1  0 -1  0  0  0.00000000000000000E+00    0.000E+00
 0 -1  0  1  0  0  0.00000000000000000E+00    0.000E+00
-1 -1  0 -1  0  0  0.00000000000000000E+00    0.000E+00
 1  1  0  1  0  0  0.00000000000000000E+00    0.000E+00
 0  0  0  0 -1  0 -2.50772125684223991E-37   -1.531E-41
 0  0  0  0  1  0  0.00000000000000000E+00    0.000E+00
 1  0  0  0 -1  0  0.00000000000000000E+00    0.000E+00
-1  0  0  0  1  0  0.00000000000000000E+00    0.000E+00
 0 -1  0  0 -1  0 -2.50772125684223991E-37   -1.531E-41
 0  1  0  0  1  0  0.00000000000000000E+00    0.000E+00
-1 -1  0  0 -1  0  2.49119726759067765E-45    2.970E-53
 1  1  0  0  1  0  0.00000000000000000E+00    0.000E+00
 0  0  0 -1 -1  0  2.49119726759067765E-45   -1.561E-52
 0  0  0  1  1  0  0.00000000000000000E+00    0.000E+00
-1  0  0 -1 -1  0  0.00000000000000000E+00    0.000E+00
 1  0  0  1  1  0  0.00000000000000000E+00    0.000E+00
 0 -1  0 -1 -1  0  2.49119726759067765E-45   -1.998E-52
 0  1  0  1  1  0  0.00000000000000000E+00    0.000E+00
-1 -1  0 -1 -1  0  2.50772130666618484E-37    1.531E-41
 1  1  0  1  1  0  0.00000000000000000E+00    0.000E+00
-1 -2  0 -1 -2  0  2.50772130666618484E-37    1.531E-41
 0 -1  0 -1 -2  0  2.49119726759067765E-45   -1.442E-52
-1 -1  0 -1 -2  0  2.50772130666618484E-37    1.531E-41
-1 -2  0  0 -1  0  2.49119726759067765E-45   -2.598E-53
-1 -2  0 -1 -1  0  2.50772130666618484E-37    1.531E-41
 1  2  0  0  0  0  0.00000000000000000E+00    0.000E+00
 1  2  0  0  1  0  0.00000000000000000E+00    0.000E+00
 1  1  0  0 -1  0  0.00000000000000000E+00    0.000E+00
 1  2  0  1  1  0  0.00000000000000000E+00    0.000E+00
 0  1  0 -1 -1  0  0.00000000000000000E+00    0.000E+00
 0  0  0 -1 -2  0  0.00000000000000000E+00    0.000E+00
 0  0  0  1  2  0  0.00000000000000000E+00    0.000E+00
 0  1  0  1  2  0  0.00000000000000000E+00    0.000E+00
 1  1  0  1  2  0  0.00000000000000000E+00    0.000E+00
-1 -1  0  0  1  0  0.00000000000000000E+00    0.000E+00
 0 -1  0  1  1  0  0.00000000000000000E+00    0.000E+00
-1 -2  0  0  0  0  0.00000000000000000E+00    0.000E+00
 1  2  0  1  2  0  0.00000000000000000E+00    0.000E+00
3 1 2  2 1 1
       49
 0  0  0  0  0  0 -2.89566703264319693E-37   -2.590E-53
-1  0  0  0  0  0  2.24414201753869521E-36    4.418E-42
 1  0  0  0  0  0  2.24414201753869521E-36    4.418E-42
 0 -1  0  0  0  0 -4.92263408589870444E-36   -1.584E-51
 0  1  0  0  0  0  0.00000000000000000E+00    0.000E+00
-1 -1  0  0  0  0 -1.44783347556995117E-37    8.837E-42
 1  1  0  0  0  0  0.00000000000000000E+00    0.000E+00
 0  0  0 -1  0  0  2.38892537324601925E-36   -4.418E-42
 0  0  0  1  0  0  2.38892537324601925E-36   -4.418E-42
-1  0  0 -1  0  0  0.00000000000000000E+00    0.000E+00
 1  0  0  1  0  0  0.00000000000000000E+00    0.000E+00
 0  1  0 -1  0  0  0.00000000000000000E+00    0.000E+00
 0 -1  0  1  0  0  0.00000000000000000E+00    0.000E+00
-1 -1  0 -1  0  0  0.00000000000000000E+00    0.000E+00
 1  1  0  1  0  0  0.00000000000000000E+00    0.000E+00
 0  0  0  0 -1  0 -5.21220079731335384E-36   -1.767E-41
 0  0  0  0  1  0  0.00000000000000000E+00    0.000E+00
 1  0  0  0 -1  0  0.00000000000000000E+00    0.000E+00
-1  0  0  0  1  0  0.00000000000000000E+00    0.000E+00
 0 -1  0  0 -1  0 -5.79133414678968760E-37   -1.767E-41
 0  1  0  0  1  0  0.00000000000000000E+00    0.000E+00
-1 -1  0  0 -1  0  4.19871732366274102E-36   -8.837E-42
 1  1  0  0  1  0  0.00000000000000000E+00    0.000E+00
 0  0  0 -1 -1  0  4.34350075272302977E-37    8.837E-42
 0  0  0  1  1  0  0.00000000000000000E+00    0.000E+00
-1  0  0 -1 -1  0  0.00000000000000000E+00    0.000E+00
 1  0  0  1  1  0  0.00000000000000000E+00    0.000E+00
 0 -1  0 -1 -1  0  5.06741745790668789E-36    8.837E-42
 0  1  0  1  1  0  0.00000000000000000E+00    0.000E+00
-1 -1  0 -1 -1  0  5.79133430979627510E-37    1.767E-41
 1  1  0  1  1  0  0.00000000000000000E+00    0.000E+00
-1 -2  0 -1 -2  0  2.89566719564978443E-37   -7.909E-53
 0 -1  0 -1 -2  0  1.44783363857653867E-37   -8.837E-42
-1 -1  0 -1 -2  0 -4.34350066306940697E-36   -1.580E-51
-1 -2  0  0 -1  0 -4.34350058971644226E-37   -8.837E-42
-1 -2  0 -1 -1  0 -4.05393395165475757E-36    1.767E-41
 1  2  0  0  0  0  0.00000000000000000E+00    0.000E+00
 1  2  0  0  1  0  0.00000000000000000E+00    0.000E+00
 1  1  0  0 -1  0  0.00000000000000000E+00    0.000E+00
 1  2  0  1  1  0  0.00000000000000000E+00    0.000E+00
 0  1  0 -1 -1  0  0.00000000000000000E+00    0.000E+00
 0  0  0 -1 -2  0  0.00000000000000000E+00    0.000E+00
 0  0  0  1  2  0  0.00000000000000000E+00    0.000E+00
 0  1  0  1  2  0  0.00000000000000000E+00    0.000E+00
 1  1  0  1  2  0  0.00000000000000000E+00    0.000E+00
-1 -1  0  0  1  0  0.00000000000000000E+00    0.000E+00
 0 -1  0  1  1  0  0.00000000000000000E+00    0.000E+00
-1 -2  0  0  0  0  0.00000000000000000E+00    0.000E+00
 1  2  0  1  2  0  0.00000000000000000E+00    0.000E+00
3 1 3  2 1 1
       49
 0  0  0  0  0  0  3.19631128825506160E-06    1.390E-06
-1  0  0  0  0  0 -1.45583012554857455E-06    7.917E-08
 1  0  0  0  0  0 -1.45583012554857455E-06    7.917E-08
 0 -1  0  0  0  0 -3.45708249873781601E-03   -6.529E-07
 0  1  0  0  0  0  0.00000000000000000E+00    0.000E+00
-1 -1  0  0  0  0  3.45679784770065463E-03   -8.958E-07
 1  1  0  0  0  0  0.00000000000000000E+00    0.000E+00
 0  0  0 -1  0  0 -3.63103897028308820E-04   -2.128E-08
 0  0  0  1  0  0 -3.63103897028308820E-04   -2.128E-08
-1  0  0 -1  0  0  0.00000000000000000E+00    0.000E+00
 1  0  0  1  0  0  0.00000000000000000E+00    0.000E+00
 0  1  0 -1  0  0  0.00000000000000000E+00    0.000E+00
 0 -1  0  1  0  0  0.00000000000000000E+00    0.000E+00
-1 -1  0 -1  0  0  0.00000000000000000E+00    0.000E+00
 1  1  0  1  0  0  0.00000000000000000E+00    0.000E+00
 0  0  0  0 -1  0 -3.94624331258036556E-03   -4.904E-07
 0  0  0  0  1  0  0.00000000000000000E+00    0.000E+00
 1  0  0  0 -1  0  0.00000000000000000E+00    0.000E+00
-1  0  0  0  1  0  0.00000000000000000E+00    0.000E+00
 0 -1  0  0 -1  0 -9.67270511456980175E-02   -2.471E-07
 0  1  0  0  1  0  0.00000000000000000E+00    0.000E+00
-1 -1  0  0 -1  0 -4.86386368255430708E-04   -6.267E-08
 1  1  0  0  1  0  0.00000000000000000E+00    0.000E+00
 0  0  0 -1 -1  0  4.66925479534873161E-03   -8.575E-07
 0  0  0  1  1  0  0.00000000000000000E+00    0.000E+00
-1  0  0 -1 -1  0  0.00000000000000000E+00    0.000E+00
 1  0  0  1  1  0  0.00000000000000000E+00    0.000E+00
 0 -1  0 -1 -1  0  1.21550582256314561E-03   -5.311E-08
 0  1  0  1  1  0  0.00000000000000000E+00    0.000E+00
-1 -1  0 -1 -1  0  9.59979316913902869E-02    3.628E-07
 1  1  0  1  1  0  0.00000000000000000E+00    0.000E+00
-1 -2  0 -1 -2  0  7.25923143019456259E-04   -1.506E-06
 0 -1  0 -1 -2  0 -5.66974489790935798E-03    9.531E-07
-1 -1  0 -1 -2  0  5.67002954894652283E-03    5.956E-07
-1 -2  0  0 -1  0  3.39495303504363665E-04    8.001E-07
-1 -2  0 -1 -1  0 -1.06250678627272787E-03    5.477E-07
 1  2  0  0  0  0  0.00000000000000000E+00    0.000E+00
 1  2  0  0  1  0  0.00000000000000000E+00    0.000E+00
 1  1  0  0 -1  0  0.00000000000000000E+00    0.000E+00
 1  2  0  1  1  0  0.00000000000000000E+00    0.000E+00
 0  1  0 -1 -1  0  0.00000000000000000E+00    0.000E+00
 0  0  0 -1 -2  0  0.00000000000000000E+00    0.000E+00
 0  0  0  1  2  0  0.00000000000000000E+00    0.000E+00
 0  1  0  1  2  0  0.00000000000000000E+00    0.000E+00
 1  1  0  1  2  0  0.00000000000000000E+00    0.000E+00
-1 -1  0  0  1  0  0.00000000000000000E+00    0.000E+00
 0 -1  0  1  1  0  0.00000000000000000E+00    0.000E+00
-1 -2  0  0  0  0  0.00000000000000000E+00    0.000E+00
 1  2  0  1  2  0  0.00000000000000000E+00    0.000E+00
3 2 1  2 1 1
       49
 0  0  0  0  0  0 -2.89566703264319776E-37   -2.590E-53
-1  0  0  0  0  0  2.38892537324601925E-36   -4.418E-42
 1  0  0  0  0  0  2.38892537324601925E-36   -4.418E-42
 0 -1  0  0  0  0 -5.21220079731335384E-36   -1.767E-41
 0  1  0  0  0  0  0.00000000000000000E+00    0.000E+00
-1 -1  0  0  0  0  4.34350075272302977E-37    8.837E-42
 1  1  0  0  0  0  0.00000000000000000E+00    0.000E+00
 0  0  0 -1  0  0  2.24414201753869521E-36    4.418E-42
 0  0  0  1  0  0  2.24414201753869521E-36    4.418E-42
-1  0  0 -1  0  0  0.00000000000000000E+00    0.000E+00
 1  0  0  1  0  0  0.00000000000000000E+00    0.000E+00
 0  1  0 -1  0  0  0.00000000000000000E+00    0.000E+00
 0 -1  0  1  0  0  0.00000000000000000E+00    0.000E+00
-1 -1  0 -1  0  0  0.00000000000000000E+00    0.000E+00
 1  1  0  1  0  0  0.00000000000000000E+00    0.000E+00
 0  0  0  0 -1  0 -4.92263408589870444E-36    1.533E-51
 0  0  0  0  1  0  0.00000000000000000E+00    0.000E+00
 1  0  0  0 -1  0  0.00000000000000000E+00    0.000E+00
-1  0  0  0  1  0  0.00000000000000000E+00    0.000E+00
 0 -1  0  0 -1  0 -5.79133414678968844E-37   -1.767E-41
 0  1  0  0  1  0  0.00000000000000000E+00    0.000E+00
-1 -1  0  0 -1  0  5.06741745790668789E-36    8.837E-42
 1  1  0  0  1  0  0.00000000000000000E+00    0.000E+00
 0  0  0 -1 -1  0 -1.44783347556995200E-37    8.837E-42
 0  0  0  1  1  0  0.00000000000000000E+00    0.000E+00
-1  0  0 -1 -1  0  0.00000000000000000E+00    0.000E+00
 1  0  0  1  1  0  0.00000000000000000E+00    0.000E+00
 0 -1  0 -1 -1  0  4.19871732366274102E-36   -8.837E-42
 0  1  0  1  1  0  0.00000000000000000E+00    0.000E+00
-1 -1  0 -1 -1  0  5.79133430979627594E-37    1.767E-41
 1  1  0  1  1  0  0.00000000000000000E+00    0.000E+00
-1 -2  0 -1 -2  0  2.89566719564978526E-37    2.730E-53
 0 -1  0 -1 -2  0 -4.34350058971644226E-37   -8.837E-42
-1 -1  0 -1 -2  0 -4.05393395165475757E-36    1.767E-41
-1 -2  0  0 -1  0  1.44783363857653951E-37   -8.837E-42
-1 -2  0 -1 -1  0 -4.34350066306940697E-36    1.528E-51
 1  2  0  0  0  0  0.00000000000000000E+00    0.000E+00
 1  2  0  0  1  0  0.00000000000000000E+00    0.000E+00
 1  1  0  0 -1  0  0.00000000000000000E+00    0.000E+00
 1  2  0  1  1  0  0.00000000000000000E+00    0.000E+00
 0  1  0 -1 -1  0  0.00000000000000000E+00    0.000E+00
 0  0  0 -1 -2  0  0.00000000000000000E+00    0.000E+00
 0  0  0  1  2  0  0.00000000000000000E+00    0.000E+00
 0  1  0  1  2  0  0.00000000000000000E+00    0.000E+00
 1  1  0  1  2  0  0.00000000000000000E+00    0.000E+00
-1 -1  0  0  1  0  0.00000000000000000E+00    0.000E+00
 0 -1  0  1  1  0  0.00000000000000000E+00    0.000E+00
-1 -2  0  0  0  0  0.00000000000000000E+00    0.000E+00
 1  2  0  1  2  0  0.00000000000000000E+00    0.000E+00
3 2 2  2 1 1
       49
 0  0  0  0  0  0  4.59748900962874773E-36   -1.531E-41
-1  0  0  0  0  0  5.26621468822310418E-36    3.892E-47
 1  0  0  0  0  0  5.26621468822310418E-36    3.892E-47
 0 -1  0  0  0  0 -1.11175643560287578E-35   -5.102E-42
 0  1  0  0  0  0  0.00000000000000000E+00    0.000E+00
-1 -1  0  0  0  0 -5.51698682677848033E-36   -1.020E-41
 1  1  0  0  0  0  0.00000000000000000E+00    0.000E+00
 0  0  0 -1  0  0  5.26621468822310418E-36    3.893E-47
 0  0  0  1  0  0  5.26621468822310418E-36    3.893E-47
-1  0  0 -1  0  0  0.00000000000000000E+00    0.000E+00
 1  0  0  1  0  0  0.00000000000000000E+00    0.000E+00
 0  1  0 -1  0  0  0.00000000000000000E+00    0.000E+00
 0 -1  0  1  0  0  0.00000000000000000E+00    0.000E+00
-1 -1  0 -1  0  0  0.00000000000000000E+00    0.000E+00
 1  1  0  1  0  0  0.00000000000000000E+00    0.000E+00
 0  0  0  0 -1  0 -1.11175643560287578E-35   -5.102E-42
 0  0  0  0  1  0  0.00000000000000000E+00    0.000E+00
 1  0  0  0 -1  0  0.00000000000000000E+00    0.000E+00
-1  0  0  0  1  0  0.00000000000000000E+00    0.000E+00
 0 -1  0  0 -1  0  5.26621468476310870E-36    5.102E-42
 0  1  0  0  1  0  0.00000000000000000E+00    0.000E+00
-1 -1  0  0 -1  0  1.08667922140133875E-35   -7.785E-47
 1  1  0  0  1  0  0.00000000000000000E+00    0.000E+00
 0  0  0 -1 -1  0 -5.51698682677848033E-36   -1.020E-41
 0  0  0  1  1  0  0.00000000000000000E+00    0.000E+00
-1  0  0 -1 -1  0  0.00000000000000000E+00    0.000E+00
 1  0  0  1  1  0  0.00000000000000000E+00    0.000E+00
 0 -1  0 -1 -1  0  1.08667922140133875E-35   -7.785E-47
 0  1  0  1  1  0  0.00000000000000000E+00    0.000E+00
-1 -1  0 -1 -1  0  5.76775894111388009E-36   -5.102E-42
 1  1  0  1  1  0  0.00000000000000000E+00    0.000E+00
-1 -2  0 -1 -2  0  5.76775894111388277E-36    1.531E-41
 0 -1  0 -1 -2  0 -5.18262398921129851E-36    1.020E-41
-1 -1  0 -1 -2  0 -1.02816572621108073E-35    5.102E-42
-1 -2  0  0 -1  0 -5.18262398921129851E-36    1.020E-41
-1 -2  0 -1 -1  0 -1.02816572621108073E-35    5.102E-42
 1  2  0  0  0  0  0.00000000000000000E+00    0.000E+00
 1  2  0  0  1  0  0.00000000000000000E+00    0.000E+00
 1  1  0  0 -1  0  0.00000000000000000E+00    0.000E+00
 1  2  0  1  1  0  0.00000000000000000E+00    0.000E+00
 0  1  0 -1 -1  0  0.00000000000000000E+00    0.000E+00
 0  0  0 -1 -2  0  0.00000000000000000E+00    0.000E+00
 0  0  0  1  2  0  0.00000000000000000E+00    0.000E+00
 0  1  0  1  2  0  0.00000000000000000E+00    0.000E+00
 1  1  0  1  2  0  0.00000000000000000E+00    0.000E+00
-1 -1  0  0  1  0  0.00000000000000000E+00    0.000E+00
 0 -1  0  1  1  0  0.00000000000000000E+00    0.000E+00
-1 -2  0  0  0  0  0.00000000000000000E+00    0.000E+00
 1  2  0  1  2  0  0.00000000000000000E+00    0.000E+00
3 2 3  2 1 1
       49
 0  0  0  0  0  0 -1.11692269805843375E-01    1.651E-07
-1  0  0  0  0  0  1.96671627389583686E-04   -1.665E-07
 1  0  0  0  0  0  1.96671627389583686E-04   -1.665E-07
 0 -1  0  0  0  0 -2.56053419772821200E-03   -4.547E-07
 0  1  0  0  0  0  0.00000000000000000E+00    0.000E+00
-1 -1  0  0  0  0 -2.55766183573470120E-03    6.225E-07
 1  1  0  0  0  0  0.00000000000000000E+00    0.000E+00
 0  0  0 -1  0  0 -3.06396722012175493E-03   -1.747E-07
 0  0  0  1  0  0 -3.06396722012175493E-03   -1.747E-07
-1  0  0 -1  0  0  0.00000000000000000E+00    0.000E+00
 1  0  0  1  0  0  0.00000000000000000E+00    0.000E+00
 0  1  0 -1  0  0  0.00000000000000000E+00    0.000E+00
 0 -1  0  1  0  0  0.00000000000000000E+00    0.000E+00
-1 -1  0 -1  0  0  0.00000000000000000E+00    0.000E+00
 1  1  0  1  0  0  0.00000000000000000E+00    0.000E+00
 0  0  0  0 -1  0 -1.71328302952375444E-03   -2.945E-07
 0  0  0  0  1  0  0.00000000000000000E+00    0.000E+00
 1  0  0  0 -1  0  0.00000000000000000E+00    0.000E+00
-1  0  0  0  1  0  0.00000000000000000E+00    0.000E+00
 0 -1  0  0 -1  0  5.58482312573318346E-02    5.841E-07
 0  1  0  0  1  0  0.00000000000000000E+00    0.000E+00
-1 -1  0  0 -1  0  4.27273495180967994E-03    2.557E-07
 1  1  0  0  1  0  0.00000000000000000E+00    0.000E+00
 0  0  0 -1 -1  0 -1.29249812372934925E-03    4.789E-07
 0  0  0  1  1  0  0.00000000000000000E+00    0.000E+00
-1  0  0 -1 -1  0  0.00000000000000000E+00    0.000E+00
 1  0  0  1  1  0  0.00000000000000000E+00    0.000E+00
 0 -1  0 -1 -1  0  4.69017151912644314E-03    4.267E-07
 0  1  0  1  1  0  0.00000000000000000E+00    0.000E+00
-1 -1  0 -1 -1  0  5.54245739895439238E-02   -1.266E-06
 1  1  0  1  1  0  0.00000000000000000E+00    0.000E+00
-1 -2  0 -1 -2  0  4.19464558967633933E-04    5.173E-07
 0 -1  0 -1 -2  0  2.43512416328367856E-03   -5.561E-07
-1 -1  0 -1 -2  0  3.27334563639484349E-03    3.883E-07
-1 -2  0  0 -1  0 -1.99121846555527088E-04   -5.452E-07
-1 -2  0 -1 -1  0 -6.13686051878774286E-04    3.609E-07
 1  2  0  0  0  0  0.00000000000000000E+00    0.000E+00
 1  2  0  0  1  0  0.00000000000000000E+00    0.000E+00
 1  1  0  0 -1  0  0.00000000000000000E+00    0.000E+00
 1  2  0  1  1  0  0.00000000000000000E+00    0.000E+00
 0  1  0 -1 -1  0  0.00000000000000000E+00    0.000E+00
 0  0  0 -1 -2  0  0.00000000000000000E+00    0.000E+00
 0  0  0  1  2  0  0.00000000000000000E+00    0.000E+00
 0  1  0  1  2  0  0.00000000000000000E+00    0.000E+00
 1  1  0  1  2  0  0.00000000000000000E+00    0.000E+00
-1 -1  0  0  1  0  0.00000000000000000E+00    0.000E+00
 0 -1  0  1  1  0  0.00000000000000000E+00    0.000E+00
-1 -2  0  0  0  0  0.00000000000000000E+00    0.000E+00
 1  2  0  1  2  0  0.00000000000000000E+00    0.000E+00
3 3 1  2 1 1
       49
 0  0  0  0  0  0  3.19631128825495318E-06    1.390E-06
-1  0  0  0  0  0 -3.63103897028308766E-04   -2.128E-08
 1  0  0  0  0  0 -3.63103897028308766E-04   -2.128E-08
 0 -1  0  0  0  0 -3.94624331258036556E-03   -4.904E-07
 0  1  0  0  0  0  0.00000000000000000E+00    0.000E+00
-1 -1  0  0  0  0  4.66925479534872467E-03   -8.575E-07
 1  1  0  0  0  0  0.00000000000000000E+00    0.000E+00
 0  0  0 -1  0  0 -1.45583012555025506E-06    7.917E-08
 0  0  0  1  0  0 -1.45583012555025506E-06    7.917E-08
-1  0  0 -1  0  0  0.00000000000000000E+00    0.000E+00
 1  0  0  1  0  0  0.00000000000000000E+00    0.000E+00
 0  1  0 -1  0  0  0.00000000000000000E+00    0.000E+00
 0 -1  0  1  0  0  0.00000000000000000E+00    0.000E+00
-1 -1  0 -1  0  0  0.00000000000000000E+00    0.000E+00
 1  1  0  1  0  0  0.00000000000000000E+00    0.000E+00
 0  0  0  0 -1  0 -3.45708249873781254E-03   -6.529E-07
 0  0  0  0  1  0  0.00000000000000000E+00    0.000E+00
 1  0  0  0 -1  0  0.00000000000000000E+00    0.000E+00
-1  0  0  0  1  0  0.00000000000000000E+00    0.000E+00
 0 -1  0  0 -1  0 -9.67270511456980175E-02   -2.471E-07
 0  1  0  0  1  0  0.00000000000000000E+00    0.000E+00
-1 -1  0  0 -1  0  1.21550582256314539E-03   -5.311E-08
 1  1  0  0  1  0  0.00000000000000000E+00    0.000E+00
 0  0  0 -1 -1  0  3.45679784770065810E-03   -8.958E-07
 0  0  0  1  1  0  0.00000000000000000E+00    0.000E+00
-1  0  0 -1 -1  0  0.00000000000000000E+00    0.000E+00
 1  0  0  1  1  0  0.00000000000000000E+00    0.000E+00
 0 -1  0 -1 -1  0 -4.86386368255430817E-04   -6.267E-08
 0  1  0  1  1  0  0.00000000000000000E+00    0.000E+00
-1 -1  0 -1 -1  0  9.59979316913902869E-02    3.628E-07
 1  1  0  1  1  0  0.00000000000000000E+00    0.000E+00
-1 -2  0 -1 -2  0  7.25923143019456150E-04   -1.506E-06
 0 -1  0 -1 -2  0  3.39495303504368543E-04    8.001E-07
-1 -1  0 -1 -2  0 -1.06250678627272765E-03    5.477E-07
-1 -2  0  0 -1  0 -5.66974489790935798E-03    9.531E-07
-1 -2  0 -1 -1  0  5.67002954894651936E-03    5.956E-07
 1  2  0  0  0  0  0.00000000000000000E+00    0.000E+00
 1  2  0  0  1  0  0.00000000000000000E+00    0.000E+00
 1  1  0  0 -1  0  0.00000000000000000E+00    0.000E+00
 1  2  0  1  1  0  0.00000000000000000E+00    0.000E+00
 0  1  0 -1 -1  0  0.00000000000000000E+00    0.000E+00
 0  0  0 -1 -2  0  0.00000000000000000E+00    0.000E+00
 0  0  0  1  2  0  0.00000000000000000E+00    0.000E+00
 0  1  0  1  2  0  0.00000000000000000E+00    0.000E+00
 1  1  0  1  2  0  0.00000000000000000E+00    0.000E+00
-1 -1  0  0  1  0  0.00000000000000000E+00    0.000E+00
 0 -1  0  1  1  0  0.00000000000000000E+00    0.000E+00
-1 -2  0  0  0  0  0.00000000000000000E+00    0.000E+00
 1  2  0  1  2  0  0.00000000000000000E+00    0.000E+00
3 3 2  2 1 1
       49
 0  0  0  0  0  0 -1.11692269805843389E-01    1.651E-07
-1  0  0  0  0  0 -3.06396722012175233E-03   -1.747E-07
 1  0  0  0  0  0 -3.06396722012175233E-03   -1.747E-07
 0 -1  0  0  0  0 -1.71328302952375618E-03   -2.945E-07
 0  1  0  0  0  0  0.00000000000000000E+00    0.000E+00
-1 -1  0  0  0  0 -1.29249812372935445E-03    4.789E-07
 1  1  0  0  0  0  0.00000000000000000E+00    0.000E+00
 0  0  0 -1  0  0  1.96671627389581084E-04   -1.665E-07
 0  0  0  1  0  0  1.96671627389581084E-04   -1.665E-07
-1  0  0 -1  0  0  0.00000000000000000E+00    0.000E+00
 1  0  0  1  0  0  0.00000000000000000E+00    0.000E+00
 0  1  0 -1  0  0  0.00000000000000000E+00    0.000E+00
 0 -1  0  1  0  0  0.00000000000000000E+00    0.000E+00
-1 -1  0 -1  0  0  0.00000000000000000E+00    0.000E+00
 1  1  0  1  0  0  0.00000000000000000E+00    0.000E+00
 0  0  0  0 -1  0 -2.56053419772820680E-03   -4.547E-07
 0  0  0  0  1  0  0.00000000000000000E+00    0.000E+00
 1  0  0  0 -1  0  0.00000000000000000E+00    0.000E+00
-1  0  0  0  1  0  0.00000000000000000E+00    0.000E+00
 0 -1  0  0 -1  0  5.58482312573318346E-02    5.841E-07
 0  1  0  0  1  0  0.00000000000000000E+00    0.000E+00
-1 -1  0  0 -1  0  4.69017151912644488E-03    4.267E-07
 1  1  0  0  1  0  0.00000000000000000E+00    0.000E+00
 0  0  0 -1 -1  0 -2.55766183573469773E-03    6.225E-07
 0  0  0  1  1  0  0.00000000000000000E+00    0.000E+00
-1  0  0 -1 -1  0  0.00000000000000000E+00    0.000E+00
 1  0  0  1  1  0  0.00000000000000000E+00    0.000E+00
 0 -1  0 -1 -1  0  4.27273495180969208E-03    2.557E-07
 0  1  0  1  1  0  0.00000000000000000E+00    0.000E+00
-1 -1  0 -1 -1  0  5.54245739895439238E-02   -1.266E-06
 1  1  0  1  1  0  0.00000000000000000E+00    0.000E+00
-1 -2  0 -1 -2  0  4.19464558967628728E-04    5.173E-07
 0 -1  0 -1 -2  0 -1.99121846555532292E-04   -5.452E-07
-1 -1  0 -1 -2  0 -6.13686051878779490E-04    3.609E-07
-1 -2  0  0 -1  0  2.43512416328368723E-03   -5.561E-07
-1 -2  0 -1 -1  0  3.27334563639484176E-03    3.883E-07
 1  2  0  0  0  0  0.00000000000000000E+00    0.000E+00
 1  2  0  0  1  0  0.00000000000000000E+00    0.000E+00
 1  1  0  0 -1  0  0.00000000000000000E+00    0.000E+00
 1  2  0  1  1  0  0.00000000000000000E+00    0.000E+00
 0  1  0 -1 -1  0  0.00000000000000000E+00    0.000E+00
 0  0  0 -1 -2  0  0.00000000000000000E+00    0.000E+00
 0  0  0  1  2  0  0.00000000000000000E+00    0.000E+00
 0  1  0  1  2  0  0.00000000000000000E+00    0.000E+00
 1  1  0  1  2  0  0.00000000000000000E+00    0.000E+00
-1 -1  0  0  1  0  0.00000000000000000E+00    0.000E+00
 0 -1  0  1  1  0  0.00000000000000000E+00    0.000E+00
-1 -2  0  0  0  0  0.00000000000000000E+00    0.000E+00
 1  2  0  1  2  0  0.00000000000000000E+00    0.000E+00
3 3 3  2 1 1
       49
 0  0  0  0  0  0  0.00000000000000000E+00    0.000E+00
-1  0  0  0  0  0  0.00000000000000000E+00    0.000E+00
 1  0  0  0  0  0  0.00000000000000000E+00    0.000E+00
 0 -1  0  0  0  0  0.00000000000000000E+00    0.000E+00
 0  1  0  0  0  0  0.00000000000000000E+00    0.000E+00
-1 -1  0  0  0  0  0.00000000000000000E+00    0.000E+00
 1  1  0  0  0  0  0.00000000000000000E+00    0.000E+00
 0  0  0 -1  0  0  0.00000000000000000E+00    0.000E+00
 0  0  0  1  0  0  0.00000000000000000E+00    0.000E+00
-1  0  0 -1  0  0  0.00000000000000000E+00    0.000E+00
 1  0  0  1  0  0  0.00000000000000000E+00    0.000E+00
 0  1  0 -1  0  0  0.00000000000000000E+00    0.000E+00
 0 -1  0  1  0  0  0.00000000000000000E+00    0.000E+00
-1 -1  0 -1  0  0  0.00000000000000000E+00    0.000E+00
 1  1  0  1  0  0  0.00000000000000000E+00    0.000E+00
 0  0  0  0 -1  0  0.00000000000000000E+00    0.000E+00
 0  0  0  0  1  0  0.00000000000000000E+00    0.000E+00
 1  0  0  0 -1  0  0.00000000000000000E+00    0.000E+00
-1  0  0  0  1  0  0.00000000000000000E+00    0.000E+00
 0 -1  0  0 -1  0  0.00000000000000000E+00    0.000E+00
 0  1  0  0  1  0  0.00000000000000000E+00    0.000E+00
-1 -1  0  0 -1  0  0.00000000000000000E+00    0.000E+00
 1  1  0  0  1  0  0.00000000000000000E+00    0.000E+00
 0  0  0 -1 -1  0  0.00000000000000000E+00    0.000E+00
 0  0  0  1  1  0  0.00000000000000000E+00    0.000E+00
-1  0  0 -1 -1  0  0.00000000000000000E+00    0.000E+00
 1  0  0  1  1  0  0.00000000000000000E+00    0.000E+00
 0 -1  0 -1 -1  0  0.00000000000000000E+00    0.000E+00
 0  1  0  1  1  0  0.00000000000000000E+00    0.000E+00
-1 -1  0 -1 -1  0  0.00000000000000000E+00    0.000E+00
 1  1  0  1  1  0  0.00000000000000000E+00    0.000E+00
-1 -2  0 -1 -2  0  0.00000000000000000E+00    0.000E+00
 0 -1  0 -1 -2  0  0.00000000000000000E+00    0.000E+00
-1 -1  0 -1 -2  0  0.00000000000000000E+00    0.000E+00
-1 -2  0  0 -1  0  0.00000000000000000E+00    0.000E+00
-1 -2  0 -1 -1  0  0.00000000000000000E+00    0.000E+00
 1  2  0  0  0  0  0.00000000000000000E+00    0.000E+00
 1  2  0  0  1  0  0.00000000000000000E+00    0.000E+00
 1  1  0  0 -1  0  0.00000000000000000E+00    0.000E+00
 1  2  0  1  1  0  0.00000000000000000E+00    0.000E+00
 0  1  0 -1 -1  0  0.00000000000000000E+00    0.000E+00
 0  0  0 -1 -2  0  0.00000000000000000E+00    0.000E+00
 0  0  0  1  2  0  0.00000000000000000E+00    0.000E+00
 0  1  0  1  2  0  0.00000000000000000E+00    0.000E+00
 1  1  0  1  2  0  0.00000000000000000E+00    0.000E+00
-1 -1  0  0  1  0  0.00000000000000000E+00    0.000E+00
 0 -1  0  1  1  0  0.00000000000000000E+00    0.000E+00
-1 -2  0  0  0  0  0.00000000000000000E+00    0.000E+00
 1  2  0  1  2  0  0.00000000000000000E+00    0.000E+00
1 1 1  2 1 2
       49
 0  0  0  0  0  0  4.56142749171606354E-04   -1.922E-05
-1  0  0  0  0  0  0.00000000000000000E+00    0.000E+00
 1  0  0  0  0  0  0.00000000000000000E+00    0.000E+00
 0 -1  0  0  0  0 -1.23655954288040038E+00    3.779E-06
 0  1  0  0  0  0  0.00000000000000000E+00    0.000E+00
-1 -1  0  0  0  0  1.23546678007153643E+00   -3.952E-06
 1  1  0  0  0  0  0.00000000000000000E+00    0.000E+00
 0  0  0 -1  0  0 -2.73190702216041803E-04   -4.340E-08
 0  0  0  1  0  0 -2.73190702216041803E-04   -4.340E-08
-1  0  0 -1  0  0 -2.73190702216014047E-04   -4.340E-08
 1  0  0  1  0  0 -2.73190702216014047E-04   -4.340E-08
 0  1  0 -1  0  0  0.00000000000000000E+00    0.000E+00
 0 -1  0  1  0  0  5.46381404432028095E-04    8.679E-08
-1 -1  0 -1  0  0  5.46381404432028095E-04    8.679E-08
 1  1  0  1  0  0  0.00000000000000000E+00    0.000E+00
 0  0  0  0 -1  0  0.00000000000000000E+00    0.000E+00
 0  0  0  0  1  0 -7.15558339661385712E-02    7.722E-06
 1  0  0  0 -1  0  0.00000000000000000E+00    0.000E+00
-1  0  0  0  1  0  0.00000000000000000E+00    0.000E+00
 0 -1  0  0 -1  0 -7.15558339661385712E-02    7.722E-06
 0  1  0  0  1  0  0.00000000000000000E+00    0.000E+00
-1 -1  0  0 -1  0  0.00000000000000000E+00    0.000E+00
 1  1  0  0  1  0  0.00000000000000000E+00    0.000E+00
 0  0  0 -1 -1  0  0.00000000000000000E+00    0.000E+00
 0  0  0  1  1  0  7.16460726213989929E-02    1.159E-05
-1  0  0 -1 -1  0  0.00000000000000000E+00    0.000E+00
 1  0  0  1  1  0  0.00000000000000000E+00    0.000E+00
 0 -1  0 -1 -1  0  0.00000000000000000E+00    0.000E+00
 0  1  0  1  1  0  0.00000000000000000E+00    0.000E+00
-1 -1  0 -1 -1  0  7.16460726213989929E-02    1.159E-05
 1  1  0  1  1  0  0.00000000000000000E+00    0.000E+00
-1 -2  0 -1 -2  0  0.00000000000000000E+00    0.000E+00
 0 -1  0 -1 -2  0  0.00000000000000000E+00    0.000E+00
-1 -1  0 -1 -2  0  0.00000000000000000E+00    0.000E+00
-1 -2  0  0 -1  0 -5.03261898753026848E-03   -7.722E-06
-1 -2  0 -1 -1  0  4.94238033226990225E-03   -1.159E-05
 1  2  0  0  0  0  0.00000000000000000E+00    0.000E+00
 1  2  0  0  1  0  0.00000000000000000E+00    0.000E+00
 1  1  0  0 -1  0  0.00000000000000000E+00    0.000E+00
 1  2  0  1  1  0  0.00000000000000000E+00    0.000E+00
 0  1  0 -1 -1  0  0.00000000000000000E+00    0.000E+00
 0  0  0 -1 -2  0  0.00000000000000000E+00    0.000E+00
 0  0  0  1  2  0  0.00000000000000000E+00    0.000E+00
 0  1  0  1  2  0  0.00000000000000000E+00    0.000E+00
 1  1  0  1  2  0  0.00000000000000000E+00    0.000E+00
-1 -1  0  0  1  0 -5.03261898753032400E-03   -7.722E-06
 0 -1  0  1  1  0  4.94238033226995777E-03   -1.159E-05
-1 -2  0  0  0  0  6.36620059692449836E-04    1.940E-05
 1  2  0  1  2  0  0.00000000000000000E+00    0.000E+00
1 1 2  2 1 2
       49
 0  0  0  0  0  0  1.05824220372938838E+00   -2.790E-06
-1  0  0  0  0  0  0.00000000000000000E+00    0.000E+00
 1  0  0  0  0  0  0.00000000000000000E+00    0.000E+00
 0 -1  0  0  0  0  1.78829676324658138E+00    3.820E-06
 0  1  0  0  0  0  0.00000000000000000E+00    0.000E+00
-1 -1  0  0  0  0  1.78714408516892886E+00    1.185E-06
 1  1  0  0  0  0  0.00000000000000000E+00    0.000E+00
 0  0  0 -1  0  0  5.06150247091830874E-01    1.280E-06
 0  0  0  1  0  0  5.06150247091830874E-01    1.280E-06
-1  0  0 -1  0  0  5.01367578328980934E-01    1.222E-06
 1  0  0  1  0  0  5.01367578328980934E-01    1.222E-06
 0  1  0 -1  0  0  0.00000000000000000E+00    0.000E+00
 0 -1  0  1  0  0  1.02005343859564546E+00   -2.670E-06
-1 -1  0 -1  0  0  1.02118201244599316E+00   -2.334E-06
 1  1  0  1  0  0  0.00000000000000000E+00    0.000E+00
 0  0  0  0 -1  0  0.00000000000000000E+00    0.000E+00
 0  0  0  0  1  0  9.59301727814965255E-01   -6.779E-07
 1  0  0  0 -1  0  0.00000000000000000E+00    0.000E+00
-1  0  0  0  1  0  0.00000000000000000E+00    0.000E+00
 0 -1  0  0 -1  0  9.20174030251158959E-01   -3.516E-07
 0  1  0  0  1  0  0.00000000000000000E+00    0.000E+00
-1 -1  0  0 -1  0  0.00000000000000000E+00    0.000E+00
 1  1  0  0  1  0  0.00000000000000000E+00    0.000E+00
 0  0  0 -1 -1  0  0.00000000000000000E+00    0.000E+00
 0  0  0  1  1  0  9.61078614128297870E-01    9.084E-07
-1  0  0 -1 -1  0  0.00000000000000000E+00    0.000E+00
 1  0  0  1  1  0  0.00000000000000000E+00    0.000E+00
 0 -1  0 -1 -1  0  0.00000000000000000E+00    0.000E+00
 0  1  0  1  1  0  0.00000000000000000E+00    0.000E+00
-1 -1  0 -1 -1  0  9.19549822015478080E-01    6.970E-07
 1  1  0  1  1  0  0.00000000000000000E+00    0.000E+00
-1 -2  0 -1 -2  0  0.00000000000000000E+00    0.000E+00
 0 -1  0 -1 -2  0  0.00000000000000000E+00    0.000E+00
-1 -1  0 -1 -2  0  0.00000000000000000E+00    0.000E+00
-1 -2  0  0 -1  0  9.81602437921479054E-01    5.768E-07
-1 -2  0 -1 -1  0  9.81098072306811897E-01   -8.073E-07
 1  2  0  0  0  0  0.00000000000000000E+00    0.000E+00
 1  2  0  0  1  0  0.00000000000000000E+00    0.000E+00
 1  1  0  0 -1  0  0.00000000000000000E+00    0.000E+00
 1  2  0  1  1  0  0.00000000000000000E+00    0.000E+00
 0  1  0 -1 -1  0  0.00000000000000000E+00    0.000E+00
 0  0  0 -1 -2  0  0.00000000000000000E+00    0.000E+00
 0  0  0  1  2  0  0.00000000000000000E+00    0.000E+00
 0  1  0  1  2  0  0.00000000000000000E+00    0.000E+00
 1  1  0  1  2  0  0.00000000000000000E+00    0.000E+00
-1 -1  0  0  1  0  9.76891742551170061E-01    4.527E-07
 0 -1  0  1  1  0  9.76243430088184372E-01   -7.981E-07
-1 -2  0  0  0  0  9.73627329932304164E-01   -2.214E-06
 1  2  0  1  2  0  0.00000000000000000E+00    0.000E+00
1 1 3  2 1 2
       49
 0  0  0  0  0  0  1.07951881696134037E-44   -1.495E-44
-1  0  0  0  0  0  0.00000000000000000E+00    0.000E+00
 1  0  0  0  0  0  0.00000000000000000E+00    0.000E+00
 0 -1  0  0  0  0  1.07951881696134249E-44    1.495E-44
 0  1  0  0  0  0  0.00000000000000000E+00    0.000E+00
-1 -1  0  0  0  0 -1.90991790693160379E-44   -1.495E-44
 1  1  0  0  0  0  0.00000000000000000E+00    0.000E+00
 0  0  0 -1  0  0  2.03447777042714140E-44    7.474E-45
 0  0  0  1  0  0  2.03447777042714140E-44    7.474E-45
-1  0  0 -1  0  0 -2.44967731541227223E-44   -7.474E-45
 1  0  0  1  0  0 -2.44967731541227223E-44   -7.474E-45
 0  1  0 -1  0  0  0.00000000000000000E+00    0.000E+00
 0 -1  0  1  0  0  4.06895554085428080E-44   -1.495E-44
-1 -1  0 -1  0  0 -4.89935463082454248E-44    1.495E-44
 1  1  0  1  0  0  0.00000000000000000E+00    0.000E+00
 0  0  0  0 -1  0  0.00000000000000000E+00    0.000E+00
 0  0  0  0  1  0 -1.90991790693160155E-44   -1.495E-44
 1  0  0  0 -1  0  0.00000000000000000E+00    0.000E+00
-1  0  0  0  1  0  0.00000000000000000E+00    0.000E+00
 0 -1  0  0 -1  0 -1.90991790693160055E-44    1.495E-44
 0  1  0  0  1  0  0.00000000000000000E+00    0.000E+00
-1 -1  0  0 -1  0  0.00000000000000000E+00    0.000E+00
 1  1  0  0  1  0  0.00000000000000000E+00    0.000E+00
 0  0  0 -1 -1  0  0.00000000000000000E+00    0.000E+00
 0  0  0  1  1  0 -4.89935463082454546E-44    1.495E-44
-1  0  0 -1 -1  0  0.00000000000000000E+00    0.000E+00
 1  0  0  1  1  0  0.00000000000000000E+00    0.000E+00
 0 -1  0 -1 -1  0  0.00000000000000000E+00    0.000E+00
 0  1  0  1  1  0  0.00000000000000000E+00    0.000E+00
-1 -1  0 -1 -1  0  4.06895554085428379E-44    1.495E-44
 1  1  0  1  1  0  0.00000000000000000E+00    0.000E+00
-1 -2  0 -1 -2  0  0.00000000000000000E+00    0.000E+00
 0 -1  0 -1 -2  0  0.00000000000000000E+00    0.000E+00
-1 -1  0 -1 -2  0  0.00000000000000000E+00    0.000E+00
-1 -2  0  0 -1  0  1.07951881696133950E-44    1.495E-44
-1 -2  0 -1 -1  0  4.06895554085428329E-44   -1.495E-44
 1  2  0  0  0  0  0.00000000000000000E+00    0.000E+00
 1  2  0  0  1  0  0.00000000000000000E+00    0.000E+00
 1  1  0  0 -1  0  0.00000000000000000E+00    0.000E+00
 1  2  0  1  1  0  0.00000000000000000E+00    0.000E+00
 0  1  0 -1 -1  0  0.00000000000000000E+00    0.000E+00
 0  0  0 -1 -2  0  0.00000000000000000E+00    0.000E+00
 0  0  0  1  2  0  0.00000000000000000E+00    0.000E+00
 0  1  0  1  2  0  0.00000000000000000E+00    0.000E+00
 1  1  0  1  2  0  0.00000000000000000E+00    0.000E+00
-1 -1  0  0  1  0  1.07951881696133913E-44   -1.495E-44
 0 -1  0  1  1  0 -4.89935463082454646E-44   -1.495E-44
-1 -2  0  0  0  0 -1.90991790693160230E-44    1.495E-44
 1  2  0  1  2  0  0.00000000000000000E+00    0.000E+00
1 2 1  2 1 2
       49
 0  0  0  0  0  0  1.09030150965926387E+00   -2.793E-06
-1  0  0  0  0  0  0.00000000000000000E+00    0.000E+00
 1  0  0  0  0  0  0.00000000000000000E+00    0.000E+00
 0 -1  0  0  0  0  1.77278135908646672E+00    3.751E-06
 0  1  0  0  0  0  0.00000000000000000E+00    0.000E+00
-1 -1  0  0  0  0  1.77031042092010549E+00    1.225E-06
 1  1  0  0  0  0  0.00000000000000000E+00    0.000E+00
 0  0  0 -1  0  0  4.77925119135174659E-01    1.244E-06
 0  0  0  1  0  0  4.77925119135174659E-01    1.244E-06
-1  0  0 -1  0  0  4.77925119135174548E-01    1.244E-06
 1  0  0  1  0  0  4.77925119135174548E-01    1.244E-06
 0  1  0 -1  0  0  0.00000000000000000E+00    0.000E+00
 0 -1  0  1  0  0  9.42420877186021855E-01   -2.488E-06
-1 -1  0 -1  0  0  9.42420877186022077E-01   -2.488E-06
 1  1  0  1  0  0  0.00000000000000000E+00    0.000E+00
 0  0  0  0 -1  0  0.00000000000000000E+00    0.000E+00
 0  0  0  0  1  0  9.78651619397181038E-01   -4.791E-07
 1  0  0  0 -1  0  0.00000000000000000E+00    0.000E+00
-1  0  0  0  1  0  0.00000000000000000E+00    0.000E+00
 0 -1  0  0 -1  0  9.78651619397181038E-01   -4.791E-07
 0  1  0  0  1  0  0.00000000000000000E+00    0.000E+00
-1 -1  0  0 -1  0  0.00000000000000000E+00    0.000E+00
 1  1  0  0  1  0  0.00000000000000000E+00    0.000E+00
 0  0  0 -1 -1  0  0.00000000000000000E+00    0.000E+00
 0  0  0  1  1  0  9.79887088480362101E-01    7.840E-07
-1  0  0 -1 -1  0  0.00000000000000000E+00    0.000E+00
 1  0  0  1  1  0  0.00000000000000000E+00    0.000E+00
 0 -1  0 -1 -1  0  0.00000000000000000E+00    0.000E+00
 0  1  0  1  1  0  0.00000000000000000E+00    0.000E+00
-1 -1  0 -1 -1  0  9.79887088480362101E-01    7.840E-07
 1  1  0  1  1  0  0.00000000000000000E+00    0.000E+00
-1 -2  0 -1 -2  0  0.00000000000000000E+00    0.000E+00
 0 -1  0 -1 -2  0  0.00000000000000000E+00    0.000E+00
-1 -1  0 -1 -2  0  0.00000000000000000E+00    0.000E+00
-1 -2  0  0 -1  0  1.00526556761483565E+00    4.791E-07
-1 -2  0 -1 -1  0  1.00403009853165415E+00   -7.840E-07
 1  2  0  0  0  0  0.00000000000000000E+00    0.000E+00
 1  2  0  0  1  0  0.00000000000000000E+00    0.000E+00
 1  1  0  0 -1  0  0.00000000000000000E+00    0.000E+00
 1  2  0  1  1  0  0.00000000000000000E+00    0.000E+00
 0  1  0 -1 -1  0  0.00000000000000000E+00    0.000E+00
 0  0  0 -1 -2  0  0.00000000000000000E+00    0.000E+00
 0  0  0  1  2  0  0.00000000000000000E+00    0.000E+00
 0  1  0  1  2  0  0.00000000000000000E+00    0.000E+00
 1  1  0  1  2  0  0.00000000000000000E+00    0.000E+00
-1 -1  0  0  1  0  1.00526556761483543E+00    4.791E-07
 0 -1  0  1  1  0  1.00403009853165459E+00   -7.840E-07
-1 -2  0  0  0  0  9.73917092411369145E-01   -2.183E-06
 1  2  0  1  2  0  0.00000000000000000E+00    0.000E+00
1 2 2  2 1 2
       49
 0  0  0  0  0  0 -3.71271471705167388E-05   -6.482E-06
-1  0  0  0  0  0  0.00000000000000000E+00    0.000E+00
 1  0  0  0  0  0  0.00000000000000000E+00    0.000E+00
 0 -1  0  0  0  0 -4.21546008167111019E-01    1.298E-06
 0  1  0  0  0  0  0.00000000000000000E+00    0.000E+00
-1 -1  0  0  0  0  4.21539259658684939E-01   -1.299E-06
 1  1  0  0  0  0  0.00000000000000000E+00    0.000E+00
 0  0  0 -1  0  0  1.90898656670691891E-05   -8.755E-08
 0  0  0  1  0  0  1.90898656670691891E-05   -8.755E-08
-1  0  0 -1  0  0 -2.24641198801368847E-05    8.710E-08
 1  0  0  1  0  0 -2.24641198801368847E-05    8.710E-08
 0  1  0 -1  0  0  0.00000000000000000E+00    0.000E+00
 0 -1  0  1  0  0 -2.36474938615184524E-02    3.362E-08
-1 -1  0 -1  0  0  2.36542423699438661E-02   -3.273E-08
 1  1  0  1  0  0  0.00000000000000000E+00    0.000E+00
 0  0  0  0 -1  0  0.00000000000000000E+00    0.000E+00
 0  0  0  0  1  0 -3.50250888186796547E-02    2.738E-06
 1  0  0  0 -1  0  0.00000000000000000E+00    0.000E+00
-1  0  0  0  1  0  0.00000000000000000E+00    0.000E+00
 0 -1  0  0 -1  0 -5.76154749771554883E-02    2.447E-06
 0  1  0  0  1  0  0.00000000000000000E+00    0.000E+00
-1 -1  0  0 -1  0  0.00000000000000000E+00    0.000E+00
 1  1  0  0  1  0  0.00000000000000000E+00    0.000E+00
 0  0  0 -1 -1  0  0.00000000000000000E+00    0.000E+00
 0  0  0  1  1  0  3.50240362345154363E-02    3.920E-06
-1  0  0 -1 -1  0  0.00000000000000000E+00    0.000E+00
 1  0  0  1  1  0  0.00000000000000000E+00    0.000E+00
 0 -1  0 -1 -1  0  0.00000000000000000E+00    0.000E+00
 0  1  0  1  1  0  0.00000000000000000E+00    0.000E+00
-1 -1  0 -1 -1  0  5.76975303640855849E-02    3.861E-06
 1  1  0  1  1  0  0.00000000000000000E+00    0.000E+00
-1 -2  0 -1 -2  0  0.00000000000000000E+00    0.000E+00
 0 -1  0 -1 -2  0  0.00000000000000000E+00    0.000E+00
-1 -1  0 -1 -2  0  0.00000000000000000E+00    0.000E+00
-1 -2  0  0 -1  0 -2.07774177713835814E-02   -2.655E-06
-1 -2  0 -1 -1  0  2.07784703555473731E-02   -4.003E-06
 1  2  0  0  0  0  0.00000000000000000E+00    0.000E+00
 1  2  0  0  1  0  0.00000000000000000E+00    0.000E+00
 1  1  0  0 -1  0  0.00000000000000000E+00    0.000E+00
 1  2  0  1  1  0  0.00000000000000000E+00    0.000E+00
 0  1  0 -1 -1  0  0.00000000000000000E+00    0.000E+00
 0  0  0 -1 -2  0  0.00000000000000000E+00    0.000E+00
 0  0  0  1  2  0  0.00000000000000000E+00    0.000E+00
 0  1  0  1  2  0  0.00000000000000000E+00    0.000E+00
 1  1  0  1  2  0  0.00000000000000000E+00    0.000E+00
-1 -1  0  0  1  0 -1.26182538541223035E-02   -2.530E-06
 0 -1  0  1  1  0  1.25361984671915269E-02   -3.778E-06
-1 -2  0  0  0  0  4.38756555959859962E-05    6.483E-06
 1  2  0  1  2  0  0.00000000000000000E+00    0.000E+00
1 2 3  2 1 2
       49
 0  0  0  0  0  0 -5.79133348517467308E-37    8.638E-45
-1  0  0  0  0  0  0.00000000000000000E+00    0.000E+00
 1  0  0  0  0  0  0.00000000000000000E+00    0.000E+00
 0 -1  0  0  0  0 -5.79133486593635674E-37   -8.638E-45
 0  1  0  0  0  0  0.00000000000000000E+00    0.000E+00
-1 -1  0  0  0  0 -5.79133365776996518E-37    8.630E-45
 1  1  0  0  0  0  0.00000000000000000E+00    0.000E+00
 0  0  0 -1  0  0  2.89566688162240769E-37   -4.315E-45
 0  0  0  1  0  0  2.89566688162240769E-37   -4.315E-45
-1  0  0 -1  0  0  2.89566731311039405E-37    4.319E-45
 1  0  0  1  0  0  2.89566731311039405E-37    4.319E-45
 0  1  0 -1  0  0  0.00000000000000000E+00    0.000E+00
 0 -1  0  1  0  0  5.79133514400649904E-37    8.630E-45
-1 -1  0 -1  0  0  5.79133324545910445E-37   -8.638E-45
 1  1  0  1  0  0  0.00000000000000000E+00    0.000E+00
 0  0  0  0 -1  0  0.00000000000000000E+00    0.000E+00
 0  0  0  0  1  0 -5.79133365776988751E-37    8.621E-45
 1  0  0  0 -1  0  0.00000000000000000E+00    0.000E+00
-1  0  0  0  1  0  0.00000000000000000E+00    0.000E+00
 0 -1  0  0 -1  0 -5.79133503853156114E-37   -8.621E-45
 0  1  0  0  1  0  0.00000000000000000E+00    0.000E+00
-1 -1  0  0 -1  0  0.00000000000000000E+00    0.000E+00
 1  1  0  0  1  0  0.00000000000000000E+00    0.000E+00
 0  0  0 -1 -1  0  0.00000000000000000E+00    0.000E+00
 0  0  0  1  1  0  5.79133324545919215E-37   -8.630E-45
-1  0  0 -1 -1  0  0.00000000000000000E+00    0.000E+00
 1  0  0  1  1  0  0.00000000000000000E+00    0.000E+00
 0 -1  0 -1 -1  0  0.00000000000000000E+00    0.000E+00
 0  1  0  1  1  0  0.00000000000000000E+00    0.000E+00
-1 -1  0 -1 -1  0  5.79133376324473770E-37   -8.621E-45
 1  1  0  1  1  0  0.00000000000000000E+00    0.000E+00
-1 -2  0 -1 -2  0  0.00000000000000000E+00    0.000E+00
 0 -1  0 -1 -2  0  0.00000000000000000E+00    0.000E+00
-1 -1  0 -1 -2  0  0.00000000000000000E+00    0.000E+00
-1 -2  0  0 -1  0 -5.79133486593643442E-37   -8.630E-45
-1 -2  0 -1 -1  0  5.79133514400641134E-37    8.621E-45
 1  2  0  0  0  0  0.00000000000000000E+00    0.000E+00
 1  2  0  0  1  0  0.00000000000000000E+00    0.000E+00
 1  1  0  0 -1  0  0.00000000000000000E+00    0.000E+00
 1  2  0  1  1  0  0.00000000000000000E+00    0.000E+00
 0  1  0 -1 -1  0  0.00000000000000000E+00    0.000E+00
 0  0  0 -1 -2  0  0.00000000000000000E+00    0.000E+00
 0  0  0  1  2  0  0.00000000000000000E+00    0.000E+00
 0  1  0  1  2  0  0.00000000000000000E+00    0.000E+00
 1  1  0  1  2  0  0.00000000000000000E+00    0.000E+00
-1 -1  0  0  1  0 -5.79133348517476078E-37    8.630E-45
 0 -1  0  1  1  0  5.79133462622086579E-37    8.630E-45
-1 -2  0  0  0  0 -5.79133503853164884E-37   -8.630E-45
 1  2  0  1  2  0  0.00000000000000000E+00    0.000E+00
1 3 1  2 1 2
       49
 0  0  0  0  0  0 -2.50772129836219388E-37    1.531E-41
-1  0  0  0  0  0  0.00000000000000000E+00    0.000E+00
 1  0  0  0  0  0  0.00000000000000000E+00    0.000E+00
 0 -1  0  0  0  0 -2.50772129836219388E-37    1.531E-41
 0  1  0  0  0  0  0.00000000000000000E+00    0.000E+00
-1 -1  0  0  0  0  2.50772126514623087E-37   -1.531E-41
 1  1  0  0  0  0  0.00000000000000000E+00    0.000E+00
 0  0  0 -1  0  0 -8.30399085716730167E-46    3.591E-53
 0  0  0  1  0  0 -8.30399085716730167E-46    3.591E-53
-1  0  0 -1  0  0 -8.30399085716730167E-46    3.591E-53
 1  0  0  1  0  0 -8.30399085716730167E-46    3.591E-53
 0  1  0 -1  0  0  0.00000000000000000E+00    0.000E+00
 0 -1  0  1  0  0 -1.66079817143346033E-45    2.808E-53
-1 -1  0 -1  0  0 -1.66079817143346033E-45    1.712E-52
 1  1  0  1  0  0  0.00000000000000000E+00    0.000E+00
 0  0  0  0 -1  0  0.00000000000000000E+00    0.000E+00
 0  0  0  0  1  0 -2.50772129836219388E-37    1.531E-41
 1  0  0  0 -1  0  0.00000000000000000E+00    0.000E+00
-1  0  0  0  1  0  0.00000000000000000E+00    0.000E+00
 0 -1  0  0 -1  0 -2.50772129836219388E-37    1.531E-41
 0  1  0  0  1  0  0.00000000000000000E+00    0.000E+00
-1 -1  0  0 -1  0  0.00000000000000000E+00    0.000E+00
 1  1  0  0  1  0  0.00000000000000000E+00    0.000E+00
 0  0  0 -1 -1  0  0.00000000000000000E+00    0.000E+00
 0  0  0  1  1  0 -1.66079817143346033E-45    1.275E-52
-1  0  0 -1 -1  0  0.00000000000000000E+00    0.000E+00
 1  0  0  1  1  0  0.00000000000000000E+00    0.000E+00
 0 -1  0 -1 -1  0  0.00000000000000000E+00    0.000E+00
 0  1  0  1  1  0  0.00000000000000000E+00    0.000E+00
-1 -1  0 -1 -1  0 -1.66079817143346033E-45    1.275E-52
 1  1  0  1  1  0  0.00000000000000000E+00    0.000E+00
-1 -2  0 -1 -2  0  0.00000000000000000E+00    0.000E+00
 0 -1  0 -1 -2  0  0.00000000000000000E+00    0.000E+00
-1 -1  0 -1 -2  0  0.00000000000000000E+00    0.000E+00
-1 -2  0  0 -1  0  2.50772126514623087E-37   -1.531E-41
-1 -2  0 -1 -1  0 -1.66079817143346033E-45    2.808E-53
 1  2  0  0  0  0  0.00000000000000000E+00    0.000E+00
 1  2  0  0  1  0  0.00000000000000000E+00    0.000E+00
 1  1  0  0 -1  0  0.00000000000000000E+00    0.000E+00
 1  2  0  1  1  0  0.00000000000000000E+00    0.000E+00
 0  1  0 -1 -1  0  0.00000000000000000E+00    0.000E+00
 0  0  0 -1 -2  0  0.00000000000000000E+00    0.000E+00
 0  0  0  1  2  0  0.00000000000000000E+00    0.000E+00
 0  1  0  1  2  0  0.00000000000000000E+00    0.000E+00
 1  1  0  1  2  0  0.00000000000000000E+00    0.000E+00
-1 -1  0  0  1  0  2.50772126514623087E-37   -1.531E-41
 0 -1  0  1  1  0 -1.66079817143346033E-45    2.808E-53
-1 -2  0  0  0  0  2.50772126514623087E-37   -1.531E-41
 1  2  0  1  2  0  0.00000000000000000E+00    0.000E+00
1 3 2  2 1 2
       49
 0  0  0  0  0  0 -2.89566723160712118E-37    2.308E-52
-1  0  0  0  0  0  0.00000000000000000E+00    0.000E+00
 1  0  0  0  0  0  0.00000000000000000E+00    0.000E+00
 0 -1  0  0  0  0 -5.79133434575361186E-37    1.767E-41
 0  1  0  0  0  0  0.00000000000000000E+00    0.000E+00
-1 -1  0  0  0  0  5.79133411083235419E-37   -1.767E-41
 1  1  0  0  0  0  0.00000000000000000E+00    0.000E+00
 0  0  0 -1  0  0  2.38892536329782328E-36    4.418E-42
 0  0  0  1  0  0  2.38892536329782328E-36    4.418E-42
-1  0  0 -1  0  0  2.24414200759049892E-36   -4.418E-42
 1  0  0  1  0  0  2.24414200759049892E-36   -4.418E-42
 0  1  0 -1  0  0  0.00000000000000000E+00    0.000E+00
 0 -1  0  1  0  0  5.06741743801029597E-36   -8.837E-42
-1 -1  0 -1  0  0  4.19871730376634843E-36    8.837E-42
 1  1  0  1  0  0  0.00000000000000000E+00    0.000E+00
 0  0  0  0 -1  0  0.00000000000000000E+00    0.000E+00
 0  0  0  0  1  0 -5.21220081720974644E-36    1.767E-41
 1  0  0  0 -1  0  0.00000000000000000E+00    0.000E+00
-1  0  0  0  1  0  0.00000000000000000E+00    0.000E+00
 0 -1  0  0 -1  0 -4.92263410579509703E-36   -1.328E-51
 0  1  0  0  1  0  0.00000000000000000E+00    0.000E+00
-1 -1  0  0 -1  0  0.00000000000000000E+00    0.000E+00
 1  1  0  0  1  0  0.00000000000000000E+00    0.000E+00
 0  0  0 -1 -1  0  0.00000000000000000E+00    0.000E+00
 0  0  0  1  1  0  4.34350055375910718E-37   -8.837E-42
-1  0  0 -1 -1  0  0.00000000000000000E+00    0.000E+00
 1  0  0  1  1  0  0.00000000000000000E+00    0.000E+00
 0 -1  0 -1 -1  0  0.00000000000000000E+00    0.000E+00
 0  1  0  1  1  0  0.00000000000000000E+00    0.000E+00
-1 -1  0 -1 -1  0 -1.44783367453387418E-37   -8.837E-42
 1  1  0  1  1  0  0.00000000000000000E+00    0.000E+00
-1 -2  0 -1 -2  0  0.00000000000000000E+00    0.000E+00
 0 -1  0 -1 -2  0  0.00000000000000000E+00    0.000E+00
-1 -1  0 -1 -2  0  0.00000000000000000E+00    0.000E+00
-1 -2  0  0 -1  0 -4.05393397155114950E-36   -1.767E-41
-1 -2  0 -1 -1  0 -4.34350078868036485E-37    8.837E-42
 1  2  0  0  0  0  0.00000000000000000E+00    0.000E+00
 1  2  0  0  1  0  0.00000000000000000E+00    0.000E+00
 1  1  0  0 -1  0  0.00000000000000000E+00    0.000E+00
 1  2  0  1  1  0  0.00000000000000000E+00    0.000E+00
 0  1  0 -1 -1  0  0.00000000000000000E+00    0.000E+00
 0  0  0 -1 -2  0  0.00000000000000000E+00    0.000E+00
 0  0  0  1  2  0  0.00000000000000000E+00    0.000E+00
 0  1  0  1  2  0  0.00000000000000000E+00    0.000E+00
 1  1  0  1  2  0  0.00000000000000000E+00    0.000E+00
-1 -1  0  0  1  0 -4.34350068296579890E-36   -1.323E-51
 0 -1  0  1  1  0  1.44783343961261650E-37    8.837E-42
-1 -2  0  0  0  0  2.89566699668586351E-37    1.777E-52
 1  2  0  1  2  0  0.00000000000000000E+00    0.000E+00
1 3 3  2 1 2
       49
 0  0  0  0  0  0 -3.19631128850236812E-06    1.390E-06
-1  0  0  0  0  0  0.00000000000000000E+00    0.000E+00
 1  0  0  0  0  0  0.00000000000000000E+00    0.000E+00
 0 -1  0  0  0  0  9.67270511456986698E-02   -2.471E-07
 0  1  0  0  0  0  0.00000000000000000E+00    0.000E+00
-1 -1  0  0  0  0 -9.59979316913893571E-02    3.629E-07
 1  1  0  0  0  0  0.00000000000000000E+00    0.000E+00
 0  0  0 -1  0  0  3.63103897028973707E-04   -2.128E-08
 0  0  0  1  0  0  3.63103897028973707E-04   -2.128E-08
-1  0  0 -1  0  0  1.45583012567743197E-06    7.917E-08
 1  0  0  1  0  0  1.45583012567743197E-06    7.917E-08
 0  1  0 -1  0  0  0.00000000000000000E+00    0.000E+00
 0 -1  0  1  0  0 -1.21550582256409537E-03   -5.313E-08
-1 -1  0 -1  0  0  4.86386368254786150E-04   -6.264E-08
 1  1  0  1  0  0  0.00000000000000000E+00    0.000E+00
 0  0  0  0 -1  0  0.00000000000000000E+00    0.000E+00
 0  0  0  0  1  0  3.94624331257969509E-03   -4.903E-07
 1  0  0  0 -1  0  0.00000000000000000E+00    0.000E+00
-1  0  0  0  1  0  0.00000000000000000E+00    0.000E+00
 0 -1  0  0 -1  0  3.45708249873803546E-03   -6.529E-07
 0  1  0  0  1  0  0.00000000000000000E+00    0.000E+00
-1 -1  0  0 -1  0  0.00000000000000000E+00    0.000E+00
 1  1  0  0  1  0  0.00000000000000000E+00    0.000E+00
 0  0  0 -1 -1  0  0.00000000000000000E+00    0.000E+00
 0  0  0  1  1  0 -4.66925479534914013E-03   -8.575E-07
-1  0  0 -1 -1  0  0.00000000000000000E+00    0.000E+00
 1  0  0  1  1  0  0.00000000000000000E+00    0.000E+00
 0 -1  0 -1 -1  0  0.00000000000000000E+00    0.000E+00
 0  1  0  1  1  0  0.00000000000000000E+00    0.000E+00
-1 -1  0 -1 -1  0 -3.45679784770088622E-03   -8.958E-07
 1  1  0  1  1  0  0.00000000000000000E+00    0.000E+00
-1 -2  0 -1 -2  0  0.00000000000000000E+00    0.000E+00
 0 -1  0 -1 -2  0  0.00000000000000000E+00    0.000E+00
-1 -1  0 -1 -2  0  0.00000000000000000E+00    0.000E+00
-1 -2  0  0 -1  0  1.06250678627314507E-03    5.477E-07
-1 -2  0 -1 -1  0 -3.39495303503694820E-04    8.001E-07
 1  2  0  0  0  0  0.00000000000000000E+00    0.000E+00
 1  2  0  0  1  0  0.00000000000000000E+00    0.000E+00
 1  1  0  0 -1  0  0.00000000000000000E+00    0.000E+00
 1  2  0  1  1  0  0.00000000000000000E+00    0.000E+00
 0  1  0 -1 -1  0  0.00000000000000000E+00    0.000E+00
 0  0  0 -1 -2  0  0.00000000000000000E+00    0.000E+00
 0  0  0  1  2  0  0.00000000000000000E+00    0.000E+00
 0  1  0  1  2  0  0.00000000000000000E+00    0.000E+00
 1  1  0  1  2  0  0.00000000000000000E+00    0.000E+00
-1 -1  0  0  1  0 -5.67002954894649074E-03    5.955E-07
 0 -1  0  1  1  0  5.66974489790934670E-03    9.532E-07
-1 -2  0  0  0  0 -7.25923143020806849E-04   -1.506E-06
 1  2  0  1  2  0  0.00000000000000000E+00    0.000E+00
2 1 1  2 1 2
       49
 0  0  0  0  0  0  1.05824220372938838E+00   -2.790E-06
-1  0  0  0  0  0  0.00000000000000000E+00    0.000E+00
 1  0  0  0  0  0  0.00000000000000000E+00    0.000E+00
 0 -1  0  0  0  0  1.78829676324658138E+00    3.820E-06
 0  1  0  0  0  0  0.00000000000000000E+00    0.000E+00
-1 -1  0  0  0  0  1.78714408516892886E+00    1.185E-06
 1  1  0  0  0  0  0.00000000000000000E+00    0.000E+00
 0  0  0 -1  0  0  5.01367578328980934E-01    1.222E-06
 0  0  0  1  0  0  5.01367578328980934E-01    1.222E-06
-1  0  0 -1  0  0  5.06150247091830874E-01    1.280E-06
 1  0  0  1  0  0  5.06150247091830874E-01    1.280E-06
 0  1  0 -1  0  0  0.00000000000000000E+00    0.000E+00
 0 -1  0  1  0  0  1.02118201244599316E+00   -2.334E-06
-1 -1  0 -1  0  0  1.02005343859564546E+00   -2.670E-06
 1  1  0  1  0  0  0.00000000000000000E+00    0.000E+00
 0  0  0  0 -1  0  0.00000000000000000E+00    0.000E+00
 0  0  0  0  1  0  9.20174030251158404E-01   -3.516E-07
 1  0  0  0 -1  0  0.00000000000000000E+00    0.000E+00
-1  0  0  0  1  0  0.00000000000000000E+00    0.000E+00
 0 -1  0  0 -1  0  9.59301727814965144E-01   -6.779E-07
 0  1  0  0  1  0  0.00000000000000000E+00    0.000E+00
-1 -1  0  0 -1  0  0.00000000000000000E+00    0.000E+00
 1  1  0  0  1  0  0.00000000000000000E+00    0.000E+00
 0  0  0 -1 -1  0  0.00000000000000000E+00    0.000E+00
 0  0  0  1  1  0  9.19549822015477858E-01    6.970E-07
-1  0  0 -1 -1  0  0.00000000000000000E+00    0.000E+00
 1  0  0  1  1  0  0.00000000000000000E+00    0.000E+00
 0 -1  0 -1 -1  0  0.00000000000000000E+00    0.000E+00
 0  1  0  1  1  0  0.00000000000000000E+00    0.000E+00
-1 -1  0 -1 -1  0  9.61078614128297870E-01    9.084E-07
 1  1  0  1  1  0  0.00000000000000000E+00    0.000E+00
-1 -2  0 -1 -2  0  0.00000000000000000E+00    0.000E+00
 0 -1  0 -1 -2  0  0.00000000000000000E+00    0.000E+00
-1 -1  0 -1 -2  0  0.00000000000000000E+00    0.000E+00
-1 -2  0  0 -1  0  9.76891742551169506E-01    4.527E-07
-1 -2  0 -1 -1  0  9.76243430088184372E-01   -7.981E-07
 1  2  0  0  0  0  0.00000000000000000E+00    0.000E+00
 1  2  0  0  1  0  0.00000000000000000E+00    0.000E+00
 1  1  0  0 -1  0  0.00000000000000000E+00    0.000E+00
 1  2  0  1  1  0  0.00000000000000000E+00    0.000E+00
 0  1  0 -1 -1  0  0.00000000000000000E+00    0.000E+00
 0  0  0 -1 -2  0  0.00000000000000000E+00    0.000E+00
 0  0  0  1  2  0  0.00000000000000000E+00    0.000E+00
 0  1  0  1  2  0  0.00000000000000000E+00    0.000E+00
 1  1  0  1  2  0  0.00000000000000000E+00    0.000E+00
-1 -1  0  0  1  0  9.81602437921479165E-01    5.768E-07
 0 -1  0  1  1  0  9.81098072306811897E-01   -8.073E-07
-1 -2  0  0  0  0  9.73627329932304164E-01   -2.214E-06
 1  2  0  1  2  0  0.00000000000000000E+00    0.000E+00
2 1 2  2 1 2
       49
 0  0  0  0  0  0  5.49111304065610928E-04   -6.258E-06
-1  0  0  0  0  0  0.00000000000000000E+00    0.000E+00
 1  0  0  0  0  0  0.00000000000000000E+00    0.000E+00
 0 -1  0  0  0  0 -3.93486853397366498E-01    1.182E-06
 0  1  0  0  0  0  0.00000000000000000E+00    0.000E+00
-1 -1  0  0  0  0  3.92388260651055643E-01   -1.356E-06
 1  1  0  0  0  0  0.00000000000000000E+00    0.000E+00
 0  0  0 -1  0  0 -2.74648186577713949E-04   -4.371E-08
 0  0  0  1  0  0 -2.74648186577713949E-04   -4.371E-08
-1  0  0 -1  0  0 -2.74648186577713949E-04   -4.371E-08
 1  0  0  1  0  0 -2.74648186577713949E-04   -4.371E-08
 0  1  0 -1  0  0  0.00000000000000000E+00    0.000E+00
 0 -1  0  1  0  0  5.49296373155483408E-04    8.741E-08
-1 -1  0 -1  0  0  5.49296373155483408E-04    8.741E-08
 1  1  0  1  0  0  0.00000000000000000E+00    0.000E+00
 0  0  0  0 -1  0  0.00000000000000000E+00    0.000E+00
 0  0  0  0  1  0  2.10850361251113637E-02    2.538E-06
 1  0  0  0 -1  0  0.00000000000000000E+00    0.000E+00
-1  0  0  0  1  0  0.00000000000000000E+00    0.000E+00
 0 -1  0  0 -1  0  2.10850361251113533E-02    2.538E-06
 0  1  0  0  1  0  0.00000000000000000E+00    0.000E+00
-1 -1  0  0 -1  0  0.00000000000000000E+00    0.000E+00
 1  1  0  0  1  0  0.00000000000000000E+00    0.000E+00
 0  0  0 -1 -1  0  0.00000000000000000E+00    0.000E+00
 0  0  0  1  1  0 -2.10848510560215641E-02    3.807E-06
-1  0  0 -1 -1  0  0.00000000000000000E+00    0.000E+00
 1  0  0  1  1  0  0.00000000000000000E+00    0.000E+00
 0 -1  0 -1 -1  0  0.00000000000000000E+00    0.000E+00
 0  1  0  1  1  0  0.00000000000000000E+00    0.000E+00
-1 -1  0 -1 -1  0 -2.10848510560215675E-02    3.807E-06
 1  1  0  1  1  0  0.00000000000000000E+00    0.000E+00
-1 -2  0 -1 -2  0  0.00000000000000000E+00    0.000E+00
 0 -1  0 -1 -2  0  0.00000000000000000E+00    0.000E+00
-1 -1  0 -1 -2  0  0.00000000000000000E+00    0.000E+00
-1 -2  0  0 -1  0  2.83627463425710213E-02   -2.538E-06
-1 -2  0 -1 -1  0 -2.83629314116609355E-02   -3.807E-06
 1  2  0  0  0  0  0.00000000000000000E+00    0.000E+00
 1  2  0  0  1  0  0.00000000000000000E+00    0.000E+00
 1  1  0  0 -1  0  0.00000000000000000E+00    0.000E+00
 1  2  0  1  1  0  0.00000000000000000E+00    0.000E+00
 0  1  0 -1 -1  0  0.00000000000000000E+00    0.000E+00
 0  0  0 -1 -2  0  0.00000000000000000E+00    0.000E+00
 0  0  0  1  2  0  0.00000000000000000E+00    0.000E+00
 0  1  0  1  2  0  0.00000000000000000E+00    0.000E+00
 1  1  0  1  2  0  0.00000000000000000E+00    0.000E+00
-1 -1  0  0  1  0  2.83627463425710352E-02   -2.538E-06
 0 -1  0  1  1  0 -2.83629314116609355E-02   -3.807E-06
-1 -2  0  0  0  0  5.49481442245244867E-04    6.433E-06
 1  2  0  1  2  0  0.00000000000000000E+00    0.000E+00
2 1 3  2 1 2
       49
 0  0  0  0  0  0  5.79133394542860912E-37    8.630E-45
-1  0  0  0  0  0  0.00000000000000000E+00    0.000E+00
 1  0  0  0  0  0  0.00000000000000000E+00    0.000E+00
 0 -1  0  0  0  0  5.79133463580944844E-37   -8.630E-45
 0  1  0  0  0  0  0.00000000000000000E+00    0.000E+00
-1 -1  0  0  0  0  5.79133377283339971E-37    8.630E-45
 1  1  0  0  0  0  0.00000000000000000E+00    0.000E+00
 0  0  0 -1  0  0  2.89566740420232893E-37   -4.315E-45
 0  0  0  1  0  0  2.89566740420232893E-37   -4.315E-45
-1  0  0 -1  0  0  2.89566680011909515E-37    4.315E-45
 1  0  0  1  0  0  2.89566680011909515E-37    4.315E-45
 0  1  0 -1  0  0  0.00000000000000000E+00    0.000E+00
 0 -1  0  1  0  0  5.79133411802381853E-37    8.630E-45
-1 -1  0 -1  0  0  5.79133429061902961E-37   -8.630E-45
 1  1  0  1  0  0  0.00000000000000000E+00    0.000E+00
 0  0  0  0 -1  0  0.00000000000000000E+00    0.000E+00
 0  0  0  0  1  0 -5.79133468375256300E-37    8.630E-45
 1  0  0  0 -1  0  0.00000000000000000E+00    0.000E+00
-1  0  0  0  1  0  0.00000000000000000E+00    0.000E+00
 0 -1  0  0 -1  0 -5.79133399337172368E-37   -8.630E-45
 0  1  0  0  1  0  0.00000000000000000E+00    0.000E+00
-1 -1  0  0 -1  0  0.00000000000000000E+00    0.000E+00
 1  1  0  0  1  0  0.00000000000000000E+00    0.000E+00
 0  0  0 -1 -1  0  0.00000000000000000E+00    0.000E+00
 0  0  0  1  1  0 -5.79133416596693309E-37   -8.630E-45
-1  0  0 -1 -1  0  0.00000000000000000E+00    0.000E+00
 1  0  0  1  1  0  0.00000000000000000E+00    0.000E+00
 0 -1  0 -1 -1  0  0.00000000000000000E+00    0.000E+00
 0  1  0  1  1  0  0.00000000000000000E+00    0.000E+00
-1 -1  0 -1 -1  0 -5.79133364818130485E-37   -8.630E-45
 1  1  0  1  1  0  0.00000000000000000E+00    0.000E+00
-1 -2  0 -1 -2  0  0.00000000000000000E+00    0.000E+00
 0 -1  0 -1 -2  0  0.00000000000000000E+00    0.000E+00
-1 -1  0 -1 -2  0  0.00000000000000000E+00    0.000E+00
-1 -2  0  0 -1  0 -5.79133382077651427E-37   -8.630E-45
-1 -2  0 -1 -1  0 -5.79133433856214418E-37    8.630E-45
 1  2  0  0  0  0  0.00000000000000000E+00    0.000E+00
 1  2  0  0  1  0  0.00000000000000000E+00    0.000E+00
 1  1  0  0 -1  0  0.00000000000000000E+00    0.000E+00
 1  2  0  1  1  0  0.00000000000000000E+00    0.000E+00
 0  1  0 -1 -1  0  0.00000000000000000E+00    0.000E+00
 0  0  0 -1 -2  0  0.00000000000000000E+00    0.000E+00
 0  0  0  1  2  0  0.00000000000000000E+00    0.000E+00
 0  1  0  1  2  0  0.00000000000000000E+00    0.000E+00
 1  1  0  1  2  0  0.00000000000000000E+00    0.000E+00
-1 -1  0  0  1  0 -5.79133451115735359E-37    8.630E-45
 0 -1  0  1  1  0 -5.79133485634777241E-37    8.630E-45
-1 -2  0  0  0  0  5.79133446321423903E-37   -8.630E-45
 1  2  0  1  2  0  0.00000000000000000E+00    0.000E+00
2 2 1  2 1 2
       49
 0  0  0  0  0  0 -3.71271471705028611E-05   -6.482E-06
-1  0  0  0  0  0  0.00000000000000000E+00    0.000E+00
 1  0  0  0  0  0  0.00000000000000000E+00    0.000E+00
 0 -1  0  0  0  0 -4.21546008167111019E-01    1.298E-06
 0  1  0  0  0  0  0.00000000000000000E+00    0.000E+00
-1 -1  0  0  0  0  4.21539259658684939E-01   -1.299E-06
 1  1  0  0  0  0  0.00000000000000000E+00    0.000E+00
 0  0  0 -1  0  0 -2.24641198801368847E-05    8.710E-08
 0  0  0  1  0  0 -2.24641198801368847E-05    8.710E-08
-1  0  0 -1  0  0  1.90898656670761280E-05   -8.755E-08
 1  0  0  1  0  0  1.90898656670761280E-05   -8.755E-08
 0  1  0 -1  0  0  0.00000000000000000E+00    0.000E+00
 0 -1  0  1  0  0  2.36542423699438766E-02   -3.273E-08
-1 -1  0 -1  0  0 -2.36474938615184559E-02    3.362E-08
 1  1  0  1  0  0  0.00000000000000000E+00    0.000E+00
 0  0  0  0 -1  0  0.00000000000000000E+00    0.000E+00
 0  0  0  0  1  0 -5.76154749771554883E-02    2.447E-06
 1  0  0  0 -1  0  0.00000000000000000E+00    0.000E+00
-1  0  0  0  1  0  0.00000000000000000E+00    0.000E+00
 0 -1  0  0 -1  0 -3.50250888186796339E-02    2.738E-06
 0  1  0  0  1  0  0.00000000000000000E+00    0.000E+00
-1 -1  0  0 -1  0  0.00000000000000000E+00    0.000E+00
 1  1  0  0  1  0  0.00000000000000000E+00    0.000E+00
 0  0  0 -1 -1  0  0.00000000000000000E+00    0.000E+00
 0  0  0  1  1  0  5.76975303640856127E-02    3.861E-06
-1  0  0 -1 -1  0  0.00000000000000000E+00    0.000E+00
 1  0  0  1  1  0  0.00000000000000000E+00    0.000E+00
 0 -1  0 -1 -1  0  0.00000000000000000E+00    0.000E+00
 0  1  0  1  1  0  0.00000000000000000E+00    0.000E+00
-1 -1  0 -1 -1  0  3.50240362345154363E-02    3.920E-06
 1  1  0  1  1  0  0.00000000000000000E+00    0.000E+00
-1 -2  0 -1 -2  0  0.00000000000000000E+00    0.000E+00
 0 -1  0 -1 -2  0  0.00000000000000000E+00    0.000E+00
-1 -1  0 -1 -2  0  0.00000000000000000E+00    0.000E+00
-1 -2  0  0 -1  0 -1.26182538541222758E-02   -2.530E-06
-1 -2  0 -1 -1  0  1.25361984671915269E-02   -3.778E-06
 1  2  0  0  0  0  0.00000000000000000E+00    0.000E+00
 1  2  0  0  1  0  0.00000000000000000E+00    0.000E+00
 1  1  0  0 -1  0  0.00000000000000000E+00    0.000E+00
 1  2  0  1  1  0  0.00000000000000000E+00    0.000E+00
 0  1  0 -1 -1  0  0.00000000000000000E+00    0.000E+00
 0  0  0 -1 -2  0  0.00000000000000000E+00    0.000E+00
 0  0  0  1  2  0  0.00000000000000000E+00    0.000E+00
 0  1  0  1  2  0  0.00000000000000000E+00    0.000E+00
 1  1  0  1  2  0  0.00000000000000000E+00    0.000E+00
-1 -1  0  0  1  0 -2.07774177713835814E-02   -2.655E-06
 0 -1  0  1  1  0  2.07784703555473800E-02   -4.003E-06
-1 -2  0  0  0  0  4.38756555959859962E-05    6.483E-06
 1  2  0  1  2  0  0.00000000000000000E+00    0.000E+00
2 2 2  2 1 2
       49
 0  0  0  0  0  0 -2.97310033313884725E+00   -2.000E-07
-1  0  0  0  0  0  0.00000000000000000E+00    0.000E+00
 1  0  0  0  0  0  0.00000000000000000E+00    0.000E+00
 0 -1  0  0  0  0 -8.30506378790029198E-01   -1.287E-05
 0  1  0  0  0  0  0.00000000000000000E+00    0.000E+00
-1 -1  0  0  0  0 -8.30468384634076018E-01    1.981E-05
 1  1  0  0  0  0  0.00000000000000000E+00    0.000E+00
 0  0  0 -1  0  0 -4.91129191979430668E-01    1.735E-06
 0  0  0  1  0  0 -4.91129191979430668E-01    1.735E-06
-1  0  0 -1  0  0 -4.91129191979430779E-01    1.735E-06
 1  0  0  1  0  0 -4.91129191979430779E-01    1.735E-06
 0  1  0 -1  0  0  0.00000000000000000E+00    0.000E+00
 0 -1  0  1  0  0 -8.84673384675112140E-01   -3.469E-06
-1 -1  0 -1  0  0 -8.84673384675112140E-01   -3.469E-06
 1  1  0  1  0  0  0.00000000000000000E+00    0.000E+00
 0  0  0  0 -1  0  0.00000000000000000E+00    0.000E+00
 0  0  0  0  1  0 -1.00779269751705969E+00    6.537E-06
 1  0  0  0 -1  0  0.00000000000000000E+00    0.000E+00
-1  0  0  0  1  0  0.00000000000000000E+00    0.000E+00
 0 -1  0  0 -1  0 -1.00779269751705969E+00    6.537E-06
 0  1  0  0  1  0  0.00000000000000000E+00    0.000E+00
-1 -1  0  0 -1  0  0.00000000000000000E+00    0.000E+00
 1  1  0  0  1  0  0.00000000000000000E+00    0.000E+00
 0  0  0 -1 -1  0  0.00000000000000000E+00    0.000E+00
 0  0  0  1  1  0 -1.00781169459503595E+00   -9.806E-06
-1  0  0 -1 -1  0  0.00000000000000000E+00    0.000E+00
 1  0  0  1  1  0  0.00000000000000000E+00    0.000E+00
 0 -1  0 -1 -1  0  0.00000000000000000E+00    0.000E+00
 0  1  0  1  1  0  0.00000000000000000E+00    0.000E+00
-1 -1  0 -1 -1  0 -1.00781169459503595E+00   -9.806E-06
 1  1  0  1  1  0  0.00000000000000000E+00    0.000E+00
-1 -2  0 -1 -2  0  0.00000000000000000E+00    0.000E+00
 0 -1  0 -1 -2  0  0.00000000000000000E+00    0.000E+00
-1 -1  0 -1 -2  0  0.00000000000000000E+00    0.000E+00
-1 -2  0  0 -1  0 -9.91794162905738852E-01   -6.537E-06
-1 -2  0 -1 -1  0 -9.91775165827762151E-01    9.806E-06
 1  2  0  0  0  0  0.00000000000000000E+00    0.000E+00
 1  2  0  0  1  0  0.00000000000000000E+00    0.000E+00
 1  1  0  0 -1  0  0.00000000000000000E+00    0.000E+00
 1  2  0  1  1  0  0.00000000000000000E+00    0.000E+00
 0  1  0 -1 -1  0  0.00000000000000000E+00    0.000E+00
 0  0  0 -1 -2  0  0.00000000000000000E+00    0.000E+00
 0  0  0  1  2  0  0.00000000000000000E+00    0.000E+00
 0  1  0  1  2  0  0.00000000000000000E+00    0.000E+00
 1  1  0  1  2  0  0.00000000000000000E+00    0.000E+00
-1 -1  0  0  1  0 -9.91794162905738630E-01   -6.537E-06
 0 -1  0  1  1  0 -9.91775165827762151E-01    9.806E-06
-1 -2  0  0  0  0 -9.73235285513454618E-01   -6.739E-06
 1  2  0  1  2  0  0.00000000000000000E+00    0.000E+00
2 2 3  2 1 2
       49
 0  0  0  0  0  0  3.15551679555181048E-44   -4.939E-45
-1  0  0  0  0  0  0.00000000000000000E+00    0.000E+00
 1  0  0  0  0  0  0.00000000000000000E+00    0.000E+00
 0 -1  0  0  0  0 -8.30398866002265093E-45    4.939E-45
 0  1  0  0  0  0  0.00000000000000000E+00    0.000E+00
-1 -1  0  0  0  0  2.15903741150142308E-44   -5.021E-45
 1  1  0  0  0  0  0.00000000000000000E+00    0.000E+00
 0  0  0 -1  0  0  3.34362838397581085E-37    2.511E-45
 0  0  0  1  0  0  3.34362838397581085E-37    2.511E-45
-1  0  0 -1  0  0  3.34362843379973365E-37   -2.469E-45
 1  0  0  1  0  0  3.34362843379973365E-37   -2.469E-45
 0  1  0 -1  0  0  0.00000000000000000E+00    0.000E+00
 0 -1  0  1  0  0  6.68725716654318786E-37   -5.021E-45
-1 -1  0 -1  0  0  6.68725646900790115E-37    4.939E-45
 1  1  0  1  0  0  0.00000000000000000E+00    0.000E+00
 0  0  0  0 -1  0  0.00000000000000000E+00    0.000E+00
 0  0  0  0  1  0 -6.68725653543983134E-37   -4.948E-45
 1  0  0  0 -1  0  0.00000000000000000E+00    0.000E+00
-1  0  0  0  1  0  0.00000000000000000E+00    0.000E+00
 0 -1  0  0 -1  0 -6.68725693403139082E-37    4.948E-45
 0  1  0  0  1  0  0.00000000000000000E+00    0.000E+00
-1 -1  0  0 -1  0  0.00000000000000000E+00    0.000E+00
 1  1  0  0  1  0  0.00000000000000000E+00    0.000E+00
 0  0  0 -1 -1  0  0.00000000000000000E+00    0.000E+00
 0  0  0  1  1  0 -2.82335665223322554E-44    5.021E-45
-1  0  0 -1 -1  0  0.00000000000000000E+00    0.000E+00
 1  0  0  1  1  0  0.00000000000000000E+00    0.000E+00
 0 -1  0 -1 -1  0  0.00000000000000000E+00    0.000E+00
 0  1  0  1  1  0  0.00000000000000000E+00    0.000E+00
-1 -1  0 -1 -1  0  1.66079595573078983E-45    4.948E-45
 1  1  0  1  1  0  0.00000000000000000E+00    0.000E+00
-1 -2  0 -1 -2  0  0.00000000000000000E+00    0.000E+00
 0 -1  0 -1 -2  0  0.00000000000000000E+00    0.000E+00
-1 -1  0 -1 -2  0  0.00000000000000000E+00    0.000E+00
-1 -2  0  0 -1  0 -6.68725683438354856E-37    5.021E-45
-1 -2  0 -1 -1  0  4.15199519773238303E-44   -4.948E-45
 1  2  0  0  0  0  0.00000000000000000E+00    0.000E+00
 1  2  0  0  1  0  0.00000000000000000E+00    0.000E+00
 1  1  0  0 -1  0  0.00000000000000000E+00    0.000E+00
 1  2  0  1  1  0  0.00000000000000000E+00    0.000E+00
 0  1  0 -1 -1  0  0.00000000000000000E+00    0.000E+00
 0  0  0 -1 -2  0  0.00000000000000000E+00    0.000E+00
 0  0  0  1  2  0  0.00000000000000000E+00    0.000E+00
 0  1  0  1  2  0  0.00000000000000000E+00    0.000E+00
 1  1  0  1  2  0  0.00000000000000000E+00    0.000E+00
-1 -1  0  0  1  0 -6.68725643579198908E-37   -5.021E-45
 0 -1  0  1  1  0  1.16255894992607875E-44   -5.021E-45
-1 -2  0  0  0  0 -1.82687825005265200E-44    5.021E-45
 1  2  0  1  2  0  0.00000000000000000E+00    0.000E+00
2 3 1  2 1 2
       49
 0  0  0  0  0  0 -2.89566723160712118E-37    2.308E-52
-1  0  0  0  0  0  0.00000000000000000E+00    0.000E+00
 1  0  0  0  0  0  0.00000000000000000E+00    0.000E+00
 0 -1  0  0  0  0 -5.79133434575361186E-37    1.767E-41
 0  1  0  0  0  0  0.00000000000000000E+00    0.000E+00
-1 -1  0  0  0  0  5.79133411083235419E-37   -1.767E-41
 1  1  0  0  0  0  0.00000000000000000E+00    0.000E+00
 0  0  0 -1  0  0  2.24414200759049892E-36   -4.418E-42
 0  0  0  1  0  0  2.24414200759049892E-36   -4.418E-42
-1  0  0 -1  0  0  2.38892536329782328E-36    4.418E-42
 1  0  0  1  0  0  2.38892536329782328E-36    4.418E-42
 0  1  0 -1  0  0  0.00000000000000000E+00    0.000E+00
 0 -1  0  1  0  0  4.19871730376634843E-36    8.837E-42
-1 -1  0 -1  0  0  5.06741743801029597E-36   -8.837E-42
 1  1  0  1  0  0  0.00000000000000000E+00    0.000E+00
 0  0  0  0 -1  0  0.00000000000000000E+00    0.000E+00
 0  0  0  0  1  0 -4.92263410579509703E-36   -1.328E-51
 1  0  0  0 -1  0  0.00000000000000000E+00    0.000E+00
-1  0  0  0  1  0  0.00000000000000000E+00    0.000E+00
 0 -1  0  0 -1  0 -5.21220081720974644E-36    1.767E-41
 0  1  0  0  1  0  0.00000000000000000E+00    0.000E+00
-1 -1  0  0 -1  0  0.00000000000000000E+00    0.000E+00
 1  1  0  0  1  0  0.00000000000000000E+00    0.000E+00
 0  0  0 -1 -1  0  0.00000000000000000E+00    0.000E+00
 0  0  0  1  1  0 -1.44783367453387418E-37   -8.837E-42
-1  0  0 -1 -1  0  0.00000000000000000E+00    0.000E+00
 1  0  0  1  1  0  0.00000000000000000E+00    0.000E+00
 0 -1  0 -1 -1  0  0.00000000000000000E+00    0.000E+00
 0  1  0  1  1  0  0.00000000000000000E+00    0.000E+00
-1 -1  0 -1 -1  0  4.34350055375910718E-37   -8.837E-42
 1  1  0  1  1  0  0.00000000000000000E+00    0.000E+00
-1 -2  0 -1 -2  0  0.00000000000000000E+00    0.000E+00
 0 -1  0 -1 -2  0  0.00000000000000000E+00    0.000E+00
-1 -1  0 -1 -2  0  0.00000000000000000E+00    0.000E+00
-1 -2  0  0 -1  0 -4.34350068296579890E-36   -1.249E-51
-1 -2  0 -1 -1  0  1.44783343961261650E-37    8.837E-42
 1  2  0  0  0  0  0.00000000000000000E+00    0.000E+00
 1  2  0  0  1  0  0.00000000000000000E+00    0.000E+00
 1  1  0  0 -1  0  0.00000000000000000E+00    0.000E+00
 1  2  0  1  1  0  0.00000000000000000E+00    0.000E+00
 0  1  0 -1 -1  0  0.00000000000000000E+00    0.000E+00
 0  0  0 -1 -2  0  0.00000000000000000E+00    0.000E+00
 0  0  0  1  2  0  0.00000000000000000E+00    0.000E+00
 0  1  0  1  2  0  0.00000000000000000E+00    0.000E+00
 1  1  0  1  2  0  0.00000000000000000E+00    0.000E+00
-1 -1  0  0  1  0 -4.05393397155114950E-36   -1.767E-41
 0 -1  0  1  1  0 -4.34350078868036485E-37    8.837E-42
-1 -2  0  0  0  0  2.89566699668586351E-37    2.840E-52
 1  2  0  1  2  0  0.00000000000000000E+00    0.000E+00
2 3 2  2 1 2
       49
 0  0  0  0  0  0  4.59748901682553956E-36    1.531E-41
-1  0  0  0  0  0  0.00000000000000000E+00    0.000E+00
 1  0  0  0  0  0  0.00000000000000000E+00    0.000E+00
 0 -1  0  0  0  0  5.26621469195990320E-36   -5.102E-42
 0  1  0  0  0  0  0.00000000000000000E+00    0.000E+00
-1 -1  0  0  0  0  5.76775894831067193E-36    5.102E-42
 1  1  0  0  0  0  0.00000000000000000E+00    0.000E+00
 0  0  0 -1  0  0  5.26621469182149943E-36    3.892E-47
 0  0  0  1  0  0  5.26621469182149943E-36    3.892E-47
-1  0  0 -1  0  0  5.26621469182149943E-36    3.892E-47
 1  0  0  1  0  0  5.26621469182149943E-36    3.892E-47
 0  1  0 -1  0  0  0.00000000000000000E+00    0.000E+00
 0 -1  0  1  0  0  1.08667922212101807E-35   -7.785E-47
-1 -1  0 -1  0  0  1.08667922212101807E-35   -7.785E-47
 1  1  0  1  0  0  0.00000000000000000E+00    0.000E+00
 0  0  0  0 -1  0  0.00000000000000000E+00    0.000E+00
 0  0  0  0  1  0 -1.11175643488319660E-35    5.102E-42
 1  0  0  0 -1  0  0.00000000000000000E+00    0.000E+00
-1  0  0  0  1  0  0.00000000000000000E+00    0.000E+00
 0 -1  0  0 -1  0 -1.11175643488319660E-35    5.102E-42
 0  1  0  0  1  0  0.00000000000000000E+00    0.000E+00
-1 -1  0  0 -1  0  0.00000000000000000E+00    0.000E+00
 1  1  0  0  1  0  0.00000000000000000E+00    0.000E+00
 0  0  0 -1 -1  0  0.00000000000000000E+00    0.000E+00
 0  0  0  1  1  0 -5.51698681958168850E-36    1.020E-41
-1  0  0 -1 -1  0  0.00000000000000000E+00    0.000E+00
 1  0  0  1  1  0  0.00000000000000000E+00    0.000E+00
 0 -1  0 -1 -1  0  0.00000000000000000E+00    0.000E+00
 0  1  0  1  1  0  0.00000000000000000E+00    0.000E+00
-1 -1  0 -1 -1  0 -5.51698681958168850E-36    1.020E-41
 1  1  0  1  1  0  0.00000000000000000E+00    0.000E+00
-1 -2  0 -1 -2  0  0.00000000000000000E+00    0.000E+00
 0 -1  0 -1 -2  0  0.00000000000000000E+00    0.000E+00
-1 -1  0 -1 -2  0  0.00000000000000000E+00    0.000E+00
-1 -2  0  0 -1  0 -1.02816572549140154E-35   -5.102E-42
-1 -2  0 -1 -1  0 -5.18262398201450668E-36   -1.020E-41
 1  2  0  0  0  0  0.00000000000000000E+00    0.000E+00
 1  2  0  0  1  0  0.00000000000000000E+00    0.000E+00
 1  1  0  0 -1  0  0.00000000000000000E+00    0.000E+00
 1  2  0  1  1  0  0.00000000000000000E+00    0.000E+00
 0  1  0 -1 -1  0  0.00000000000000000E+00    0.000E+00
 0  0  0 -1 -2  0  0.00000000000000000E+00    0.000E+00
 0  0  0  1  2  0  0.00000000000000000E+00    0.000E+00
 0  1  0  1  2  0  0.00000000000000000E+00    0.000E+00
 1  1  0  1  2  0  0.00000000000000000E+00    0.000E+00
-1 -1  0  0  1  0 -1.02816572549140154E-35   -5.102E-42
 0 -1  0  1  1  0 -5.18262398201450668E-36   -1.020E-41
-1 -2  0  0  0  0  5.76775894831067193E-36   -1.531E-41
 1  2  0  1  2  0  0.00000000000000000E+00    0.000E+00
2 3 3  2 1 2
       49
 0  0  0  0  0  0  1.11692269805843181E-01    1.651E-07
-1  0  0  0  0  0  0.00000000000000000E+00    0.000E+00
 1  0  0  0  0  0  0.00000000000000000E+00    0.000E+00
 0 -1  0  0  0  0 -5.58482312573317236E-02    5.841E-07
 0  1  0  0  0  0  0.00000000000000000E+00    0.000E+00
-1 -1  0  0  0  0 -5.54245739895442083E-02   -1.266E-06
 1  1  0  0  0  0  0.00000000000000000E+00    0.000E+00
 0  0  0 -1  0  0  3.06396722012193968E-03   -1.747E-07
 0  0  0  1  0  0  3.06396722012193968E-03   -1.747E-07
-1  0  0 -1  0  0 -1.96671627389849533E-04   -1.665E-07
 1  0  0  1  0  0 -1.96671627389849533E-04   -1.665E-07
 0  1  0 -1  0  0  0.00000000000000000E+00    0.000E+00
 0 -1  0  1  0  0 -4.69017151912718040E-03    4.267E-07
-1 -1  0 -1  0  0 -4.27273495180879696E-03    2.557E-07
 1  1  0  1  0  0  0.00000000000000000E+00    0.000E+00
 0  0  0  0 -1  0  0.00000000000000000E+00    0.000E+00
 0  0  0  0  1  0  1.71328302952364862E-03   -2.946E-07
 1  0  0  0 -1  0  0.00000000000000000E+00    0.000E+00
-1  0  0  0  1  0  0.00000000000000000E+00    0.000E+00
 0 -1  0  0 -1  0  2.56053419772843405E-03   -4.547E-07
 0  1  0  0  1  0  0.00000000000000000E+00    0.000E+00
-1 -1  0  0 -1  0  0.00000000000000000E+00    0.000E+00
 1  1  0  0  1  0  0.00000000000000000E+00    0.000E+00
 0  0  0 -1 -1  0  0.00000000000000000E+00    0.000E+00
 0  0  0  1  1  0  1.29249812372931022E-03    4.789E-07
-1  0  0 -1 -1  0  0.00000000000000000E+00    0.000E+00
 1  0  0  1  1  0  0.00000000000000000E+00    0.000E+00
 0 -1  0 -1 -1  0  0.00000000000000000E+00    0.000E+00
 0  1  0  1  1  0  0.00000000000000000E+00    0.000E+00
-1 -1  0 -1 -1  0  2.55766183573524937E-03    6.225E-07
 1  1  0  1  1  0  0.00000000000000000E+00    0.000E+00
-1 -2  0 -1 -2  0  0.00000000000000000E+00    0.000E+00
 0 -1  0 -1 -2  0  0.00000000000000000E+00    0.000E+00
-1 -1  0 -1 -2  0  0.00000000000000000E+00    0.000E+00
-1 -2  0  0 -1  0  6.13686051879823793E-04    3.609E-07
-1 -2  0 -1 -1  0  1.99121846554633705E-04   -5.452E-07
 1  2  0  0  0  0  0.00000000000000000E+00    0.000E+00
 1  2  0  0  1  0  0.00000000000000000E+00    0.000E+00
 1  1  0  0 -1  0  0.00000000000000000E+00    0.000E+00
 1  2  0  1  1  0  0.00000000000000000E+00    0.000E+00
 0  1  0 -1 -1  0  0.00000000000000000E+00    0.000E+00
 0  0  0 -1 -2  0  0.00000000000000000E+00    0.000E+00
 0  0  0  1  2  0  0.00000000000000000E+00    0.000E+00
 0  1  0  1  2  0  0.00000000000000000E+00    0.000E+00
 1  1  0  1  2  0  0.00000000000000000E+00    0.000E+00
-1 -1  0  0  1  0 -3.27334563639600402E-03    3.883E-07
 0 -1  0  1  1  0 -2.43512416328329345E-03   -5.562E-07
-1 -2  0  0  0  0 -4.19464558967239283E-04    5.173E-07
 1  2  0  1  2  0  0.00000000000000000E+00    0.000E+00
3 1 1  2 1 2
       49
 0  0  0  0  0  0  1.07951881696134037E-44   -1.495E-44
-1  0  0  0  0  0  0.00000000000000000E+00    0.000E+00
 1  0  0  0  0  0  0.00000000000000000E+00    0.000E+00
 0 -1  0  0  0  0  1.07951881696134237E-44    1.495E-44
 0  1  0  0  0  0  0.00000000000000000E+00    0.000E+00
-1 -1  0  0  0  0 -1.90991790693160404E-44   -1.495E-44
 1  1  0  0  0  0  0.00000000000000000E+00    0.000E+00
 0  0  0 -1  0  0 -2.44967731541227223E-44   -7.474E-45
 0  0  0  1  0  0 -2.44967731541227223E-44   -7.474E-45
-1  0  0 -1  0  0  2.03447777042714140E-44    7.474E-45
 1  0  0  1  0  0  2.03447777042714140E-44    7.474E-45
 0  1  0 -1  0  0  0.00000000000000000E+00    0.000E+00
 0 -1  0  1  0  0 -4.89935463082454248E-44    1.495E-44
-1 -1  0 -1  0  0  4.06895554085428080E-44   -1.495E-44
 1  1  0  1  0  0  0.00000000000000000E+00    0.000E+00
 0  0  0  0 -1  0  0.00000000000000000E+00    0.000E+00
 0  0  0  0  1  0 -1.90991790693160354E-44    1.495E-44
 1  0  0  0 -1  0  0.00000000000000000E+00    0.000E+00
-1  0  0  0  1  0  0.00000000000000000E+00    0.000E+00
 0 -1  0  0 -1  0 -1.90991790693160304E-44   -1.495E-44
 0  1  0  0  1  0  0.00000000000000000E+00    0.000E+00
-1 -1  0  0 -1  0  0.00000000000000000E+00    0.000E+00
 1  1  0  0  1  0  0.00000000000000000E+00    0.000E+00
 0  0  0 -1 -1  0  0.00000000000000000E+00    0.000E+00
 0  0  0  1  1  0  4.06895554085428130E-44    1.495E-44
-1  0  0 -1 -1  0  0.00000000000000000E+00    0.000E+00
 1  0  0  1  1  0  0.00000000000000000E+00    0.000E+00
 0 -1  0 -1 -1  0  0.00000000000000000E+00    0.000E+00
 0  1  0  1  1  0  0.00000000000000000E+00    0.000E+00
-1 -1  0 -1 -1  0 -4.89935463082454347E-44    1.495E-44
 1  1  0  1  1  0  0.00000000000000000E+00    0.000E+00
-1 -2  0 -1 -2  0  0.00000000000000000E+00    0.000E+00
 0 -1  0 -1 -2  0  0.00000000000000000E+00    0.000E+00
-1 -1  0 -1 -2  0  0.00000000000000000E+00    0.000E+00
-1 -2  0  0 -1  0  1.07951881696134187E-44   -1.495E-44
-1 -2  0 -1 -1  0 -4.89935463082454347E-44   -1.495E-44
 1  2  0  0  0  0  0.00000000000000000E+00    0.000E+00
 1  2  0  0  1  0  0.00000000000000000E+00    0.000E+00
 1  1  0  0 -1  0  0.00000000000000000E+00    0.000E+00
 1  2  0  1  1  0  0.00000000000000000E+00    0.000E+00
 0  1  0 -1 -1  0  0.00000000000000000E+00    0.000E+00
 0  0  0 -1 -2  0  0.00000000000000000E+00    0.000E+00
 0  0  0  1  2  0  0.00000000000000000E+00    0.000E+00
 0  1  0  1  2  0  0.00000000000000000E+00    0.000E+00
 1  1  0  1  2  0  0.00000000000000000E+00    0.000E+00
-1 -1  0  0  1  0  1.07951881696134137E-44    1.495E-44
 0 -1  0  1  1  0  4.06895554085428180E-44   -1.495E-44
-1 -2  0  0  0  0 -1.90991790693160205E-44    1.495E-44
 1  2  0  1  2  0  0.00000000000000000E+00    0.000E+00
3 1 2  2 1 2
       49
 0  0  0  0  0  0  5.79133394542860912E-37    8.630E-45
-1  0  0  0  0  0  0.00000000000000000E+00    0.000E+00
 1  0  0  0  0  0  0.00000000000000000E+00    0.000E+00
 0 -1  0  0  0  0  5.79133463580944844E-37   -8.630E-45
 0  1  0  0  0  0  0.00000000000000000E+00    0.000E+00
-1 -1  0  0  0  0  5.79133377283339971E-37    8.630E-45
 1  1  0  0  0  0  0.00000000000000000E+00    0.000E+00
 0  0  0 -1  0  0  2.89566680011909515E-37    4.315E-45
 0  0  0  1  0  0  2.89566680011909515E-37    4.315E-45
-1  0  0 -1  0  0  2.89566740420232893E-37   -4.315E-45
 1  0  0  1  0  0  2.89566740420232893E-37   -4.315E-45
 0  1  0 -1  0  0  0.00000000000000000E+00    0.000E+00
 0 -1  0  1  0  0  5.79133429061902961E-37   -8.630E-45
-1 -1  0 -1  0  0  5.79133411802381853E-37    8.630E-45
 1  1  0  1  0  0  0.00000000000000000E+00    0.000E+00
 0  0  0  0 -1  0  0.00000000000000000E+00    0.000E+00
 0  0  0  0  1  0 -5.79133399337172368E-37   -8.630E-45
 1  0  0  0 -1  0  0.00000000000000000E+00    0.000E+00
-1  0  0  0  1  0  0.00000000000000000E+00    0.000E+00
 0 -1  0  0 -1  0 -5.79133468375256300E-37    8.630E-45
 0  1  0  0  1  0  0.00000000000000000E+00    0.000E+00
-1 -1  0  0 -1  0  0.00000000000000000E+00    0.000E+00
 1  1  0  0  1  0  0.00000000000000000E+00    0.000E+00
 0  0  0 -1 -1  0  0.00000000000000000E+00    0.000E+00
 0  0  0  1  1  0 -5.79133364818130485E-37   -8.630E-45
-1  0  0 -1 -1  0  0.00000000000000000E+00    0.000E+00
 1  0  0  1  1  0  0.00000000000000000E+00    0.000E+00
 0 -1  0 -1 -1  0  0.00000000000000000E+00    0.000E+00
 0  1  0  1  1  0  0.00000000000000000E+00    0.000E+00
-1 -1  0 -1 -1  0 -5.79133416596693309E-37   -8.630E-45
 1  1  0  1  1  0  0.00000000000000000E+00    0.000E+00
-1 -2  0 -1 -2  0  0.00000000000000000E+00    0.000E+00
 0 -1  0 -1 -2  0  0.00000000000000000E+00    0.000E+00
-1 -1  0 -1 -2  0  0.00000000000000000E+00    0.000E+00
-1 -2  0  0 -1  0 -5.79133451115735359E-37    8.630E-45
-1 -2  0 -1 -1  0 -5.79133485634777241E-37    8.630E-45
 1  2  0  0  0  0  0.00000000000000000E+00    0.000E+00
 1  2  0  0  1  0  0.00000000000000000E+00    0.000E+00
 1  1  0  0 -1  0  0.00000000000000000E+00    0.000E+00
 1  2  0  1  1  0  0.00000000000000000E+00    0.000E+00
 0  1  0 -1 -1  0  0.00000000000000000E+00    0.000E+00
 0  0  0 -1 -2  0  0.00000000000000000E+00    0.000E+00
 0  0  0  1  2  0  0.00000000000000000E+00    0.000E+00
 0  1  0  1  2  0  0.00000000000000000E+00    0.000E+00
 1  1  0  1  2  0  0.00000000000000000E+00    0.000E+00
-1 -1  0  0  1  0 -5.79133382077651427E-37   -8.630E-45
 0 -1  0  1  1  0 -5.79133433856214418E-37    8.630E-45
-1 -2  0  0  0  0  5.79133446321423903E-37   -8.630E-45
 1  2  0  1  2  0  0.00000000000000000E+00    0.000E+00
3 1 3  2 1 2
       49
 0  0  0  0  0  0  2.31727497003631974E-03    3.267E-06
-1  0  0  0  0  0  0.00000000000000000E+00    0.000E+00
 1  0  0  0  0  0  0.00000000000000000E+00    0.000E+00
 0 -1  0  0  0  0  2.08306002517043870E-01   -7.511E-07
 0  1  0  0  0  0  0.00000000000000000E+00    0.000E+00
-1 -1  0  0  0  0 -2.08294424550400231E-01    7.528E-07
 1  1  0  0  0  0  0.00000000000000000E+00    0.000E+00
 0  0  0 -1  0  0  2.89449166090277599E-06    4.287E-10
 0  0  0  1  0  0  2.89449166090277599E-06    4.287E-10
-1  0  0 -1  0  0  2.89449166089930654E-06    4.287E-10
 1  0  0  1  0  0  2.89449166089930654E-06    4.287E-10
 0  1  0 -1  0  0  0.00000000000000000E+00    0.000E+00
 0 -1  0  1  0  0 -5.78898332179514363E-06   -8.573E-10
-1 -1  0 -1  0  0 -5.78898332181942976E-06   -8.573E-10
 1  1  0  1  0  0  0.00000000000000000E+00    0.000E+00
 0  0  0  0 -1  0  0.00000000000000000E+00    0.000E+00
 0  0  0  0  1  0  1.36858771977929512E-02   -1.258E-06
 1  0  0  0 -1  0  0.00000000000000000E+00    0.000E+00
-1  0  0  0  1  0  0.00000000000000000E+00    0.000E+00
 0 -1  0  0 -1  0  1.36858771977929720E-02   -1.258E-06
 0  1  0  0  1  0  0.00000000000000000E+00    0.000E+00
-1 -1  0  0 -1  0  0.00000000000000000E+00    0.000E+00
 1  1  0  0  1  0  0.00000000000000000E+00    0.000E+00
 0  0  0 -1 -1  0  0.00000000000000000E+00    0.000E+00
 0  0  0  1  1  0 -1.60089411511510869E-02   -2.010E-06
-1  0  0 -1 -1  0  0.00000000000000000E+00    0.000E+00
 1  0  0  1  1  0  0.00000000000000000E+00    0.000E+00
 0 -1  0 -1 -1  0  0.00000000000000000E+00    0.000E+00
 0  1  0  1  1  0  0.00000000000000000E+00    0.000E+00
-1 -1  0 -1 -1  0 -1.60089411511511077E-02   -2.010E-06
 1  1  0  1  1  0  0.00000000000000000E+00    0.000E+00
-1 -2  0 -1 -2  0  0.00000000000000000E+00    0.000E+00
 0 -1  0 -1 -2  0  0.00000000000000000E+00    0.000E+00
-1 -1  0 -1 -2  0  0.00000000000000000E+00    0.000E+00
-1 -2  0  0 -1  0  1.17319829828234495E-02    1.258E-06
-1 -2  0 -1 -1  0 -9.40891902946532077E-03    2.010E-06
 1  2  0  0  0  0  0.00000000000000000E+00    0.000E+00
 1  2  0  0  1  0  0.00000000000000000E+00    0.000E+00
 1  1  0  0 -1  0  0.00000000000000000E+00    0.000E+00
 1  2  0  1  1  0  0.00000000000000000E+00    0.000E+00
 0  1  0 -1 -1  0  0.00000000000000000E+00    0.000E+00
 0  0  0 -1 -2  0  0.00000000000000000E+00    0.000E+00
 0  0  0  1  2  0  0.00000000000000000E+00    0.000E+00
 0  1  0  1  2  0  0.00000000000000000E+00    0.000E+00
 1  1  0  1  2  0  0.00000000000000000E+00    0.000E+00
-1 -1  0  0  1  0  1.17319829828234391E-02    1.258E-06
 0 -1  0  1  1  0 -9.40891902946529995E-03    2.010E-06
-1 -2  0  0  0  0 -2.32885293667993432E-03   -3.269E-06
 1  2  0  1  2  0  0.00000000000000000E+00    0.000E+00
3 2 1  2 1 2
       49
 0  0  0  0  0  0 -5.79133348517467308E-37    8.638E-45
-1  0  0  0  0  0  0.00000000000000000E+00    0.000E+00
 1  0  0  0  0  0  0.00000000000000000E+00    0.000E+00
 0 -1  0  0  0  0 -5.79133486593635674E-37   -8.638E-45
 0  1  0  0  0  0  0.00000000000000000E+00    0.000E+00
-1 -1  0  0  0  0 -5.79133365776996518E-37    8.630E-45
 1  1  0  0  0  0  0.00000000000000000E+00    0.000E+00
 0  0  0 -1  0  0  2.89566731311039405E-37    4.319E-45
 0  0  0  1  0  0  2.89566731311039405E-37    4.319E-45
-1  0  0 -1  0  0  2.89566688162240769E-37   -4.315E-45
 1  0  0  1  0  0  2.89566688162240769E-37   -4.315E-45
 0  1  0 -1  0  0  0.00000000000000000E+00    0.000E+00
 0 -1  0  1  0  0  5.79133324545910445E-37   -8.638E-45
-1 -1  0 -1  0  0  5.79133514400649904E-37    8.630E-45
 1  1  0  1  0  0  0.00000000000000000E+00    0.000E+00
 0  0  0  0 -1  0  0.00000000000000000E+00    0.000E+00
 0  0  0  0  1  0 -5.79133503853156114E-37   -8.621E-45
 1  0  0  0 -1  0  0.00000000000000000E+00    0.000E+00
-1  0  0  0  1  0  0.00000000000000000E+00    0.000E+00
 0 -1  0  0 -1  0 -5.79133365776988751E-37    8.621E-45
 0  1  0  0  1  0  0.00000000000000000E+00    0.000E+00
-1 -1  0  0 -1  0  0.00000000000000000E+00    0.000E+00
 1  1  0  0  1  0  0.00000000000000000E+00    0.000E+00
 0  0  0 -1 -1  0  0.00000000000000000E+00    0.000E+00
 0  0  0  1  1  0  5.79133376324473770E-37   -8.621E-45
-1  0  0 -1 -1  0  0.00000000000000000E+00    0.000E+00
 1  0  0  1  1  0  0.00000000000000000E+00    0.000E+00
 0 -1  0 -1 -1  0  0.00000000000000000E+00    0.000E+00
 0  1  0  1  1  0  0.00000000000000000E+00    0.000E+00
-1 -1  0 -1 -1  0  5.79133324545919215E-37   -8.630E-45
 1  1  0  1  1  0  0.00000000000000000E+00    0.000E+00
-1 -2  0 -1 -2  0  0.00000000000000000E+00    0.000E+00
 0 -1  0 -1 -2  0  0.00000000000000000E+00    0.000E+00
-1 -1  0 -1 -2  0  0.00000000000000000E+00    0.000E+00
-1 -2  0  0 -1  0 -5.79133348517476078E-37    8.630E-45
-1 -2  0 -1 -1  0  5.79133462622086579E-37    8.630E-45
 1  2  0  0  0  0  0.00000000000000000E+00    0.000E+00
 1  2  0  0  1  0  0.00000000000000000E+00    0.000E+00
 1  1  0  0 -1  0  0.00000000000000000E+00    0.000E+00
 1  2  0  1  1  0  0.00000000000000000E+00    0.000E+00
 0  1  0 -1 -1  0  0.00000000000000000E+00    0.000E+00
 0  0  0 -1 -2  0  0.00000000000000000E+00    0.000E+00
 0  0  0  1  2  0  0.00000000000000000E+00    0.000E+00
 0  1  0  1  2  0  0.00000000000000000E+00    0.000E+00
 1  1  0  1  2  0  0.00000000000000000E+00    0.000E+00
-1 -1  0  0  1  0 -5.79133486593643442E-37   -8.630E-45
 0 -1  0  1  1  0  5.79133514400641134E-37    8.621E-45
-1 -2  0  0  0  0 -5.79133503853164884E-37   -8.630E-45
 1  2  0  1  2  0  0.00000000000000000E+00    0.000E+00
3 2 2  2 1 2
       49
 0  0  0  0  0  0  3.15551679555180998E-44   -4.939E-45
-1  0  0  0  0  0  0.00000000000000000E+00    0.000E+00
 1  0  0  0  0  0  0.00000000000000000E+00    0.000E+00
 0 -1  0  0  0  0 -8.30398866002265093E-45    4.939E-45
 0  1  0  0  0  0  0.00000000000000000E+00    0.000E+00
-1 -1  0  0  0  0  2.15903741150142333E-44   -5.021E-45
 1  1  0  0  0  0  0.00000000000000000E+00    0.000E+00
 0  0  0 -1  0  0  3.34362843379973365E-37   -2.469E-45
 0  0  0  1  0  0  3.34362843379973365E-37   -2.469E-45
-1  0  0 -1  0  0  3.34362838397581085E-37    2.511E-45
 1  0  0  1  0  0  3.34362838397581085E-37    2.511E-45
 0  1  0 -1  0  0  0.00000000000000000E+00    0.000E+00
 0 -1  0  1  0  0  6.68725646900790115E-37    4.939E-45
-1 -1  0 -1  0  0  6.68725716654318786E-37   -5.021E-45
 1  1  0  1  0  0  0.00000000000000000E+00    0.000E+00
 0  0  0  0 -1  0  0.00000000000000000E+00    0.000E+00
 0  0  0  0  1  0 -6.68725693403139082E-37    4.948E-45
 1  0  0  0 -1  0  0.00000000000000000E+00    0.000E+00
-1  0  0  0  1  0  0.00000000000000000E+00    0.000E+00
 0 -1  0  0 -1  0 -6.68725653543983134E-37   -4.948E-45
 0  1  0  0  1  0  0.00000000000000000E+00    0.000E+00
-1 -1  0  0 -1  0  0.00000000000000000E+00    0.000E+00
 1  1  0  0  1  0  0.00000000000000000E+00    0.000E+00
 0  0  0 -1 -1  0  0.00000000000000000E+00    0.000E+00
 0  0  0  1  1  0  1.66079595573078236E-45    4.948E-45
-1  0  0 -1 -1  0  0.00000000000000000E+00    0.000E+00
 1  0  0  1  1  0  0.00000000000000000E+00    0.000E+00
 0 -1  0 -1 -1  0  0.00000000000000000E+00    0.000E+00
 0  1  0  1  1  0  0.00000000000000000E+00    0.000E+00
-1 -1  0 -1 -1  0 -2.82335665223322455E-44    5.021E-45
 1  1  0  1  1  0  0.00000000000000000E+00    0.000E+00
-1 -2  0 -1 -2  0  0.00000000000000000E+00    0.000E+00
 0 -1  0 -1 -2  0  0.00000000000000000E+00    0.000E+00
-1 -1  0 -1 -2  0  0.00000000000000000E+00    0.000E+00
-1 -2  0  0 -1  0 -6.68725643579198908E-37   -5.021E-45
-1 -2  0 -1 -1  0  1.16255894992607975E-44   -5.021E-45
 1  2  0  0  0  0  0.00000000000000000E+00    0.000E+00
 1  2  0  0  1  0  0.00000000000000000E+00    0.000E+00
 1  1  0  0 -1  0  0.00000000000000000E+00    0.000E+00
 1  2  0  1  1  0  0.00000000000000000E+00    0.000E+00
 0  1  0 -1 -1  0  0.00000000000000000E+00    0.000E+00
 0  0  0 -1 -2  0  0.00000000000000000E+00    0.000E+00
 0  0  0  1  2  0  0.00000000000000000E+00    0.000E+00
 0  1  0  1  2  0  0.00000000000000000E+00    0.000E+00
 1  1  0  1  2  0  0.00000000000000000E+00    0.000E+00
-1 -1  0  0  1  0 -6.68725683438354856E-37    5.021E-45
 0 -1  0  1  1  0  4.15199519773238253E-44   -4.948E-45
-1 -2  0  0  0  0 -1.82687825005265175E-44    5.021E-45
 1  2  0  1  2  0  0.00000000000000000E+00    0.000E+00
3 2 3  2 1 2
       49
 0  0  0  0  0  0  2.39192703885803493E-01    2.923E-07
-1  0  0  0  0  0  0.00000000000000000E+00    0.000E+00
 1  0  0  0  0  0  0.00000000000000000E+00    0.000E+00
 0 -1  0  0  0  0 -1.17587941950804048E-01    1.162E-06
 0  1  0  0  0  0  0.00000000000000000E+00    0.000E+00
-1 -1  0  0  0  0 -1.20259727527962615E-01   -2.615E-06
 1  1  0  0  0  0  0.00000000000000000E+00    0.000E+00
 0  0  0 -1  0  0 -5.43367783955011133E-03   -3.632E-07
 0  0  0  1  0  0 -5.43367783955011133E-03   -3.632E-07
-1  0  0 -1  0  0 -5.43367783955011480E-03   -3.632E-07
 1  0  0  1  0  0 -5.43367783955011480E-03   -3.632E-07
 0  1  0 -1  0  0  0.00000000000000000E+00    0.000E+00
 0 -1  0  1  0  0 -1.84826611559039955E-02    7.265E-07
-1 -1  0 -1  0  0 -1.84826611559039955E-02    7.265E-07
 1  1  0  1  0  0  0.00000000000000000E+00    0.000E+00
 0  0  0  0 -1  0  0.00000000000000000E+00    0.000E+00
 0  0  0  0  1  0  7.90086689412081850E-03   -7.270E-07
 1  0  0  0 -1  0  0.00000000000000000E+00    0.000E+00
-1  0  0  0  1  0  0.00000000000000000E+00    0.000E+00
 0 -1  0  0 -1  0  7.90086689412081850E-03   -7.270E-07
 0  1  0  0  1  0  0.00000000000000000E+00    0.000E+00
-1 -1  0  0 -1  0  0.00000000000000000E+00    0.000E+00
 1  1  0  0  1  0  0.00000000000000000E+00    0.000E+00
 0  0  0 -1 -1  0  0.00000000000000000E+00    0.000E+00
 0  0  0  1  1  0  9.23675968270010889E-03    1.161E-06
-1  0  0 -1 -1  0  0.00000000000000000E+00    0.000E+00
 1  0  0  1  1  0  0.00000000000000000E+00    0.000E+00
 0 -1  0 -1 -1  0  0.00000000000000000E+00    0.000E+00
 0  1  0  1  1  0  0.00000000000000000E+00    0.000E+00
-1 -1  0 -1 -1  0  9.23675968270010195E-03    1.161E-06
 1  1  0  1  1  0  0.00000000000000000E+00    0.000E+00
-1 -2  0 -1 -2  0  0.00000000000000000E+00    0.000E+00
 0 -1  0 -1 -2  0  0.00000000000000000E+00    0.000E+00
-1 -1  0 -1 -2  0  0.00000000000000000E+00    0.000E+00
-1 -2  0  0 -1  0  6.77414152338129405E-03    7.270E-07
-1 -2  0 -1 -1  0  5.43824873480200366E-03   -1.161E-06
 1  2  0  0  0  0  0.00000000000000000E+00    0.000E+00
 1  2  0  0  1  0  0.00000000000000000E+00    0.000E+00
 1  1  0  0 -1  0  0.00000000000000000E+00    0.000E+00
 1  2  0  1  1  0  0.00000000000000000E+00    0.000E+00
 0  1  0 -1 -1  0  0.00000000000000000E+00    0.000E+00
 0  0  0 -1 -2  0  0.00000000000000000E+00    0.000E+00
 0  0  0  1  2  0  0.00000000000000000E+00    0.000E+00
 0  1  0  1  2  0  0.00000000000000000E+00    0.000E+00
 1  1  0  1  2  0  0.00000000000000000E+00    0.000E+00
-1 -1  0  0  1  0  6.77414152338129405E-03    7.270E-07
 0 -1  0  1  1  0  5.43824873480200366E-03   -1.161E-06
-1 -2  0  0  0  0 -1.34503440703682281E-03    1.161E-06
 1  2  0  1  2  0  0.00000000000000000E+00    0.000E+00
3 3 1  2 1 2
       49
 0  0  0  0  0  0 -3.19631128850236812E-06    1.390E-06
-1  0  0  0  0  0  0.00000000000000000E+00    0.000E+00
 1  0  0  0  0  0  0.00000000000000000E+00    0.000E+00
 0 -1  0  0  0  0  9.67270511456986559E-02   -2.471E-07
 0  1  0  0  0  0  0.00000000000000000E+00    0.000E+00
-1 -1  0  0  0  0 -9.59979316913893571E-02    3.629E-07
 1  1  0  0  0  0  0.00000000000000000E+00    0.000E+00
 0  0  0 -1  0  0  1.45583012567829934E-06    7.917E-08
 0  0  0  1  0  0  1.45583012567829934E-06    7.917E-08
-1  0  0 -1  0  0  3.63103897028976309E-04   -2.128E-08
 1  0  0  1  0  0  3.63103897028976309E-04   -2.128E-08
 0  1  0 -1  0  0  0.00000000000000000E+00    0.000E+00
 0 -1  0  1  0  0  4.86386368254787885E-04   -6.264E-08
-1 -1  0 -1  0  0 -1.21550582256409363E-03   -5.313E-08
 1  1  0  1  0  0  0.00000000000000000E+00    0.000E+00
 0  0  0  0 -1  0  0.00000000000000000E+00    0.000E+00
 0  0  0  0  1  0  3.45708249873803199E-03   -6.529E-07
 1  0  0  0 -1  0  0.00000000000000000E+00    0.000E+00
-1  0  0  0  1  0  0.00000000000000000E+00    0.000E+00
 0 -1  0  0 -1  0  3.94624331257969162E-03   -4.903E-07
 0  1  0  0  1  0  0.00000000000000000E+00    0.000E+00
-1 -1  0  0 -1  0  0.00000000000000000E+00    0.000E+00
 1  1  0  0  1  0  0.00000000000000000E+00    0.000E+00
 0  0  0 -1 -1  0  0.00000000000000000E+00    0.000E+00
 0  0  0  1  1  0 -3.45679784770089142E-03   -8.958E-07
-1  0  0 -1 -1  0  0.00000000000000000E+00    0.000E+00
 1  0  0  1  1  0  0.00000000000000000E+00    0.000E+00
 0 -1  0 -1 -1  0  0.00000000000000000E+00    0.000E+00
 0  1  0  1  1  0  0.00000000000000000E+00    0.000E+00
-1 -1  0 -1 -1  0 -4.66925479534914360E-03   -8.575E-07
 1  1  0  1  1  0  0.00000000000000000E+00    0.000E+00
-1 -2  0 -1 -2  0  0.00000000000000000E+00    0.000E+00
 0 -1  0 -1 -2  0  0.00000000000000000E+00    0.000E+00
-1 -1  0 -1 -2  0  0.00000000000000000E+00    0.000E+00
-1 -2  0  0 -1  0 -5.67002954894649074E-03    5.955E-07
-1 -2  0 -1 -1  0  5.66974489790934670E-03    9.532E-07
 1  2  0  0  0  0  0.00000000000000000E+00    0.000E+00
 1  2  0  0  1  0  0.00000000000000000E+00    0.000E+00
 1  1  0  0 -1  0  0.00000000000000000E+00    0.000E+00
 1  2  0  1  1  0  0.00000000000000000E+00    0.000E+00
 0  1  0 -1 -1  0  0.00000000000000000E+00    0.000E+00
 0  0  0 -1 -2  0  0.00000000000000000E+00    0.000E+00
 0  0  0  1  2  0  0.00000000000000000E+00    0.000E+00
 0  1  0  1  2  0  0.00000000000000000E+00    0.000E+00
 1  1  0  1  2  0  0.00000000000000000E+00    0.000E+00
-1 -1  0  0  1  0  1.06250678627314334E-03    5.477E-07
 0 -1  0  1  1  0 -3.39495303503694820E-04    8.001E-07
-1 -2  0  0  0  0 -7.25923143020806849E-04   -1.506E-06
 1  2  0  1  2  0  0.00000000000000000E+00    0.000E+00
3 3 2  2 1 2
       49
 0  0  0  0  0  0  1.11692269805843181E-01    1.651E-07
-1  0  0  0  0  0  0.00000000000000000E+00    0.000E+00
 1  0  0  0  0  0  0.00000000000000000E+00    0.000E+00
 0 -1  0  0  0  0 -5.58482312573317236E-02    5.841E-07
 0  1  0  0  0  0  0.00000000000000000E+00    0.000E+00
-1 -1  0  0  0  0 -5.54245739895442013E-02   -1.266E-06
 1  1  0  0  0  0  0.00000000000000000E+00    0.000E+00
 0  0  0 -1  0  0 -1.96671627389853002E-04   -1.665E-07
 0  0  0  1  0  0 -1.96671627389853002E-04   -1.665E-07
-1  0  0 -1  0  0  3.06396722012194098E-03   -1.747E-07
 1  0  0  1  0  0  3.06396722012194098E-03   -1.747E-07
 0  1  0 -1  0  0  0.00000000000000000E+00    0.000E+00
 0 -1  0  1  0  0 -4.27273495180879783E-03    2.557E-07
-1 -1  0 -1  0  0 -4.69017151912716913E-03    4.267E-07
 1  1  0  1  0  0  0.00000000000000000E+00    0.000E+00
 0  0  0  0 -1  0  0.00000000000000000E+00    0.000E+00
 0  0  0  0  1  0  2.56053419772843145E-03   -4.547E-07
 1  0  0  0 -1  0  0.00000000000000000E+00    0.000E+00
-1  0  0  0  1  0  0.00000000000000000E+00    0.000E+00
 0 -1  0  0 -1  0  1.71328302952364776E-03   -2.946E-07
 0  1  0  0  1  0  0.00000000000000000E+00    0.000E+00
-1 -1  0  0 -1  0  0.00000000000000000E+00    0.000E+00
 1  1  0  0  1  0  0.00000000000000000E+00    0.000E+00
 0  0  0 -1 -1  0  0.00000000000000000E+00    0.000E+00
 0  0  0  1  1  0  2.55766183573524850E-03    6.225E-07
-1  0  0 -1 -1  0  0.00000000000000000E+00    0.000E+00
 1  0  0  1  1  0  0.00000000000000000E+00    0.000E+00
 0 -1  0 -1 -1  0  0.00000000000000000E+00    0.000E+00
 0  1  0  1  1  0  0.00000000000000000E+00    0.000E+00
-1 -1  0 -1 -1  0  1.29249812372930675E-03    4.789E-07
 1  1  0  1  1  0  0.00000000000000000E+00    0.000E+00
-1 -2  0 -1 -2  0  0.00000000000000000E+00    0.000E+00
 0 -1  0 -1 -2  0  0.00000000000000000E+00    0.000E+00
-1 -1  0 -1 -2  0  0.00000000000000000E+00    0.000E+00
-1 -2  0  0 -1  0 -3.27334563639600316E-03    3.883E-07
-1 -2  0 -1 -1  0 -2.43512416328329259E-03   -5.562E-07
 1  2  0  0  0  0  0.00000000000000000E+00    0.000E+00
 1  2  0  0  1  0  0.00000000000000000E+00    0.000E+00
 1  1  0  0 -1  0  0.00000000000000000E+00    0.000E+00
 1  2  0  1  1  0  0.00000000000000000E+00    0.000E+00
 0  1  0 -1 -1  0  0.00000000000000000E+00    0.000E+00
 0  0  0 -1 -2  0  0.00000000000000000E+00    0.000E+00
 0  0  0  1  2  0  0.00000000000000000E+00    0.000E+00
 0  1  0  1  2  0  0.00000000000000000E+00    0.000E+00
 1  1  0  1  2  0  0.00000000000000000E+00    0.000E+00
-1 -1  0  0  1  0  6.13686051879822926E-04    3.609E-07
 0 -1  0  1  1  0  1.99121846554628501E-04   -5.452E-07
-1 -2  0  0  0  0 -4.19464558967243620E-04    5.173E-07
 1  2  0  1  2  0  0.00000000000000000E+00    0.000E+00
3 3 3  2 1 2
       49
 0  0  0  0  0  0  0.00000000000000000E+00   -7.375E-61
-1  0  0  0  0  0  0.00000000000000000E+00    0.000E+00
 1  0  0  0  0  0  0.00000000000000000E+00    0.000E+00
 0 -1  0  0  0  0  1.07292697919981476E-75    7.375E-61
 0  1  0  0  0  0  0.00000000000000000E+00    0.000E+00
-1 -1  0  0  0  0 -9.00358000900433300E-76   -7.375E-61
 1  1  0  0  0  0  0.00000000000000000E+00    0.000E+00
 0  0  0 -1  0  0 -2.25807281217117686E-77    0.000E+00
 0  0  0  1  0  0 -2.25807281217117686E-77    0.000E+00
-1  0  0 -1  0  0  2.25807281217117686E-77    0.000E+00
 1  0  0  1  0  0  2.25807281217117686E-77    0.000E+00
 0  1  0 -1  0  0  0.00000000000000000E+00    0.000E+00
 0 -1  0  1  0  0  2.19732033710883240E-77    0.000E+00
-1 -1  0 -1  0  0 -4.03842333715634563E-78    0.000E+00
 1  1  0  1  0  0  0.00000000000000000E+00    0.000E+00
 0  0  0  0 -1  0  0.00000000000000000E+00    0.000E+00
 0  0  0  0  1  0 -2.44073573590541381E-76    0.000E+00
 1  0  0  0 -1  0  0.00000000000000000E+00    0.000E+00
-1  0  0  0  1  0  0.00000000000000000E+00    0.000E+00
 0 -1  0  0 -1  0  1.15451002033336602E-76    0.000E+00
 0  1  0  0  1  0  0.00000000000000000E+00    0.000E+00
-1 -1  0  0 -1  0  0.00000000000000000E+00    0.000E+00
 1  1  0  0  1  0  0.00000000000000000E+00    0.000E+00
 0  0  0 -1 -1  0  0.00000000000000000E+00    0.000E+00
 0  0  0  1  1  0 -5.81624945843330947E-76    7.375E-61
-1  0  0 -1 -1  0  0.00000000000000000E+00    0.000E+00
 1  0  0  1  1  0  0.00000000000000000E+00    0.000E+00
 0 -1  0 -1 -1  0  0.00000000000000000E+00    0.000E+00
 0  1  0  1  1  0  0.00000000000000000E+00    0.000E+00
-1 -1  0 -1 -1  0  5.64746465321797986E-76    7.375E-61
 1  1  0  1  1  0  0.00000000000000000E+00    0.000E+00
-1 -2  0 -1 -2  0  0.00000000000000000E+00    0.000E+00
 0 -1  0 -1 -2  0  0.00000000000000000E+00    0.000E+00
-1 -1  0 -1 -2  0  0.00000000000000000E+00    0.000E+00
-1 -2  0  0 -1  0  2.08928800695584818E-76    0.000E+00
-1 -2  0 -1 -1  0  5.08180513878016710E-76   -7.375E-61
 1  2  0  0  0  0  0.00000000000000000E+00    0.000E+00
 1  2  0  0  1  0  0.00000000000000000E+00    0.000E+00
 1  1  0  0 -1  0  0.00000000000000000E+00    0.000E+00
 1  2  0  1  1  0  0.00000000000000000E+00    0.000E+00
 0  1  0 -1 -1  0  0.00000000000000000E+00    0.000E+00
 0  0  0 -1 -2  0  0.00000000000000000E+00    0.000E+00
 0  0  0  1  2  0  0.00000000000000000E+00    0.000E+00
 0  1  0  1  2  0  0.00000000000000000E+00    0.000E+00
 1  1  0  1  2  0  0.00000000000000000E+00    0.000E+00
-1 -1  0  0  1  0 -3.91831962321129085E-77    0.000E+00
 0 -1  0  1  1  0 -6.43112857786023803E-76   -7.375E-61
-1 -2  0  0  0  0 -9.03229124868470745E-77    7.375E-61
 1  2  0  1  2  0  0.00000000000000000E+00    0.000E+00
1 1 1  2 2 1
       49
 0  0  0  0  0  0  4.56142749171606354E-04   -1.922E-05
-1  0  0  0  0  0 -2.73190702216027925E-04   -4.340E-08
 1  0  0  0  0  0 -2.73190702216027925E-04   -4.340E-08
 0 -1  0  0  0  0  0.00000000000000000E+00    0.000E+00
 0  1  0  0  0  0 -7.15558339661385712E-02    7.722E-06
-1 -1  0  0  0  0  0.00000000000000000E+00    0.000E+00
 1  1  0  0  0  0  7.16460726213989652E-02    1.159E-05
 0  0  0 -1  0  0  0.00000000000000000E+00    0.000E+00
 0  0  0  1  0  0  0.00000000000000000E+00    0.000E+00
-1  0  0 -1  0  0 -2.73190702216027925E-04   -4.340E-08
 1  0  0  1  0  0 -2.73190702216027925E-04   -4.340E-08
 0  1  0 -1  0  0  0.00000000000000000E+00    0.000E+00
 0 -1  0  1  0  0  0.00000000000000000E+00    0.000E+00
-1 -1  0 -1  0  0  0.00000000000000000E+00    0.000E+00
 1  1  0  1  0  0  0.00000000000000000E+00    0.000E+00
 0  0  0  0 -1  0 -1.23655954288040015E+00    3.779E-06
 0  0  0  0  1  0  0.00000000000000000E+00    0.000E+00
 1  0  0  0 -1  0  5.46381404432028095E-04    8.679E-08
-1  0  0  0  1  0  0.00000000000000000E+00    0.000E+00
 0 -1  0  0 -1  0 -7.15558339661386544E-02    7.722E-06
 0  1  0  0  1  0  0.00000000000000000E+00    0.000E+00
-1 -1  0  0 -1  0  0.00000000000000000E+00    0.000E+00
 1  1  0  0  1  0  0.00000000000000000E+00    0.000E+00
 0  0  0 -1 -1  0  1.23546678007153621E+00   -3.952E-06
 0  0  0  1  1  0  0.00000000000000000E+00    0.000E+00
-1  0  0 -1 -1  0  5.46381404432028095E-04    8.679E-08
 1  0  0  1  1  0  0.00000000000000000E+00    0.000E+00
 0 -1  0 -1 -1  0  0.00000000000000000E+00    0.000E+00
 0  1  0  1  1  0  0.00000000000000000E+00    0.000E+00
-1 -1  0 -1 -1  0  7.16460726213989929E-02    1.159E-05
 1  1  0  1  1  0  0.00000000000000000E+00    0.000E+00
-1 -2  0 -1 -2  0  0.00000000000000000E+00    0.000E+00
 0 -1  0 -1 -2  0 -5.03261898753032400E-03   -7.722E-06
-1 -1  0 -1 -2  0  4.94238033226987450E-03   -1.159E-05
-1 -2  0  0 -1  0  0.00000000000000000E+00    0.000E+00
-1 -2  0 -1 -1  0  0.00000000000000000E+00    0.000E+00
 1  2  0  0  0  0  0.00000000000000000E+00    0.000E+00
 1  2  0  0  1  0  0.00000000000000000E+00    0.000E+00
 1  1  0  0 -1  0  4.94238033226990225E-03   -1.159E-05
 1  2  0  1  1  0  0.00000000000000000E+00    0.000E+00
 0  1  0 -1 -1  0 -5.03261898753035175E-03   -7.722E-06
 0  0  0 -1 -2  0  6.36620059692449836E-04    1.940E-05
 0  0  0  1  2  0  0.00000000000000000E+00    0.000E+00
 0  1  0  1  2  0  0.00000000000000000E+00    0.000E+00
 1  1  0  1  2  0  0.00000000000000000E+00    0.000E+00
-1 -1  0  0  1  0  0.00000000000000000E+00    0.000E+00
 0 -1  0  1  1  0  0.00000000000000000E+00    0.000E+00
-1 -2  0  0  0  0  0.00000000000000000E+00    0.000E+00
 1  2  0  1  2  0  0.00000000000000000E+00    0.000E+00
1 1 2  2 2 1
       49
 0  0  0  0  0  0  1.09030150965926387E+00   -2.793E-06
-1  0  0  0  0  0  4.77925119135174603E-01    1.244E-06
 1  0  0  0  0  0  4.77925119135174603E-01    1.244E-06
 0 -1  0  0  0  0  0.00000000000000000E+00    0.000E+00
 0  1  0  0  0  0  9.78651619397181372E-01   -4.791E-07
-1 -1  0  0  0  0  0.00000000000000000E+00    0.000E+00
 1  1  0  0  0  0  9.79887088480362212E-01    7.840E-07
 0  0  0 -1  0  0  0.00000000000000000E+00    0.000E+00
 0  0  0  1  0  0  0.00000000000000000E+00    0.000E+00
-1  0  0 -1  0  0  4.77925119135174603E-01    1.244E-06
 1  0  0  1  0  0  4.77925119135174603E-01    1.244E-06
 0  1  0 -1  0  0  0.00000000000000000E+00    0.000E+00
 0 -1  0  1  0  0  0.00000000000000000E+00    0.000E+00
-1 -1  0 -1  0  0  0.00000000000000000E+00    0.000E+00
 1  1  0  1  0  0  0.00000000000000000E+00    0.000E+00
 0  0  0  0 -1  0  1.77278135908646672E+00    3.751E-06
 0  0  0  0  1  0  0.00000000000000000E+00    0.000E+00
 1  0  0  0 -1  0  9.42420877186021966E-01   -2.488E-06
-1  0  0  0  1  0  0.00000000000000000E+00    0.000E+00
 0 -1  0  0 -1  0  9.78651619397180927E-01   -4.791E-07
 0  1  0  0  1  0  0.00000000000000000E+00    0.000E+00
-1 -1  0  0 -1  0  0.00000000000000000E+00    0.000E+00
 1  1  0  0  1  0  0.00000000000000000E+00    0.000E+00
 0  0  0 -1 -1  0  1.77031042092010549E+00    1.225E-06
 0  0  0  1  1  0  0.00000000000000000E+00    0.000E+00
-1  0  0 -1 -1  0  9.42420877186021966E-01   -2.488E-06
 1  0  0  1  1  0  0.00000000000000000E+00    0.000E+00
 0 -1  0 -1 -1  0  0.00000000000000000E+00    0.000E+00
 0  1  0  1  1  0  0.00000000000000000E+00    0.000E+00
-1 -1  0 -1 -1  0  9.79887088480361768E-01    7.840E-07
 1  1  0  1  1  0  0.00000000000000000E+00    0.000E+00
-1 -2  0 -1 -2  0  0.00000000000000000E+00    0.000E+00
 0 -1  0 -1 -2  0  1.00526556761483565E+00    4.791E-07
-1 -1  0 -1 -2  0  1.00403009853165481E+00   -7.840E-07
-1 -2  0  0 -1  0  0.00000000000000000E+00    0.000E+00
-1 -2  0 -1 -1  0  0.00000000000000000E+00    0.000E+00
 1  2  0  0  0  0  0.00000000000000000E+00    0.000E+00
 1  2  0  0  1  0  0.00000000000000000E+00    0.000E+00
 1  1  0  0 -1  0  1.00403009853165437E+00   -7.840E-07
 1  2  0  1  1  0  0.00000000000000000E+00    0.000E+00
 0  1  0 -1 -1  0  1.00526556761483543E+00    4.791E-07
 0  0  0 -1 -2  0  9.73917092411369034E-01   -2.183E-06
 0  0  0  1  2  0  0.00000000000000000E+00    0.000E+00
 0  1  0  1  2  0  0.00000000000000000E+00    0.000E+00
 1  1  0  1  2  0  0.00000000000000000E+00    0.000E+00
-1 -1  0  0  1  0  0.00000000000000000E+00    0.000E+00
 0 -1  0  1  1  0  0.00000000000000000E+00    0.000E+00
-1 -2  0  0  0  0  0.00000000000000000E+00    0.000E+00
 1  2  0  1  2  0  0.00000000000000000E+00    0.000E+00
1 1 3  2 2 1
       49
 0  0  0  0  0  0 -2.50772129836219388E-37    1.531E-41
-1  0  0  0  0  0 -8.30399085716730167E-46    2.055E-53
 1  0  0  0  0  0 -8.30399085716730167E-46    2.055E-53
 0 -1  0  0  0  0  0.00000000000000000E+00    0.000E+00
 0  1  0  0  0  0 -2.50772129836219388E-37    1.531E-41
-1 -1  0  0  0  0  0.00000000000000000E+00    0.000E+00
 1  1  0  0  0  0 -1.66079817143346033E-45   -1.458E-53
 0  0  0 -1  0  0  0.00000000000000000E+00    0.000E+00
 0  0  0  1  0  0  0.00000000000000000E+00    0.000E+00
-1  0  0 -1  0  0 -8.30399085716730167E-46    2.055E-53
 1  0  0  1  0  0 -8.30399085716730167E-46    2.055E-53
 0  1  0 -1  0  0  0.00000000000000000E+00    0.000E+00
 0 -1  0  1  0  0  0.00000000000000000E+00    0.000E+00
-1 -1  0 -1  0  0  0.00000000000000000E+00    0.000E+00
 1  1  0  1  0  0  0.00000000000000000E+00    0.000E+00
 0  0  0  0 -1  0 -2.50772129836219388E-37    1.531E-41
 0  0  0  0  1  0  0.00000000000000000E+00    0.000E+00
 1  0  0  0 -1  0 -1.66079817143346033E-45    8.483E-53
-1  0  0  0  1  0  0.00000000000000000E+00    0.000E+00
 0 -1  0  0 -1  0 -2.50772129836219388E-37    1.531E-41
 0  1  0  0  1  0  0.00000000000000000E+00    0.000E+00
-1 -1  0  0 -1  0  0.00000000000000000E+00    0.000E+00
 1  1  0  0  1  0  0.00000000000000000E+00    0.000E+00
 0  0  0 -1 -1  0  2.50772126514623087E-37   -1.531E-41
 0  0  0  1  1  0  0.00000000000000000E+00    0.000E+00
-1  0  0 -1 -1  0 -1.66079817143346033E-45   -5.832E-53
 1  0  0  1  1  0  0.00000000000000000E+00    0.000E+00
 0 -1  0 -1 -1  0  0.00000000000000000E+00    0.000E+00
 0  1  0  1  1  0  0.00000000000000000E+00    0.000E+00
-1 -1  0 -1 -1  0 -1.66079817143346033E-45   -1.458E-53
 1  1  0  1  1  0  0.00000000000000000E+00    0.000E+00
-1 -2  0 -1 -2  0  0.00000000000000000E+00    0.000E+00
 0 -1  0 -1 -2  0  2.50772126514623087E-37   -1.531E-41
-1 -1  0 -1 -2  0 -1.66079817143346033E-45    8.483E-53
-1 -2  0  0 -1  0  0.00000000000000000E+00    0.000E+00
-1 -2  0 -1 -1  0  0.00000000000000000E+00    0.000E+00
 1  2  0  0  0  0  0.00000000000000000E+00    0.000E+00
 1  2  0  0  1  0  0.00000000000000000E+00    0.000E+00
 1  1  0  0 -1  0 -1.66079817143346033E-45    8.483E-53
 1  2  0  1  1  0  0.00000000000000000E+00    0.000E+00
 0  1  0 -1 -1  0  2.50772126514623087E-37   -1.531E-41
 0  0  0 -1 -2  0  2.50772126514623087E-37   -1.531E-41
 0  0  0  1  2  0  0.00000000000000000E+00    0.000E+00
 0  1  0  1  2  0  0.00000000000000000E+00    0.000E+00
 1  1  0  1  2  0  0.00000000000000000E+00    0.000E+00
-1 -1  0  0  1  0  0.00000000000000000E+00    0.000E+00
 0 -1  0  1  1  0  0.00000000000000000E+00    0.000E+00
-1 -2  0  0  0  0  0.00000000000000000E+00    0.000E+00
 1  2  0  1  2  0  0.00000000000000000E+00    0.000E+00
1 2 1  2 2 1
       49
 0  0  0  0  0  0  1.05824220372938838E+00   -2.790E-06
-1  0  0  0  0  0  5.06150247091830874E-01    1.280E-06
 1  0  0  0  0  0  5.06150247091830874E-01    1.280E-06
 0 -1  0  0  0  0  0.00000000000000000E+00    0.000E+00
 0  1  0  0  0  0  9.59301727814965255E-01   -6.779E-07
-1 -1  0  0  0  0  0.00000000000000000E+00    0.000E+00
 1  1  0  0  0  0  9.61078614128297870E-01    9.084E-07
 0  0  0 -1  0  0  0.00000000000000000E+00    0.000E+00
 0  0  0  1  0  0  0.00000000000000000E+00    0.000E+00
-1  0  0 -1  0  0  5.01367578328980934E-01    1.222E-06
 1  0  0  1  0  0  5.01367578328980934E-01    1.222E-06
 0  1  0 -1  0  0  0.00000000000000000E+00    0.000E+00
 0 -1  0  1  0  0  0.00000000000000000E+00    0.000E+00
-1 -1  0 -1  0  0  0.00000000000000000E+00    0.000E+00
 1  1  0  1  0  0  0.00000000000000000E+00    0.000E+00
 0  0  0  0 -1  0  1.78829676324658138E+00    3.820E-06
 0  0  0  0  1  0  0.00000000000000000E+00    0.000E+00
 1  0  0  0 -1  0  1.02005343859564546E+00   -2.670E-06
-1  0  0  0  1  0  0.00000000000000000E+00    0.000E+00
 0 -1  0  0 -1  0  9.20174030251158626E-01   -3.516E-07
 0  1  0  0  1  0  0.00000000000000000E+00    0.000E+00
-1 -1  0  0 -1  0  0.00000000000000000E+00    0.000E+00
 1  1  0  0  1  0  0.00000000000000000E+00    0.000E+00
 0  0  0 -1 -1  0  1.78714408516892886E+00    1.185E-06
 0  0  0  1  1  0  0.00000000000000000E+00    0.000E+00
-1  0  0 -1 -1  0  1.02118201244599316E+00   -2.334E-06
 1  0  0  1  1  0  0.00000000000000000E+00    0.000E+00
 0 -1  0 -1 -1  0  0.00000000000000000E+00    0.000E+00
 0  1  0  1  1  0  0.00000000000000000E+00    0.000E+00
-1 -1  0 -1 -1  0  9.19549822015477969E-01    6.970E-07
 1  1  0  1  1  0  0.00000000000000000E+00    0.000E+00
-1 -2  0 -1 -2  0  0.00000000000000000E+00    0.000E+00
 0 -1  0 -1 -2  0  9.81602437921479054E-01    5.768E-07
-1 -1  0 -1 -2  0  9.81098072306811897E-01   -8.073E-07
-1 -2  0  0 -1  0  0.00000000000000000E+00    0.000E+00
-1 -2  0 -1 -1  0  0.00000000000000000E+00    0.000E+00
 1  2  0  0  0  0  0.00000000000000000E+00    0.000E+00
 1  2  0  0  1  0  0.00000000000000000E+00    0.000E+00
 1  1  0  0 -1  0  9.76243430088184261E-01   -7.981E-07
 1  2  0  1  1  0  0.00000000000000000E+00    0.000E+00
 0  1  0 -1 -1  0  9.76891742551169728E-01    4.527E-07
 0  0  0 -1 -2  0  9.73627329932304275E-01   -2.214E-06
 0  0  0  1  2  0  0.00000000000000000E+00    0.000E+00
 0  1  0  1  2  0  0.00000000000000000E+00    0.000E+00
 1  1  0  1  2  0  0.00000000000000000E+00    0.000E+00
-1 -1  0  0  1  0  0.00000000000000000E+00    0.000E+00
 0 -1  0  1  1  0  0.00000000000000000E+00    0.000E+00
-1 -2  0  0  0  0  0.00000000000000000E+00    0.000E+00
 1  2  0  1  2  0  0.00000000000000000E+00    0.000E+00
1 2 2  2 2 1
       49
 0  0  0  0  0  0 -3.71271471705028611E-05   -6.482E-06
-1  0  0  0  0  0  1.90898656670726585E-05   -8.755E-08
 1  0  0  0  0  0  1.90898656670726585E-05   -8.755E-08
 0 -1  0  0  0  0  0.00000000000000000E+00    0.000E+00
 0  1  0  0  0  0 -3.50250888186796269E-02    2.738E-06
-1 -1  0  0  0  0  0.00000000000000000E+00    0.000E+00
 1  1  0  0  0  0  3.50240362345154640E-02    3.920E-06
 0  0  0 -1  0  0  0.00000000000000000E+00    0.000E+00
 0  0  0  1  0  0  0.00000000000000000E+00    0.000E+00
-1  0  0 -1  0  0 -2.24641198801403541E-05    8.710E-08
 1  0  0  1  0  0 -2.24641198801403541E-05    8.710E-08
 0  1  0 -1  0  0  0.00000000000000000E+00    0.000E+00
 0 -1  0  1  0  0  0.00000000000000000E+00    0.000E+00
-1 -1  0 -1  0  0  0.00000000000000000E+00    0.000E+00
 1  1  0  1  0  0  0.00000000000000000E+00    0.000E+00
 0  0  0  0 -1  0 -4.21546008167111019E-01    1.298E-06
 0  0  0  0  1  0  0.00000000000000000E+00    0.000E+00
 1  0  0  0 -1  0 -2.36474938615184524E-02    3.362E-08
-1  0  0  0  1  0  0.00000000000000000E+00    0.000E+00
 0 -1  0  0 -1  0 -5.76154749771554606E-02    2.447E-06
 0  1  0  0  1  0  0.00000000000000000E+00    0.000E+00
-1 -1  0  0 -1  0  0.00000000000000000E+00    0.000E+00
 1  1  0  0  1  0  0.00000000000000000E+00    0.000E+00
 0  0  0 -1 -1  0  4.21539259658684939E-01   -1.299E-06
 0  0  0  1  1  0  0.00000000000000000E+00    0.000E+00
-1  0  0 -1 -1  0  2.36542423699438800E-02   -3.273E-08
 1  0  0  1  1  0  0.00000000000000000E+00    0.000E+00
 0 -1  0 -1 -1  0  0.00000000000000000E+00    0.000E+00
 0  1  0  1  1  0  0.00000000000000000E+00    0.000E+00
-1 -1  0 -1 -1  0  5.76975303640856474E-02    3.861E-06
 1  1  0  1  1  0  0.00000000000000000E+00    0.000E+00
-1 -2  0 -1 -2  0  0.00000000000000000E+00    0.000E+00
 0 -1  0 -1 -2  0 -2.07774177713835710E-02   -2.655E-06
-1 -1  0 -1 -2  0  2.07784703555473765E-02   -4.003E-06
-1 -2  0  0 -1  0  0.00000000000000000E+00    0.000E+00
-1 -2  0 -1 -1  0  0.00000000000000000E+00    0.000E+00
 1  2  0  0  0  0  0.00000000000000000E+00    0.000E+00
 1  2  0  0  1  0  0.00000000000000000E+00    0.000E+00
 1  1  0  0 -1  0  1.25361984671915269E-02   -3.778E-06
 1  2  0  1  1  0  0.00000000000000000E+00    0.000E+00
 0  1  0 -1 -1  0 -1.26182538541222827E-02   -2.530E-06
 0  0  0 -1 -2  0  4.38756555959859962E-05    6.483E-06
 0  0  0  1  2  0  0.00000000000000000E+00    0.000E+00
 0  1  0  1  2  0  0.00000000000000000E+00    0.000E+00
 1  1  0  1  2  0  0.00000000000000000E+00    0.000E+00
-1 -1  0  0  1  0  0.00000000000000000E+00    0.000E+00
 0 -1  0  1  1  0  0.00000000000000000E+00    0.000E+00
-1 -2  0  0  0  0  0.00000000000000000E+00    0.000E+00
 1  2  0  1  2  0  0.00000000000000000E+00    0.000E+00
1 2 3  2 2 1
       49
 0  0  0  0  0  0 -2.89566723160712035E-37    2.308E-52
-1  0  0  0  0  0  2.38892536329782328E-36    4.418E-42
 1  0  0  0  0  0  2.38892536329782328E-36    4.418E-42
 0 -1  0  0  0  0  0.00000000000000000E+00    0.000E+00
 0  1  0  0  0  0 -5.21220081720974644E-36    1.767E-41
-1 -1  0  0  0  0  0.00000000000000000E+00    0.000E+00
 1  1  0  0  0  0  4.34350055375910801E-37   -8.837E-42
 0  0  0 -1  0  0  0.00000000000000000E+00    0.000E+00
 0  0  0  1  0  0  0.00000000000000000E+00    0.000E+00
-1  0  0 -1  0  0  2.24414200759049892E-36   -4.418E-42
 1  0  0  1  0  0  2.24414200759049892E-36   -4.418E-42
 0  1  0 -1  0  0  0.00000000000000000E+00    0.000E+00
 0 -1  0  1  0  0  0.00000000000000000E+00    0.000E+00
-1 -1  0 -1  0  0  0.00000000000000000E+00    0.000E+00
 1  1  0  1  0  0  0.00000000000000000E+00    0.000E+00
 0  0  0  0 -1  0 -5.79133434575361103E-37    1.767E-41
 0  0  0  0  1  0  0.00000000000000000E+00    0.000E+00
 1  0  0  0 -1  0  5.06741743801029597E-36   -8.837E-42
-1  0  0  0  1  0  0.00000000000000000E+00    0.000E+00
 0 -1  0  0 -1  0 -4.92263410579509703E-36    1.789E-51
 0  1  0  0  1  0  0.00000000000000000E+00    0.000E+00
-1 -1  0  0 -1  0  0.00000000000000000E+00    0.000E+00
 1  1  0  0  1  0  0.00000000000000000E+00    0.000E+00
 0  0  0 -1 -1  0  5.79133411083235335E-37   -1.767E-41
 0  0  0  1  1  0  0.00000000000000000E+00    0.000E+00
-1  0  0 -1 -1  0  4.19871730376634843E-36    8.837E-42
 1  0  0  1  1  0  0.00000000000000000E+00    0.000E+00
 0 -1  0 -1 -1  0  0.00000000000000000E+00    0.000E+00
 0  1  0  1  1  0  0.00000000000000000E+00    0.000E+00
-1 -1  0 -1 -1  0 -1.44783367453387501E-37   -8.837E-42
 1  1  0  1  1  0  0.00000000000000000E+00    0.000E+00
-1 -2  0 -1 -2  0  0.00000000000000000E+00    0.000E+00
 0 -1  0 -1 -2  0 -4.05393397155114950E-36   -1.767E-41
-1 -1  0 -1 -2  0 -4.34350078868036569E-37    8.837E-42
-1 -2  0  0 -1  0  0.00000000000000000E+00    0.000E+00
-1 -2  0 -1 -1  0  0.00000000000000000E+00    0.000E+00
 1  2  0  0  0  0  0.00000000000000000E+00    0.000E+00
 1  2  0  0  1  0  0.00000000000000000E+00    0.000E+00
 1  1  0  0 -1  0  1.44783343961261734E-37    8.837E-42
 1  2  0  1  1  0  0.00000000000000000E+00    0.000E+00
 0  1  0 -1 -1  0 -4.34350068296579890E-36    1.785E-51
 0  0  0 -1 -2  0  2.89566699668586267E-37    2.840E-52
 0  0  0  1  2  0  0.00000000000000000E+00    0.000E+00
 0  1  0  1  2  0  0.00000000000000000E+00    0.000E+00
 1  1  0  1  2  0  0.00000000000000000E+00    0.000E+00
-1 -1  0  0  1  0  0.00000000000000000E+00    0.000E+00
 0 -1  0  1  1  0  0.00000000000000000E+00    0.000E+00
-1 -2  0  0  0  0  0.00000000000000000E+00    0.000E+00
 1  2  0  1  2  0  0.00000000000000000E+00    0.000E+00
1 3 1  2 2 1
       49
 0  0  0  0  0  0  1.07951881696134037E-44   -1.495E-44
-1  0  0  0  0  0  2.03447777042714140E-44    7.474E-45
 1  0  0  0  0  0  2.03447777042714140E-44    7.474E-45
 0 -1  0  0  0  0  0.00000000000000000E+00    0.000E+00
 0  1  0  0  0  0 -1.90991790693160155E-44   -1.495E-44
-1 -1  0  0  0  0  0.00000000000000000E+00    0.000E+00
 1  1  0  0  0  0 -4.89935463082454546E-44    1.495E-44
 0  0  0 -1  0  0  0.00000000000000000E+00    0.000E+00
 0  0  0  1  0  0  0.00000000000000000E+00    0.000E+00
-1  0  0 -1  0  0 -2.44967731541227174E-44   -7.474E-45
 1  0  0  1  0  0 -2.44967731541227174E-44   -7.474E-45
 0  1  0 -1  0  0  0.00000000000000000E+00    0.000E+00
 0 -1  0  1  0  0  0.00000000000000000E+00    0.000E+00
-1 -1  0 -1  0  0  0.00000000000000000E+00    0.000E+00
 1  1  0  1  0  0  0.00000000000000000E+00    0.000E+00
 0  0  0  0 -1  0  1.07951881696134237E-44    1.495E-44
 0  0  0  0  1  0  0.00000000000000000E+00    0.000E+00
 1  0  0  0 -1  0  4.06895554085428080E-44   -1.495E-44
-1  0  0  0  1  0  0.00000000000000000E+00    0.000E+00
 0 -1  0  0 -1  0 -1.90991790693160055E-44    1.495E-44
 0  1  0  0  1  0  0.00000000000000000E+00    0.000E+00
-1 -1  0  0 -1  0  0.00000000000000000E+00    0.000E+00
 1  1  0  0  1  0  0.00000000000000000E+00    0.000E+00
 0  0  0 -1 -1  0 -1.90991790693160404E-44   -1.495E-44
 0  0  0  1  1  0  0.00000000000000000E+00    0.000E+00
-1  0  0 -1 -1  0 -4.89935463082454248E-44    1.495E-44
 1  0  0  1  1  0  0.00000000000000000E+00    0.000E+00
 0 -1  0 -1 -1  0  0.00000000000000000E+00    0.000E+00
 0  1  0  1  1  0  0.00000000000000000E+00    0.000E+00
-1 -1  0 -1 -1  0  4.06895554085428379E-44    1.495E-44
 1  1  0  1  1  0  0.00000000000000000E+00    0.000E+00
-1 -2  0 -1 -2  0  0.00000000000000000E+00    0.000E+00
 0 -1  0 -1 -2  0  1.07951881696133938E-44    1.495E-44
-1 -1  0 -1 -2  0  4.06895554085428329E-44   -1.495E-44
-1 -2  0  0 -1  0  0.00000000000000000E+00    0.000E+00
-1 -2  0 -1 -1  0  0.00000000000000000E+00    0.000E+00
 1  2  0  0  0  0  0.00000000000000000E+00    0.000E+00
 1  2  0  0  1  0  0.00000000000000000E+00    0.000E+00
 1  1  0  0 -1  0 -4.89935463082454546E-44   -1.495E-44
 1  2  0  1  1  0  0.00000000000000000E+00    0.000E+00
 0  1  0 -1 -1  0  1.07951881696133888E-44   -1.495E-44
 0  0  0 -1 -2  0 -1.90991790693160205E-44    1.495E-44
 0  0  0  1  2  0  0.00000000000000000E+00    0.000E+00
 0  1  0  1  2  0  0.00000000000000000E+00    0.000E+00
 1  1  0  1  2  0  0.00000000000000000E+00    0.000E+00
-1 -1  0  0  1  0  0.00000000000000000E+00    0.000E+00
 0 -1  0  1  1  0  0.00000000000000000E+00    0.000E+00
-1 -2  0  0  0  0  0.00000000000000000E+00    0.000E+00
 1  2  0  1  2  0  0.00000000000000000E+00    0.000E+00
1 3 2  2 2 1
       49
 0  0  0  0  0  0 -5.79133348517467392E-37    8.638E-45
-1  0  0  0  0  0  2.89566688162240727E-37   -4.315E-45
 1  0  0  0  0  0  2.89566688162240727E-37   -4.315E-45
 0 -1  0  0  0  0  0.00000000000000000E+00    0.000E+00
 0  1  0  0  0  0 -5.79133365776988834E-37    8.621E-45
-1 -1  0  0  0  0  0.00000000000000000E+00    0.000E+00
 1  1  0  0  0  0  5.79133324545919132E-37   -8.630E-45
 0  0  0 -1  0  0  0.00000000000000000E+00    0.000E+00
 0  0  0  1  0  0  0.00000000000000000E+00    0.000E+00
-1  0  0 -1  0  0  2.89566731311039405E-37    4.319E-45
 1  0  0  1  0  0  2.89566731311039405E-37    4.319E-45
 0  1  0 -1  0  0  0.00000000000000000E+00    0.000E+00
 0 -1  0  1  0  0  0.00000000000000000E+00    0.000E+00
-1 -1  0 -1  0  0  0.00000000000000000E+00    0.000E+00
 1  1  0  1  0  0  0.00000000000000000E+00    0.000E+00
 0  0  0  0 -1  0 -5.79133486593635757E-37   -8.638E-45
 0  0  0  0  1  0  0.00000000000000000E+00    0.000E+00
 1  0  0  0 -1  0  5.79133514400649820E-37    8.630E-45
-1  0  0  0  1  0  0.00000000000000000E+00    0.000E+00
 0 -1  0  0 -1  0 -5.79133503853156197E-37   -8.621E-45
 0  1  0  0  1  0  0.00000000000000000E+00    0.000E+00
-1 -1  0  0 -1  0  0.00000000000000000E+00    0.000E+00
 1  1  0  0  1  0  0.00000000000000000E+00    0.000E+00
 0  0  0 -1 -1  0 -5.79133365776996518E-37    8.630E-45
 0  0  0  1  1  0  0.00000000000000000E+00    0.000E+00
-1  0  0 -1 -1  0  5.79133324545910445E-37   -8.638E-45
 1  0  0  1  1  0  0.00000000000000000E+00    0.000E+00
 0 -1  0 -1 -1  0  0.00000000000000000E+00    0.000E+00
 0  1  0  1  1  0  0.00000000000000000E+00    0.000E+00
-1 -1  0 -1 -1  0  5.79133376324473770E-37   -8.621E-45
 1  1  0  1  1  0  0.00000000000000000E+00    0.000E+00
-1 -2  0 -1 -2  0  0.00000000000000000E+00    0.000E+00
 0 -1  0 -1 -2  0 -5.79133486593643442E-37   -8.630E-45
-1 -1  0 -1 -2  0  5.79133514400641134E-37    8.621E-45
-1 -2  0  0 -1  0  0.00000000000000000E+00    0.000E+00
-1 -2  0 -1 -1  0  0.00000000000000000E+00    0.000E+00
 1  2  0  0  0  0  0.00000000000000000E+00    0.000E+00
 1  2  0  0  1  0  0.00000000000000000E+00    0.000E+00
 1  1  0  0 -1  0  5.79133462622086495E-37    8.630E-45
 1  2  0  1  1  0  0.00000000000000000E+00    0.000E+00
 0  1  0 -1 -1  0 -5.79133348517476078E-37    8.630E-45
 0  0  0 -1 -2  0 -5.79133503853164884E-37   -8.630E-45
 0  0  0  1  2  0  0.00000000000000000E+00    0.000E+00
 0  1  0  1  2  0  0.00000000000000000E+00    0.000E+00
 1  1  0  1  2  0  0.00000000000000000E+00    0.000E+00
-1 -1  0  0  1  0  0.00000000000000000E+00    0.000E+00
 0 -1  0  1  1  0  0.00000000000000000E+00    0.000E+00
-1 -2  0  0  0  0  0.00000000000000000E+00    0.000E+00
 1  2  0  1  2  0  0.00000000000000000E+00    0.000E+00
1 3 3  2 2 1
       49
 0  0  0  0  0  0 -3.19631128849889867E-06    1.390E-06
-1  0  0  0  0  0  3.63103897028973707E-04   -2.128E-08
 1  0  0  0  0  0  3.63103897028973707E-04   -2.128E-08
 0 -1  0  0  0  0  0.00000000000000000E+00    0.000E+00
 0  1  0  0  0  0  3.94624331257970203E-03   -4.903E-07
-1 -1  0  0  0  0  0.00000000000000000E+00    0.000E+00
 1  1  0  0  0  0 -4.66925479534914707E-03   -8.575E-07
 0  0  0 -1  0  0  0.00000000000000000E+00    0.000E+00
 0  0  0  1  0  0  0.00000000000000000E+00    0.000E+00
-1  0  0 -1  0  0  1.45583012567743197E-06    7.917E-08
 1  0  0  1  0  0  1.45583012567743197E-06    7.917E-08
 0  1  0 -1  0  0  0.00000000000000000E+00    0.000E+00
 0 -1  0  1  0  0  0.00000000000000000E+00    0.000E+00
-1 -1  0 -1  0  0  0.00000000000000000E+00    0.000E+00
 1  1  0  1  0  0  0.00000000000000000E+00    0.000E+00
 0  0  0  0 -1  0  9.67270511456986559E-02   -2.471E-07
 0  0  0  0  1  0  0.00000000000000000E+00    0.000E+00
 1  0  0  0 -1  0 -1.21550582256409363E-03   -5.313E-08
-1  0  0  0  1  0  0.00000000000000000E+00    0.000E+00
 0 -1  0  0 -1  0  3.45708249873803719E-03   -6.529E-07
 0  1  0  0  1  0  0.00000000000000000E+00    0.000E+00
-1 -1  0  0 -1  0  0.00000000000000000E+00    0.000E+00
 1  1  0  0  1  0  0.00000000000000000E+00    0.000E+00
 0  0  0 -1 -1  0 -9.59979316913893432E-02    3.629E-07
 0  0  0  1  1  0  0.00000000000000000E+00    0.000E+00
-1  0  0 -1 -1  0  4.86386368254787885E-04   -6.264E-08
 1  0  0  1  1  0  0.00000000000000000E+00    0.000E+00
 0 -1  0 -1 -1  0  0.00000000000000000E+00    0.000E+00
 0  1  0  1  1  0  0.00000000000000000E+00    0.000E+00
-1 -1  0 -1 -1  0 -3.45679784770089489E-03   -8.958E-07
 1  1  0  1  1  0  0.00000000000000000E+00    0.000E+00
-1 -2  0 -1 -2  0  0.00000000000000000E+00    0.000E+00
 0 -1  0 -1 -2  0  1.06250678627314681E-03    5.477E-07
-1 -1  0 -1 -2  0 -3.39495303503700024E-04    8.001E-07
-1 -2  0  0 -1  0  0.00000000000000000E+00    0.000E+00
-1 -2  0 -1 -1  0  0.00000000000000000E+00    0.000E+00
 1  2  0  0  0  0  0.00000000000000000E+00    0.000E+00
 1  2  0  0  1  0  0.00000000000000000E+00    0.000E+00
 1  1  0  0 -1  0  5.66974489790934323E-03    9.532E-07
 1  2  0  1  1  0  0.00000000000000000E+00    0.000E+00
 0  1  0 -1 -1  0 -5.67002954894649421E-03    5.955E-07
 0  0  0 -1 -2  0 -7.25923143020803380E-04   -1.506E-06
 0  0  0  1  2  0  0.00000000000000000E+00    0.000E+00
 0  1  0  1  2  0  0.00000000000000000E+00    0.000E+00
 1  1  0  1  2  0  0.00000000000000000E+00    0.000E+00
-1 -1  0  0  1  0  0.00000000000000000E+00    0.000E+00
 0 -1  0  1  1  0  0.00000000000000000E+00    0.000E+00
-1 -2  0  0  0  0  0.00000000000000000E+00    0.000E+00
 1  2  0  1  2  0  0.00000000000000000E+00    0.000E+00
2 1 1  2 2 1
       49
 0  0  0  0  0  0  1.05824220372938838E+00   -2.790E-06
-1  0  0  0  0  0  5.01367578328980934E-01    1.222E-06
 1  0  0  0  0  0  5.01367578328980934E-01    1.222E-06
 0 -1  0  0  0  0  0.00000000000000000E+00    0.000E+00
 0  1  0  0  0  0  9.20174030251158515E-01   -3.516E-07
-1 -1  0  0  0  0  0.00000000000000000E+00    0.000E+00
 1  1  0  0  0  0  9.19549822015477969E-01    6.970E-07
 0  0  0 -1  0  0  0.00000000000000000E+00    0.000E+00
 0  0  0  1  0  0  0.00000000000000000E+00    0.000E+00
-1  0  0 -1  0  0  5.06150247091830874E-01    1.280E-06
 1  0  0  1  0  0  5.06150247091830874E-01    1.280E-06
 0  1  0 -1  0  0  0.00000000000000000E+00    0.000E+00
 0 -1  0  1  0  0  0.00000000000000000E+00    0.000E+00
-1 -1  0 -1  0  0  0.00000000000000000E+00    0.000E+00
 1  1  0  1  0  0  0.00000000000000000E+00    0.000E+00
 0  0  0  0 -1  0  1.78829676324658138E+00    3.820E-06
 0  0  0  0  1  0  0.00000000000000000E+00    0.000E+00
 1  0  0  0 -1  0  1.02118201244599316E+00   -2.334E-06
-1  0  0  0  1  0  0.00000000000000000E+00    0.000E+00
 0 -1  0  0 -1  0  9.59301727814965255E-01   -6.779E-07
 0  1  0  0  1  0  0.00000000000000000E+00    0.000E+00
-1 -1  0  0 -1  0  0.00000000000000000E+00    0.000E+00
 1  1  0  0  1  0  0.00000000000000000E+00    0.000E+00
 0  0  0 -1 -1  0  1.78714408516892886E+00    1.185E-06
 0  0  0  1  1  0  0.00000000000000000E+00    0.000E+00
-1  0  0 -1 -1  0  1.02005343859564546E+00   -2.670E-06
 1  0  0  1  1  0  0.00000000000000000E+00    0.000E+00
 0 -1  0 -1 -1  0  0.00000000000000000E+00    0.000E+00
 0  1  0  1  1  0  0.00000000000000000E+00    0.000E+00
-1 -1  0 -1 -1  0  9.61078614128297870E-01    9.084E-07
 1  1  0  1  1  0  0.00000000000000000E+00    0.000E+00
-1 -2  0 -1 -2  0  0.00000000000000000E+00    0.000E+00
 0 -1  0 -1 -2  0  9.76891742551169839E-01    4.527E-07
-1 -1  0 -1 -2  0  9.76243430088184261E-01   -7.981E-07
-1 -2  0  0 -1  0  0.00000000000000000E+00    0.000E+00
-1 -2  0 -1 -1  0  0.00000000000000000E+00    0.000E+00
 1  2  0  0  0  0  0.00000000000000000E+00    0.000E+00
 1  2  0  0  1  0  0.00000000000000000E+00    0.000E+00
 1  1  0  0 -1  0  9.81098072306811675E-01   -8.073E-07
 1  2  0  1  1  0  0.00000000000000000E+00    0.000E+00
 0  1  0 -1 -1  0  9.81602437921479054E-01    5.768E-07
 0  0  0 -1 -2  0  9.73627329932304164E-01   -2.214E-06
 0  0  0  1  2  0  0.00000000000000000E+00    0.000E+00
 0  1  0  1  2  0  0.00000000000000000E+00    0.000E+00
 1  1  0  1  2  0  0.00000000000000000E+00    0.000E+00
-1 -1  0  0  1  0  0.00000000000000000E+00    0.000E+00
 0 -1  0  1  1  0  0.00000000000000000E+00    0.000E+00
-1 -2  0  0  0  0  0.00000000000000000E+00    0.000E+00
 1  2  0  1  2  0  0.00000000000000000E+00    0.000E+00
2 1 2  2 2 1
       49
 0  0  0  0  0  0 -3.71271471704959222E-05   -6.482E-06
-1  0  0  0  0  0 -2.24641198801299458E-05    8.710E-08
 1  0  0  0  0  0 -2.24641198801299458E-05    8.710E-08
 0 -1  0  0  0  0  0.00000000000000000E+00    0.000E+00
 0  1  0  0  0  0 -5.76154749771554814E-02    2.447E-06
-1 -1  0  0  0  0  0.00000000000000000E+00    0.000E+00
 1  1  0  0  0  0  5.76975303640856474E-02    3.861E-06
 0  0  0 -1  0  0  0.00000000000000000E+00    0.000E+00
 0  0  0  1  0  0  0.00000000000000000E+00    0.000E+00
-1  0  0 -1  0  0  1.90898656670761280E-05   -8.755E-08
 1  0  0  1  0  0  1.90898656670761280E-05   -8.755E-08
 0  1  0 -1  0  0  0.00000000000000000E+00    0.000E+00
 0 -1  0  1  0  0  0.00000000000000000E+00    0.000E+00
-1 -1  0 -1  0  0  0.00000000000000000E+00    0.000E+00
 1  1  0  1  0  0  0.00000000000000000E+00    0.000E+00
 0  0  0  0 -1  0 -4.21546008167110964E-01    1.298E-06
 0  0  0  0  1  0  0.00000000000000000E+00    0.000E+00
 1  0  0  0 -1  0  2.36542423699438731E-02   -3.273E-08
-1  0  0  0  1  0  0.00000000000000000E+00    0.000E+00
 0 -1  0  0 -1  0 -3.50250888186796894E-02    2.738E-06
 0  1  0  0  1  0  0.00000000000000000E+00    0.000E+00
-1 -1  0  0 -1  0  0.00000000000000000E+00    0.000E+00
 1  1  0  0  1  0  0.00000000000000000E+00    0.000E+00
 0  0  0 -1 -1  0  4.21539259658684884E-01   -1.299E-06
 0  0  0  1  1  0  0.00000000000000000E+00    0.000E+00
-1  0  0 -1 -1  0 -2.36474938615184455E-02    3.362E-08
 1  0  0  1  1  0  0.00000000000000000E+00    0.000E+00
 0 -1  0 -1 -1  0  0.00000000000000000E+00    0.000E+00
 0  1  0  1  1  0  0.00000000000000000E+00    0.000E+00
-1 -1  0 -1 -1  0  3.50240362345154432E-02    3.920E-06
 1  1  0  1  1  0  0.00000000000000000E+00    0.000E+00
-1 -2  0 -1 -2  0  0.00000000000000000E+00    0.000E+00
 0 -1  0 -1 -2  0 -1.26182538541222689E-02   -2.530E-06
-1 -1  0 -1 -2  0  1.25361984671915408E-02   -3.778E-06
-1 -2  0  0 -1  0  0.00000000000000000E+00    0.000E+00
-1 -2  0 -1 -1  0  0.00000000000000000E+00    0.000E+00
 1  2  0  0  0  0  0.00000000000000000E+00    0.000E+00
 1  2  0  0  1  0  0.00000000000000000E+00    0.000E+00
 1  1  0  0 -1  0  2.07784703555473765E-02   -4.003E-06
 1  2  0  1  1  0  0.00000000000000000E+00    0.000E+00
 0  1  0 -1 -1  0 -2.07774177713835675E-02   -2.655E-06
 0  0  0 -1 -2  0  4.38756555959929351E-05    6.483E-06
 0  0  0  1  2  0  0.00000000000000000E+00    0.000E+00
 0  1  0  1  2  0  0.00000000000000000E+00    0.000E+00
 1  1  0  1  2  0  0.00000000000000000E+00    0.000E+00
-1 -1  0  0  1  0  0.00000000000000000E+00    0.000E+00
 0 -1  0  1  1  0  0.00000000000000000E+00    0.000E+00
-1 -2  0  0  0  0  0.00000000000000000E+00    0.000E+00
 1  2  0  1  2  0  0.00000000000000000E+00    0.000E+00
2 1 3  2 2 1
       49
 0  0  0  0  0  0 -2.89566723160712118E-37    2.308E-52
-1  0  0  0  0  0  2.24414200759049925E-36   -4.418E-42
 1  0  0  0  0  0  2.24414200759049925E-36   -4.418E-42
 0 -1  0  0  0  0  0.00000000000000000E+00    0.000E+00
 0  1  0  0  0  0 -4.92263410579509637E-36    1.789E-51
-1 -1  0  0  0  0  0.00000000000000000E+00    0.000E+00
 1  1  0  0  0  0 -1.44783367453387376E-37   -8.837E-42
 0  0  0 -1  0  0  0.00000000000000000E+00    0.000E+00
 0  0  0  1  0  0  0.00000000000000000E+00    0.000E+00
-1  0  0 -1  0  0  2.38892536329782328E-36    4.418E-42
 1  0  0  1  0  0  2.38892536329782328E-36    4.418E-42
 0  1  0 -1  0  0  0.00000000000000000E+00    0.000E+00
 0 -1  0  1  0  0  0.00000000000000000E+00    0.000E+00
-1 -1  0 -1  0  0  0.00000000000000000E+00    0.000E+00
 1  1  0  1  0  0  0.00000000000000000E+00    0.000E+00
 0  0  0  0 -1  0 -5.79133434575361186E-37    1.767E-41
 0  0  0  0  1  0  0.00000000000000000E+00    0.000E+00
 1  0  0  0 -1  0  4.19871730376634910E-36    8.837E-42
-1  0  0  0  1  0  0.00000000000000000E+00    0.000E+00
 0 -1  0  0 -1  0 -5.21220081720974577E-36    1.767E-41
 0  1  0  0  1  0  0.00000000000000000E+00    0.000E+00
-1 -1  0  0 -1  0  0.00000000000000000E+00    0.000E+00
 1  1  0  0  1  0  0.00000000000000000E+00    0.000E+00
 0  0  0 -1 -1  0  5.79133411083235419E-37   -1.767E-41
 0  0  0  1  1  0  0.00000000000000000E+00    0.000E+00
-1  0  0 -1 -1  0  5.06741743801029597E-36   -8.837E-42
 1  0  0  1  1  0  0.00000000000000000E+00    0.000E+00
 0 -1  0 -1 -1  0  0.00000000000000000E+00    0.000E+00
 0  1  0  1  1  0  0.00000000000000000E+00    0.000E+00
-1 -1  0 -1 -1  0  4.34350055375910718E-37   -8.837E-42
 1  1  0  1  1  0  0.00000000000000000E+00    0.000E+00
-1 -2  0 -1 -2  0  0.00000000000000000E+00    0.000E+00
 0 -1  0 -1 -2  0 -4.34350068296579890E-36    1.711E-51
-1 -1  0 -1 -2  0  1.44783343961261608E-37    8.837E-42
-1 -2  0  0 -1  0  0.00000000000000000E+00    0.000E+00
-1 -2  0 -1 -1  0  0.00000000000000000E+00    0.000E+00
 1  2  0  0  0  0  0.00000000000000000E+00    0.000E+00
 1  2  0  0  1  0  0.00000000000000000E+00    0.000E+00
 1  1  0  0 -1  0 -4.34350078868036485E-37    8.837E-42
 1  2  0  1  1  0  0.00000000000000000E+00    0.000E+00
 0  1  0 -1 -1  0 -4.05393397155114950E-36   -1.767E-41
 0  0  0 -1 -2  0  2.89566699668586351E-37    1.777E-52
 0  0  0  1  2  0  0.00000000000000000E+00    0.000E+00
 0  1  0  1  2  0  0.00000000000000000E+00    0.000E+00
 1  1  0  1  2  0  0.00000000000000000E+00    0.000E+00
-1 -1  0  0  1  0  0.00000000000000000E+00    0.000E+00
 0 -1  0  1  1  0  0.00000000000000000E+00    0.000E+00
-1 -2  0  0  0  0  0.00000000000000000E+00    0.000E+00
 1  2  0  1  2  0  0.00000000000000000E+00    0.000E+00
2 2 1  2 2 1
       49
 0  0  0  0  0  0  5.49111304065610928E-04   -6.258E-06
-1  0  0  0  0  0 -2.74648186577713949E-04   -4.371E-08
 1  0  0  0  0  0 -2.74648186577713949E-04   -4.371E-08
 0 -1  0  0  0  0  0.00000000000000000E+00    0.000E+00
 0  1  0  0  0  0  2.10850361251113672E-02    2.538E-06
-1 -1  0  0  0  0  0.00000000000000000E+00    0.000E+00
 1  1  0  0  0  0 -2.10848510560215641E-02    3.807E-06
 0  0  0 -1  0  0  0.00000000000000000E+00    0.000E+00
 0  0  0  1  0  0  0.00000000000000000E+00    0.000E+00
-1  0  0 -1  0  0 -2.74648186577713949E-04   -4.371E-08
 1  0  0  1  0  0 -2.74648186577713949E-04   -4.371E-08
 0  1  0 -1  0  0  0.00000000000000000E+00    0.000E+00
 0 -1  0  1  0  0  0.00000000000000000E+00    0.000E+00
-1 -1  0 -1  0  0  0.00000000000000000E+00    0.000E+00
 1  1  0  1  0  0  0.00000000000000000E+00    0.000E+00
 0  0  0  0 -1  0 -3.93486853397366443E-01    1.182E-06
 0  0  0  0  1  0  0.00000000000000000E+00    0.000E+00
 1  0  0  0 -1  0  5.49296373155483408E-04    8.741E-08
-1  0  0  0  1  0  0.00000000000000000E+00    0.000E+00
 0 -1  0  0 -1  0  2.10850361251113533E-02    2.538E-06
 0  1  0  0  1  0  0.00000000000000000E+00    0.000E+00
-1 -1  0  0 -1  0  0.00000000000000000E+00    0.000E+00
 1  1  0  0  1  0  0.00000000000000000E+00    0.000E+00
 0  0  0 -1 -1  0  3.92388260651055698E-01   -1.356E-06
 0  0  0  1  1  0  0.00000000000000000E+00    0.000E+00
-1  0  0 -1 -1  0  5.49296373155483408E-04    8.741E-08
 1  0  0  1  1  0  0.00000000000000000E+00    0.000E+00
 0 -1  0 -1 -1  0  0.00000000000000000E+00    0.000E+00
 0  1  0  1  1  0  0.00000000000000000E+00    0.000E+00
-1 -1  0 -1 -1  0 -2.10848510560215641E-02    3.807E-06
 1  1  0  1  1  0  0.00000000000000000E+00    0.000E+00
-1 -2  0 -1 -2  0  0.00000000000000000E+00    0.000E+00
 0 -1  0 -1 -2  0  2.83627463425710213E-02   -2.538E-06
-1 -1  0 -1 -2  0 -2.83629314116609355E-02   -3.807E-06
-1 -2  0  0 -1  0  0.00000000000000000E+00    0.000E+00
-1 -2  0 -1 -1  0  0.00000000000000000E+00    0.000E+00
 1  2  0  0  0  0  0.00000000000000000E+00    0.000E+00
 1  2  0  0  1  0  0.00000000000000000E+00    0.000E+00
 1  1  0  0 -1  0 -2.83629314116609320E-02   -3.807E-06
 1  2  0  1  1  0  0.00000000000000000E+00    0.000E+00
 0  1  0 -1 -1  0  2.83627463425710213E-02   -2.538E-06
 0  0  0 -1 -2  0  5.49481442245244867E-04    6.433E-06
 0  0  0  1  2  0  0.00000000000000000E+00    0.000E+00
 0  1  0  1  2  0  0.00000000000000000E+00    0.000E+00
 1  1  0  1  2  0  0.00000000000000000E+00    0.000E+00
-1 -1  0  0  1  0  0.00000000000000000E+00    0.000E+00
 0 -1  0  1  1  0  0.00000000000000000E+00    0.000E+00
-1 -2  0  0  0  0  0.00000000000000000E+00    0.000E+00
 1  2  0  1  2  0  0.00000000000000000E+00    0.000E+00
2 2 2  2 2 1
       49
 0  0  0  0  0  0 -2.97310033313884681E+00   -2.000E-07
-1  0  0  0  0  0 -4.91129191979430724E-01    1.735E-06
 1  0  0  0  0  0 -4.91129191979430724E-01    1.735E-06
 0 -1  0  0  0  0  0.00000000000000000E+00    0.000E+00
 0  1  0  0  0  0 -1.00779269751705991E+00    6.537E-06
-1 -1  0  0  0  0  0.00000000000000000E+00    0.000E+00
 1  1  0  0  0  0 -1.00781169459503595E+00   -9.806E-06
 0  0  0 -1  0  0  0.00000000000000000E+00    0.000E+00
 0  0  0  1  0  0  0.00000000000000000E+00    0.000E+00
-1  0  0 -1  0  0 -4.91129191979430724E-01    1.735E-06
 1  0  0  1  0  0 -4.91129191979430724E-01    1.735E-06
 0  1  0 -1  0  0  0.00000000000000000E+00    0.000E+00
 0 -1  0  1  0  0  0.00000000000000000E+00    0.000E+00
-1 -1  0 -1  0  0  0.00000000000000000E+00    0.000E+00
 1  1  0  1  0  0  0.00000000000000000E+00    0.000E+00
 0  0  0  0 -1  0 -8.30506378790029309E-01   -1.287E-05
 0  0  0  0  1  0  0.00000000000000000E+00    0.000E+00
 1  0  0  0 -1  0 -8.84673384675111807E-01   -3.469E-06
-1  0  0  0  1  0  0.00000000000000000E+00    0.000E+00
 0 -1  0  0 -1  0 -1.00779269751705991E+00    6.537E-06
 0  1  0  0  1  0  0.00000000000000000E+00    0.000E+00
-1 -1  0  0 -1  0  0.00000000000000000E+00    0.000E+00
 1  1  0  0  1  0  0.00000000000000000E+00    0.000E+00
 0  0  0 -1 -1  0 -8.30468384634075907E-01    1.981E-05
 0  0  0  1  1  0  0.00000000000000000E+00    0.000E+00
-1  0  0 -1 -1  0 -8.84673384675112029E-01   -3.469E-06
 1  0  0  1  1  0  0.00000000000000000E+00    0.000E+00
 0 -1  0 -1 -1  0  0.00000000000000000E+00    0.000E+00
 0  1  0  1  1  0  0.00000000000000000E+00    0.000E+00
-1 -1  0 -1 -1  0 -1.00781169459503639E+00   -9.806E-06
 1  1  0  1  1  0  0.00000000000000000E+00    0.000E+00
-1 -2  0 -1 -2  0  0.00000000000000000E+00    0.000E+00
 0 -1  0 -1 -2  0 -9.91794162905738741E-01   -6.537E-06
-1 -1  0 -1 -2  0 -9.91775165827762262E-01    9.806E-06
-1 -2  0  0 -1  0  0.00000000000000000E+00    0.000E+00
-1 -2  0 -1 -1  0  0.00000000000000000E+00    0.000E+00
 1  2  0  0  0  0  0.00000000000000000E+00    0.000E+00
 1  2  0  0  1  0  0.00000000000000000E+00    0.000E+00
 1  1  0  0 -1  0 -9.91775165827762262E-01    9.806E-06
 1  2  0  1  1  0  0.00000000000000000E+00    0.000E+00
 0  1  0 -1 -1  0 -9.91794162905738741E-01   -6.537E-06
 0  0  0 -1 -2  0 -9.73235285513454507E-01   -6.739E-06
 0  0  0  1  2  0  0.00000000000000000E+00    0.000E+00
 0  1  0  1  2  0  0.00000000000000000E+00    0.000E+00
 1  1  0  1  2  0  0.00000000000000000E+00    0.000E+00
-1 -1  0  0  1  0  0.00000000000000000E+00    0.000E+00
 0 -1  0  1  1  0  0.00000000000000000E+00    0.000E+00
-1 -2  0  0  0  0  0.00000000000000000E+00    0.000E+00
 1  2  0  1  2  0  0.00000000000000000E+00    0.000E+00
2 2 3  2 2 1
       49
 0  0  0  0  0  0  4.59748901682554023E-36    1.531E-41
-1  0  0  0  0  0  5.26621469182150010E-36    3.893E-47
 1  0  0  0  0  0  5.26621469182150010E-36    3.893E-47
 0 -1  0  0  0  0  0.00000000000000000E+00    0.000E+00
 0  1  0  0  0  0 -1.11175643488319660E-35    5.102E-42
-1 -1  0  0  0  0  0.00000000000000000E+00    0.000E+00
 1  1  0  0  0  0 -5.51698681958168917E-36    1.020E-41
 0  0  0 -1  0  0  0.00000000000000000E+00    0.000E+00
 0  0  0  1  0  0  0.00000000000000000E+00    0.000E+00
-1  0  0 -1  0  0  5.26621469182150010E-36    3.893E-47
 1  0  0  1  0  0  5.26621469182150010E-36    3.893E-47
 0  1  0 -1  0  0  0.00000000000000000E+00    0.000E+00
 0 -1  0  1  0  0  0.00000000000000000E+00    0.000E+00
-1 -1  0 -1  0  0  0.00000000000000000E+00    0.000E+00
 1  1  0  1  0  0  0.00000000000000000E+00    0.000E+00
 0  0  0  0 -1  0  5.26621469195990120E-36   -5.102E-42
 0  0  0  0  1  0  0.00000000000000000E+00    0.000E+00
 1  0  0  0 -1  0  1.08667922212101793E-35   -7.785E-47
-1  0  0  0  1  0  0.00000000000000000E+00    0.000E+00
 0 -1  0  0 -1  0 -1.11175643488319660E-35    5.102E-42
 0  1  0  0  1  0  0.00000000000000000E+00    0.000E+00
-1 -1  0  0 -1  0  0.00000000000000000E+00    0.000E+00
 1  1  0  0  1  0  0.00000000000000000E+00    0.000E+00
 0  0  0 -1 -1  0  5.76775894831067126E-36    5.102E-42
 0  0  0  1  1  0  0.00000000000000000E+00    0.000E+00
-1  0  0 -1 -1  0  1.08667922212101793E-35   -7.785E-47
 1  0  0  1  1  0  0.00000000000000000E+00    0.000E+00
 0 -1  0 -1 -1  0  0.00000000000000000E+00    0.000E+00
 0  1  0  1  1  0  0.00000000000000000E+00    0.000E+00
-1 -1  0 -1 -1  0 -5.51698681958168783E-36    1.020E-41
 1  1  0  1  1  0  0.00000000000000000E+00    0.000E+00
-1 -2  0 -1 -2  0  0.00000000000000000E+00    0.000E+00
 0 -1  0 -1 -2  0 -1.02816572549140154E-35   -5.102E-42
-1 -1  0 -1 -2  0 -5.18262398201450601E-36   -1.020E-41
-1 -2  0  0 -1  0  0.00000000000000000E+00    0.000E+00
-1 -2  0 -1 -1  0  0.00000000000000000E+00    0.000E+00
 1  2  0  0  0  0  0.00000000000000000E+00    0.000E+00
 1  2  0  0  1  0  0.00000000000000000E+00    0.000E+00
 1  1  0  0 -1  0 -5.18262398201450735E-36   -1.020E-41
 1  2  0  1  1  0  0.00000000000000000E+00    0.000E+00
 0  1  0 -1 -1  0 -1.02816572549140154E-35   -5.102E-42
 0  0  0 -1 -2  0  5.76775894831067393E-36   -1.531E-41
 0  0  0  1  2  0  0.00000000000000000E+00    0.000E+00
 0  1  0  1  2  0  0.00000000000000000E+00    0.000E+00
 1  1  0  1  2  0  0.00000000000000000E+00    0.000E+00
-1 -1  0  0  1  0  0.00000000000000000E+00    0.000E+00
 0 -1  0  1  1  0  0.00000000000000000E+00    0.000E+00
-1 -2  0  0  0  0  0.00000000000000000E+00    0.000E+00
 1  2  0  1  2  0  0.00000000000000000E+00    0.000E+00
2 3 1  2 2 1
       49
 0  0  0  0  0  0  5.79133394542860912E-37    8.630E-45
-1  0  0  0  0  0  2.89566740420232893E-37   -4.315E-45
 1  0  0  0  0  0  2.89566740420232893E-37   -4.315E-45
 0 -1  0  0  0  0  0.00000000000000000E+00    0.000E+00
 0  1  0  0  0  0 -5.79133468375256300E-37    8.630E-45
-1 -1  0  0  0  0  0.00000000000000000E+00    0.000E+00
 1  1  0  0  0  0 -5.79133416596693309E-37   -8.630E-45
 0  0  0 -1  0  0  0.00000000000000000E+00    0.000E+00
 0  0  0  1  0  0  0.00000000000000000E+00    0.000E+00
-1  0  0 -1  0  0  2.89566680011909515E-37    4.315E-45
 1  0  0  1  0  0  2.89566680011909515E-37    4.315E-45
 0  1  0 -1  0  0  0.00000000000000000E+00    0.000E+00
 0 -1  0  1  0  0  0.00000000000000000E+00    0.000E+00
-1 -1  0 -1  0  0  0.00000000000000000E+00    0.000E+00
 1  1  0  1  0  0  0.00000000000000000E+00    0.000E+00
 0  0  0  0 -1  0  5.79133463580944844E-37   -8.630E-45
 0  0  0  0  1  0  0.00000000000000000E+00    0.000E+00
 1  0  0  0 -1  0  5.79133411802381853E-37    8.630E-45
-1  0  0  0  1  0  0.00000000000000000E+00    0.000E+00
 0 -1  0  0 -1  0 -5.79133399337172368E-37   -8.630E-45
 0  1  0  0  1  0  0.00000000000000000E+00    0.000E+00
-1 -1  0  0 -1  0  0.00000000000000000E+00    0.000E+00
 1  1  0  0  1  0  0.00000000000000000E+00    0.000E+00
 0  0  0 -1 -1  0  5.79133377283339971E-37    8.630E-45
 0  0  0  1  1  0  0.00000000000000000E+00    0.000E+00
-1  0  0 -1 -1  0  5.79133429061902961E-37   -8.630E-45
 1  0  0  1  1  0  0.00000000000000000E+00    0.000E+00
 0 -1  0 -1 -1  0  0.00000000000000000E+00    0.000E+00
 0  1  0  1  1  0  0.00000000000000000E+00    0.000E+00
-1 -1  0 -1 -1  0 -5.79133364818130485E-37   -8.630E-45
 1  1  0  1  1  0  0.00000000000000000E+00    0.000E+00
-1 -2  0 -1 -2  0  0.00000000000000000E+00    0.000E+00
 0 -1  0 -1 -2  0 -5.79133382077651427E-37   -8.630E-45
-1 -1  0 -1 -2  0 -5.79133433856214418E-37    8.630E-45
-1 -2  0  0 -1  0  0.00000000000000000E+00    0.000E+00
-1 -2  0 -1 -1  0  0.00000000000000000E+00    0.000E+00
 1  2  0  0  0  0  0.00000000000000000E+00    0.000E+00
 1  2  0  0  1  0  0.00000000000000000E+00    0.000E+00
 1  1  0  0 -1  0 -5.79133485634777241E-37    8.630E-45
 1  2  0  1  1  0  0.00000000000000000E+00    0.000E+00
 0  1  0 -1 -1  0 -5.79133451115735359E-37    8.630E-45
 0  0  0 -1 -2  0  5.79133446321423903E-37   -8.630E-45
 0  0  0  1  2  0  0.00000000000000000E+00    0.000E+00
 0  1  0  1  2  0  0.00000000000000000E+00    0.000E+00
 1  1  0  1  2  0  0.00000000000000000E+00    0.000E+00
-1 -1  0  0  1  0  0.00000000000000000E+00    0.000E+00
 0 -1  0  1  1  0  0.00000000000000000E+00    0.000E+00
-1 -2  0  0  0  0  0.00000000000000000E+00    0.000E+00
 1  2  0  1  2  0  0.00000000000000000E+00    0.000E+00
2 3 2  2 2 1
       49
 0  0  0  0  0  0  3.15551679508778861E-44   -4.939E-45
-1  0  0  0  0  0  3.34362838397581043E-37    2.511E-45
 1  0  0  0  0  0  3.34362838397581043E-37    2.511E-45
 0 -1  0  0  0  0  0.00000000000000000E+00    0.000E+00
 0  1  0  0  0  0 -6.68725653543983218E-37   -4.948E-45
-1 -1  0  0  0  0  0.00000000000000000E+00    0.000E+00
 1  1  0  0  0  0 -2.82335665269724692E-44    5.021E-45
 0  0  0 -1  0  0  0.00000000000000000E+00    0.000E+00
 0  0  0  1  0  0  0.00000000000000000E+00    0.000E+00
-1  0  0 -1  0  0  3.34362843379973365E-37   -2.469E-45
 1  0  0  1  0  0  3.34362843379973365E-37   -2.469E-45
 0  1  0 -1  0  0  0.00000000000000000E+00    0.000E+00
 0 -1  0  1  0  0  0.00000000000000000E+00    0.000E+00
-1 -1  0 -1  0  0  0.00000000000000000E+00    0.000E+00
 1  1  0  1  0  0  0.00000000000000000E+00    0.000E+00
 0  0  0  0 -1  0 -8.30398866466286592E-45    4.939E-45
 0  0  0  0  1  0  0.00000000000000000E+00    0.000E+00
 1  0  0  0 -1  0  6.68725716654318702E-37   -5.021E-45
-1  0  0  0  1  0  0.00000000000000000E+00    0.000E+00
 0 -1  0  0 -1  0 -6.68725693403139165E-37    4.948E-45
 0  1  0  0  1  0  0.00000000000000000E+00    0.000E+00
-1 -1  0  0 -1  0  0.00000000000000000E+00    0.000E+00
 1  1  0  0  1  0  0.00000000000000000E+00    0.000E+00
 0  0  0 -1 -1  0  2.15903741196544520E-44   -5.021E-45
 0  0  0  1  1  0  0.00000000000000000E+00    0.000E+00
-1  0  0 -1 -1  0  6.68725646900790115E-37    4.939E-45
 1  0  0  1  1  0  0.00000000000000000E+00    0.000E+00
 0 -1  0 -1 -1  0  0.00000000000000000E+00    0.000E+00
 0  1  0  1  1  0  0.00000000000000000E+00    0.000E+00
-1 -1  0 -1 -1  0  1.66079596037100980E-45    4.948E-45
 1  1  0  1  1  0  0.00000000000000000E+00    0.000E+00
-1 -2  0 -1 -2  0  0.00000000000000000E+00    0.000E+00
 0 -1  0 -1 -2  0 -6.68725683438354856E-37    5.021E-45
-1 -1  0 -1 -2  0  4.15199519819640440E-44   -4.948E-45
-1 -2  0  0 -1  0  0.00000000000000000E+00    0.000E+00
-1 -2  0 -1 -1  0  0.00000000000000000E+00    0.000E+00
 1  2  0  0  0  0  0.00000000000000000E+00    0.000E+00
 1  2  0  0  1  0  0.00000000000000000E+00    0.000E+00
 1  1  0  0 -1  0  1.16255894946205713E-44   -5.021E-45
 1  2  0  1  1  0  0.00000000000000000E+00    0.000E+00
 0  1  0 -1 -1  0 -6.68725643579198908E-37   -5.021E-45
 0  0  0 -1 -2  0 -1.82687824958863037E-44    5.021E-45
 0  0  0  1  2  0  0.00000000000000000E+00    0.000E+00
 0  1  0  1  2  0  0.00000000000000000E+00    0.000E+00
 1  1  0  1  2  0  0.00000000000000000E+00    0.000E+00
-1 -1  0  0  1  0  0.00000000000000000E+00    0.000E+00
 0 -1  0  1  1  0  0.00000000000000000E+00    0.000E+00
-1 -2  0  0  0  0  0.00000000000000000E+00    0.000E+00
 1  2  0  1  2  0  0.00000000000000000E+00    0.000E+00
2 3 3  2 2 1
       49
 0  0  0  0  0  0  1.11692269805843167E-01    1.651E-07
-1  0  0  0  0  0  3.06396722012193838E-03   -1.747E-07
 1  0  0  0  0  0  3.06396722012193838E-03   -1.747E-07
 0 -1  0  0  0  0  0.00000000000000000E+00    0.000E+00
 0  1  0  0  0  0  1.71328302952364689E-03   -2.946E-07
-1 -1  0  0  0  0  0.00000000000000000E+00    0.000E+00
 1  1  0  0  0  0  1.29249812372931108E-03    4.789E-07
 0  0  0 -1  0  0  0.00000000000000000E+00    0.000E+00
 0  0  0  1  0  0  0.00000000000000000E+00    0.000E+00
-1  0  0 -1  0  0 -1.96671627389856038E-04   -1.665E-07
 1  0  0  1  0  0 -1.96671627389856038E-04   -1.665E-07
 0  1  0 -1  0  0  0.00000000000000000E+00    0.000E+00
 0 -1  0  1  0  0  0.00000000000000000E+00    0.000E+00
-1 -1  0 -1  0  0  0.00000000000000000E+00    0.000E+00
 1  1  0  1  0  0  0.00000000000000000E+00    0.000E+00
 0  0  0  0 -1  0 -5.58482312573317166E-02    5.841E-07
 0  0  0  0  1  0  0.00000000000000000E+00    0.000E+00
 1  0  0  0 -1  0 -4.69017151912717520E-03    4.267E-07
-1  0  0  0  1  0  0.00000000000000000E+00    0.000E+00
 0 -1  0  0 -1  0  2.56053419772843318E-03   -4.547E-07
 0  1  0  0  1  0  0.00000000000000000E+00    0.000E+00
-1 -1  0  0 -1  0  0.00000000000000000E+00    0.000E+00
 1  1  0  0  1  0  0.00000000000000000E+00    0.000E+00
 0  0  0 -1 -1  0 -5.54245739895442013E-02   -1.266E-06
 0  0  0  1  1  0  0.00000000000000000E+00    0.000E+00
-1  0  0 -1 -1  0 -4.27273495180880130E-03    2.557E-07
 1  0  0  1  1  0  0.00000000000000000E+00    0.000E+00
 0 -1  0 -1 -1  0  0.00000000000000000E+00    0.000E+00
 0  1  0  1  1  0  0.00000000000000000E+00    0.000E+00
-1 -1  0 -1 -1  0  2.55766183573524677E-03    6.225E-07
 1  1  0  1  1  0  0.00000000000000000E+00    0.000E+00
-1 -2  0 -1 -2  0  0.00000000000000000E+00    0.000E+00
 0 -1  0 -1 -2  0  6.13686051879820324E-04    3.609E-07
-1 -1  0 -1 -2  0  1.99121846554631970E-04   -5.452E-07
-1 -2  0  0 -1  0  0.00000000000000000E+00    0.000E+00
-1 -2  0 -1 -1  0  0.00000000000000000E+00    0.000E+00
 1  2  0  0  0  0  0.00000000000000000E+00    0.000E+00
 1  2  0  0  1  0  0.00000000000000000E+00    0.000E+00
 1  1  0  0 -1  0 -2.43512416328328912E-03   -5.562E-07
 1  2  0  1  1  0  0.00000000000000000E+00    0.000E+00
 0  1  0 -1 -1  0 -3.27334563639600142E-03    3.883E-07
 0  0  0 -1 -2  0 -4.19464558967243620E-04    5.173E-07
 0  0  0  1  2  0  0.00000000000000000E+00    0.000E+00
 0  1  0  1  2  0  0.00000000000000000E+00    0.000E+00
 1  1  0  1  2  0  0.00000000000000000E+00    0.000E+00
-1 -1  0  0  1  0  0.00000000000000000E+00    0.000E+00
 0 -1  0  1  1  0  0.00000000000000000E+00    0.000E+00
-1 -2  0  0  0  0  0.00000000000000000E+00    0.000E+00
 1  2  0  1  2  0  0.00000000000000000E+00    0.000E+00
3 1 1  2 2 1
       49
 0  0  0  0  0  0  1.07951881696134037E-44   -1.495E-44
-1  0  0  0  0  0 -2.44967731541227223E-44   -7.474E-45
 1  0  0  0  0  0 -2.44967731541227223E-44   -7.474E-45
 0 -1  0  0  0  0  0.00000000000000000E+00    0.000E+00
 0  1  0  0  0  0 -1.90991790693160354E-44    1.495E-44
-1 -1  0  0  0  0  0.00000000000000000E+00    0.000E+00
 1  1  0  0  0  0  4.06895554085428130E-44    1.495E-44
 0  0  0 -1  0  0  0.00000000000000000E+00    0.000E+00
 0  0  0  1  0  0  0.00000000000000000E+00    0.000E+00
-1  0  0 -1  0  0  2.03447777042714140E-44    7.474E-45
 1  0  0  1  0  0  2.03447777042714140E-44    7.474E-45
 0  1  0 -1  0  0  0.00000000000000000E+00    0.000E+00
 0 -1  0  1  0  0  0.00000000000000000E+00    0.000E+00
-1 -1  0 -1  0  0  0.00000000000000000E+00    0.000E+00
 1  1  0  1  0  0  0.00000000000000000E+00    0.000E+00
 0  0  0  0 -1  0  1.07951881696134261E-44    1.495E-44
 0  0  0  0  1  0  0.00000000000000000E+00    0.000E+00
 1  0  0  0 -1  0 -4.89935463082454248E-44    1.495E-44
-1  0  0  0  1  0  0.00000000000000000E+00    0.000E+00
 0 -1  0  0 -1  0 -1.90991790693160304E-44   -1.495E-44
 0  1  0  0  1  0  0.00000000000000000E+00    0.000E+00
-1 -1  0  0 -1  0  0.00000000000000000E+00    0.000E+00
 1  1  0  0  1  0  0.00000000000000000E+00    0.000E+00
 0  0  0 -1 -1  0 -1.90991790693160404E-44   -1.495E-44
 0  0  0  1  1  0  0.00000000000000000E+00    0.000E+00
-1  0  0 -1 -1  0  4.06895554085428080E-44   -1.495E-44
 1  0  0  1  1  0  0.00000000000000000E+00    0.000E+00
 0 -1  0 -1 -1  0  0.00000000000000000E+00    0.000E+00
 0  1  0  1  1  0  0.00000000000000000E+00    0.000E+00
-1 -1  0 -1 -1  0 -4.89935463082454347E-44    1.495E-44
 1  1  0  1  1  0  0.00000000000000000E+00    0.000E+00
-1 -2  0 -1 -2  0  0.00000000000000000E+00    0.000E+00
 0 -1  0 -1 -2  0  1.07951881696134212E-44   -1.495E-44
-1 -1  0 -1 -2  0 -4.89935463082454248E-44   -1.495E-44
-1 -2  0  0 -1  0  0.00000000000000000E+00    0.000E+00
-1 -2  0 -1 -1  0  0.00000000000000000E+00    0.000E+00
 1  2  0  0  0  0  0.00000000000000000E+00    0.000E+00
 1  2  0  0  1  0  0.00000000000000000E+00    0.000E+00
 1  1  0  0 -1  0  4.06895554085428180E-44   -1.495E-44
 1  2  0  1  1  0  0.00000000000000000E+00    0.000E+00
 0  1  0 -1 -1  0  1.07951881696134162E-44    1.495E-44
 0  0  0 -1 -2  0 -1.90991790693160205E-44    1.495E-44
 0  0  0  1  2  0  0.00000000000000000E+00    0.000E+00
 0  1  0  1  2  0  0.00000000000000000E+00    0.000E+00
 1  1  0  1  2  0  0.00000000000000000E+00    0.000E+00
-1 -1  0  0  1  0  0.00000000000000000E+00    0.000E+00
 0 -1  0  1  1  0  0.00000000000000000E+00    0.000E+00
-1 -2  0  0  0  0  0.00000000000000000E+00    0.000E+00
 1  2  0  1  2  0  0.00000000000000000E+00    0.000E+00
3 1 2  2 2 1
       49
 0  0  0  0  0  0 -5.79133348517467308E-37    8.638E-45
-1  0  0  0  0  0  2.89566731311039405E-37    4.319E-45
 1  0  0  0  0  0  2.89566731311039405E-37    4.319E-45
 0 -1  0  0  0  0  0.00000000000000000E+00    0.000E+00
 0  1  0  0  0  0 -5.79133503853156114E-37   -8.621E-45
-1 -1  0  0  0  0  0.00000000000000000E+00    0.000E+00
 1  1  0  0  0  0  5.79133376324473770E-37   -8.621E-45
 0  0  0 -1  0  0  0.00000000000000000E+00    0.000E+00
 0  0  0  1  0  0  0.00000000000000000E+00    0.000E+00
-1  0  0 -1  0  0  2.89566688162240769E-37   -4.315E-45
 1  0  0  1  0  0  2.89566688162240769E-37   -4.315E-45
 0  1  0 -1  0  0  0.00000000000000000E+00    0.000E+00
 0 -1  0  1  0  0  0.00000000000000000E+00    0.000E+00
-1 -1  0 -1  0  0  0.00000000000000000E+00    0.000E+00
 1  1  0  1  0  0  0.00000000000000000E+00    0.000E+00
 0  0  0  0 -1  0 -5.79133486593635674E-37   -8.638E-45
 0  0  0  0  1  0  0.00000000000000000E+00    0.000E+00
 1  0  0  0 -1  0  5.79133324545910445E-37   -8.638E-45
-1  0  0  0  1  0  0.00000000000000000E+00    0.000E+00
 0 -1  0  0 -1  0 -5.79133365776988751E-37    8.621E-45
 0  1  0  0  1  0  0.00000000000000000E+00    0.000E+00
-1 -1  0  0 -1  0  0.00000000000000000E+00    0.000E+00
 1  1  0  0  1  0  0.00000000000000000E+00    0.000E+00
 0  0  0 -1 -1  0 -5.79133365776996518E-37    8.630E-45
 0  0  0  1  1  0  0.00000000000000000E+00    0.000E+00
-1  0  0 -1 -1  0  5.79133514400649904E-37    8.630E-45
 1  0  0  1  1  0  0.00000000000000000E+00    0.000E+00
 0 -1  0 -1 -1  0  0.00000000000000000E+00    0.000E+00
 0  1  0  1  1  0  0.00000000000000000E+00    0.000E+00
-1 -1  0 -1 -1  0  5.79133324545919215E-37   -8.630E-45
 1  1  0  1  1  0  0.00000000000000000E+00    0.000E+00
-1 -2  0 -1 -2  0  0.00000000000000000E+00    0.000E+00
 0 -1  0 -1 -2  0 -5.79133348517476078E-37    8.630E-45
-1 -1  0 -1 -2  0  5.79133462622086579E-37    8.630E-45
-1 -2  0  0 -1  0  0.00000000000000000E+00    0.000E+00
-1 -2  0 -1 -1  0  0.00000000000000000E+00    0.000E+00
 1  2  0  0  0  0  0.00000000000000000E+00    0.000E+00
 1  2  0  0  1  0  0.00000000000000000E+00    0.000E+00
 1  1  0  0 -1  0  5.79133514400641134E-37    8.621E-45
 1  2  0  1  1  0  0.00000000000000000E+00    0.000E+00
 0  1  0 -1 -1  0 -5.79133486593643442E-37   -8.630E-45
 0  0  0 -1 -2  0 -5.79133503853164884E-37   -8.630E-45
 0  0  0  1  2  0  0.00000000000000000E+00    0.000E+00
 0  1  0  1  2  0  0.00000000000000000E+00    0.000E+00
 1  1  0  1  2  0  0.00000000000000000E+00    0.000E+00
-1 -1  0  0  1  0  0.00000000000000000E+00    0.000E+00
 0 -1  0  1  1  0  0.00000000000000000E+00    0.000E+00
-1 -2  0  0  0  0  0.00000000000000000E+00    0.000E+00
 1  2  0  1  2  0  0.00000000000000000E+00    0.000E+00
3 1 3  2 2 1
       49
 0  0  0  0  0  0 -3.19631128849889867E-06    1.390E-06
-1  0  0  0  0  0  1.45583012567829934E-06    7.917E-08
 1  0  0  0  0  0  1.45583012567829934E-06    7.917E-08
 0 -1  0  0  0  0  0.00000000000000000E+00    0.000E+00
 0  1  0  0  0  0  3.45708249873803719E-03   -6.529E-07
-1 -1  0  0  0  0  0.00000000000000000E+00    0.000E+00
 1  1  0  0  0  0 -3.45679784770089142E-03   -8.958E-07
 0  0  0 -1  0  0  0.00000000000000000E+00    0.000E+00
 0  0  0  1  0  0  0.00000000000000000E+00    0.000E+00
-1  0  0 -1  0  0  3.63103897028974575E-04   -2.128E-08
 1  0  0  1  0  0  3.63103897028974575E-04   -2.128E-08
 0  1  0 -1  0  0  0.00000000000000000E+00    0.000E+00
 0 -1  0  1  0  0  0.00000000000000000E+00    0.000E+00
-1 -1  0 -1  0  0  0.00000000000000000E+00    0.000E+00
 1  1  0  1  0  0  0.00000000000000000E+00    0.000E+00
 0  0  0  0 -1  0  9.67270511456986559E-02   -2.471E-07
 0  0  0  0  1  0  0.00000000000000000E+00    0.000E+00
 1  0  0  0 -1  0  4.86386368254787885E-04   -6.264E-08
-1  0  0  0  1  0  0.00000000000000000E+00    0.000E+00
 0 -1  0  0 -1  0  3.94624331257969509E-03   -4.903E-07
 0  1  0  0  1  0  0.00000000000000000E+00    0.000E+00
-1 -1  0  0 -1  0  0.00000000000000000E+00    0.000E+00
 1  1  0  0  1  0  0.00000000000000000E+00    0.000E+00
 0  0  0 -1 -1  0 -9.59979316913893432E-02    3.629E-07
 0  0  0  1  1  0  0.00000000000000000E+00    0.000E+00
-1  0  0 -1 -1  0 -1.21550582256409363E-03   -5.313E-08
 1  0  0  1  1  0  0.00000000000000000E+00    0.000E+00
 0 -1  0 -1 -1  0  0.00000000000000000E+00    0.000E+00
 0  1  0  1  1  0  0.00000000000000000E+00    0.000E+00
-1 -1  0 -1 -1  0 -4.66925479534914360E-03   -8.575E-07
 1  1  0  1  1  0  0.00000000000000000E+00    0.000E+00
-1 -2  0 -1 -2  0  0.00000000000000000E+00    0.000E+00
 0 -1  0 -1 -2  0 -5.67002954894647859E-03    5.955E-07
-1 -1  0 -1 -2  0  5.66974489790934150E-03    9.532E-07
-1 -2  0  0 -1  0  0.00000000000000000E+00    0.000E+00
-1 -2  0 -1 -1  0  0.00000000000000000E+00    0.000E+00
 1  2  0  0  0  0  0.00000000000000000E+00    0.000E+00
 1  2  0  0  1  0  0.00000000000000000E+00    0.000E+00
 1  1  0  0 -1  0 -3.39495303503698290E-04    8.001E-07
 1  2  0  1  1  0  0.00000000000000000E+00    0.000E+00
 0  1  0 -1 -1  0  1.06250678627314681E-03    5.477E-07
 0  0  0 -1 -2  0 -7.25923143020803380E-04   -1.506E-06
 0  0  0  1  2  0  0.00000000000000000E+00    0.000E+00
 0  1  0  1  2  0  0.00000000000000000E+00    0.000E+00
 1  1  0  1  2  0  0.00000000000000000E+00    0.000E+00
-1 -1  0  0  1  0  0.00000000000000000E+00    0.000E+00
 0 -1  0  1  1  0  0.00000000000000000E+00    0.000E+00
-1 -2  0  0  0  0  0.00000000000000000E+00    0.000E+00
 1  2  0  1  2  0  0.00000000000000000E+00    0.000E+00
3 2 1  2 2 1
       49
 0  0  0  0  0  0  5.79133394542860912E-37    8.630E-45
-1  0  0  0  0  0  2.89566680011909515E-37    4.315E-45
 1  0  0  0  0  0  2.89566680011909515E-37    4.315E-45
 0 -1  0  0  0  0  0.00000000000000000E+00    0.000E+00
 0  1  0  0  0  0 -5.79133399337172368E-37   -8.630E-45
-1 -1  0  0  0  0  0.00000000000000000E+00    0.000E+00
 1  1  0  0  0  0 -5.79133364818130485E-37   -8.630E-45
 0  0  0 -1  0  0  0.00000000000000000E+00    0.000E+00
 0  0  0  1  0  0  0.00000000000000000E+00    0.000E+00
-1  0  0 -1  0  0  2.89566740420232893E-37   -4.315E-45
 1  0  0  1  0  0  2.89566740420232893E-37   -4.315E-45
 0  1  0 -1  0  0  0.00000000000000000E+00    0.000E+00
 0 -1  0  1  0  0  0.00000000000000000E+00    0.000E+00
-1 -1  0 -1  0  0  0.00000000000000000E+00    0.000E+00
 1  1  0  1  0  0  0.00000000000000000E+00    0.000E+00
 0  0  0  0 -1  0  5.79133463580944844E-37   -8.630E-45
 0  0  0  0  1  0  0.00000000000000000E+00    0.000E+00
 1  0  0  0 -1  0  5.79133429061902961E-37   -8.630E-45
-1  0  0  0  1  0  0.00000000000000000E+00    0.000E+00
 0 -1  0  0 -1  0 -5.79133468375256300E-37    8.630E-45
 0  1  0  0  1  0  0.00000000000000000E+00    0.000E+00
-1 -1  0  0 -1  0  0.00000000000000000E+00    0.000E+00
 1  1  0  0  1  0  0.00000000000000000E+00    0.000E+00
 0  0  0 -1 -1  0  5.79133377283339971E-37    8.630E-45
 0  0  0  1  1  0  0.00000000000000000E+00    0.000E+00
-1  0  0 -1 -1  0  5.79133411802381853E-37    8.630E-45
 1  0  0  1  1  0  0.00000000000000000E+00    0.000E+00
 0 -1  0 -1 -1  0  0.00000000000000000E+00    0.000E+00
 0  1  0  1  1  0  0.00000000000000000E+00    0.000E+00
-1 -1  0 -1 -1  0 -5.79133416596693309E-37   -8.630E-45
 1  1  0  1  1  0  0.00000000000000000E+00    0.000E+00
-1 -2  0 -1 -2  0  0.00000000000000000E+00    0.000E+00
 0 -1  0 -1 -2  0 -5.79133451115735359E-37    8.630E-45
-1 -1  0 -1 -2  0 -5.79133485634777241E-37    8.630E-45
-1 -2  0  0 -1  0  0.00000000000000000E+00    0.000E+00
-1 -2  0 -1 -1  0  0.00000000000000000E+00    0.000E+00
 1  2  0  0  0  0  0.00000000000000000E+00    0.000E+00
 1  2  0  0  1  0  0.00000000000000000E+00    0.000E+00
 1  1  0  0 -1  0 -5.79133433856214418E-37    8.630E-45
 1  2  0  1  1  0  0.00000000000000000E+00    0.000E+00
 0  1  0 -1 -1  0 -5.79133382077651427E-37   -8.630E-45
 0  0  0 -1 -2  0  5.79133446321423903E-37   -8.630E-45
 0  0  0  1  2  0  0.00000000000000000E+00    0.000E+00
 0  1  0  1  2  0  0.00000000000000000E+00    0.000E+00
 1  1  0  1  2  0  0.00000000000000000E+00    0.000E+00
-1 -1  0  0  1  0  0.00000000000000000E+00    0.000E+00
 0 -1  0  1  1  0  0.00000000000000000E+00    0.000E+00
-1 -2  0  0  0  0  0.00000000000000000E+00    0.000E+00
 1  2  0  1  2  0  0.00000000000000000E+00    0.000E+00
3 2 2  2 2 1
       49
 0  0  0  0  0  0  3.15551679555180998E-44   -4.939E-45
-1  0  0  0  0  0  3.34362843379973365E-37   -2.469E-45
 1  0  0  0  0  0  3.34362843379973365E-37   -2.469E-45
 0 -1  0  0  0  0  0.00000000000000000E+00    0.000E+00
 0  1  0  0  0  0 -6.68725693403139082E-37    4.948E-45
-1 -1  0  0  0  0  0.00000000000000000E+00    0.000E+00
 1  1  0  0  0  0  1.66079595573078112E-45    4.948E-45
 0  0  0 -1  0  0  0.00000000000000000E+00    0.000E+00
 0  0  0  1  0  0  0.00000000000000000E+00    0.000E+00
-1  0  0 -1  0  0  3.34362838397581085E-37    2.511E-45
 1  0  0  1  0  0  3.34362838397581085E-37    2.511E-45
 0  1  0 -1  0  0  0.00000000000000000E+00    0.000E+00
 0 -1  0  1  0  0  0.00000000000000000E+00    0.000E+00
-1 -1  0 -1  0  0  0.00000000000000000E+00    0.000E+00
 1  1  0  1  0  0  0.00000000000000000E+00    0.000E+00
 0  0  0  0 -1  0 -8.30398866002264969E-45    4.939E-45
 0  0  0  0  1  0  0.00000000000000000E+00    0.000E+00
 1  0  0  0 -1  0  6.68725646900790115E-37    4.939E-45
-1  0  0  0  1  0  0.00000000000000000E+00    0.000E+00
 0 -1  0  0 -1  0 -6.68725653543983134E-37   -4.948E-45
 0  1  0  0  1  0  0.00000000000000000E+00    0.000E+00
-1 -1  0  0 -1  0  0.00000000000000000E+00    0.000E+00
 1  1  0  0  1  0  0.00000000000000000E+00    0.000E+00
 0  0  0 -1 -1  0  2.15903741150142308E-44   -5.021E-45
 0  0  0  1  1  0  0.00000000000000000E+00    0.000E+00
-1  0  0 -1 -1  0  6.68725716654318786E-37   -5.021E-45
 1  0  0  1  1  0  0.00000000000000000E+00    0.000E+00
 0 -1  0 -1 -1  0  0.00000000000000000E+00    0.000E+00
 0  1  0  1  1  0  0.00000000000000000E+00    0.000E+00
-1 -1  0 -1 -1  0 -2.82335665223322455E-44    5.021E-45
 1  1  0  1  1  0  0.00000000000000000E+00    0.000E+00
-1 -2  0 -1 -2  0  0.00000000000000000E+00    0.000E+00
 0 -1  0 -1 -2  0 -6.68725643579198908E-37   -5.021E-45
-1 -1  0 -1 -2  0  1.16255894992607975E-44   -5.021E-45
-1 -2  0  0 -1  0  0.00000000000000000E+00    0.000E+00
-1 -2  0 -1 -1  0  0.00000000000000000E+00    0.000E+00
 1  2  0  0  0  0  0.00000000000000000E+00    0.000E+00
 1  2  0  0  1  0  0.00000000000000000E+00    0.000E+00
 1  1  0  0 -1  0  4.15199519773238303E-44   -4.948E-45
 1  2  0  1  1  0  0.00000000000000000E+00    0.000E+00
 0  1  0 -1 -1  0 -6.68725683438354856E-37    5.021E-45
 0  0  0 -1 -2  0 -1.82687825005265200E-44    5.021E-45
 0  0  0  1  2  0  0.00000000000000000E+00    0.000E+00
 0  1  0  1  2  0  0.00000000000000000E+00    0.000E+00
 1  1  0  1  2  0  0.00000000000000000E+00    0.000E+00
-1 -1  0  0  1  0  0.00000000000000000E+00    0.000E+00
 0 -1  0  1  1  0  0.00000000000000000E+00    0.000E+00
-1 -2  0  0  0  0  0.00000000000000000E+00    0.000E+00
 1  2  0  1  2  0  0.00000000000000000E+00    0.000E+00
3 2 3  2 2 1
       49
 0  0  0  0  0  0  1.11692269805843167E-01    1.651E-07
-1  0  0  0  0  0 -1.96671627389852135E-04   -1.665E-07
 1  0  0  0  0  0 -1.96671627389852135E-04   -1.665E-07
 0 -1  0  0  0  0  0.00000000000000000E+00    0.000E+00
 0  1  0  0  0  0  2.56053419772842971E-03   -4.547E-07
-1 -1  0  0  0  0  0.00000000000000000E+00    0.000E+00
 1  1  0  0  0  0  2.55766183573524677E-03    6.225E-07
 0  0  0 -1  0  0  0.00000000000000000E+00    0.000E+00
 0  0  0  1  0  0  0.00000000000000000E+00    0.000E+00
-1  0  0 -1  0  0  3.06396722012193491E-03   -1.747E-07
 1  0  0  1  0  0  3.06396722012193491E-03   -1.747E-07
 0  1  0 -1  0  0  0.00000000000000000E+00    0.000E+00
 0 -1  0  1  0  0  0.00000000000000000E+00    0.000E+00
-1 -1  0 -1  0  0  0.00000000000000000E+00    0.000E+00
 1  1  0  1  0  0  0.00000000000000000E+00    0.000E+00
 0  0  0  0 -1  0 -5.58482312573317236E-02    5.841E-07
 0  0  0  0  1  0  0.00000000000000000E+00    0.000E+00
 1  0  0  0 -1  0 -4.27273495180879610E-03    2.557E-07
-1  0  0  0  1  0  0.00000000000000000E+00    0.000E+00
 0 -1  0  0 -1  0  1.71328302952364776E-03   -2.946E-07
 0  1  0  0  1  0  0.00000000000000000E+00    0.000E+00
-1 -1  0  0 -1  0  0.00000000000000000E+00    0.000E+00
 1  1  0  0  1  0  0.00000000000000000E+00    0.000E+00
 0  0  0 -1 -1  0 -5.54245739895442013E-02   -1.266E-06
 0  0  0  1  1  0  0.00000000000000000E+00    0.000E+00
-1  0  0 -1 -1  0 -4.69017151912717433E-03    4.267E-07
 1  0  0  1  1  0  0.00000000000000000E+00    0.000E+00
 0 -1  0 -1 -1  0  0.00000000000000000E+00    0.000E+00
 0  1  0  1  1  0  0.00000000000000000E+00    0.000E+00
-1 -1  0 -1 -1  0  1.29249812372931022E-03    4.789E-07
 1  1  0  1  1  0  0.00000000000000000E+00    0.000E+00
-1 -2  0 -1 -2  0  0.00000000000000000E+00    0.000E+00
 0 -1  0 -1 -2  0 -3.27334563639600489E-03    3.883E-07
-1 -1  0 -1 -2  0 -2.43512416328329259E-03   -5.562E-07
-1 -2  0  0 -1  0  0.00000000000000000E+00    0.000E+00
-1 -2  0 -1 -1  0  0.00000000000000000E+00    0.000E+00
 1  2  0  0  0  0  0.00000000000000000E+00    0.000E+00
 1  2  0  0  1  0  0.00000000000000000E+00    0.000E+00
 1  1  0  0 -1  0  1.99121846554631103E-04   -5.452E-07
 1  2  0  1  1  0  0.00000000000000000E+00    0.000E+00
 0  1  0 -1 -1  0  6.13686051879826396E-04    3.609E-07
 0  0  0 -1 -2  0 -4.19464558967239283E-04    5.173E-07
 0  0  0  1  2  0  0.00000000000000000E+00    0.000E+00
 0  1  0  1  2  0  0.00000000000000000E+00    0.000E+00
 1  1  0  1  2  0  0.00000000000000000E+00    0.000E+00
-1 -1  0  0  1  0  0.00000000000000000E+00    0.000E+00
 0 -1  0  1  1  0  0.00000000000000000E+00    0.000E+00
-1 -2  0  0  0  0  0.00000000000000000E+00    0.000E+00
 1  2  0  1  2  0  0.00000000000000000E+00    0.000E+00
3 3 1  2 2 1
       49
 0  0  0  0  0  0  2.31727497003632668E-03    3.267E-06
-1  0  0  0  0  0  2.89449166090277599E-06    4.287E-10
 1  0  0  0  0  0  2.89449166090277599E-06    4.287E-10
 0 -1  0  0  0  0  0.00000000000000000E+00    0.000E+00
 0  1  0  0  0  0  1.36858771977929859E-02   -1.258E-06
-1 -1  0  0  0  0  0.00000000000000000E+00    0.000E+00
 1  1  0  0  0  0 -1.60089411511511008E-02   -2.010E-06
 0  0  0 -1  0  0  0.00000000000000000E+00    0.000E+00
 0  0  0  1  0  0  0.00000000000000000E+00    0.000E+00
-1  0  0 -1  0  0  2.89449166090277599E-06    4.287E-10
 1  0  0  1  0  0  2.89449166090277599E-06    4.287E-10
 0  1  0 -1  0  0  0.00000000000000000E+00    0.000E+00
 0 -1  0  1  0  0  0.00000000000000000E+00    0.000E+00
-1 -1  0 -1  0  0  0.00000000000000000E+00    0.000E+00
 1  1  0  1  0  0  0.00000000000000000E+00    0.000E+00
 0  0  0  0 -1  0  2.08306002517043870E-01   -7.511E-07
 0  0  0  0  1  0  0.00000000000000000E+00    0.000E+00
 1  0  0  0 -1  0 -5.78898332182289921E-06   -8.573E-10
-1  0  0  0  1  0  0.00000000000000000E+00    0.000E+00
 0 -1  0  0 -1  0  1.36858771977929582E-02   -1.258E-06
 0  1  0  0  1  0  0.00000000000000000E+00    0.000E+00
-1 -1  0  0 -1  0  0.00000000000000000E+00    0.000E+00
 1  1  0  0  1  0  0.00000000000000000E+00    0.000E+00
 0  0  0 -1 -1  0 -2.08294424550400231E-01    7.528E-07
 0  0  0  1  1  0  0.00000000000000000E+00    0.000E+00
-1  0  0 -1 -1  0 -5.78898332179167419E-06   -8.573E-10
 1  0  0  1  1  0  0.00000000000000000E+00    0.000E+00
 0 -1  0 -1 -1  0  0.00000000000000000E+00    0.000E+00
 0  1  0  1  1  0  0.00000000000000000E+00    0.000E+00
-1 -1  0 -1 -1  0 -1.60089411511510869E-02   -2.010E-06
 1  1  0  1  1  0  0.00000000000000000E+00    0.000E+00
-1 -2  0 -1 -2  0  0.00000000000000000E+00    0.000E+00
 0 -1  0 -1 -2  0  1.17319829828234426E-02    1.258E-06
-1 -1  0 -1 -2  0 -9.40891902946530689E-03    2.010E-06
-1 -2  0  0 -1  0  0.00000000000000000E+00    0.000E+00
-1 -2  0 -1 -1  0  0.00000000000000000E+00    0.000E+00
 1  2  0  0  0  0  0.00000000000000000E+00    0.000E+00
 1  2  0  0  1  0  0.00000000000000000E+00    0.000E+00
 1  1  0  0 -1  0 -9.40891902946533118E-03    2.010E-06
 1  2  0  1  1  0  0.00000000000000000E+00    0.000E+00
 0  1  0 -1 -1  0  1.17319829828234357E-02    1.258E-06
 0  0  0 -1 -2  0 -2.32885293667993432E-03   -3.269E-06
 0  0  0  1  2  0  0.00000000000000000E+00    0.000E+00
 0  1  0  1  2  0  0.00000000000000000E+00    0.000E+00
 1  1  0  1  2  0  0.00000000000000000E+00    0.000E+00
-1 -1  0  0  1  0  0.00000000000000000E+00    0.000E+00
 0 -1  0  1  1  0  0.00000000000000000E+00    0.000E+00
-1 -2  0  0  0  0  0.00000000000000000E+00    0.000E+00
 1  2  0  1  2  0  0.00000000000000000E+00    0.000E+00
3 3 2  2 2 1
       49
 0  0  0  0  0  0  2.39192703885803493E-01    2.923E-07
-1  0  0  0  0  0 -5.43367783955011566E-03   -3.632E-07
 1  0  0  0  0  0 -5.43367783955011566E-03   -3.632E-07
 0 -1  0  0  0  0  0.00000000000000000E+00    0.000E+00
 0  1  0  0  0  0  7.90086689412081676E-03   -7.270E-07
-1 -1  0  0  0  0  0.00000000000000000E+00    0.000E+00
 1  1  0  0  0  0  9.23675968270010368E-03    1.161E-06
 0  0  0 -1  0  0  0.00000000000000000E+00    0.000E+00
 0  0  0  1  0  0  0.00000000000000000E+00    0.000E+00
-1  0  0 -1  0  0 -5.43367783955011393E-03   -3.632E-07
 1  0  0  1  0  0 -5.43367783955011393E-03   -3.632E-07
 0  1  0 -1  0  0  0.00000000000000000E+00    0.000E+00
 0 -1  0  1  0  0  0.00000000000000000E+00    0.000E+00
-1 -1  0 -1  0  0  0.00000000000000000E+00    0.000E+00
 1  1  0  1  0  0  0.00000000000000000E+00    0.000E+00
 0  0  0  0 -1  0 -1.17587941950804048E-01    1.162E-06
 0  0  0  0  1  0  0.00000000000000000E+00    0.000E+00
 1  0  0  0 -1  0 -1.84826611559040233E-02    7.265E-07
-1  0  0  0  1  0  0.00000000000000000E+00    0.000E+00
 0 -1  0  0 -1  0  7.90086689412081676E-03   -7.270E-07
 0  1  0  0  1  0  0.00000000000000000E+00    0.000E+00
-1 -1  0  0 -1  0  0.00000000000000000E+00    0.000E+00
 1  1  0  0  1  0  0.00000000000000000E+00    0.000E+00
 0  0  0 -1 -1  0 -1.20259727527962601E-01   -2.615E-06
 0  0  0  1  1  0  0.00000000000000000E+00    0.000E+00
-1  0  0 -1 -1  0 -1.84826611559039955E-02    7.265E-07
 1  0  0  1  1  0  0.00000000000000000E+00    0.000E+00
 0 -1  0 -1 -1  0  0.00000000000000000E+00    0.000E+00
 0  1  0  1  1  0  0.00000000000000000E+00    0.000E+00
-1 -1  0 -1 -1  0  9.23675968270010715E-03    1.161E-06
 1  1  0  1  1  0  0.00000000000000000E+00    0.000E+00
-1 -2  0 -1 -2  0  0.00000000000000000E+00    0.000E+00
 0 -1  0 -1 -2  0  6.77414152338129578E-03    7.270E-07
-1 -1  0 -1 -2  0  5.43824873480200886E-03   -1.161E-06
-1 -2  0  0 -1  0  0.00000000000000000E+00    0.000E+00
-1 -2  0 -1 -1  0  0.00000000000000000E+00    0.000E+00
 1  2  0  0  0  0  0.00000000000000000E+00    0.000E+00
 1  2  0  0  1  0  0.00000000000000000E+00    0.000E+00
 1  1  0  0 -1  0  5.43824873480200539E-03   -1.161E-06
 1  2  0  1  1  0  0.00000000000000000E+00    0.000E+00
 0  1  0 -1 -1  0  6.77414152338129578E-03    7.270E-07
 0  0  0 -1 -2  0 -1.34503440703683148E-03    1.161E-06
 0  0  0  1  2  0  0.00000000000000000E+00    0.000E+00
 0  1  0  1  2  0  0.00000000000000000E+00    0.000E+00
 1  1  0  1  2  0  0.00000000000000000E+00    0.000E+00
-1 -1  0  0  1  0  0.00000000000000000E+00    0.000E+00
 0 -1  0  1  1  0  0.00000000000000000E+00    0.000E+00
-1 -2  0  0  0  0  0.00000000000000000E+00    0.000E+00
 1  2  0  1  2  0  0.00000000000000000E+00    0.000E+00
3 3 3  2 2 1
       49
 0  0  0  0  0  0  0.00000000000000000E+00   -7.375E-61
-1  0  0  0  0  0 -2.25807281217117686E-77    0.000E+00
 1  0  0  0  0  0 -2.25807281217117686E-77    0.000E+00
 0 -1  0  0  0  0  0.00000000000000000E+00    0.000E+00
 0  1  0  0  0  0 -2.44073573590541381E-76    0.000E+00
-1 -1  0  0  0  0  0.00000000000000000E+00    0.000E+00
 1  1  0  0  0  0 -5.81624945843330947E-76    7.375E-61
 0  0  0 -1  0  0  0.00000000000000000E+00    0.000E+00
 0  0  0  1  0  0  0.00000000000000000E+00    0.000E+00
-1  0  0 -1  0  0  2.25807281217117686E-77    0.000E+00
 1  0  0  1  0  0  2.25807281217117686E-77    0.000E+00
 0  1  0 -1  0  0  0.00000000000000000E+00    0.000E+00
 0 -1  0  1  0  0  0.00000000000000000E+00    0.000E+00
-1 -1  0 -1  0  0  0.00000000000000000E+00    0.000E+00
 1  1  0  1  0  0  0.00000000000000000E+00    0.000E+00
 0  0  0  0 -1  0  1.07292697919981476E-75    7.375E-61
 0  0  0  0  1  0  0.00000000000000000E+00    0.000E+00
 1  0  0  0 -1  0  2.19732033710883240E-77    0.000E+00
-1  0  0  0  1  0  0.00000000000000000E+00    0.000E+00
 0 -1  0  0 -1  0  1.15451002033336602E-76    0.000E+00
 0  1  0  0  1  0  0.00000000000000000E+00    0.000E+00
-1 -1  0  0 -1  0  0.00000000000000000E+00    0.000E+00
 1  1  0  0  1  0  0.00000000000000000E+00    0.000E+00
 0  0  0 -1 -1  0 -9.00358000900433300E-76   -7.375E-61
 0  0  0  1  1  0  0.00000000000000000E+00    0.000E+00
-1  0  0 -1 -1  0 -4.03842333715634563E-78    0.000E+00
 1  0  0  1  1  0  0.00000000000000000E+00    0.000E+00
 0 -1  0 -1 -1  0  0.00000000000000000E+00    0.000E+00
 0  1  0  1  1  0  0.00000000000000000E+00    0.000E+00
-1 -1  0 -1 -1  0  5.64746465321797986E-76    7.375E-61
 1  1  0  1  1  0  0.00000000000000000E+00    0.000E+00
-1 -2  0 -1 -2  0  0.00000000000000000E+00    0.000E+00
 0 -1  0 -1 -2  0  2.08928800695584818E-76    0.000E+00
-1 -1  0 -1 -2  0  5.08180513878016710E-76   -7.375E-61
-1 -2  0  0 -1  0  0.00000000000000000E+00    0.000E+00
-1 -2  0 -1 -1  0  0.00000000000000000E+00    0.000E+00
 1  2  0  0  0  0  0.00000000000000000E+00    0.000E+00
 1  2  0  0  1  0  0.00000000000000000E+00    0.000E+00
 1  1  0  0 -1  0 -6.43112857786023803E-76   -7.375E-61
 1  2  0  1  1  0  0.00000000000000000E+00    0.000E+00
 0  1  0 -1 -1  0 -3.91831962321129085E-77    0.000E+00
 0  0  0 -1 -2  0 -9.03229124868470745E-77    7.375E-61
 0  0  0  1  2  0  0.00000000000000000E+00    0.000E+00
 0  1  0  1  2  0  0.00000000000000000E+00    0.000E+00
 1  1  0  1  2  0  0.00000000000000000E+00    0.000E+00
-1 -1  0  0  1  0  0.00000000000000000E+00    0.000E+00
 0 -1  0  1  1  0  0.00000000000000000E+00    0.000E+00
-1 -2  0  0  0  0  0.00000000000000000E+00    0.000E+00
 1  2  0  1  2  0  0.00000000000000000E+00    0.000E+00
1 1 1  2 2 2
       49
 0  0  0  0  0  0 -6.23547022953020117E-03   -3.526E-13
-1  0  0  0  0  0  1.03924503825503244E-03    5.877E-14
 1  0  0  0  0  0  1.03924503825503244E-03    5.877E-14
 0 -1  0  0  0  0  4.15192252245847812E-02    5.877E-14
 0  1  0  0  0  0  4.15192252245847812E-02    5.877E-14
-1 -1  0  0  0  0 -3.94407351480747168E-02    5.878E-14
 1  1  0  0  0  0 -3.94407351480747168E-02    5.878E-14
 0  0  0 -1  0  0  1.03924503825503244E-03    5.877E-14
 0  0  0  1  0  0  1.03924503825503244E-03    5.877E-14
-1  0  0 -1  0  0  1.03924503825503266E-03    5.877E-14
 1  0  0  1  0  0  1.03924503825503266E-03    5.877E-14
 0  1  0 -1  0  0 -1.03924503825503244E-03   -5.876E-14
 0 -1  0  1  0  0 -1.03924503825503244E-03   -5.876E-14
-1 -1  0 -1  0  0 -1.03924503825503266E-03   -5.879E-14
 1  1  0  1  0  0 -1.03924503825503266E-03   -5.879E-14
 0  0  0  0 -1  0  4.15192252245847812E-02    5.877E-14
 0  0  0  0  1  0  4.15192252245847812E-02    5.877E-14
 1  0  0  0 -1  0 -1.03924503825503266E-03   -5.879E-14
-1  0  0  0  1  0 -1.03924503825503266E-03   -5.879E-14
 0 -1  0  0 -1  0  4.15192252245847812E-02    5.877E-14
 0  1  0  0  1  0  4.15192252245847812E-02    5.877E-14
-1 -1  0  0 -1  0 -1.03924503825503244E-03   -5.879E-14
 1  1  0  0  1  0 -1.03924503825503244E-03   -5.879E-14
 0  0  0 -1 -1  0 -3.94407351480747168E-02    5.878E-14
 0  0  0  1  1  0 -3.94407351480747168E-02    5.878E-14
-1  0  0 -1 -1  0 -1.03924503825503244E-03   -5.876E-14
 1  0  0  1  1  0 -1.03924503825503244E-03   -5.876E-14
 0 -1  0 -1 -1  0 -1.03924503825503266E-03   -5.876E-14
 0  1  0  1  1  0 -1.03924503825503266E-03   -5.876E-14
-1 -1  0 -1 -1  0 -3.94407351480747168E-02    5.877E-14
 1  1  0  1  1  0 -3.94407351480747168E-02    5.877E-14
-1 -2  0 -1 -2  0  0.00000000000000000E+00    0.000E+00
 0 -1  0 -1 -2  0  0.00000000000000000E+00    0.000E+00
-1 -1  0 -1 -2  0  0.00000000000000000E+00    0.000E+00
-1 -2  0  0 -1  0  0.00000000000000000E+00    0.000E+00
-1 -2  0 -1 -1  0  0.00000000000000000E+00    0.000E+00
 1  2  0  0  0  0  0.00000000000000000E+00    0.000E+00
 1  2  0  0  1  0  0.00000000000000000E+00    0.000E+00
 1  1  0  0 -1  0  0.00000000000000000E+00    0.000E+00
 1  2  0  1  1  0  0.00000000000000000E+00    0.000E+00
 0  1  0 -1 -1  0  0.00000000000000000E+00    0.000E+00
 0  0  0 -1 -2  0  0.00000000000000000E+00    0.000E+00
 0  0  0  1  2  0  0.00000000000000000E+00    0.000E+00
 0  1  0  1  2  0  0.00000000000000000E+00    0.000E+00
 1  1  0  1  2  0  0.00000000000000000E+00    0.000E+00
-1 -1  0  0  1  0  0.00000000000000000E+00    0.000E+00
 0 -1  0  1  1  0  0.00000000000000000E+00    0.000E+00
-1 -2  0  0  0  0  0.00000000000000000E+00    0.000E+00
 1  2  0  1  2  0  0.00000000000000000E+00    0.000E+00
1 1 2  2 2 2
       49
 0  0  0  0  0  0 -2.77600491050711984E+00    6.535E-11
-1  0  0  0  0  0 -4.72633760290346205E-01   -3.264E-11
 1  0  0  0  0  0 -4.72633760290346205E-01   -3.264E-11
 0 -1  0  0  0  0 -4.74090738782944610E-01    7.427E-14
 0  1  0  0  0  0 -4.74090738782944610E-01    7.427E-14
-1 -1  0  0  0  0 -4.72865928368309096E-01   -1.023E-13
 1  1  0  0  0  0 -4.72865928368309096E-01   -1.023E-13
 0  0  0 -1  0  0 -5.21065161775640884E-01    3.262E-11
 0  0  0  1  0  0 -5.21065161775640884E-01    3.262E-11
-1  0  0 -1  0  0 -4.72633760290346205E-01   -3.264E-11
 1  0  0  1  0  0 -4.72633760290346205E-01   -3.264E-11
 0  1  0 -1  0  0 -5.04643991071344389E-01   -7.445E-14
 0 -1  0  1  0  0 -5.04643991071344389E-01   -7.445E-14
-1 -1  0 -1  0  0 -5.05868801485979902E-01    1.026E-13
 1  1  0  1  0  0 -5.05868801485979902E-01    1.026E-13
 0  0  0  0 -1  0 -4.48037822418343890E-01   -3.282E-11
 0  0  0  0  1  0 -4.48037822418343890E-01   -3.282E-11
 1  0  0  0 -1  0 -4.76408397395655991E-01    3.264E-11
-1  0  0  0  1  0 -4.76408397395655991E-01    3.264E-11
 0 -1  0  0 -1  0 -4.74090738782944721E-01    7.446E-14
 0  1  0  0  1  0 -4.74090738782944721E-01    7.446E-14
-1 -1  0  0 -1  0 -5.05868801485980013E-01    1.027E-13
 1  1  0  0  1  0 -5.05868801485980013E-01    1.027E-13
 0  0  0 -1 -1  0 -4.50487443247614916E-01   -3.247E-11
 0  0  0  1  1  0 -4.50487443247614916E-01   -3.247E-11
-1  0  0 -1 -1  0 -4.76408397395655991E-01    3.264E-11
 1  0  0  1  1  0 -4.76408397395655991E-01    3.264E-11
 0 -1  0 -1 -1  0 -5.04643991071344500E-01   -7.429E-14
 0  1  0  1  1  0 -5.04643991071344500E-01   -7.429E-14
-1 -1  0 -1 -1  0 -4.72865928368309207E-01   -1.031E-13
 1  1  0  1  1  0 -4.72865928368309207E-01   -1.031E-13
-1 -2  0 -1 -2  0  0.00000000000000000E+00    0.000E+00
 0 -1  0 -1 -2  0  0.00000000000000000E+00    0.000E+00
-1 -1  0 -1 -2  0  0.00000000000000000E+00    0.000E+00
-1 -2  0  0 -1  0  0.00000000000000000E+00    0.000E+00
-1 -2  0 -1 -1  0  0.00000000000000000E+00    0.000E+00
 1  2  0  0  0  0  0.00000000000000000E+00    0.000E+00
 1  2  0  0  1  0  0.00000000000000000E+00    0.000E+00
 1  1  0  0 -1  0  0.00000000000000000E+00    0.000E+00
 1  2  0  1  1  0  0.00000000000000000E+00    0.000E+00
 0  1  0 -1 -1  0  0.00000000000000000E+00    0.000E+00
 0  0  0 -1 -2  0  0.00000000000000000E+00    0.000E+00
 0  0  0  1  2  0  0.00000000000000000E+00    0.000E+00
 0  1  0  1  2  0  0.00000000000000000E+00    0.000E+00
 1  1  0  1  2  0  0.00000000000000000E+00    0.000E+00
-1 -1  0  0  1  0  0.00000000000000000E+00    0.000E+00
 0 -1  0  1  1  0  0.00000000000000000E+00    0.000E+00
-1 -2  0  0  0  0  0.00000000000000000E+00    0.000E+00
 1  2  0  1  2  0  0.00000000000000000E+00    0.000E+00
1 1 3  2 2 2
       49
 0  0  0  0  0  0  5.01544256350842559E-37   -7.474E-45
-1  0  0  0  0  0 -6.72055260226420775E-60    3.206E-54
 1  0  0  0  0  0 -6.72055260226420775E-60    3.206E-54
 0 -1  0  0  0  0 -8.29735370381484824E-61    3.737E-45
 0  1  0  0  0  0 -8.29735370381484824E-61    3.737E-45
-1 -1  0  0  0  0  2.50772128175421279E-37   -2.517E-53
 1  1  0  0  0  0  2.50772128175421279E-37   -2.517E-53
 0  0  0 -1  0  0 -2.50772128175421279E-37    3.737E-45
 0  0  0  1  0  0 -2.50772128175421279E-37    3.737E-45
-1  0  0 -1  0  0 -6.26292708786807696E-60    3.206E-54
 1  0  0  1  0  0 -6.26292708786807696E-60    3.206E-54
 0  1  0 -1  0  0  1.16987645190799032E-60   -3.737E-45
 0 -1  0  1  0  0  1.16987645190799032E-60   -3.737E-45
-1 -1  0 -1  0  0 -2.50772128175421279E-37    7.424E-53
 1  1  0  1  0  0 -2.50772128175421279E-37    7.424E-53
 0  0  0  0 -1  0 -2.50772128175421279E-37   -3.737E-45
 0  0  0  0  1  0 -2.50772128175421279E-37   -3.737E-45
 1  0  0  0 -1  0  6.08486435349011277E-60    1.203E-52
-1  0  0  0  1  0  6.08486435349011277E-60    1.203E-52
 0 -1  0  0 -1  0 -1.65947074076297020E-60    3.737E-45
 0  1  0  0  1  0 -1.65947074076297020E-60    3.737E-45
-1 -1  0  0 -1  0 -2.50772128175421279E-37    7.424E-53
 1  1  0  0  1  0 -2.50772128175421279E-37    7.424E-53
 0  0  0 -1 -1  0  2.50772128175421279E-37    3.737E-45
 0  0  0  1  1  0  2.50772128175421279E-37    3.737E-45
-1  0  0 -1 -1  0  5.89081723188272182E-60   -9.621E-53
 1  0  0  1  1  0  5.89081723188272182E-60   -9.621E-53
 0 -1  0 -1 -1  0  3.48101982867448171E-60   -3.737E-45
 0  1  0  1  1  0  3.48101982867448171E-60   -3.737E-45
-1 -1  0 -1 -1  0  2.50772128175421279E-37   -2.517E-53
 1  1  0  1  1  0  2.50772128175421279E-37   -2.517E-53
-1 -2  0 -1 -2  0  0.00000000000000000E+00    0.000E+00
 0 -1  0 -1 -2  0  0.00000000000000000E+00    0.000E+00
-1 -1  0 -1 -2  0  0.00000000000000000E+00    0.000E+00
-1 -2  0  0 -1  0  0.00000000000000000E+00    0.000E+00
-1 -2  0 -1 -1  0  0.00000000000000000E+00    0.000E+00
 1  2  0  0  0  0  0.00000000000000000E+00    0.000E+00
 1  2  0  0  1  0  0.00000000000000000E+00    0.000E+00
 1  1  0  0 -1  0  0.00000000000000000E+00    0.000E+00
 1  2  0  1  1  0  0.00000000000000000E+00    0.000E+00
 0  1  0 -1 -1  0  0.00000000000000000E+00    0.000E+00
 0  0  0 -1 -2  0  0.00000000000000000E+00    0.000E+00
 0  0  0  1  2  0  0.00000000000000000E+00    0.000E+00
 0  1  0  1  2  0  0.00000000000000000E+00    0.000E+00
 1  1  0  1  2  0  0.00000000000000000E+00    0.000E+00
-1 -1  0  0  1  0  0.00000000000000000E+00    0.000E+00
 0 -1  0  1  1  0  0.00000000000000000E+00    0.000E+00
-1 -2  0  0  0  0  0.00000000000000000E+00    0.000E+00
 1  2  0  1  2  0  0.00000000000000000E+00    0.000E+00
1 2 1  2 2 2
       49
 0  0  0  0  0  0 -2.77600491050711939E+00    6.535E-11
-1  0  0  0  0  0 -5.21065161775640884E-01    3.262E-11
 1  0  0  0  0  0 -5.21065161775640884E-01    3.262E-11
 0 -1  0  0  0  0 -4.48037822418343890E-01   -3.282E-11
 0  1  0  0  0  0 -4.48037822418343890E-01   -3.282E-11
-1 -1  0  0  0  0 -4.50487443247615027E-01   -3.247E-11
 1  1  0  0  0  0 -4.50487443247615027E-01   -3.247E-11
 0  0  0 -1  0  0 -4.72633760290346205E-01   -3.264E-11
 0  0  0  1  0  0 -4.72633760290346205E-01   -3.264E-11
-1  0  0 -1  0  0 -4.72633760290346205E-01   -3.264E-11
 1  0  0  1  0  0 -4.72633760290346205E-01   -3.264E-11
 0  1  0 -1  0  0 -4.76408397395655991E-01    3.264E-11
 0 -1  0  1  0  0 -4.76408397395655991E-01    3.264E-11
-1 -1  0 -1  0  0 -4.76408397395655991E-01    3.264E-11
 1  1  0  1  0  0 -4.76408397395655991E-01    3.264E-11
 0  0  0  0 -1  0 -4.74090738782944610E-01    7.424E-14
 0  0  0  0  1  0 -4.74090738782944610E-01    7.424E-14
 1  0  0  0 -1  0 -5.04643991071344389E-01   -7.454E-14
-1  0  0  0  1  0 -5.04643991071344389E-01   -7.454E-14
 0 -1  0  0 -1  0 -4.74090738782944610E-01    7.443E-14
 0  1  0  0  1  0 -4.74090738782944610E-01    7.443E-14
-1 -1  0  0 -1  0 -5.04643991071344389E-01   -7.432E-14
 1  1  0  0  1  0 -5.04643991071344389E-01   -7.432E-14
 0  0  0 -1 -1  0 -4.72865928368309096E-01   -1.024E-13
 0  0  0  1  1  0 -4.72865928368309096E-01   -1.024E-13
-1  0  0 -1 -1  0 -5.05868801485979902E-01    1.026E-13
 1  0  0  1  1  0 -5.05868801485979902E-01    1.026E-13
 0 -1  0 -1 -1  0 -5.05868801485979902E-01    1.027E-13
 0  1  0  1  1  0 -5.05868801485979902E-01    1.027E-13
-1 -1  0 -1 -1  0 -4.72865928368309096E-01   -1.031E-13
 1  1  0  1  1  0 -4.72865928368309096E-01   -1.031E-13
-1 -2  0 -1 -2  0  0.00000000000000000E+00    0.000E+00
 0 -1  0 -1 -2  0  0.00000000000000000E+00    0.000E+00
-1 -1  0 -1 -2  0  0.00000000000000000E+00    0.000E+00
-1 -2  0  0 -1  0  0.00000000000000000E+00    0.000E+00
-1 -2  0 -1 -1  0  0.00000000000000000E+00    0.000E+00
 1  2  0  0  0  0  0.00000000000000000E+00    0.000E+00
 1  2  0  0  1  0  0.00000000000000000E+00    0.000E+00
 1  1  0  0 -1  0  0.00000000000000000E+00    0.000E+00
 1  2  0  1  1  0  0.00000000000000000E+00    0.000E+00
 0  1  0 -1 -1  0  0.00000000000000000E+00    0.000E+00
 0  0  0 -1 -2  0  0.00000000000000000E+00    0.000E+00
 0  0  0  1  2  0  0.00000000000000000E+00    0.000E+00
 0  1  0  1  2  0  0.00000000000000000E+00    0.000E+00
 1  1  0  1  2  0  0.00000000000000000E+00    0.000E+00
-1 -1  0  0  1  0  0.00000000000000000E+00    0.000E+00
 0 -1  0  1  1  0  0.00000000000000000E+00    0.000E+00
-1 -2  0  0  0  0  0.00000000000000000E+00    0.000E+00
 1  2  0  1  2  0  0.00000000000000000E+00    0.000E+00
1 2 2  2 2 2
       49
 0  0  0  0  0  0 -2.07153217739728789E-03    2.341E-13
-1  0  0  0  0  0  1.05233204470888938E-03   -8.664E-15
 1  0  0  0  0  0  1.05233204470888938E-03   -8.664E-15
 0 -1  0  0  0  0 -1.20260483664334826E-03    1.874E-11
 0  1  0  0  0  0 -1.20260483664334826E-03    1.874E-11
-1 -1  0  0  0  0  1.18603888063337692E-03   -1.885E-11
 1  1  0  0  0  0  1.18603888063337692E-03   -1.885E-11
 0  0  0 -1  0  0  1.05233204470889024E-03   -8.659E-15
 0  0  0  1  0  0  1.05233204470889024E-03   -8.659E-15
-1  0  0 -1  0  0 -1.06889800071895006E-03   -9.975E-14
 1  0  0  1  0  0 -1.06889800071895006E-03   -9.975E-14
 0  1  0 -1  0  0  1.59569756536584208E-02    1.885E-11
 0 -1  0  1  0  0  1.59569756536584208E-02    1.885E-11
-1 -1  0 -1  0  0 -1.59404096976481537E-02   -1.874E-11
 1  1  0  1  0  0 -1.59404096976481537E-02   -1.874E-11
 0  0  0  0 -1  0 -1.20260483664334870E-03    1.874E-11
 0  0  0  0  1  0 -1.20260483664334870E-03    1.874E-11
 1  0  0  0 -1  0  1.59569756536584208E-02    1.885E-11
-1  0  0  0  1  0  1.59569756536584208E-02    1.885E-11
 0 -1  0  0 -1  0  4.39209559483097201E-02   -3.759E-11
 0  1  0  0  1  0  4.39209559483097201E-02   -3.759E-11
-1 -1  0  0 -1  0 -1.05233204470874279E-03    8.645E-15
 1  1  0  0  1  0 -1.05233204470874279E-03    8.645E-15
 0  0  0 -1 -1  0  1.18603888063337779E-03   -1.885E-11
 0  0  0  1  1  0  1.18603888063337779E-03   -1.885E-11
-1  0  0 -1 -1  0 -1.59404096976481537E-02   -1.874E-11
 1  0  0  1  1  0 -1.59404096976481537E-02   -1.874E-11
 0 -1  0 -1 -1  0 -1.05233204470874236E-03    8.674E-15
 0  1  0  1  1  0 -1.05233204470874236E-03    8.674E-15
-1 -1  0 -1 -1  0 -4.18162918588918242E-02    3.757E-11
 1  1  0  1  1  0 -4.18162918588918242E-02    3.757E-11
-1 -2  0 -1 -2  0  0.00000000000000000E+00    0.000E+00
 0 -1  0 -1 -2  0  0.00000000000000000E+00    0.000E+00
-1 -1  0 -1 -2  0  0.00000000000000000E+00    0.000E+00
-1 -2  0  0 -1  0  0.00000000000000000E+00    0.000E+00
-1 -2  0 -1 -1  0  0.00000000000000000E+00    0.000E+00
 1  2  0  0  0  0  0.00000000000000000E+00    0.000E+00
 1  2  0  0  1  0  0.00000000000000000E+00    0.000E+00
 1  1  0  0 -1  0  0.00000000000000000E+00    0.000E+00
 1  2  0  1  1  0  0.00000000000000000E+00    0.000E+00
 0  1  0 -1 -1  0  0.00000000000000000E+00    0.000E+00
 0  0  0 -1 -2  0  0.00000000000000000E+00    0.000E+00
 0  0  0  1  2  0  0.00000000000000000E+00    0.000E+00
 0  1  0  1  2  0  0.00000000000000000E+00    0.000E+00
 1  1  0  1  2  0  0.00000000000000000E+00    0.000E+00
-1 -1  0  0  1  0  0.00000000000000000E+00    0.000E+00
 0 -1  0  1  1  0  0.00000000000000000E+00    0.000E+00
-1 -2  0  0  0  0  0.00000000000000000E+00    0.000E+00
 1  2  0  1  2  0  0.00000000000000000E+00    0.000E+00
1 2 3  2 2 2
       49
 0  0  0  0  0  0  2.89566634705666981E-37   -4.317E-45
-1  0  0  0  0  0 -3.83544910432752588E-44   -4.316E-45
 1  0  0  0  0  0 -3.83544910432752588E-44   -4.316E-45
 0 -1  0  0  0  0 -2.89566749769140132E-37    2.156E-45
 0  1  0  0  0  0 -2.89566749769140132E-37    2.156E-45
-1 -1  0  0  0  0 -1.44783394061815598E-37    4.314E-45
 1  1  0  0  0  0 -1.44783394061815598E-37    4.314E-45
 0  0  0 -1  0  0  1.44783317352833470E-37    2.158E-45
 0  0  0  1  0  0  1.44783317352833470E-37    2.158E-45
-1  0  0 -1  0  0  2.89566673060158003E-37    4.316E-45
 1  0  0  1  0  0  2.89566673060158003E-37    4.316E-45
 0  1  0 -1  0  0 -3.83544910432752539E-44   -2.156E-45
 0 -1  0  1  0  0 -3.83544910432752539E-44   -2.156E-45
-1 -1  0 -1  0  0 -1.44783394061815577E-37   -4.314E-45
 1  1  0  1  0  0 -1.44783394061815577E-37   -4.314E-45
 0  0  0  0 -1  0 -4.34350105476464666E-37   -1.080E-45
 0  0  0  0  1  0 -4.34350105476464666E-37   -1.080E-45
 1  0  0  0 -1  0 -2.89566749769140132E-37   -3.237E-45
-1  0  0  0  1  0 -2.89566749769140132E-37   -3.237E-45
 0 -1  0  0 -1  0 -3.83544910432752489E-44    1.078E-45
 0  1  0  0  1  0 -3.83544910432752489E-44    1.078E-45
-1 -1  0  0 -1  0 -1.44783394061815577E-37    3.235E-45
 1  1  0  0  1  0 -1.44783394061815577E-37    3.235E-45
 0  0  0 -1 -1  0  1.44783317352833491E-37    1.080E-45
 0  0  0  1  1  0  1.44783317352833491E-37    1.080E-45
-1  0  0 -1 -1  0 -3.83544910432752489E-44    3.237E-45
 1  0  0  1  1  0 -3.83544910432752489E-44    3.237E-45
 0 -1  0 -1 -1  0  2.89566673060158003E-37   -1.078E-45
 0  1  0  1  1  0  2.89566673060158003E-37   -1.078E-45
-1 -1  0 -1 -1  0  4.34350028767482537E-37   -3.235E-45
 1  1  0  1  1  0  4.34350028767482537E-37   -3.235E-45
-1 -2  0 -1 -2  0  0.00000000000000000E+00    0.000E+00
 0 -1  0 -1 -2  0  0.00000000000000000E+00    0.000E+00
-1 -1  0 -1 -2  0  0.00000000000000000E+00    0.000E+00
-1 -2  0  0 -1  0  0.00000000000000000E+00    0.000E+00
-1 -2  0 -1 -1  0  0.00000000000000000E+00    0.000E+00
 1  2  0  0  0  0  0.00000000000000000E+00    0.000E+00
 1  2  0  0  1  0  0.00000000000000000E+00    0.000E+00
 1  1  0  0 -1  0  0.00000000000000000E+00    0.000E+00
 1  2  0  1  1  0  0.00000000000000000E+00    0.000E+00
 0  1  0 -1 -1  0  0.00000000000000000E+00    0.000E+00
 0  0  0 -1 -2  0  0.00000000000000000E+00    0.000E+00
 0  0  0  1  2  0  0.00000000000000000E+00    0.000E+00
 0  1  0  1  2  0  0.00000000000000000E+00    0.000E+00
 1  1  0  1  2  0  0.00000000000000000E+00    0.000E+00
-1 -1  0  0  1  0  0.00000000000000000E+00    0.000E+00
 0 -1  0  1  1  0  0.00000000000000000E+00    0.000E+00
-1 -2  0  0  0  0  0.00000000000000000E+00    0.000E+00
 1  2  0  1  2  0  0.00000000000000000E+00    0.000E+00
1 3 1  2 2 2
       49
 0  0  0  0  0  0  5.01544256350842559E-37   -7.474E-45
-1  0  0  0  0  0 -2.50772128175421279E-37    3.737E-45
 1  0  0  0  0  0 -2.50772128175421279E-37    3.737E-45
 0 -1  0  0  0  0 -2.50772128175421279E-37   -3.737E-45
 0  1  0  0  0  0 -2.50772128175421279E-37   -3.737E-45
-1 -1  0  0  0  0  2.50772128175421279E-37    3.737E-45
 1  1  0  0  0  0  2.50772128175421279E-37    3.737E-45
 0  0  0 -1  0  0 -6.72055260226420775E-60    3.392E-53
 0  0  0  1  0  0 -6.72055260226420775E-60    3.392E-53
-1  0  0 -1  0  0 -6.26292708786807806E-60    3.392E-53
 1  0  0  1  0  0 -6.26292708786807806E-60    3.392E-53
 0  1  0 -1  0  0  6.08486435349011166E-60   -8.319E-53
 0 -1  0  1  0  0  6.08486435349011166E-60   -8.319E-53
-1 -1  0 -1  0  0  5.89081723188272293E-60    1.333E-52
 1  1  0  1  0  0  5.89081723188272293E-60    1.333E-52
 0  0  0  0 -1  0 -8.29735370381484409E-61    3.737E-45
 0  0  0  0  1  0 -8.29735370381484409E-61    3.737E-45
 1  0  0  0 -1  0  1.16987645190799046E-60   -3.737E-45
-1  0  0  0  1  0  1.16987645190799046E-60   -3.737E-45
 0 -1  0  0 -1  0 -1.65947074076296965E-60    3.737E-45
 0  1  0  0  1  0 -1.65947074076296965E-60    3.737E-45
-1 -1  0  0 -1  0  3.48101982867448171E-60   -3.737E-45
 1  1  0  0  1  0  3.48101982867448171E-60   -3.737E-45
 0  0  0 -1 -1  0  2.50772128175421279E-37    6.229E-53
 0  0  0  1  1  0  2.50772128175421279E-37    6.229E-53
-1  0  0 -1 -1  0 -2.50772128175421279E-37   -3.712E-53
 1  0  0  1  1  0 -2.50772128175421279E-37   -3.712E-53
 0 -1  0 -1 -1  0 -2.50772128175421279E-37   -3.712E-53
 0  1  0  1  1  0 -2.50772128175421279E-37   -3.712E-53
-1 -1  0 -1 -1  0  2.50772128175421279E-37    6.229E-53
 1  1  0  1  1  0  2.50772128175421279E-37    6.229E-53
-1 -2  0 -1 -2  0  0.00000000000000000E+00    0.000E+00
 0 -1  0 -1 -2  0  0.00000000000000000E+00    0.000E+00
-1 -1  0 -1 -2  0  0.00000000000000000E+00    0.000E+00
-1 -2  0  0 -1  0  0.00000000000000000E+00    0.000E+00
-1 -2  0 -1 -1  0  0.00000000000000000E+00    0.000E+00
 1  2  0  0  0  0  0.00000000000000000E+00    0.000E+00
 1  2  0  0  1  0  0.00000000000000000E+00    0.000E+00
 1  1  0  0 -1  0  0.00000000000000000E+00    0.000E+00
 1  2  0  1  1  0  0.00000000000000000E+00    0.000E+00
 0  1  0 -1 -1  0  0.00000000000000000E+00    0.000E+00
 0  0  0 -1 -2  0  0.00000000000000000E+00    0.000E+00
 0  0  0  1  2  0  0.00000000000000000E+00    0.000E+00
 0  1  0  1  2  0  0.00000000000000000E+00    0.000E+00
 1  1  0  1  2  0  0.00000000000000000E+00    0.000E+00
-1 -1  0  0  1  0  0.00000000000000000E+00    0.000E+00
 0 -1  0  1  1  0  0.00000000000000000E+00    0.000E+00
-1 -2  0  0  0  0  0.00000000000000000E+00    0.000E+00
 1  2  0  1  2  0  0.00000000000000000E+00    0.000E+00
1 3 2  2 2 2
       49
 0  0  0  0  0  0  2.89566634705666981E-37   -4.317E-45
-1  0  0  0  0  0  1.44783317352833470E-37    2.158E-45
 1  0  0  0  0  0  1.44783317352833470E-37    2.158E-45
 0 -1  0  0  0  0 -4.34350105476464666E-37   -1.080E-45
 0  1  0  0  0  0 -4.34350105476464666E-37   -1.080E-45
-1 -1  0  0  0  0  1.44783317352833491E-37    1.080E-45
 1  1  0  0  0  0  1.44783317352833491E-37    1.080E-45
 0  0  0 -1  0  0 -3.83544910432752588E-44   -4.316E-45
 0  0  0  1  0  0 -3.83544910432752588E-44   -4.316E-45
-1  0  0 -1  0  0  2.89566673060158003E-37    4.316E-45
 1  0  0  1  0  0  2.89566673060158003E-37    4.316E-45
 0  1  0 -1  0  0 -2.89566749769140132E-37   -3.237E-45
 0 -1  0  1  0  0 -2.89566749769140132E-37   -3.237E-45
-1 -1  0 -1  0  0 -3.83544910432752489E-44    3.237E-45
 1  1  0  1  0  0 -3.83544910432752489E-44    3.237E-45
 0  0  0  0 -1  0 -2.89566749769140132E-37    2.156E-45
 0  0  0  0  1  0 -2.89566749769140132E-37    2.156E-45
 1  0  0  0 -1  0 -3.83544910432752539E-44   -2.156E-45
-1  0  0  0  1  0 -3.83544910432752539E-44   -2.156E-45
 0 -1  0  0 -1  0 -3.83544910432752489E-44    1.078E-45
 0  1  0  0  1  0 -3.83544910432752489E-44    1.078E-45
-1 -1  0  0 -1  0  2.89566673060158003E-37   -1.078E-45
 1  1  0  0  1  0  2.89566673060158003E-37   -1.078E-45
 0  0  0 -1 -1  0 -1.44783394061815598E-37    4.314E-45
 0  0  0  1  1  0 -1.44783394061815598E-37    4.314E-45
-1  0  0 -1 -1  0 -1.44783394061815577E-37   -4.314E-45
 1  0  0  1  1  0 -1.44783394061815577E-37   -4.314E-45
 0 -1  0 -1 -1  0 -1.44783394061815577E-37    3.235E-45
 0  1  0  1  1  0 -1.44783394061815577E-37    3.235E-45
-1 -1  0 -1 -1  0  4.34350028767482537E-37   -3.235E-45
 1  1  0  1  1  0  4.34350028767482537E-37   -3.235E-45
-1 -2  0 -1 -2  0  0.00000000000000000E+00    0.000E+00
 0 -1  0 -1 -2  0  0.00000000000000000E+00    0.000E+00
-1 -1  0 -1 -2  0  0.00000000000000000E+00    0.000E+00
-1 -2  0  0 -1  0  0.00000000000000000E+00    0.000E+00
-1 -2  0 -1 -1  0  0.00000000000000000E+00    0.000E+00
 1  2  0  0  0  0  0.00000000000000000E+00    0.000E+00
 1  2  0  0  1  0  0.00000000000000000E+00    0.000E+00
 1  1  0  0 -1  0  0.00000000000000000E+00    0.000E+00
 1  2  0  1  1  0  0.00000000000000000E+00    0.000E+00
 0  1  0 -1 -1  0  0.00000000000000000E+00    0.000E+00
 0  0  0 -1 -2  0  0.00000000000000000E+00    0.000E+00
 0  0  0  1  2  0  0.00000000000000000E+00    0.000E+00
 0  1  0  1  2  0  0.00000000000000000E+00    0.000E+00
 1  1  0  1  2  0  0.00000000000000000E+00    0.000E+00
-1 -1  0  0  1  0  0.00000000000000000E+00    0.000E+00
 0 -1  0  1  1  0  0.00000000000000000E+00    0.000E+00
-1 -2  0  0  0  0  0.00000000000000000E+00    0.000E+00
 1  2  0  1  2  0  0.00000000000000000E+00    0.000E+00
1 3 3  2 2 2
       49
 0  0  0  0  0  0  2.37061542307614965E-04   -6.492E-12
-1  0  0  0  0  0 -5.47623726508213355E-06   -3.611E-14
 1  0  0  0  0  0 -5.47623726508213355E-06   -3.611E-14
 0 -1  0  0  0  0 -1.34382007880691854E-02   -4.430E-12
 0  1  0  0  0  0 -1.34382007880691854E-02   -4.430E-12
-1 -1  0  0  0  0  1.33251462541804592E-02    7.712E-12
 1  1  0  0  0  0  1.33251462541804592E-02    7.712E-12
 0  0  0 -1  0  0 -5.47623726508213355E-06   -3.611E-14
 0  0  0  1  0  0 -5.47623726508213355E-06   -3.611E-14
-1  0  0 -1  0  0 -1.07578296623642348E-04    3.318E-12
 1  0  0  1  0  0 -1.07578296623642348E-04    3.318E-12
 0  1  0 -1  0  0 -5.89701196418244717E-03   -7.712E-12
 0 -1  0  1  0  0 -5.89701196418244717E-03   -7.712E-12
-1 -1  0 -1  0  0  6.01006649807117252E-03    4.430E-12
 1  1  0  1  0  0  6.01006649807117252E-03    4.430E-12
 0  0  0  0 -1  0 -1.34382007880691854E-02   -4.430E-12
 0  0  0  0  1  0 -1.34382007880691854E-02   -4.430E-12
 1  0  0  0 -1  0 -5.89701196418244891E-03   -7.712E-12
-1  0  0  0  1  0 -5.89701196418244891E-03   -7.712E-12
 0 -1  0  0 -1  0  1.29204900508507383E-02    1.211E-11
 0  1  0  0  1  0  1.29204900508507383E-02    1.211E-11
-1 -1  0  0 -1  0  5.47623726508213355E-06    3.611E-14
 1  1  0  0  1  0  5.47623726508213355E-06    3.611E-14
 0  0  0 -1 -1  0  1.33251462541804627E-02    7.712E-12
 0  0  0  1  1  0  1.33251462541804627E-02    7.712E-12
-1  0  0 -1 -1  0  6.01006649807117339E-03    4.430E-12
 1  0  0  1  1  0  6.01006649807117339E-03    4.430E-12
 0 -1  0 -1 -1  0  5.47623726508300092E-06    3.611E-14
 0  1  0  1  1  0  5.47623726508300092E-06    3.611E-14
-1 -1  0 -1 -1  0 -1.29314425253809050E-02   -1.218E-11
 1  1  0  1  1  0 -1.29314425253809050E-02   -1.218E-11
-1 -2  0 -1 -2  0  0.00000000000000000E+00    0.000E+00
 0 -1  0 -1 -2  0  0.00000000000000000E+00    0.000E+00
-1 -1  0 -1 -2  0  0.00000000000000000E+00    0.000E+00
-1 -2  0  0 -1  0  0.00000000000000000E+00    0.000E+00
-1 -2  0 -1 -1  0  0.00000000000000000E+00    0.000E+00
 1  2  0  0  0  0  0.00000000000000000E+00    0.000E+00
 1  2  0  0  1  0  0.00000000000000000E+00    0.000E+00
 1  1  0  0 -1  0  0.00000000000000000E+00    0.000E+00
 1  2  0  1  1  0  0.00000000000000000E+00    0.000E+00
 0  1  0 -1 -1  0  0.00000000000000000E+00    0.000E+00
 0  0  0 -1 -2  0  0.00000000000000000E+00    0.000E+00
 0  0  0  1  2  0  0.00000000000000000E+00    0.000E+00
 0  1  0  1  2  0  0.00000000000000000E+00    0.000E+00
 1  1  0  1  2  0  0.00000000000000000E+00    0.000E+00
-1 -1  0  0  1  0  0.00000000000000000E+00    0.000E+00
 0 -1  0  1  1  0  0.00000000000000000E+00    0.000E+00
-1 -2  0  0  0  0  0.00000000000000000E+00    0.000E+00
 1  2  0  1  2  0  0.00000000000000000E+00    0.000E+00
2 1 1  2 2 2
       49
 0  0  0  0  0  0 -2.77600491050712028E+00    6.535E-11
-1  0  0  0  0  0 -4.72633760290346205E-01   -3.264E-11
 1  0  0  0  0  0 -4.72633760290346205E-01   -3.264E-11
 0 -1  0  0  0  0 -4.74090738782944610E-01    7.424E-14
 0  1  0  0  0  0 -4.74090738782944610E-01    7.424E-14
-1 -1  0  0  0  0 -4.72865928368309096E-01   -1.024E-13
 1  1  0  0  0  0 -4.72865928368309096E-01   -1.024E-13
 0  0  0 -1  0  0 -4.72633760290346205E-01   -3.264E-11
 0  0  0  1  0  0 -4.72633760290346205E-01   -3.264E-11
-1  0  0 -1  0  0 -5.21065161775640884E-01    3.262E-11
 1  0  0  1  0  0 -5.21065161775640884E-01    3.262E-11
 0  1  0 -1  0  0 -5.05868801485979902E-01    1.026E-13
 0 -1  0  1  0  0 -5.05868801485979902E-01    1.026E-13
-1 -1  0 -1  0  0 -5.04643991071344278E-01   -7.449E-14
 1  1  0  1  0  0 -5.04643991071344278E-01   -7.449E-14
 0  0  0  0 -1  0 -4.74090738782944721E-01    7.427E-14
 0  0  0  0  1  0 -4.74090738782944721E-01    7.427E-14
 1  0  0  0 -1  0 -5.05868801485980013E-01    1.025E-13
-1  0  0  0  1  0 -5.05868801485980013E-01    1.025E-13
 0 -1  0  0 -1  0 -4.48037822418343890E-01   -3.282E-11
 0  1  0  0  1  0 -4.48037822418343890E-01   -3.282E-11
-1 -1  0  0 -1  0 -4.76408397395655936E-01    3.264E-11
 1  1  0  0  1  0 -4.76408397395655936E-01    3.264E-11
 0  0  0 -1 -1  0 -4.72865928368309207E-01   -1.023E-13
 0  0  0  1  1  0 -4.72865928368309207E-01   -1.023E-13
-1  0  0 -1 -1  0 -5.04643991071344500E-01   -7.446E-14
 1  0  0  1  1  0 -5.04643991071344500E-01   -7.446E-14
 0 -1  0 -1 -1  0 -4.76408397395655991E-01    3.264E-11
 0  1  0  1  1  0 -4.76408397395655991E-01    3.264E-11
-1 -1  0 -1 -1  0 -4.50487443247615027E-01   -3.247E-11
 1  1  0  1  1  0 -4.50487443247615027E-01   -3.247E-11
-1 -2  0 -1 -2  0  0.00000000000000000E+00    0.000E+00
 0 -1  0 -1 -2  0  0.00000000000000000E+00    0.000E+00
-1 -1  0 -1 -2  0  0.00000000000000000E+00    0.000E+00
-1 -2  0  0 -1  0  0.00000000000000000E+00    0.000E+00
-1 -2  0 -1 -1  0  0.00000000000000000E+00    0.000E+00
 1  2  0  0  0  0  0.00000000000000000E+00    0.000E+00
 1  2  0  0  1  0  0.00000000000000000E+00    0.000E+00
 1  1  0  0 -1  0  0.00000000000000000E+00    0.000E+00
 1  2  0  1  1  0  0.00000000000000000E+00    0.000E+00
 0  1  0 -1 -1  0  0.00000000000000000E+00    0.000E+00
 0  0  0 -1 -2  0  0.00000000000000000E+00    0.000E+00
 0  0  0  1  2  0  0.00000000000000000E+00    0.000E+00
 0  1  0  1  2  0  0.00000000000000000E+00    0.000E+00
 1  1  0  1  2  0  0.00000000000000000E+00    0.000E+00
-1 -1  0  0  1  0  0.00000000000000000E+00    0.000E+00
 0 -1  0  1  1  0  0.00000000000000000E+00    0.000E+00
-1 -2  0  0  0  0  0.00000000000000000E+00    0.000E+00
 1  2  0  1  2  0  0.00000000000000000E+00    0.000E+00
2 1 2  2 2 2
       49
 0  0  0  0  0  0 -2.07153217739728703E-03    2.341E-13
-1  0  0  0  0  0 -1.06889800071894962E-03   -9.975E-14
 1  0  0  0  0  0 -1.06889800071894962E-03   -9.975E-14
 0 -1  0  0  0  0  4.39209559483097131E-02   -3.759E-11
 0  1  0  0  0  0  4.39209559483097131E-02   -3.759E-11
-1 -1  0  0  0  0 -4.18162918588918311E-02    3.757E-11
 1  1  0  0  0  0 -4.18162918588918311E-02    3.757E-11
 0  0  0 -1  0  0  1.05233204470888938E-03   -8.664E-15
 0  0  0  1  0  0  1.05233204470888938E-03   -8.664E-15
-1  0  0 -1  0  0  1.05233204470889068E-03   -8.664E-15
 1  0  0  1  0  0  1.05233204470889068E-03   -8.664E-15
 0  1  0 -1  0  0 -1.05233204470874236E-03    8.666E-15
 0 -1  0  1  0  0 -1.05233204470874236E-03    8.666E-15
-1 -1  0 -1  0  0 -1.05233204470874236E-03    8.645E-15
 1  1  0  1  0  0 -1.05233204470874236E-03    8.645E-15
 0  0  0  0 -1  0 -1.20260483664334826E-03    1.874E-11
 0  0  0  0  1  0 -1.20260483664334826E-03    1.874E-11
 1  0  0  0 -1  0 -1.59404096976481537E-02   -1.874E-11
-1  0  0  0  1  0 -1.59404096976481537E-02   -1.874E-11
 0 -1  0  0 -1  0 -1.20260483664334870E-03    1.874E-11
 0  1  0  0  1  0 -1.20260483664334870E-03    1.874E-11
-1 -1  0  0 -1  0 -1.59404096976481537E-02   -1.874E-11
 1  1  0  0  1  0 -1.59404096976481537E-02   -1.874E-11
 0  0  0 -1 -1  0  1.18603888063337909E-03   -1.885E-11
 0  0  0  1  1  0  1.18603888063337909E-03   -1.885E-11
-1  0  0 -1 -1  0  1.59569756536584208E-02    1.885E-11
 1  0  0  1  1  0  1.59569756536584208E-02    1.885E-11
 0 -1  0 -1 -1  0  1.59569756536584208E-02    1.885E-11
 0  1  0  1  1  0  1.59569756536584208E-02    1.885E-11
-1 -1  0 -1 -1  0  1.18603888063337952E-03   -1.885E-11
 1  1  0  1  1  0  1.18603888063337952E-03   -1.885E-11
-1 -2  0 -1 -2  0  0.00000000000000000E+00    0.000E+00
 0 -1  0 -1 -2  0  0.00000000000000000E+00    0.000E+00
-1 -1  0 -1 -2  0  0.00000000000000000E+00    0.000E+00
-1 -2  0  0 -1  0  0.00000000000000000E+00    0.000E+00
-1 -2  0 -1 -1  0  0.00000000000000000E+00    0.000E+00
 1  2  0  0  0  0  0.00000000000000000E+00    0.000E+00
 1  2  0  0  1  0  0.00000000000000000E+00    0.000E+00
 1  1  0  0 -1  0  0.00000000000000000E+00    0.000E+00
 1  2  0  1  1  0  0.00000000000000000E+00    0.000E+00
 0  1  0 -1 -1  0  0.00000000000000000E+00    0.000E+00
 0  0  0 -1 -2  0  0.00000000000000000E+00    0.000E+00
 0  0  0  1  2  0  0.00000000000000000E+00    0.000E+00
 0  1  0  1  2  0  0.00000000000000000E+00    0.000E+00
 1  1  0  1  2  0  0.00000000000000000E+00    0.000E+00
-1 -1  0  0  1  0  0.00000000000000000E+00    0.000E+00
 0 -1  0  1  1  0  0.00000000000000000E+00    0.000E+00
-1 -2  0  0  0  0  0.00000000000000000E+00    0.000E+00
 1  2  0  1  2  0  0.00000000000000000E+00    0.000E+00
2 1 3  2 2 2
       49
 0  0  0  0  0  0  2.89566634705666981E-37   -4.317E-45
-1  0  0  0  0  0  2.89566673060158003E-37    4.316E-45
 1  0  0  0  0  0  2.89566673060158003E-37    4.316E-45
 0 -1  0  0  0  0 -3.83544910432752439E-44    1.078E-45
 0  1  0  0  0  0 -3.83544910432752439E-44    1.078E-45
-1 -1  0  0  0  0  4.34350028767482537E-37   -3.235E-45
 1  1  0  0  0  0  4.34350028767482537E-37   -3.235E-45
 0  0  0 -1  0  0  1.44783317352833470E-37    2.158E-45
 0  0  0  1  0  0  1.44783317352833470E-37    2.158E-45
-1  0  0 -1  0  0 -3.83544910432752588E-44   -4.316E-45
 1  0  0  1  0  0 -3.83544910432752588E-44   -4.316E-45
 0  1  0 -1  0  0  2.89566673060158003E-37   -1.078E-45
 0 -1  0  1  0  0  2.89566673060158003E-37   -1.078E-45
-1 -1  0 -1  0  0 -1.44783394061815577E-37    3.235E-45
 1  1  0  1  0  0 -1.44783394061815577E-37    3.235E-45
 0  0  0  0 -1  0 -4.34350105476464666E-37   -1.080E-45
 0  0  0  0  1  0 -4.34350105476464666E-37   -1.080E-45
 1  0  0  0 -1  0 -3.83544910432752489E-44    3.237E-45
-1  0  0  0  1  0 -3.83544910432752489E-44    3.237E-45
 0 -1  0  0 -1  0 -2.89566749769140132E-37    2.156E-45
 0  1  0  0  1  0 -2.89566749769140132E-37    2.156E-45
-1 -1  0  0 -1  0 -1.44783394061815577E-37   -4.314E-45
 1  1  0  0  1  0 -1.44783394061815577E-37   -4.314E-45
 0  0  0 -1 -1  0  1.44783317352833491E-37    1.080E-45
 0  0  0  1  1  0  1.44783317352833491E-37    1.080E-45
-1  0  0 -1 -1  0 -2.89566749769140132E-37   -3.237E-45
 1  0  0  1  1  0 -2.89566749769140132E-37   -3.237E-45
 0 -1  0 -1 -1  0 -3.83544910432752638E-44   -2.156E-45
 0  1  0  1  1  0 -3.83544910432752638E-44   -2.156E-45
-1 -1  0 -1 -1  0 -1.44783394061815598E-37    4.314E-45
 1  1  0  1  1  0 -1.44783394061815598E-37    4.314E-45
-1 -2  0 -1 -2  0  0.00000000000000000E+00    0.000E+00
 0 -1  0 -1 -2  0  0.00000000000000000E+00    0.000E+00
-1 -1  0 -1 -2  0  0.00000000000000000E+00    0.000E+00
-1 -2  0  0 -1  0  0.00000000000000000E+00    0.000E+00
-1 -2  0 -1 -1  0  0.00000000000000000E+00    0.000E+00
 1  2  0  0  0  0  0.00000000000000000E+00    0.000E+00
 1  2  0  0  1  0  0.00000000000000000E+00    0.000E+00
 1  1  0  0 -1  0  0.00000000000000000E+00    0.000E+00
 1  2  0  1  1  0  0.00000000000000000E+00    0.000E+00
 0  1  0 -1 -1  0  0.00000000000000000E+00    0.000E+00
 0  0  0 -1 -2  0  0.00000000000000000E+00    0.000E+00
 0  0  0  1  2  0  0.00000000000000000E+00    0.000E+00
 0  1  0  1  2  0  0.00000000000000000E+00    0.000E+00
 1  1  0  1  2  0  0.00000000000000000E+00    0.000E+00
-1 -1  0  0  1  0  0.00000000000000000E+00    0.000E+00
 0 -1  0  1  1  0  0.00000000000000000E+00    0.000E+00
-1 -2  0  0  0  0  0.00000000000000000E+00    0.000E+00
 1  2  0  1  2  0  0.00000000000000000E+00    0.000E+00
2 2 1  2 2 2
       49
 0  0  0  0  0  0 -2.07153217739728789E-03    2.341E-13
-1  0  0  0  0  0  1.05233204470889024E-03   -8.659E-15
 1  0  0  0  0  0  1.05233204470889024E-03   -8.659E-15
 0 -1  0  0  0  0 -1.20260483664334783E-03    1.874E-11
 0  1  0  0  0  0 -1.20260483664334783E-03    1.874E-11
-1 -1  0  0  0  0  1.18603888063337779E-03   -1.885E-11
 1  1  0  0  0  0  1.18603888063337779E-03   -1.885E-11
 0  0  0 -1  0  0 -1.06889800071894962E-03   -9.975E-14
 0  0  0  1  0  0 -1.06889800071894962E-03   -9.975E-14
-1  0  0 -1  0  0  1.05233204470888938E-03   -8.659E-15
 1  0  0  1  0  0  1.05233204470888938E-03   -8.659E-15
 0  1  0 -1  0  0 -1.59404096976481537E-02   -1.874E-11
 0 -1  0  1  0  0 -1.59404096976481537E-02   -1.874E-11
-1 -1  0 -1  0  0  1.59569756536584208E-02    1.885E-11
 1  1  0  1  0  0  1.59569756536584208E-02    1.885E-11
 0  0  0  0 -1  0  4.39209559483097131E-02   -3.759E-11
 0  0  0  0  1  0  4.39209559483097131E-02   -3.759E-11
 1  0  0  0 -1  0 -1.05233204470874236E-03    8.653E-15
-1  0  0  0  1  0 -1.05233204470874236E-03    8.653E-15
 0 -1  0  0 -1  0 -1.20260483664334826E-03    1.874E-11
 0  1  0  0  1  0 -1.20260483664334826E-03    1.874E-11
-1 -1  0  0 -1  0  1.59569756536584208E-02    1.885E-11
 1  1  0  0  1  0  1.59569756536584208E-02    1.885E-11
 0  0  0 -1 -1  0 -4.18162918588918311E-02    3.757E-11
 0  0  0  1  1  0 -4.18162918588918311E-02    3.757E-11
-1  0  0 -1 -1  0 -1.05233204470874279E-03    8.674E-15
 1  0  0  1  1  0 -1.05233204470874279E-03    8.674E-15
 0 -1  0 -1 -1  0 -1.59404096976481537E-02   -1.874E-11
 0  1  0  1  1  0 -1.59404096976481537E-02   -1.874E-11
-1 -1  0 -1 -1  0  1.18603888063337866E-03   -1.885E-11
 1  1  0  1  1  0  1.18603888063337866E-03   -1.885E-11
-1 -2  0 -1 -2  0  0.00000000000000000E+00    0.000E+00
 0 -1  0 -1 -2  0  0.00000000000000000E+00    0.000E+00
-1 -1  0 -1 -2  0  0.00000000000000000E+00    0.000E+00
-1 -2  0  0 -1  0  0.00000000000000000E+00    0.000E+00
-1 -2  0 -1 -1  0  0.00000000000000000E+00    0.000E+00
 1  2  0  0  0  0  0.00000000000000000E+00    0.000E+00
 1  2  0  0  1  0  0.00000000000000000E+00    0.000E+00
 1  1  0  0 -1  0  0.00000000000000000E+00    0.000E+00
 1  2  0  1  1  0  0.00000000000000000E+00    0.000E+00
 0  1  0 -1 -1  0  0.00000000000000000E+00    0.000E+00
 0  0  0 -1 -2  0  0.00000000000000000E+00    0.000E+00
 0  0  0  1  2  0  0.00000000000000000E+00    0.000E+00
 0  1  0  1  2  0  0.00000000000000000E+00    0.000E+00
 1  1  0  1  2  0  0.00000000000000000E+00    0.000E+00
-1 -1  0  0  1  0  0.00000000000000000E+00    0.000E+00
 0 -1  0  1  1  0  0.00000000000000000E+00    0.000E+00
-1 -2  0  0  0  0  0.00000000000000000E+00    0.000E+00
 1  2  0  1  2  0  0.00000000000000000E+00    0.000E+00
2 2 2  2 2 2
       49
 0  0  0  0  0  0  2.77120135112115351E+00   -6.498E-11
-1  0  0  0  0  0  4.27255147463334928E-01    1.083E-11
 1  0  0  0  0  0  4.27255147463334928E-01    1.083E-11
 0 -1  0  0  0  0  4.97368529835424511E-01    1.083E-11
 0  1  0  0  0  0  4.97368529835424511E-01    1.083E-11
-1 -1  0  0  0  0  4.97368529835424511E-01    1.083E-11
 1  1  0  0  0  0  4.97368529835424511E-01    1.083E-11
 0  0  0 -1  0  0  4.27255147463334928E-01    1.083E-11
 0  0  0  1  0  0  4.27255147463334928E-01    1.083E-11
-1  0  0 -1  0  0  4.27255147463334928E-01    1.083E-11
 1  0  0  1  0  0  4.27255147463334928E-01    1.083E-11
 0  1  0 -1  0  0  4.94839803419994451E-01   -1.083E-11
 0 -1  0  1  0  0  4.94839803419994451E-01   -1.083E-11
-1 -1  0 -1  0  0  4.94839803419994506E-01   -1.083E-11
 1  1  0  1  0  0  4.94839803419994506E-01   -1.083E-11
 0  0  0  0 -1  0  4.97368529835424511E-01    1.083E-11
 0  0  0  0  1  0  4.97368529835424511E-01    1.083E-11
 1  0  0  0 -1  0  4.94839803419994506E-01   -1.083E-11
-1  0  0  0  1  0  4.94839803419994506E-01   -1.083E-11
 0 -1  0  0 -1  0  4.97368529835424511E-01    1.083E-11
 0  1  0  0  1  0  4.97368529835424511E-01    1.083E-11
-1 -1  0  0 -1  0  4.94839803419994451E-01   -1.083E-11
 1  1  0  0  1  0  4.94839803419994451E-01   -1.083E-11
 0  0  0 -1 -1  0  4.97368529835424511E-01    1.083E-11
 0  0  0  1  1  0  4.97368529835424511E-01    1.083E-11
-1  0  0 -1 -1  0  4.94839803419994451E-01   -1.083E-11
 1  0  0  1  1  0  4.94839803419994451E-01   -1.083E-11
 0 -1  0 -1 -1  0  4.94839803419994506E-01   -1.083E-11
 0  1  0  1  1  0  4.94839803419994506E-01   -1.083E-11
-1 -1  0 -1 -1  0  4.97368529835424511E-01    1.083E-11
 1  1  0  1  1  0  4.97368529835424511E-01    1.083E-11
-1 -2  0 -1 -2  0  0.00000000000000000E+00    0.000E+00
 0 -1  0 -1 -2  0  0.00000000000000000E+00    0.000E+00
-1 -1  0 -1 -2  0  0.00000000000000000E+00    0.000E+00
-1 -2  0  0 -1  0  0.00000000000000000E+00    0.000E+00
-1 -2  0 -1 -1  0  0.00000000000000000E+00    0.000E+00
 1  2  0  0  0  0  0.00000000000000000E+00    0.000E+00
 1  2  0  0  1  0  0.00000000000000000E+00    0.000E+00
 1  1  0  0 -1  0  0.00000000000000000E+00    0.000E+00
 1  2  0  1  1  0  0.00000000000000000E+00    0.000E+00
 0  1  0 -1 -1  0  0.00000000000000000E+00    0.000E+00
 0  0  0 -1 -2  0  0.00000000000000000E+00    0.000E+00
 0  0  0  1  2  0  0.00000000000000000E+00    0.000E+00
 0  1  0  1  2  0  0.00000000000000000E+00    0.000E+00
 1  1  0  1  2  0  0.00000000000000000E+00    0.000E+00
-1 -1  0  0  1  0  0.00000000000000000E+00    0.000E+00
 0 -1  0  1  1  0  0.00000000000000000E+00    0.000E+00
-1 -2  0  0  0  0  0.00000000000000000E+00    0.000E+00
 1  2  0  1  2  0  0.00000000000000000E+00    0.000E+00
2 2 3  2 2 2
       49
 0  0  0  0  0  0  8.35907005342049461E-37    9.962E-45
-1  0  0  0  0  0  5.01544212062819935E-37   -2.113E-52
 1  0  0  0  0  0  5.01544212062819935E-37   -2.113E-52
 0 -1  0  0  0  0 -1.67181463071541912E-37   -6.240E-46
 0  1  0  0  0  0 -1.67181463071541912E-37   -6.240E-46
-1 -1  0  0  0  0  8.35906651038437544E-38   -4.360E-45
 1  1  0  0  0  0  8.35906651038437544E-38   -4.360E-45
 0  0  0 -1  0  0  5.85134921454615057E-37   -4.981E-45
 0  0  0  1  0  0  5.85134921454615057E-37   -4.981E-45
-1  0  0 -1  0  0  5.01544212062819935E-37   -2.113E-52
 1  0  0  1  0  0  5.01544212062819935E-37   -2.113E-52
 0  1  0 -1  0  0  1.67181374495638991E-37    6.240E-46
 0 -1  0  1  0  0  1.67181374495638991E-37    6.240E-46
-1 -1  0 -1  0  0 -8.35907536797466763E-38    4.360E-45
 1  1  0  1  0  0 -8.35907536797466763E-38    4.360E-45
 0  0  0  0 -1  0 -7.52316428814108555E-37   -3.738E-45
 0  0  0  0  1  0 -7.52316428814108555E-37   -3.738E-45
 1  0  0  0 -1  0 -5.01544300638722857E-37   -1.431E-52
-1  0  0  0  1  0 -5.01544300638722857E-37   -1.431E-52
 0 -1  0  0 -1  0 -1.67181463071541892E-37   -6.240E-46
 0  1  0  0  1  0 -1.67181463071541892E-37   -6.240E-46
-1 -1  0  0 -1  0 -8.35907536797466763E-38    4.360E-45
 1  1  0  0  1  0 -8.35907536797466763E-38    4.360E-45
 0  0  0 -1 -1  0 -2.50772172463337243E-37    3.738E-45
 0  0  0  1  1  0 -2.50772172463337243E-37    3.738E-45
-1  0  0 -1 -1  0 -5.01544300638722857E-37   -3.107E-52
 1  0  0  1  1  0 -5.01544300638722857E-37   -3.107E-52
 0 -1  0 -1 -1  0  1.67181374495638970E-37    6.240E-46
 0  1  0  1  1  0  1.67181374495638970E-37    6.240E-46
-1 -1  0 -1 -1  0  8.35906651038437544E-38   -4.360E-45
 1  1  0  1  1  0  8.35906651038437544E-38   -4.360E-45
-1 -2  0 -1 -2  0  0.00000000000000000E+00    0.000E+00
 0 -1  0 -1 -2  0  0.00000000000000000E+00    0.000E+00
-1 -1  0 -1 -2  0  0.00000000000000000E+00    0.000E+00
-1 -2  0  0 -1  0  0.00000000000000000E+00    0.000E+00
-1 -2  0 -1 -1  0  0.00000000000000000E+00    0.000E+00
 1  2  0  0  0  0  0.00000000000000000E+00    0.000E+00
 1  2  0  0  1  0  0.00000000000000000E+00    0.000E+00
 1  1  0  0 -1  0  0.00000000000000000E+00    0.000E+00
 1  2  0  1  1  0  0.00000000000000000E+00    0.000E+00
 0  1  0 -1 -1  0  0.00000000000000000E+00    0.000E+00
 0  0  0 -1 -2  0  0.00000000000000000E+00    0.000E+00
 0  0  0  1  2  0  0.00000000000000000E+00    0.000E+00
 0  1  0  1  2  0  0.00000000000000000E+00    0.000E+00
 1  1  0  1  2  0  0.00000000000000000E+00    0.000E+00
-1 -1  0  0  1  0  0.00000000000000000E+00    0.000E+00
 0 -1  0  1  1  0  0.00000000000000000E+00    0.000E+00
-1 -2  0  0  0  0  0.00000000000000000E+00    0.000E+00
 1  2  0  1  2  0  0.00000000000000000E+00    0.000E+00
2 3 1  2 2 2
       49
 0  0  0  0  0  0  2.89566634705666981E-37   -4.317E-45
-1  0  0  0  0  0  1.44783317352833470E-37    2.158E-45
 1  0  0  0  0  0  1.44783317352833470E-37    2.158E-45
 0 -1  0  0  0  0 -4.34350105476464666E-37   -1.080E-45
 0  1  0  0  0  0 -4.34350105476464666E-37   -1.080E-45
-1 -1  0  0  0  0  1.44783317352833491E-37    1.080E-45
 1  1  0  0  0  0  1.44783317352833491E-37    1.080E-45
 0  0  0 -1  0  0  2.89566673060158003E-37    4.316E-45
 0  0  0  1  0  0  2.89566673060158003E-37    4.316E-45
-1  0  0 -1  0  0 -3.83544910432752588E-44   -4.316E-45
 1  0  0  1  0  0 -3.83544910432752588E-44   -4.316E-45
 0  1  0 -1  0  0 -3.83544910432752489E-44    3.237E-45
 0 -1  0  1  0  0 -3.83544910432752489E-44    3.237E-45
-1 -1  0 -1  0  0 -2.89566749769140132E-37   -3.237E-45
 1  1  0  1  0  0 -2.89566749769140132E-37   -3.237E-45
 0  0  0  0 -1  0 -3.83544910432752439E-44    1.078E-45
 0  0  0  0  1  0 -3.83544910432752439E-44    1.078E-45
 1  0  0  0 -1  0  2.89566673060158003E-37   -1.078E-45
-1  0  0  0  1  0  2.89566673060158003E-37   -1.078E-45
 0 -1  0  0 -1  0 -2.89566749769140132E-37    2.156E-45
 0  1  0  0  1  0 -2.89566749769140132E-37    2.156E-45
-1 -1  0  0 -1  0 -3.83544910432752638E-44   -2.156E-45
 1  1  0  0  1  0 -3.83544910432752638E-44   -2.156E-45
 0  0  0 -1 -1  0  4.34350028767482537E-37   -3.235E-45
 0  0  0  1  1  0  4.34350028767482537E-37   -3.235E-45
-1  0  0 -1 -1  0 -1.44783394061815577E-37    3.235E-45
 1  0  0  1  1  0 -1.44783394061815577E-37    3.235E-45
 0 -1  0 -1 -1  0 -1.44783394061815577E-37   -4.314E-45
 0  1  0  1  1  0 -1.44783394061815577E-37   -4.314E-45
-1 -1  0 -1 -1  0 -1.44783394061815598E-37    4.314E-45
 1  1  0  1  1  0 -1.44783394061815598E-37    4.314E-45
-1 -2  0 -1 -2  0  0.00000000000000000E+00    0.000E+00
 0 -1  0 -1 -2  0  0.00000000000000000E+00    0.000E+00
-1 -1  0 -1 -2  0  0.00000000000000000E+00    0.000E+00
-1 -2  0  0 -1  0  0.00000000000000000E+00    0.000E+00
-1 -2  0 -1 -1  0  0.00000000000000000E+00    0.000E+00
 1  2  0  0  0  0  0.00000000000000000E+00    0.000E+00
 1  2  0  0  1  0  0.00000000000000000E+00    0.000E+00
 1  1  0  0 -1  0  0.00000000000000000E+00    0.000E+00
 1  2  0  1  1  0  0.00000000000000000E+00    0.000E+00
 0  1  0 -1 -1  0  0.00000000000000000E+00    0.000E+00
 0  0  0 -1 -2  0  0.00000000000000000E+00    0.000E+00
 0  0  0  1  2  0  0.00000000000000000E+00    0.000E+00
 0  1  0  1  2  0  0.00000000000000000E+00    0.000E+00
 1  1  0  1  2  0  0.00000000000000000E+00    0.000E+00
-1 -1  0  0  1  0  0.00000000000000000E+00    0.000E+00
 0 -1  0  1  1  0  0.00000000000000000E+00    0.000E+00
-1 -2  0  0  0  0  0.00000000000000000E+00    0.000E+00
 1  2  0  1  2  0  0.00000000000000000E+00    0.000E+00
2 3 2  2 2 2
       49
 0  0  0  0  0  0  8.35907005342049461E-37    9.962E-45
-1  0  0  0  0  0  5.85134921454615057E-37   -4.981E-45
 1  0  0  0  0  0  5.85134921454615057E-37   -4.981E-45
 0 -1  0  0  0  0 -7.52316428814108555E-37   -3.738E-45
 0  1  0  0  0  0 -7.52316428814108555E-37   -3.738E-45
-1 -1  0  0  0  0 -2.50772172463337243E-37    3.738E-45
 1  1  0  0  0  0 -2.50772172463337243E-37    3.738E-45
 0  0  0 -1  0  0  5.01544212062819935E-37   -1.806E-52
 0  0  0  1  0  0  5.01544212062819935E-37   -1.806E-52
-1  0  0 -1  0  0  5.01544212062819935E-37   -1.806E-52
 1  0  0  1  0  0  5.01544212062819935E-37   -1.806E-52
 0  1  0 -1  0  0 -5.01544300638722857E-37   -2.488E-52
 0 -1  0  1  0  0 -5.01544300638722857E-37   -2.488E-52
-1 -1  0 -1  0  0 -5.01544300638722857E-37   -8.115E-53
 1  1  0  1  0  0 -5.01544300638722857E-37   -8.115E-53
 0  0  0  0 -1  0 -1.67181463071541912E-37   -6.240E-46
 0  0  0  0  1  0 -1.67181463071541912E-37   -6.240E-46
 1  0  0  0 -1  0  1.67181374495638991E-37    6.240E-46
-1  0  0  0  1  0  1.67181374495638991E-37    6.240E-46
 0 -1  0  0 -1  0 -1.67181463071541892E-37   -6.240E-46
 0  1  0  0  1  0 -1.67181463071541892E-37   -6.240E-46
-1 -1  0  0 -1  0  1.67181374495638970E-37    6.240E-46
 1  1  0  0  1  0  1.67181374495638970E-37    6.240E-46
 0  0  0 -1 -1  0  8.35906651038437544E-38   -4.360E-45
 0  0  0  1  1  0  8.35906651038437544E-38   -4.360E-45
-1  0  0 -1 -1  0 -8.35907536797466763E-38    4.360E-45
 1  0  0  1  1  0 -8.35907536797466763E-38    4.360E-45
 0 -1  0 -1 -1  0 -8.35907536797466763E-38    4.360E-45
 0  1  0  1  1  0 -8.35907536797466763E-38    4.360E-45
-1 -1  0 -1 -1  0  8.35906651038437544E-38   -4.360E-45
 1  1  0  1  1  0  8.35906651038437544E-38   -4.360E-45
-1 -2  0 -1 -2  0  0.00000000000000000E+00    0.000E+00
 0 -1  0 -1 -2  0  0.00000000000000000E+00    0.000E+00
-1 -1  0 -1 -2  0  0.00000000000000000E+00    0.000E+00
-1 -2  0  0 -1  0  0.00000000000000000E+00    0.000E+00
-1 -2  0 -1 -1  0  0.00000000000000000E+00    0.000E+00
 1  2  0  0  0  0  0.00000000000000000E+00    0.000E+00
 1  2  0  0  1  0  0.00000000000000000E+00    0.000E+00
 1  1  0  0 -1  0  0.00000000000000000E+00    0.000E+00
 1  2  0  1  1  0  0.00000000000000000E+00    0.000E+00
 0  1  0 -1 -1  0  0.00000000000000000E+00    0.000E+00
 0  0  0 -1 -2  0  0.00000000000000000E+00    0.000E+00
 0  0  0  1  2  0  0.00000000000000000E+00    0.000E+00
 0  1  0  1  2  0  0.00000000000000000E+00    0.000E+00
 1  1  0  1  2  0  0.00000000000000000E+00    0.000E+00
-1 -1  0  0  1  0  0.00000000000000000E+00    0.000E+00
 0 -1  0  1  1  0  0.00000000000000000E+00    0.000E+00
-1 -2  0  0  0  0  0.00000000000000000E+00    0.000E+00
 1  2  0  1  2  0  0.00000000000000000E+00    0.000E+00
2 3 3  2 2 2
       49
 0  0  0  0  0  0  1.39955533911577043E-04    1.104E-12
-1  0  0  0  0  0  1.53883804429944711E-02    6.488E-12
 1  0  0  0  0  0  1.53883804429944711E-02    6.488E-12
 0 -1  0  0  0  0 -7.75885555524324141E-03   -2.622E-12
 0  1  0  0  0  0 -7.75885555524324141E-03   -2.622E-12
-1 -1  0  0  0  0 -7.69950265470701993E-03   -4.418E-12
 1  1  0  0  0  0 -7.69950265470701993E-03   -4.418E-12
 0  0  0 -1  0  0  1.53883804429944711E-02    6.488E-12
 0  0  0  1  0  0  1.53883804429944711E-02    6.488E-12
-1  0  0 -1  0  0 -1.48687076463888505E-02   -1.353E-11
 1  0  0  1  0  0 -1.48687076463888505E-02   -1.353E-11
 0  1  0 -1  0  0  3.41086732280028188E-03    4.418E-12
 0 -1  0  1  0  0  3.41086732280028188E-03    4.418E-12
-1 -1  0 -1  0  0  3.47022022333650423E-03    2.622E-12
 1  1  0  1  0  0  3.47022022333650423E-03    2.622E-12
 0  0  0  0 -1  0 -7.75885555524324141E-03   -2.622E-12
 0  0  0  0  1  0 -7.75885555524324141E-03   -2.622E-12
 1  0  0  0 -1  0  3.41086732280028275E-03    4.418E-12
-1  0  0  0  1  0  3.41086732280028275E-03    4.418E-12
 0 -1  0  0 -1  0  7.45871784025275292E-03    4.692E-12
 0  1  0  0  1  0  7.45871784025275292E-03    4.692E-12
-1 -1  0  0 -1  0 -6.81110977918099846E-03   -6.488E-12
 1  1  0  0  1  0 -6.81110977918099846E-03   -6.488E-12
 0  0  0 -1 -1  0 -7.69950265470702080E-03   -4.418E-12
 0  0  0  1  1  0 -7.69950265470702080E-03   -4.418E-12
-1  0  0 -1 -1  0  3.47022022333650423E-03    2.622E-12
 1  0  0  1  1  0  3.47022022333650423E-03    2.622E-12
 0 -1  0 -1 -1  0 -6.81110977918099846E-03   -6.488E-12
 0  1  0  1  1  0 -6.81110977918099846E-03   -6.488E-12
-1 -1  0 -1 -1  0  7.34001203918030823E-03    8.284E-12
 1  1  0  1  1  0  7.34001203918030823E-03    8.284E-12
-1 -2  0 -1 -2  0  0.00000000000000000E+00    0.000E+00
 0 -1  0 -1 -2  0  0.00000000000000000E+00    0.000E+00
-1 -1  0 -1 -2  0  0.00000000000000000E+00    0.000E+00
-1 -2  0  0 -1  0  0.00000000000000000E+00    0.000E+00
-1 -2  0 -1 -1  0  0.00000000000000000E+00    0.000E+00
 1  2  0  0  0  0  0.00000000000000000E+00    0.000E+00
 1  2  0  0  1  0  0.00000000000000000E+00    0.000E+00
 1  1  0  0 -1  0  0.00000000000000000E+00    0.000E+00
 1  2  0  1  1  0  0.00000000000000000E+00    0.000E+00
 0  1  0 -1 -1  0  0.00000000000000000E+00    0.000E+00
 0  0  0 -1 -2  0  0.00000000000000000E+00    0.000E+00
 0  0  0  1  2  0  0.00000000000000000E+00    0.000E+00
 0  1  0  1  2  0  0.00000000000000000E+00    0.000E+00
 1  1  0  1  2  0  0.00000000000000000E+00    0.000E+00
-1 -1  0  0  1  0  0.00000000000000000E+00    0.000E+00
 0 -1  0  1  1  0  0.00000000000000000E+00    0.000E+00
-1 -2  0  0  0  0  0.00000000000000000E+00    0.000E+00
 1  2  0  1  2  0  0.00000000000000000E+00    0.000E+00
3 1 1  2 2 2
       49
 0  0  0  0  0  0  5.01544256350842559E-37   -7.474E-45
-1  0  0  0  0  0 -6.72055260226420886E-60    3.392E-53
 1  0  0  0  0  0 -6.72055260226420886E-60    3.392E-53
 0 -1  0  0  0  0 -8.29735370381483719E-61    3.737E-45
 0  1  0  0  0  0 -8.29735370381483719E-61    3.737E-45
-1 -1  0  0  0  0  2.50772128175421279E-37    6.229E-53
 1  1  0  0  0  0  2.50772128175421279E-37    6.229E-53
 0  0  0 -1  0  0 -6.72055260226420886E-60    3.206E-54
 0  0  0  1  0  0 -6.72055260226420886E-60    3.206E-54
-1  0  0 -1  0  0 -2.50772128175421279E-37    3.737E-45
 1  0  0  1  0  0 -2.50772128175421279E-37    3.737E-45
 0  1  0 -1  0  0 -2.50772128175421279E-37   -6.783E-53
 0 -1  0  1  0  0 -2.50772128175421279E-37   -6.783E-53
-1 -1  0 -1  0  0  1.49571276990975009E-60   -3.737E-45
 1  1  0  1  0  0  1.49571276990975009E-60   -3.737E-45
 0  0  0  0 -1  0 -8.29735370381484271E-61    3.737E-45
 0  0  0  0  1  0 -8.29735370381484271E-61    3.737E-45
 1  0  0  0 -1  0 -2.50772128175421279E-37    1.050E-52
-1  0  0  0  1  0 -2.50772128175421279E-37    1.050E-52
 0 -1  0  0 -1  0 -2.50772128175421279E-37   -3.737E-45
 0  1  0  0  1  0 -2.50772128175421279E-37   -3.737E-45
-1 -1  0  0 -1  0  6.61905255662400755E-60    1.333E-52
 1  1  0  0  1  0  6.61905255662400755E-60    1.333E-52
 0  0  0 -1 -1  0  2.50772128175421279E-37   -2.517E-53
 0  0  0  1  1  0  2.50772128175421279E-37   -2.517E-53
-1  0  0 -1 -1  0  1.49571276990975009E-60   -3.737E-45
 1  0  0  1  1  0  1.49571276990975009E-60   -3.737E-45
 0 -1  0 -1 -1  0  6.61905255662400755E-60   -9.621E-53
 0  1  0  1  1  0  6.61905255662400755E-60   -9.621E-53
-1 -1  0 -1 -1  0  2.50772128175421279E-37    3.737E-45
 1  1  0  1  1  0  2.50772128175421279E-37    3.737E-45
-1 -2  0 -1 -2  0  0.00000000000000000E+00    0.000E+00
 0 -1  0 -1 -2  0  0.00000000000000000E+00    0.000E+00
-1 -1  0 -1 -2  0  0.00000000000000000E+00    0.000E+00
-1 -2  0  0 -1  0  0.00000000000000000E+00    0.000E+00
-1 -2  0 -1 -1  0  0.00000000000000000E+00    0.000E+00
 1  2  0  0  0  0  0.00000000000000000E+00    0.000E+00
 1  2  0  0  1  0  0.00000000000000000E+00    0.000E+00
 1  1  0  0 -1  0  0.00000000000000000E+00    0.000E+00
 1  2  0  1  1  0  0.00000000000000000E+00    0.000E+00
 0  1  0 -1 -1  0  0.00000000000000000E+00    0.000E+00
 0  0  0 -1 -2  0  0.00000000000000000E+00    0.000E+00
 0  0  0  1  2  0  0.00000000000000000E+00    0.000E+00
 0  1  0  1  2  0  0.00000000000000000E+00    0.000E+00
 1  1  0  1  2  0  0.00000000000000000E+00    0.000E+00
-1 -1  0  0  1  0  0.00000000000000000E+00    0.000E+00
 0 -1  0  1  1  0  0.00000000000000000E+00    0.000E+00
-1 -2  0  0  0  0  0.00000000000000000E+00    0.000E+00
 1  2  0  1  2  0  0.00000000000000000E+00    0.000E+00
3 1 2  2 2 2
       49
 0  0  0  0  0  0  2.89566634705666981E-37   -4.317E-45
-1  0  0  0  0  0  2.89566673060158003E-37    4.316E-45
 1  0  0  0  0  0  2.89566673060158003E-37    4.316E-45
 0 -1  0  0  0  0 -3.83544910432752439E-44    1.078E-45
 0  1  0  0  0  0 -3.83544910432752439E-44    1.078E-45
-1 -1  0  0  0  0  4.34350028767482537E-37   -3.235E-45
 1  1  0  0  0  0  4.34350028767482537E-37   -3.235E-45
 0  0  0 -1  0  0 -3.83544910432752588E-44   -4.316E-45
 0  0  0  1  0  0 -3.83544910432752588E-44   -4.316E-45
-1  0  0 -1  0  0  1.44783317352833470E-37    2.158E-45
 1  0  0  1  0  0  1.44783317352833470E-37    2.158E-45
 0  1  0 -1  0  0 -1.44783394061815577E-37    3.235E-45
 0 -1  0  1  0  0 -1.44783394061815577E-37    3.235E-45
-1 -1  0 -1  0  0  2.89566673060158003E-37   -1.078E-45
 1  1  0  1  0  0  2.89566673060158003E-37   -1.078E-45
 0  0  0  0 -1  0 -2.89566749769140132E-37    2.156E-45
 0  0  0  0  1  0 -2.89566749769140132E-37    2.156E-45
 1  0  0  0 -1  0 -1.44783394061815577E-37   -4.314E-45
-1  0  0  0  1  0 -1.44783394061815577E-37   -4.314E-45
 0 -1  0  0 -1  0 -4.34350105476464666E-37   -1.080E-45
 0  1  0  0  1  0 -4.34350105476464666E-37   -1.080E-45
-1 -1  0  0 -1  0 -3.83544910432752439E-44    3.237E-45
 1  1  0  0  1  0 -3.83544910432752439E-44    3.237E-45
 0  0  0 -1 -1  0 -1.44783394061815598E-37    4.314E-45
 0  0  0  1  1  0 -1.44783394061815598E-37    4.314E-45
-1  0  0 -1 -1  0 -3.83544910432752539E-44   -2.156E-45
 1  0  0  1  1  0 -3.83544910432752539E-44   -2.156E-45
 0 -1  0 -1 -1  0 -2.89566749769140132E-37   -3.237E-45
 0  1  0  1  1  0 -2.89566749769140132E-37   -3.237E-45
-1 -1  0 -1 -1  0  1.44783317352833491E-37    1.080E-45
 1  1  0  1  1  0  1.44783317352833491E-37    1.080E-45
-1 -2  0 -1 -2  0  0.00000000000000000E+00    0.000E+00
 0 -1  0 -1 -2  0  0.00000000000000000E+00    0.000E+00
-1 -1  0 -1 -2  0  0.00000000000000000E+00    0.000E+00
-1 -2  0  0 -1  0  0.00000000000000000E+00    0.000E+00
-1 -2  0 -1 -1  0  0.00000000000000000E+00    0.000E+00
 1  2  0  0  0  0  0.00000000000000000E+00    0.000E+00
 1  2  0  0  1  0  0.00000000000000000E+00    0.000E+00
 1  1  0  0 -1  0  0.00000000000000000E+00    0.000E+00
 1  2  0  1  1  0  0.00000000000000000E+00    0.000E+00
 0  1  0 -1 -1  0  0.00000000000000000E+00    0.000E+00
 0  0  0 -1 -2  0  0.00000000000000000E+00    0.000E+00
 0  0  0  1  2  0  0.00000000000000000E+00    0.000E+00
 0  1  0  1  2  0  0.00000000000000000E+00    0.000E+00
 1  1  0  1  2  0  0.00000000000000000E+00    0.000E+00
-1 -1  0  0  1  0  0.00000000000000000E+00    0.000E+00
 0 -1  0  1  1  0  0.00000000000000000E+00    0.000E+00
-1 -2  0  0  0  0  0.00000000000000000E+00    0.000E+00
 1  2  0  1  2  0  0.00000000000000000E+00    0.000E+00
3 1 3  2 2 2
       49
 0  0  0  0  0  0  2.37061542307615697E-04   -6.492E-12
-1  0  0  0  0  0 -1.07578296623641115E-04    3.318E-12
 1  0  0  0  0  0 -1.07578296623641115E-04    3.318E-12
 0 -1  0  0  0  0  1.29204900508507383E-02    1.211E-11
 0  1  0  0  0  0  1.29204900508507383E-02    1.211E-11
-1 -1  0  0  0  0 -1.29314425253809050E-02   -1.218E-11
 1  1  0  0  0  0 -1.29314425253809050E-02   -1.218E-11
 0  0  0 -1  0  0 -5.47623726508423420E-06   -3.611E-14
 0  0  0  1  0  0 -5.47623726508423420E-06   -3.611E-14
-1  0  0 -1  0  0 -5.47623726508249947E-06   -3.611E-14
 1  0  0  1  0  0 -5.47623726508249947E-06   -3.611E-14
 0  1  0 -1  0  0  5.47623726508336683E-06    3.611E-14
 0 -1  0  1  0  0  5.47623726508336683E-06    3.611E-14
-1 -1  0 -1  0  0  5.47623726508336683E-06    3.611E-14
 1  1  0  1  0  0  5.47623726508336683E-06    3.611E-14
 0  0  0  0 -1  0 -1.34382007880691854E-02   -4.430E-12
 0  0  0  0  1  0 -1.34382007880691854E-02   -4.430E-12
 1  0  0  0 -1  0  6.01006649807117252E-03    4.430E-12
-1  0  0  0  1  0  6.01006649807117252E-03    4.430E-12
 0 -1  0  0 -1  0 -1.34382007880691871E-02   -4.430E-12
 0  1  0  0  1  0 -1.34382007880691871E-02   -4.430E-12
-1 -1  0  0 -1  0  6.01006649807117252E-03    4.430E-12
 1  1  0  0  1  0  6.01006649807117252E-03    4.430E-12
 0  0  0 -1 -1  0  1.33251462541804627E-02    7.712E-12
 0  0  0  1  1  0  1.33251462541804627E-02    7.712E-12
-1  0  0 -1 -1  0 -5.89701196418244804E-03   -7.712E-12
 1  0  0  1  1  0 -5.89701196418244804E-03   -7.712E-12
 0 -1  0 -1 -1  0 -5.89701196418244804E-03   -7.712E-12
 0  1  0  1  1  0 -5.89701196418244804E-03   -7.712E-12
-1 -1  0 -1 -1  0  1.33251462541804627E-02    7.712E-12
 1  1  0  1  1  0  1.33251462541804627E-02    7.712E-12
-1 -2  0 -1 -2  0  0.00000000000000000E+00    0.000E+00
 0 -1  0 -1 -2  0  0.00000000000000000E+00    0.000E+00
-1 -1  0 -1 -2  0  0.00000000000000000E+00    0.000E+00
-1 -2  0  0 -1  0  0.00000000000000000E+00    0.000E+00
-1 -2  0 -1 -1  0  0.00000000000000000E+00    0.000E+00
 1  2  0  0  0  0  0.00000000000000000E+00    0.000E+00
 1  2  0  0  1  0  0.00000000000000000E+00    0.000E+00
 1  1  0  0 -1  0  0.00000000000000000E+00    0.000E+00
 1  2  0  1  1  0  0.00000000000000000E+00    0.000E+00
 0  1  0 -1 -1  0  0.00000000000000000E+00    0.000E+00
 0  0  0 -1 -2  0  0.00000000000000000E+00    0.000E+00
 0  0  0  1  2  0  0.00000000000000000E+00    0.000E+00
 0  1  0  1  2  0  0.00000000000000000E+00    0.000E+00
 1  1  0  1  2  0  0.00000000000000000E+00    0.000E+00
-1 -1  0  0  1  0  0.00000000000000000E+00    0.000E+00
 0 -1  0  1  1  0  0.00000000000000000E+00    0.000E+00
-1 -2  0  0  0  0  0.00000000000000000E+00    0.000E+00
 1  2  0  1  2  0  0.00000000000000000E+00    0.000E+00
3 2 1  2 2 2
       49
 0  0  0  0  0  0  2.89566634705666981E-37   -4.317E-45
-1  0  0  0  0  0 -3.83544910432752588E-44   -4.316E-45
 1  0  0  0  0  0 -3.83544910432752588E-44   -4.316E-45
 0 -1  0  0  0  0 -2.89566749769140132E-37    2.156E-45
 0  1  0  0  0  0 -2.89566749769140132E-37    2.156E-45
-1 -1  0  0  0  0 -1.44783394061815598E-37    4.314E-45
 1  1  0  0  0  0 -1.44783394061815598E-37    4.314E-45
 0  0  0 -1  0  0  2.89566673060158003E-37    4.316E-45
 0  0  0  1  0  0  2.89566673060158003E-37    4.316E-45
-1  0  0 -1  0  0  1.44783317352833470E-37    2.158E-45
 1  0  0  1  0  0  1.44783317352833470E-37    2.158E-45
 0  1  0 -1  0  0 -1.44783394061815577E-37   -4.314E-45
 0 -1  0  1  0  0 -1.44783394061815577E-37   -4.314E-45
-1 -1  0 -1  0  0 -3.83544910432752539E-44   -2.156E-45
 1  1  0  1  0  0 -3.83544910432752539E-44   -2.156E-45
 0  0  0  0 -1  0 -3.83544910432752439E-44    1.078E-45
 0  0  0  0  1  0 -3.83544910432752439E-44    1.078E-45
 1  0  0  0 -1  0 -1.44783394061815577E-37    3.235E-45
-1  0  0  0  1  0 -1.44783394061815577E-37    3.235E-45
 0 -1  0  0 -1  0 -4.34350105476464666E-37   -1.080E-45
 0  1  0  0  1  0 -4.34350105476464666E-37   -1.080E-45
-1 -1  0  0 -1  0 -2.89566749769140132E-37   -3.237E-45
 1  1  0  0  1  0 -2.89566749769140132E-37   -3.237E-45
 0  0  0 -1 -1  0  4.34350028767482537E-37   -3.235E-45
 0  0  0  1  1  0  4.34350028767482537E-37   -3.235E-45
-1  0  0 -1 -1  0  2.89566673060158003E-37   -1.078E-45
 1  0  0  1  1  0  2.89566673060158003E-37   -1.078E-45
 0 -1  0 -1 -1  0 -3.83544910432752439E-44    3.237E-45
 0  1  0  1  1  0 -3.83544910432752439E-44    3.237E-45
-1 -1  0 -1 -1  0  1.44783317352833491E-37    1.080E-45
 1  1  0  1  1  0  1.44783317352833491E-37    1.080E-45
-1 -2  0 -1 -2  0  0.00000000000000000E+00    0.000E+00
 0 -1  0 -1 -2  0  0.00000000000000000E+00    0.000E+00
-1 -1  0 -1 -2  0  0.00000000000000000E+00    0.000E+00
-1 -2  0  0 -1  0  0.00000000000000000E+00    0.000E+00
-1 -2  0 -1 -1  0  0.00000000000000000E+00    0.000E+00
 1  2  0  0  0  0  0.00000000000000000E+00    0.000E+00
 1  2  0  0  1  0  0.00000000000000000E+00    0.000E+00
 1  1  0  0 -1  0  0.00000000000000000E+00    0.000E+00
 1  2  0  1  1  0  0.00000000000000000E+00    0.000E+00
 0  1  0 -1 -1  0  0.00000000000000000E+00    0.000E+00
 0  0  0 -1 -2  0  0.00000000000000000E+00    0.000E+00
 0  0  0  1  2  0  0.00000000000000000E+00    0.000E+00
 0  1  0  1  2  0  0.00000000000000000E+00    0.000E+00
 1  1  0  1  2  0  0.00000000000000000E+00    0.000E+00
-1 -1  0  0  1  0  0.00000000000000000E+00    0.000E+00
 0 -1  0  1  1  0  0.00000000000000000E+00    0.000E+00
-1 -2  0  0  0  0  0.00000000000000000E+00    0.000E+00
 1  2  0  1  2  0  0.00000000000000000E+00    0.000E+00
3 2 2  2 2 2
       49
 0  0  0  0  0  0  8.35907005342049461E-37    9.962E-45
-1  0  0  0  0  0  5.01544212062819935E-37   -1.806E-52
 1  0  0  0  0  0  5.01544212062819935E-37   -1.806E-52
 0 -1  0  0  0  0 -1.67181463071541912E-37   -6.240E-46
 0  1  0  0  0  0 -1.67181463071541912E-37   -6.240E-46
-1 -1  0  0  0  0  8.35906651038437544E-38   -4.360E-45
 1  1  0  0  0  0  8.35906651038437544E-38   -4.360E-45
 0  0  0 -1  0  0  5.01544212062819935E-37   -2.113E-52
 0  0  0  1  0  0  5.01544212062819935E-37   -2.113E-52
-1  0  0 -1  0  0  5.85134921454615057E-37   -4.981E-45
 1  0  0  1  0  0  5.85134921454615057E-37   -4.981E-45
 0  1  0 -1  0  0 -8.35907536797466763E-38    4.360E-45
 0 -1  0  1  0  0 -8.35907536797466763E-38    4.360E-45
-1 -1  0 -1  0  0  1.67181374495638991E-37    6.240E-46
 1  1  0  1  0  0  1.67181374495638991E-37    6.240E-46
 0  0  0  0 -1  0 -1.67181463071541892E-37   -6.240E-46
 0  0  0  0  1  0 -1.67181463071541892E-37   -6.240E-46
 1  0  0  0 -1  0 -8.35907536797466763E-38    4.360E-45
-1  0  0  0  1  0 -8.35907536797466763E-38    4.360E-45
 0 -1  0  0 -1  0 -7.52316428814108555E-37   -3.738E-45
 0  1  0  0  1  0 -7.52316428814108555E-37   -3.738E-45
-1 -1  0  0 -1  0 -5.01544300638722857E-37   -8.115E-53
 1  1  0  0  1  0 -5.01544300638722857E-37   -8.115E-53
 0  0  0 -1 -1  0  8.35906651038437544E-38   -4.360E-45
 0  0  0  1  1  0  8.35906651038437544E-38   -4.360E-45
-1  0  0 -1 -1  0  1.67181374495638970E-37    6.240E-46
 1  0  0  1  1  0  1.67181374495638970E-37    6.240E-46
 0 -1  0 -1 -1  0 -5.01544300638722857E-37   -3.107E-52
 0  1  0  1  1  0 -5.01544300638722857E-37   -3.107E-52
-1 -1  0 -1 -1  0 -2.50772172463337243E-37    3.738E-45
 1  1  0  1  1  0 -2.50772172463337243E-37    3.738E-45
-1 -2  0 -1 -2  0  0.00000000000000000E+00    0.000E+00
 0 -1  0 -1 -2  0  0.00000000000000000E+00    0.000E+00
-1 -1  0 -1 -2  0  0.00000000000000000E+00    0.000E+00
-1 -2  0  0 -1  0  0.00000000000000000E+00    0.000E+00
-1 -2  0 -1 -1  0  0.00000000000000000E+00    0.000E+00
 1  2  0  0  0  0  0.00000000000000000E+00    0.000E+00
 1  2  0  0  1  0  0.00000000000000000E+00    0.000E+00
 1  1  0  0 -1  0  0.00000000000000000E+00    0.000E+00
 1  2  0  1  1  0  0.00000000000000000E+00    0.000E+00
 0  1  0 -1 -1  0  0.00000000000000000E+00    0.000E+00
 0  0  0 -1 -2  0  0.00000000000000000E+00    0.000E+00
 0  0  0  1  2  0  0.00000000000000000E+00    0.000E+00
 0  1  0  1  2  0  0.00000000000000000E+00    0.000E+00
 1  1  0  1  2  0  0.00000000000000000E+00    0.000E+00
-1 -1  0  0  1  0  0.00000000000000000E+00    0.000E+00
 0 -1  0  1  1  0  0.00000000000000000E+00    0.000E+00
-1 -2  0  0  0  0  0.00000000000000000E+00    0.000E+00
 1  2  0  1  2  0  0.00000000000000000E+00    0.000E+00
3 2 3  2 2 2
       49
 0  0  0  0  0  0  1.39955533911576176E-04    1.104E-12
-1  0  0  0  0  0 -1.48687076463888488E-02   -1.353E-11
 1  0  0  0  0  0 -1.48687076463888488E-02   -1.353E-11
 0 -1  0  0  0  0  7.45871784025275118E-03    4.692E-12
 0  1  0  0  0  0  7.45871784025275118E-03    4.692E-12
-1 -1  0  0  0  0  7.34001203918030823E-03    8.284E-12
 1  1  0  0  0  0  7.34001203918030823E-03    8.284E-12
 0  0  0 -1  0  0  1.53883804429944728E-02    6.488E-12
 0  0  0  1  0  0  1.53883804429944728E-02    6.488E-12
-1  0  0 -1  0  0  1.53883804429944728E-02    6.488E-12
 1  0  0  1  0  0  1.53883804429944728E-02    6.488E-12
 0  1  0 -1  0  0 -6.81110977918099846E-03   -6.488E-12
 0 -1  0  1  0  0 -6.81110977918099846E-03   -6.488E-12
-1 -1  0 -1  0  0 -6.81110977918099846E-03   -6.488E-12
 1  1  0  1  0  0 -6.81110977918099846E-03   -6.488E-12
 0  0  0  0 -1  0 -7.75885555524324054E-03   -2.622E-12
 0  0  0  0  1  0 -7.75885555524324054E-03   -2.622E-12
 1  0  0  0 -1  0  3.47022022333650423E-03    2.622E-12
-1  0  0  0  1  0  3.47022022333650423E-03    2.622E-12
 0 -1  0  0 -1  0 -7.75885555524324054E-03   -2.622E-12
 0  1  0  0  1  0 -7.75885555524324054E-03   -2.622E-12
-1 -1  0  0 -1  0  3.47022022333650423E-03    2.622E-12
 1  1  0  0  1  0  3.47022022333650423E-03    2.622E-12
 0  0  0 -1 -1  0 -7.69950265470701993E-03   -4.418E-12
 0  0  0  1  1  0 -7.69950265470701993E-03   -4.418E-12
-1  0  0 -1 -1  0  3.41086732280028275E-03    4.418E-12
 1  0  0  1  1  0  3.41086732280028275E-03    4.418E-12
 0 -1  0 -1 -1  0  3.41086732280028275E-03    4.418E-12
 0  1  0  1  1  0  3.41086732280028275E-03    4.418E-12
-1 -1  0 -1 -1  0 -7.69950265470702080E-03   -4.418E-12
 1  1  0  1  1  0 -7.69950265470702080E-03   -4.418E-12
-1 -2  0 -1 -2  0  0.00000000000000000E+00    0.000E+00
 0 -1  0 -1 -2  0  0.00000000000000000E+00    0.000E+00
-1 -1  0 -1 -2  0  0.00000000000000000E+00    0.000E+00
-1 -2  0  0 -1  0  0.00000000000000000E+00    0.000E+00
-1 -2  0 -1 -1  0  0.00000000000000000E+00    0.000E+00
 1  2  0  0  0  0  0.00000000000000000E+00    0.000E+00
 1  2  0  0  1  0  0.00000000000000000E+00    0.000E+00
 1  1  0  0 -1  0  0.00000000000000000E+00    0.000E+00
 1  2  0  1  1  0  0.00000000000000000E+00    0.000E+00
 0  1  0 -1 -1  0  0.00000000000000000E+00    0.000E+00
 0  0  0 -1 -2  0  0.00000000000000000E+00    0.000E+00
 0  0  0  1  2  0  0.00000000000000000E+00    0.000E+00
 0  1  0  1  2  0  0.00000000000000000E+00    0.000E+00
 1  1  0  1  2  0  0.00000000000000000E+00    0.000E+00
-1 -1  0  0  1  0  0.00000000000000000E+00    0.000E+00
 0 -1  0  1  1  0  0.00000000000000000E+00    0.000E+00
-1 -2  0  0  0  0  0.00000000000000000E+00    0.000E+00
 1  2  0  1  2  0  0.00000000000000000E+00    0.000E+00
3 3 1  2 2 2
       49
 0  0  0  0  0  0  2.37061542307615697E-04   -6.492E-12
-1  0  0  0  0  0 -5.47623726508423420E-06   -3.611E-14
 1  0  0  0  0  0 -5.47623726508423420E-06   -3.611E-14
 0 -1  0  0  0  0 -1.34382007880691837E-02   -4.430E-12
 0  1  0  0  0  0 -1.34382007880691837E-02   -4.430E-12
-1 -1  0  0  0  0  1.33251462541804609E-02    7.712E-12
 1  1  0  0  0  0  1.33251462541804609E-02    7.712E-12
 0  0  0 -1  0  0 -1.07578296623641115E-04    3.318E-12
 0  0  0  1  0  0 -1.07578296623641115E-04    3.318E-12
-1  0  0 -1  0  0 -5.47623726508249947E-06   -3.611E-14
 1  0  0  1  0  0 -5.47623726508249947E-06   -3.611E-14
 0  1  0 -1  0  0  6.01006649807117339E-03    4.430E-12
 0 -1  0  1  0  0  6.01006649807117339E-03    4.430E-12
-1 -1  0 -1  0  0 -5.89701196418244804E-03   -7.712E-12
 1  1  0  1  0  0 -5.89701196418244804E-03   -7.712E-12
 0  0  0  0 -1  0  1.29204900508507400E-02    1.211E-11
 0  0  0  0  1  0  1.29204900508507400E-02    1.211E-11
 1  0  0  0 -1  0  5.47623726508336683E-06    3.611E-14
-1  0  0  0  1  0  5.47623726508336683E-06    3.611E-14
 0 -1  0  0 -1  0 -1.34382007880691871E-02   -4.430E-12
 0  1  0  0  1  0 -1.34382007880691871E-02   -4.430E-12
-1 -1  0  0 -1  0 -5.89701196418244891E-03   -7.712E-12
 1  1  0  0  1  0 -5.89701196418244891E-03   -7.712E-12
 0  0  0 -1 -1  0 -1.29314425253809068E-02   -1.218E-11
 0  0  0  1  1  0 -1.29314425253809068E-02   -1.218E-11
-1  0  0 -1 -1  0  5.47623726508336683E-06    3.611E-14
 1  0  0  1  1  0  5.47623726508336683E-06    3.611E-14
 0 -1  0 -1 -1  0  6.01006649807117252E-03    4.430E-12
 0  1  0  1  1  0  6.01006649807117252E-03    4.430E-12
-1 -1  0 -1 -1  0  1.33251462541804609E-02    7.712E-12
 1  1  0  1  1  0  1.33251462541804609E-02    7.712E-12
-1 -2  0 -1 -2  0  0.00000000000000000E+00    0.000E+00
 0 -1  0 -1 -2  0  0.00000000000000000E+00    0.000E+00
-1 -1  0 -1 -2  0  0.00000000000000000E+00    0.000E+00
-1 -2  0  0 -1  0  0.00000000000000000E+00    0.000E+00
-1 -2  0 -1 -1  0  0.00000000000000000E+00    0.000E+00
 1  2  0  0  0  0  0.00000000000000000E+00    0.000E+00
 1  2  0  0  1  0  0.00000000000000000E+00    0.000E+00
 1  1  0  0 -1  0  0.00000000000000000E+00    0.000E+00
 1  2  0  1  1  0  0.00000000000000000E+00    0.000E+00
 0  1  0 -1 -1  0  0.00000000000000000E+00    0.000E+00
 0  0  0 -1 -2  0  0.00000000000000000E+00    0.000E+00
 0  0  0  1  2  0  0.00000000000000000E+00    0.000E+00
 0  1  0  1  2  0  0.00000000000000000E+00    0.000E+00
 1  1  0  1  2  0  0.00000000000000000E+00    0.000E+00
-1 -1  0  0  1  0  0.00000000000000000E+00    0.000E+00
 0 -1  0  1  1  0  0.00000000000000000E+00    0.000E+00
-1 -2  0  0  0  0  0.00000000000000000E+00    0.000E+00
 1  2  0  1  2  0  0.00000000000000000E+00    0.000E+00
3 3 2  2 2 2
       49
 0  0  0  0  0  0  1.39955533911576176E-04    1.104E-12
-1  0  0  0  0  0  1.53883804429944728E-02    6.488E-12
 1  0  0  0  0  0  1.53883804429944728E-02    6.488E-12
 0 -1  0  0  0  0 -7.75885555524324054E-03   -2.622E-12
 0  1  0  0  0  0 -7.75885555524324054E-03   -2.622E-12
-1 -1  0  0  0  0 -7.69950265470701993E-03   -4.418E-12
 1  1  0  0  0  0 -7.69950265470701993E-03   -4.418E-12
 0  0  0 -1  0  0 -1.48687076463888505E-02   -1.353E-11
 0  0  0  1  0  0 -1.48687076463888505E-02   -1.353E-11
-1  0  0 -1  0  0  1.53883804429944746E-02    6.488E-12
 1  0  0  1  0  0  1.53883804429944746E-02    6.488E-12
 0  1  0 -1  0  0  3.47022022333650423E-03    2.622E-12
 0 -1  0  1  0  0  3.47022022333650423E-03    2.622E-12
-1 -1  0 -1  0  0  3.41086732280028232E-03    4.418E-12
 1  1  0  1  0  0  3.41086732280028232E-03    4.418E-12
 0  0  0  0 -1  0  7.45871784025275118E-03    4.692E-12
 0  0  0  0  1  0  7.45871784025275118E-03    4.692E-12
 1  0  0  0 -1  0 -6.81110977918099846E-03   -6.488E-12
-1  0  0  0  1  0 -6.81110977918099846E-03   -6.488E-12
 0 -1  0  0 -1  0 -7.75885555524324054E-03   -2.622E-12
 0  1  0  0  1  0 -7.75885555524324054E-03   -2.622E-12
-1 -1  0  0 -1  0  3.41086732280028275E-03    4.418E-12
 1  1  0  0  1  0  3.41086732280028275E-03    4.418E-12
 0  0  0 -1 -1  0  7.34001203918030996E-03    8.284E-12
 0  0  0  1  1  0  7.34001203918030996E-03    8.284E-12
-1  0  0 -1 -1  0 -6.81110977918100019E-03   -6.488E-12
 1  0  0  1  1  0 -6.81110977918100019E-03   -6.488E-12
 0 -1  0 -1 -1  0  3.47022022333650423E-03    2.622E-12
 0  1  0  1  1  0  3.47022022333650423E-03    2.622E-12
-1 -1  0 -1 -1  0 -7.69950265470701993E-03   -4.418E-12
 1  1  0  1  1  0 -7.69950265470701993E-03   -4.418E-12
-1 -2  0 -1 -2  0  0.00000000000000000E+00    0.000E+00
 0 -1  0 -1 -2  0  0.00000000000000000E+00    0.000E+00
-1 -1  0 -1 -2  0  0.00000000000000000E+00    0.000E+00
-1 -2  0  0 -1  0  0.00000000000000000E+00    0.000E+00
-1 -2  0 -1 -1  0  0.00000000000000000E+00    0.000E+00
 1  2  0  0  0  0  0.00000000000000000E+00    0.000E+00
 1  2  0  0  1  0  0.00000000000000000E+00    0.000E+00
 1  1  0  0 -1  0  0.00000000000000000E+00    0.000E+00
 1  2  0  1  1  0  0.00000000000000000E+00    0.000E+00
 0  1  0 -1 -1  0  0.00000000000000000E+00    0.000E+00
 0  0  0 -1 -2  0  0.00000000000000000E+00    0.000E+00
 0  0  0  1  2  0  0.00000000000000000E+00    0.000E+00
 0  1  0  1  2  0  0.00000000000000000E+00    0.000E+00
 1  1  0  1  2  0  0.00000000000000000E+00    0.000E+00
-1 -1  0  0  1  0  0.00000000000000000E+00    0.000E+00
 0 -1  0  1  1  0  0.00000000000000000E+00    0.000E+00
-1 -2  0  0  0  0  0.00000000000000000E+00    0.000E+00
 1  2  0  1  2  0  0.00000000000000000E+00    0.000E+00
3 3 3  2 2 2
       49
 0  0  0  0  0  0  0.00000000000000000E+00    0.000E+00
-1  0  0  0  0  0  0.00000000000000000E+00    0.000E+00
 1  0  0  0  0  0  0.00000000000000000E+00    0.000E+00
 0 -1  0  0  0  0  0.00000000000000000E+00    0.000E+00
 0  1  0  0  0  0  0.00000000000000000E+00    0.000E+00
-1 -1  0  0  0  0  0.00000000000000000E+00    0.000E+00
 1  1  0  0  0  0  0.00000000000000000E+00    0.000E+00
 0  0  0 -1  0  0  0.00000000000000000E+00    0.000E+00
 0  0  0  1  0  0  0.00000000000000000E+00    0.000E+00
-1  0  0 -1  0  0  0.00000000000000000E+00    0.000E+00
 1  0  0  1  0  0  0.00000000000000000E+00    0.000E+00
 0  1  0 -1  0  0  0.00000000000000000E+00    0.000E+00
 0 -1  0  1  0  0  0.00000000000000000E+00    0.000E+00
-1 -1  0 -1  0  0  0.00000000000000000E+00    0.000E+00
 1  1  0  1  0  0  0.00000000000000000E+00    0.000E+00
 0  0  0  0 -1  0  0.00000000000000000E+00    0.000E+00
 0  0  0  0  1  0  0.00000000000000000E+00    0.000E+00
 1  0  0  0 -1  0  0.00000000000000000E+00    0.000E+00
-1  0  0  0  1  0  0.00000000000000000E+00    0.000E+00
 0 -1  0  0 -1  0  0.00000000000000000E+00    0.000E+00
 0  1  0  0  1  0  0.00000000000000000E+00    0.000E+00
-1 -1  0  0 -1  0  0.00000000000000000E+00    0.000E+00
 1  1  0  0  1  0  0.00000000000000000E+00    0.000E+00
 0  0  0 -1 -1  0  0.00000000000000000E+00    0.000E+00
 0  0  0  1  1  0  0.00000000000000000E+00    0.000E+00
-1  0  0 -1 -1  0  0.00000000000000000E+00    0.000E+00
 1  0  0  1  1  0  0.00000000000000000E+00    0.000E+00
 0 -1  0 -1 -1  0  0.00000000000000000E+00    0.000E+00
 0  1  0  1  1  0  0.00000000000000000E+00    0.000E+00
-1 -1  0 -1 -1  0  0.00000000000000000E+00    0.000E+00
 1  1  0  1  1  0  0.00000000000000000E+00    0.000E+00
-1 -2  0 -1 -2  0  0.00000000000000000E+00    0.000E+00
 0 -1  0 -1 -2  0  0.00000000000000000E+00    0.000E+00
-1 -1  0 -1 -2  0  0.00000000000000000E+00    0.000E+00
-1 -2  0  0 -1  0  0.00000000000000000E+00    0.000E+00
-1 -2  0 -1 -1  0  0.00000000000000000E+00    0.000E+00
 1  2  0  0  0  0  0.00000000000000000E+00    0.000E+00
 1  2  0  0  1  0  0.00000000000000000E+00    0.000E+00
 1  1  0  0 -1  0  0.00000000000000000E+00    0.000E+00
 1  2  0  1  1  0  0.00000000000000000E+00    0.000E+00
 0  1  0 -1 -1  0  0.00000000000000000E+00    0.000E+00
 0  0  0 -1 -2  0  0.00000000000000000E+00    0.000E+00
 0  0  0  1  2  0  0.00000000000000000E+00    0.000E+00
 0  1  0  1  2  0  0.00000000000000000E+00    0.000E+00
 1  1  0  1  2  0  0.00000000000000000E+00    0.000E+00
-1 -1  0  0  1  0  0.00000000000000000E+00    0.000E+00
 0 -1  0  1  1  0  0.00000000000000000E+00    0.000E+00
-1 -2  0  0  0  0  0.00000000000000000E+00    0.000E+00
 1  2  0  1  2  0  0.00000000000000000E+00    0.000E+00
