#i_q, im1, im2, f_1 (cm^-1), f_2(cm^-1), |V^x|^2, |V^y|^2, |V^z|^2, units (m/s)^2
     1   4   4 9.1903E+02 9.1903E+02 3.7927698-120 0.0000000E+00 0.0000000E+00
     1   4   5 9.1903E+02 1.5095E+03 4.7244506E-32 5.9247835E-26 0.0000000E+00
     1   4   6 9.1903E+02 1.5095E+03 4.0837206E-27 1.6303413E-29 0.0000000E+00
     1   5   5 1.5095E+03 1.5095E+03 3.1032055E-20 6.2710130E-17 0.0000000E+00
     1   5   6 1.5095E+03 1.5095E+03 3.6440975E-26 6.1252780E-27 0.0000000E+00
     1   6   6 1.5095E+03 1.5095E+03 3.1032055E-20 6.2710130E-17 0.0000000E+00
     2   1   1 2.8513E+01 2.8513E+01 2.7235739E-09 3.3309474E+07 0.0000000E+00
     2   1   2 2.8513E+01 5.8661E+01 5.9721652E-21 5.8336070E-39 0.0000000E+00
     2   1   3 2.8513E+01 1.0579E+02 6.2832906E-36 3.4765257E-16 0.0000000E+00
     2   1   4 2.8513E+01 9.1691E+02 2.8807032E-13 1.1569204E+06 0.0000000E+00
     2   1   5 2.8513E+01 1.5090E+03 4.6711525E-22 1.9583398E-39 0.0000000E+00
     2   1   6 2.8513E+01 1.5101E+03 5.4930958E-39 7.0816786E-14 0.0000000E+00
     2   2   2 5.8661E+01 5.8661E+01 1.3995578E-08 1.4067535E+08 0.0000000E+00
     2   2   3 5.8661E+01 1.0579E+02 1.0305762E+08 3.8434574E-10 0.0000000E+00
     2   2   4 5.8661E+01 9.1691E+02 4.0951639E-25 5.1658755E-42 0.0000000E+00
     2   2   5 5.8661E+01 1.5090E+03 1.0900115E-10 2.1967045E+07 0.0000000E+00
     2   2   6 5.8661E+01 1.5101E+03 2.7291555E+07 2.4355717E-11 0.0000000E+00
     2   3   3 1.0579E+02 1.0579E+02 2.2232966E-09 4.5766202E+08 0.0000000E+00
     2   3   4 1.0579E+02 9.1691E+02 6.9832172E-41 3.4767335E-16 0.0000000E+00
     2   3   5 1.0579E+02 1.5090E+03 2.6251159E+07 2.3958010E-11 0.0000000E+00
     2   3   6 1.0579E+02 1.5101E+03 4.5251453E-10 3.2235606E+07 0.0000000E+00
     2   4   4 9.1691E+02 9.1691E+02 3.0282492E-10 7.3265254E+05 0.0000000E+00
     2   4   5 9.1691E+02 1.5090E+03 1.6767519E-26 1.1776160E-39 0.0000000E+00
     2   4   6 9.1691E+02 1.5101E+03 7.1350167E-46 7.0804936E-14 0.0000000E+00
     2   5   5 1.5090E+03 1.5090E+03 1.2079353E-09 3.5344399E+04 0.0000000E+00
     2   5   6 1.5090E+03 1.5101E+03 2.9751838E+04 3.6607223E-12 0.0000000E+00
     2   6   6 1.5101E+03 1.5101E+03 3.7338601E-10 5.0846277E+04 0.0000000E+00
     3   1   1 5.6964E+01 5.6964E+01 2.9096228E-09 3.3097733E+07 0.0000000E+00
     3   1   2 5.6964E+01 1.1700E+02 3.1709517E-23 7.6247390E-40 0.0000000E+00
     3   1   3 5.6964E+01 2.1104E+02 3.1808871E-11 1.2547227E-11 0.0000000E+00
     3   1   4 5.6964E+01 9.1060E+02 7.6001667E-11 1.1049698E+06 0.0000000E+00
     3   1   5 5.6964E+01 1.5077E+03 4.2017780E-25 4.6827085E-38 0.0000000E+00
     3   1   6 5.6964E+01 1.5117E+03 4.4289150E-12 9.2694015E-11 0.0000000E+00
     3   2   2 1.1700E+02 1.1700E+02 6.8682708E-10 1.3832609E+08 0.0000000E+00
     3   2   3 1.1700E+02 2.1104E+02 1.0030595E+08 2.6264029E-10 0.0000000E+00
     3   2   4 1.1700E+02 9.1060E+02 1.7041771E-24 4.9643544E-41 0.0000000E+00
     3   2   5 1.1700E+02 1.5077E+03 5.2793951E-12 2.1820959E+07 0.0000000E+00
     3   2   6 1.1700E+02 1.5117E+03 2.4252853E+07 1.1038452E-10 0.0000000E+00
     3   3   3 2.1104E+02 2.1104E+02 1.4391068E-09 4.5071145E+08 0.0000000E+00
     3   3   4 2.1104E+02 9.1060E+02 1.6300299E-12 1.6396531E-12 0.0000000E+00
     3   3   5 2.1104E+02 1.5077E+03 2.3488706E+07 1.2723361E-10 0.0000000E+00
     3   3   6 2.1104E+02 1.5117E+03 6.0989102E-10 2.7131832E+07 0.0000000E+00
     3   4   4 9.1060E+02 9.1060E+02 3.1043299E-12 2.8765873E+06 0.0000000E+00
     3   4   5 9.1060E+02 1.5077E+03 1.9923637E-25 4.7850212E-38 0.0000000E+00
     3   4   6 9.1060E+02 1.5117E+03 5.9369426E-12 9.4520822E-11 0.0000000E+00
     3   5   5 1.5077E+03 1.5077E+03 2.6010658E-11 1.4180660E+05 0.0000000E+00
     3   5   6 1.5077E+03 1.5117E+03 1.1024369E+05 5.4735411E-11 0.0000000E+00
     3   6   6 1.5117E+03 1.5117E+03 1.4894736E-09 1.7195558E+05 0.0000000E+00
     4   1   1 8.5297E+01 8.5297E+01 2.8817107E-12 3.2757915E+07 0.0000000E+00
     4   1   2 8.5297E+01 1.7467E+02 5.3514277E-23 4.4428433E-41 0.0000000E+00
     4   1   3 8.5297E+01 3.1522E+02 1.0089582E-10 9.5143742E-11 0.0000000E+00
     4   1   4 8.5297E+01 9.0022E+02 4.4955225E-12 1.0760356E+06 0.0000000E+00
     4   1   5 8.5297E+01 1.5053E+03 2.9901061E-23 1.1174255E-39 0.0000000E+00
     4   1   6 8.5297E+01 1.5141E+03 7.5000436E-12 8.0142578E-11 0.0000000E+00
     4   2   2 1.7467E+02 1.7467E+02 1.8822337E-09 1.3438271E+08 0.0000000E+00
     4   2   3 1.7467E+02 3.1522E+02 9.5862856E+07 6.0105428E-11 0.0000000E+00
     4   2   4 1.7467E+02 9.0022E+02 7.9293755E-25 2.7507955E-41 0.0000000E+00
     4   2   5 1.7467E+02 1.5053E+03 6.9456153E-10 2.2603224E+07 0.0000000E+00
     4   2   6 1.7467E+02 1.5141E+03 2.1009481E+07 2.2397832E-12 0.0000000E+00
     4   3   3 3.1522E+02 3.1522E+02 7.0322902E-10 4.3924608E+08 0.0000000E+00
     4   3   4 3.1522E+02 9.0022E+02 1.1067496E-11 1.7411511E-11 0.0000000E+00
     4   3   5 3.1522E+02 1.5053E+03 2.1375549E+07 3.0090503E-11 0.0000000E+00
     4   3   6 3.1522E+02 1.5141E+03 1.1832521E-10 2.2352645E+07 0.0000000E+00
     4   4   4 9.0022E+02 9.0022E+02 2.6792641E-11 6.2724386E+06 0.0000000E+00
     4   4   5 9.0022E+02 1.5053E+03 6.7759552E-26 1.1964136E-39 0.0000000E+00
     4   4   6 9.0022E+02 1.5141E+03 3.8121367E-12 6.8042834E-11 0.0000000E+00
     4   5   5 1.5053E+03 1.5053E+03 4.5880222E-09 3.1989965E+05 0.0000000E+00
     4   5   6 1.5053E+03 1.5141E+03 2.1742685E+05 5.2215145E-12 0.0000000E+00
     4   6   6 1.5141E+03 1.5141E+03 6.8352538E-11 2.8489507E+05 0.0000000E+00
     5   1   1 1.1346E+02 1.1346E+02 6.1494403E-11 3.2307191E+07 0.0000000E+00
     5   1   2 1.1346E+02 2.3133E+02 6.4955270E-25 3.4912695E-40 0.0000000E+00
     5   1   3 1.1346E+02 4.1780E+02 1.5601380E-12 9.2385846E-11 0.0000000E+00
     5   1   4 1.1346E+02 8.8595E+02 1.2180727E-11 1.0824736E+06 0.0000000E+00
     5   1   5 1.1346E+02 1.5021E+03 1.2089721E-25 3.3087473E-40 0.0000000E+00
     5   1   6 1.1346E+02 1.5168E+03 2.0562835E-11 4.3770862E-12 0.0000000E+00
     5   2   2 2.3133E+02 2.3133E+02 3.6442478E-10 1.2881124E+08 0.0000000E+00
     5   2   3 2.3133E+02 4.1780E+02 8.9932528E+07 1.9881012E-12 0.0000000E+00
     5   2   4 2.3133E+02 8.8595E+02 6.4955270E-25 4.0788291E-41 0.0000000E+00
     5   2   5 2.3133E+02 1.5021E+03 6.9414668E-10 2.4243640E+07 0.0000000E+00
     5   2   6 2.3133E+02 1.5168E+03 1.7773348E+07 2.0807765E-11 0.0000000E+00
     5   3   3 4.1780E+02 4.1780E+02 1.3935099E-09 4.2345187E+08 0.0000000E+00
     5   3   4 4.1780E+02 8.8595E+02 1.5601380E-12 9.8458773E-12 0.0000000E+00
     5   3   5 4.1780E+02 1.5021E+03 1.9728417E+07 2.4342016E-11 0.0000000E+00
     5   3   6 4.1780E+02 1.5168E+03 3.1933894E-10 1.8028419E+07 0.0000000E+00
     5   4   4 8.8595E+02 8.8595E+02 3.6876053E-11 1.0663475E+07 0.0000000E+00
     5   4   5 8.8595E+02 1.5021E+03 1.2089721E-25 6.4352426E-40 0.0000000E+00
     5   4   6 8.8595E+02 1.5168E+03 2.0562835E-11 8.8257431E-12 0.0000000E+00
     5   5   5 1.5021E+03 1.5021E+03 5.5871895E-09 5.6794556E+05 0.0000000E+00
     5   5   6 1.5021E+03 1.5168E+03 3.1821069E+05 1.0762848E-11 0.0000000E+00
     5   6   6 1.5168E+03 1.5168E+03 1.2929231E-10 3.0649289E+05 0.0000000E+00
     6   1   1 1.4140E+02 1.4140E+02 1.9255642E-10 3.1764374E+07 0.0000000E+00
     6   1   2 1.4140E+02 2.8660E+02 6.1849390E-24 2.7315647E-42 0.0000000E+00
     6   1   3 1.4140E+02 5.1822E+02 4.4540649E-40 9.5315656E-12 0.0000000E+00
     6   1   4 1.4140E+02 8.6808E+02 4.9483403E-11 1.1437589E+06 0.0000000E+00
     6   1   5 1.4140E+02 1.4979E+03 4.5358574E-25 1.4325623E-40 0.0000000E+00
     6   1   6 1.4140E+02 1.5193E+03 4.9380448E-42 3.3336991E-11 0.0000000E+00
     6   2   2 2.8660E+02 2.8660E+02 1.0853339E-09 1.2158022E+08 0.0000000E+00
     6   2   3 2.8660E+02 5.1822E+02 8.2781282E+07 3.2066919E-11 0.0000000E+00
     6   2   4 2.8660E+02 8.6808E+02 1.4866892E-24 2.5761753E-42 0.0000000E+00
     6   2   5 2.8660E+02 1.4979E+03 3.0305090E-10 2.6712412E+07 0.0000000E+00
     6   2   6 2.8660E+02 1.5193E+03 1.4723335E+07 4.2629248E-12 0.0000000E+00
     6   3   3 5.1822E+02 5.1822E+02 1.0563129E-10 4.0360200E+08 0.0000000E+00
     6   3   4 5.1822E+02 8.6808E+02 9.8659051E-43 4.9643504E-12 0.0000000E+00
     6   3   5 5.1822E+02 1.4979E+03 1.8403903E+07 1.8610577E-10 0.0000000E+00
     6   3   6 5.1822E+02 1.5193E+03 1.3280760E-10 1.4238363E+07 0.0000000E+00
     6   4   4 8.6808E+02 8.6808E+02 1.9255642E-10 1.5708417E+07 0.0000000E+00
     6   4   5 8.6808E+02 1.4979E+03 3.8477190E-25 8.3772492E-41 0.0000000E+00
     6   4   6 8.6808E+02 1.5193E+03 3.8558491E-42 3.3070060E-11 0.0000000E+00
     6   5   5 1.4979E+03 1.4979E+03 8.8033346E-10 8.7849837E+05 0.0000000E+00
     6   5   6 1.4979E+03 1.5193E+03 3.7938521E+05 1.7465886E-11 0.0000000E+00
     6   6   6 1.5193E+03 1.5193E+03 9.9007805E-10 2.0377013E+05 0.0000000E+00
     7   1   1 1.6909E+02 1.6909E+02 6.2446401E-13 3.1143777E+07 0.0000000E+00
     7   1   2 1.6909E+02 3.4005E+02 1.7709852E-26 1.5036968E-41 0.0000000E+00
     7   1   3 1.6909E+02 6.1598E+02 1.6219923E-43 3.5273599E-11 0.0000000E+00
     7   1   4 1.6909E+02 8.4695E+02 1.0890086E-12 1.2905718E+06 0.0000000E+00
     7   1   5 1.6909E+02 1.4928E+03 1.9191786E-25 7.0881518E-40 0.0000000E+00
     7   1   6 1.6909E+02 1.5210E+03 6.6190256E-44 1.4010057E-10 0.0000000E+00
     7   2   2 3.4005E+02 3.4005E+02 1.3371710E-11 1.1267716E+08 0.0000000E+00
     7   2   3 3.4005E+02 6.1598E+02 7.4720585E+07 6.5174054E-11 0.0000000E+00
     7   2   4 3.4005E+02 8.4695E+02 1.7709852E-26 2.1092613E-41 0.0000000E+00
     7   2   5 3.4005E+02 1.4928E+03 4.9799218E-11 3.0001326E+07 0.0000000E+00
     7   2   6 3.4005E+02 1.5210E+03 1.1992364E+07 3.4319442E-11 0.0000000E+00
     7   3   3 6.1598E+02 6.1598E+02 9.7014319E-11 3.8006493E+08 0.0000000E+00
     7   3   4 6.1598E+02 8.4695E+02 1.6219923E-43 2.7673381E-11 0.0000000E+00
     7   3   5 6.1598E+02 1.4928E+03 1.7286810E+07 9.4306381E-11 0.0000000E+00
     7   3   6 6.1598E+02 1.5210E+03 2.2939026E-11 1.1013045E+07 0.0000000E+00
     7   4   4 8.4695E+02 8.4695E+02 6.2446401E-13 2.0998212E+07 0.0000000E+00
     7   4   5 8.4695E+02 1.4928E+03 1.9191786E-25 6.7529458E-40 0.0000000E+00
     7   4   6 8.4695E+02 1.5210E+03 6.6190256E-44 1.3615326E-10 0.0000000E+00
     7   5   5 1.4928E+03 1.4928E+03 1.0521970E-10 1.2339743E+06 0.0000000E+00
     7   5   6 1.4928E+03 1.5210E+03 3.7738763E+05 1.1814316E-10 0.0000000E+00
     7   6   6 1.5210E+03 1.5210E+03 8.3659091E-12 4.4689155E+04 0.0000000E+00
     8   1   1 1.9649E+02 1.9649E+02 3.1355173E-12 3.0445702E+07 0.0000000E+00
     8   1   2 1.9649E+02 3.9124E+02 1.0409282E-24 4.9565583E-42 0.0000000E+00
     8   1   3 1.9649E+02 7.1054E+02 1.2235770E-39 5.4053806E-12 0.0000000E+00
     8   1   4 1.9649E+02 8.2299E+02 2.7331854E-11 1.5732371E+06 0.0000000E+00
     8   1   5 1.9649E+02 1.4870E+03 4.7961686E-25 9.7032605E-42 0.0000000E+00
     8   1   6 1.9649E+02 1.5212E+03 2.9373933E-42 1.5072807E-12 0.0000000E+00
     8   2   2 3.9124E+02 3.9124E+02 1.0752630E-09 1.0213091E+08 0.0000000E+00
     8   2   3 3.9124E+02 7.1054E+02 6.6088267E+07 7.1984624E-11 0.0000000E+00
     8   2   4 3.9124E+02 8.2299E+02 7.1888984E-24 1.7504973E-41 0.0000000E+00
     8   2   5 3.9124E+02 1.4870E+03 3.7723056E-10 3.4106238E+07 0.0000000E+00
     8   2   6 3.9124E+02 1.5212E+03 9.6637809E+06 4.8845049E-11 0.0000000E+00
     8   3   3 7.1054E+02 7.1054E+02 1.9340701E-10 3.5330911E+08 0.0000000E+00
     8   3   4 7.1054E+02 8.2299E+02 1.7742281E-12 1.8909391E-12 0.0000000E+00
     8   3   5 7.1054E+02 1.4870E+03 1.6282277E+07 1.1380226E-10 0.0000000E+00
     8   3   6 7.1054E+02 1.5212E+03 5.0424823E-11 8.3425344E+06 0.0000000E+00
     8   4   4 8.2299E+02 8.2299E+02 2.9167905E-12 2.6075197E+07 0.0000000E+00
     8   4   5 8.2299E+02 1.4870E+03 4.4288279E-24 6.5154314E-41 0.0000000E+00
     8   4   6 8.2299E+02 1.5212E+03 3.1884039E-14 8.0927386E-13 0.0000000E+00
     8   5   5 1.4870E+03 1.4870E+03 2.5310264E-10 1.6025254E+06 0.0000000E+00
     8   5   6 1.4870E+03 1.5212E+03 3.0696573E+05 2.2022066E-10 0.0000000E+00
     8   6   6 1.5212E+03 1.5212E+03 3.0969546E-09 3.0576054E+04 0.0000000E+00
     9   1   1 2.2356E+02 2.2356E+02 3.2997249E-12 2.9641726E+07 0.0000000E+00
     9   1   2 2.2356E+02 4.3966E+02 4.8575960E-24 6.9397415E-43 0.0000000E+00
     9   1   3 2.2356E+02 7.9672E+02 3.4446174E-12 2.0765812E+06 0.0000000E+00
     9   1   4 2.2356E+02 8.0140E+02 4.9072500E-40 7.9099245E-12 0.0000000E+00
     9   1   5 2.2356E+02 1.4804E+03 1.2275727E-24 3.3837408E-41 0.0000000E+00
     9   1   6 2.2356E+02 1.5190E+03 3.4993037E-43 2.4087016E-12 0.0000000E+00
     9   2   2 4.3966E+02 4.3966E+02 1.7709273E-09 9.0040733E+07 0.0000000E+00
     9   2   3 4.3966E+02 7.9672E+02 1.0815734E-20 9.4781484E-39 0.0000000E+00
     9   2   4 4.3966E+02 8.0140E+02 5.7229395E+07 5.2034055E-11 0.0000000E+00
     9   2   5 4.3966E+02 1.4804E+03 6.4225653E-10 3.9008236E+07 0.0000000E+00
     9   2   6 4.3966E+02 1.5190E+03 7.7755658E+06 5.2606413E-11 0.0000000E+00
     9   3   3 7.9672E+02 7.9672E+02 2.7625301E-12 3.0451988E+07 0.0000000E+00
     9   3   4 7.9672E+02 8.0140E+02 3.9246453E-38 3.0783928E-12 0.0000000E+00
     9   3   5 7.9672E+02 1.4804E+03 2.8907067E-21 9.7357990E-39 0.0000000E+00
     9   3   6 7.9672E+02 1.5190E+03 2.3382636E-39 1.4148929E-12 0.0000000E+00
     9   4   4 8.0140E+02 8.0140E+02 1.6426088E-10 3.2390194E+08 0.0000000E+00
     9   4   5 8.0140E+02 1.4804E+03 1.5310804E+07 5.6026924E-11 0.0000000E+00
     9   4   6 8.0140E+02 1.5190E+03 1.2635385E-11 6.1874142E+06 0.0000000E+00
     9   5   5 1.4804E+03 1.4804E+03 2.3388081E-09 1.9359297E+06 0.0000000E+00
     9   5   6 1.4804E+03 1.5190E+03 1.8701141E+05 3.4370209E-12 0.0000000E+00
     9   6   6 1.5190E+03 1.5190E+03 3.4330530E-11 5.0259260E+05 0.0000000E+00
    10   1   1 2.5022E+02 2.5022E+02 1.0616867E-11 2.8651858E+07 0.0000000E+00
    10   1   2 2.5022E+02 4.8474E+02 6.5602051E-26 4.8460516E-43 0.0000000E+00
    10   1   3 2.5022E+02 7.6872E+02 4.8693419E-12 2.9436819E+06 0.0000000E+00
    10   1   4 2.5022E+02 8.8808E+02 1.2906580E-42 1.1177553E-11 0.0000000E+00
    10   1   5 2.5022E+02 1.4733E+03 4.7304456E-26 3.2237159E-41 0.0000000E+00
    10   1   6 2.5022E+02 1.5139E+03 1.3407381E-42 1.7391539E-11 0.0000000E+00
    10   2   2 4.8474E+02 4.8474E+02 8.1890178E-11 7.6613306E+07 0.0000000E+00
    10   2   3 4.8474E+02 7.6872E+02 4.7085409E-24 6.6549271E-43 0.0000000E+00
    10   2   4 4.8474E+02 8.8808E+02 4.8477958E+07 9.5118486E-11 0.0000000E+00
    10   2   5 4.8474E+02 1.4733E+03 7.3389143E-12 4.4650538E+07 0.0000000E+00
    10   2   6 4.8474E+02 1.5139E+03 6.3301809E+06 4.9927871E-11 0.0000000E+00
    10   3   3 7.6872E+02 7.6872E+02 5.1515763E-11 3.3626088E+07 0.0000000E+00
    10   3   4 7.6872E+02 8.8808E+02 2.0129633E-42 8.3554466E-12 0.0000000E+00
    10   3   5 7.6872E+02 1.4733E+03 1.2132945E-25 2.7838853E-41 0.0000000E+00
    10   3   6 7.6872E+02 1.5139E+03 2.2387110E-42 1.5682993E-11 0.0000000E+00
    10   4   4 8.8808E+02 8.8808E+02 5.6871507E-11 2.9250121E+08 0.0000000E+00
    10   4   5 8.8808E+02 1.4733E+03 1.4305666E+07 1.5536338E-10 0.0000000E+00
    10   4   6 8.8808E+02 1.5139E+03 6.0478243E-10 4.4902619E+06 0.0000000E+00
    10   5   5 1.4733E+03 1.4733E+03 3.5266916E-10 2.1720246E+06 0.0000000E+00
    10   5   6 1.4733E+03 1.5139E+03 6.2260576E+04 1.1916756E-10 0.0000000E+00
    10   6   6 1.5139E+03 1.5139E+03 7.4227295E-10 1.9219463E+06 0.0000000E+00
    11   1   1 2.7635E+02 2.7635E+02 2.1108152E-11 2.7309858E+07 0.0000000E+00
    11   1   2 2.7635E+02 5.2587E+02 5.8541940E-26 2.8442930E-44 0.0000000E+00
    11   1   3 2.7635E+02 7.3972E+02 8.2429798E-13 4.4105465E+06 0.0000000E+00
    11   1   4 2.7635E+02 9.7011E+02 2.1377115E-42 1.6079402E-12 0.0000000E+00
    11   1   5 2.7635E+02 1.4659E+03 7.1601622E-26 1.5428906E-42 0.0000000E+00
    11   1   6 2.7635E+02 1.5051E+03 8.5741445E-42 9.1922265E-13 0.0000000E+00
    11   2   2 5.2587E+02 5.2587E+02 2.3667407E-09 6.2207028E+07 0.0000000E+00
    11   2   3 5.2587E+02 7.3972E+02 2.5499486E-25 4.8071779E-42 0.0000000E+00
    11   2   4 5.2587E+02 9.7011E+02 4.0140110E+07 6.6906771E-11 0.0000000E+00
    11   2   5 5.2587E+02 1.4659E+03 2.4703447E-10 5.0909041E+07 0.0000000E+00
    11   2   6 5.2587E+02 1.5051E+03 5.3079849E+06 1.2253242E-10 0.0000000E+00
    11   3   3 7.3972E+02 7.3972E+02 2.1108152E-11 3.5085312E+07 0.0000000E+00
    11   3   4 7.3972E+02 9.7011E+02 3.6379546E-41 2.3714069E-13 0.0000000E+00
    11   3   5 7.3972E+02 1.4659E+03 1.0575089E-25 1.2655973E-42 0.0000000E+00
    11   3   6 7.3972E+02 1.5051E+03 1.1589387E-41 4.5267505E-13 0.0000000E+00
    11   4   4 9.7011E+02 9.7011E+02 4.8961710E-10 2.5983825E+08 0.0000000E+00
    11   4   5 9.7011E+02 1.4659E+03 1.3212487E+07 1.2529639E-10 0.0000000E+00
    11   4   6 9.7011E+02 1.5051E+03 5.8926612E-11 3.1859483E+06 0.0000000E+00
    11   5   5 1.4659E+03 1.4659E+03 6.9785411E-09 2.2445412E+06 0.0000000E+00
    11   5   6 1.4659E+03 1.5051E+03 6.4483843E+01 1.4918038E-10 0.0000000E+00
    11   6   6 1.5051E+03 1.5051E+03 3.8478402E-10 4.8291861E+06 0.0000000E+00
    12   1   1 3.0170E+02 3.0170E+02 2.1064072E-14 2.5315510E+07 0.0000000E+00
    12   1   2 3.0170E+02 5.6238E+02 5.5169226E-25 3.7196369E-41 0.0000000E+00
    12   1   3 3.0170E+02 7.1055E+02 7.9823483E-12 6.8491104E+06 0.0000000E+00
    12   1   4 3.0170E+02 1.0471E+03 2.9385370E-41 1.9729748E-10 0.0000000E+00
    12   1   5 3.0170E+02 1.4586E+03 3.5673443E-25 1.1628370E-39 0.0000000E+00
    12   1   6 3.0170E+02 1.4920E+03 9.9062187E-41 3.1561994E-10 0.0000000E+00
    12   2   2 5.6238E+02 5.6238E+02 1.0446993E-09 4.7378338E+07 0.0000000E+00
    12   2   3 5.6238E+02 7.1055E+02 1.0761518E-24 3.7869436E-41 0.0000000E+00
    12   2   4 5.6238E+02 1.0471E+03 3.2479405E+07 1.3827175E-10 0.0000000E+00
    12   2   5 5.6238E+02 1.4586E+03 1.0838237E-10 5.7557523E+07 0.0000000E+00
    12   2   6 5.6238E+02 1.4920E+03 4.6824488E+06 5.0045060E-11 0.0000000E+00
    12   3   3 7.1055E+02 7.1055E+02 1.3131457E-11 3.4302699E+07 0.0000000E+00
    12   3   4 7.1055E+02 1.0471E+03 5.6553722E-42 1.6684745E-10 0.0000000E+00
    12   3   5 7.1055E+02 1.4586E+03 4.4254838E-25 1.0931407E-39 0.0000000E+00
    12   3   6 7.1055E+02 1.4920E+03 1.0056172E-40 2.9470551E-10 0.0000000E+00
    12   4   4 1.0471E+03 1.0471E+03 1.4855364E-10 2.2669313E+08 0.0000000E+00
    12   4   5 1.0471E+03 1.4586E+03 1.1990869E+07 3.8924705E-10 0.0000000E+00
    12   4   6 1.0471E+03 1.4920E+03 1.9686468E-10 2.2100232E+06 0.0000000E+00
    12   5   5 1.4586E+03 1.4586E+03 5.4455968E-10 2.1021348E+06 0.0000000E+00
    12   5   6 1.4586E+03 1.4920E+03 8.2044902E+04 1.7826833E-10 0.0000000E+00
    12   6   6 1.4920E+03 1.4920E+03 8.7349477E-10 9.7907992E+06 0.0000000E+00
    13   1   1 3.2582E+02 3.2582E+02 4.7164353E-13 2.2191727E+07 0.0000000E+00
    13   1   2 3.2582E+02 5.9359E+02 6.1775345E-24 1.6939152E-42 0.0000000E+00
    13   1   3 3.2582E+02 6.8229E+02 3.2548259E-12 1.0793467E+07 0.0000000E+00
    13   1   4 3.2582E+02 1.1187E+03 1.4427754E-11 3.7196689E-11 0.0000000E+00
    13   1   5 3.2582E+02 1.4518E+03 1.0049060E-27 4.0299316E-40 0.0000000E+00
    13   1   6 3.2582E+02 1.4741E+03 1.6386450E-11 6.6964554E-11 0.0000000E+00
    13   2   2 5.9359E+02 5.9359E+02 1.0606175E-09 3.2915524E+07 0.0000000E+00
    13   2   3 5.9359E+02 6.8229E+02 3.7516473E-26 1.0347260E-42 0.0000000E+00
    13   2   4 5.9359E+02 1.1187E+03 2.5704702E+07 7.3577596E-13 0.0000000E+00
    13   2   5 5.9359E+02 1.4518E+03 1.9420347E-10 6.4235394E+07 0.0000000E+00
    13   2   6 5.9359E+02 1.4741E+03 4.4353350E+06 9.0594485E-12 0.0000000E+00
    13   3   3 6.8229E+02 6.8229E+02 2.1319403E-10 3.0742971E+07 0.0000000E+00
    13   3   4 6.8229E+02 1.1187E+03 9.8413000E-12 3.8778250E-11 0.0000000E+00
    13   3   5 6.8229E+02 1.4518E+03 2.3585287E-26 4.0844458E-40 0.0000000E+00
    13   3   6 6.8229E+02 1.4741E+03 1.4033981E-11 6.8164993E-11 0.0000000E+00
    13   4   4 1.1187E+03 1.1187E+03 2.7526381E-12 1.9386236E+08 0.0000000E+00
    13   4   5 1.1187E+03 1.4518E+03 1.0617743E+07 3.7277980E-11 0.0000000E+00
    13   4   6 1.1187E+03 1.4741E+03 1.3393784E-10 1.5055346E+06 0.0000000E+00
    13   5   5 1.4518E+03 1.4518E+03 3.4792396E-10 1.7346736E+06 0.0000000E+00
    13   5   6 1.4518E+03 1.4741E+03 3.9138606E+05 2.1352959E-11 0.0000000E+00
    13   6   6 1.4741E+03 1.4741E+03 7.4240774E-11 1.7341397E+07 0.0000000E+00
    14   1   1 3.4785E+02 3.4785E+02 1.1935216E-13 1.7344720E+07 0.0000000E+00
    14   1   2 3.4785E+02 6.1880E+02 3.4184346E-24 3.4138139E-42 0.0000000E+00
    14   1   3 3.4785E+02 6.5635E+02 2.9308683E-11 1.6838365E+07 0.0000000E+00
    14   1   4 3.4785E+02 1.1845E+03 1.9222341E-42 5.0911198E-12 0.0000000E+00
    14   1   5 3.4785E+02 1.4458E+03 9.0783469E-26 3.7834748E-40 0.0000000E+00
    14   1   6 3.4785E+02 1.4508E+03 5.1899744E-42 3.2816126E-12 0.0000000E+00
    14   2   2 6.1880E+02 6.1880E+02 9.2201003E-11 1.9832509E+07 0.0000000E+00
    14   2   3 6.1880E+02 6.5635E+02 1.9688699E-25 1.7875863E-43 0.0000000E+00
    14   2   4 6.1880E+02 1.1845E+03 1.9963244E+07 3.5233720E-11 0.0000000E+00
    14   2   5 6.1880E+02 1.4458E+03 6.8873080E-11 7.0436080E+07 0.0000000E+00
    14   2   6 6.1880E+02 1.4508E+03 4.5681305E+06 2.9599128E-11 0.0000000E+00
    14   3   3 6.5635E+02 6.5635E+02 1.4623545E-11 2.3994084E+07 0.0000000E+00
    14   3   4 6.5635E+02 1.1845E+03 4.1457788E-42 2.0286930E-12 0.0000000E+00
    14   3   5 6.5635E+02 1.4458E+03 5.9946317E-26 1.9603290E-40 0.0000000E+00
    14   3   6 6.5635E+02 1.4508E+03 6.9496553E-42 1.7025337E-12 0.0000000E+00
    14   4   4 1.1845E+03 1.1845E+03 7.2310810E-12 1.6211845E+08 0.0000000E+00
    14   4   5 1.1845E+03 1.4458E+03 9.0907615E+06 2.7297012E-11 0.0000000E+00
    14   4   6 1.1845E+03 1.4508E+03 1.1130727E-10 1.0309921E+06 0.0000000E+00
    14   5   5 1.4458E+03 1.4458E+03 2.8103455E-09 1.1978170E+06 0.0000000E+00
    14   5   6 1.4458E+03 1.4508E+03 9.9849595E+05 2.4786038E-11 0.0000000E+00
    14   6   6 1.4508E+03 1.4508E+03 1.8216828E-11 2.7926730E+07 0.0000000E+00
    15   1   1 3.6633E+02 3.6633E+02 5.9875182E-13 1.0553615E+07 0.0000000E+00
    15   1   2 3.6633E+02 6.3469E+02 3.0383207E-12 2.5066121E+07 0.0000000E+00
    15   1   3 3.6633E+02 6.3736E+02 9.1338383E-25 2.5521872E-40 0.0000000E+00
    15   1   4 3.6633E+02 1.2443E+03 2.4963047E-41 3.4467233E-11 0.0000000E+00
    15   1   5 3.6633E+02 1.4218E+03 2.5745402E-41 4.1682716E-11 0.0000000E+00
    15   1   6 3.6633E+02 1.4411E+03 4.7101700E-25 4.2700052E-39 0.0000000E+00
    15   2   2 6.3469E+02 6.3469E+02 7.3159972E-12 1.4379967E+07 0.0000000E+00
    15   2   3 6.3469E+02 6.3736E+02 1.6153651E-24 1.3840403E-42 0.0000000E+00
    15   2   4 6.3469E+02 1.2443E+03 2.3438226E-41 3.1446034E-11 0.0000000E+00
    15   2   5 6.3469E+02 1.4218E+03 2.4421358E-41 3.9367187E-11 0.0000000E+00
    15   2   6 6.3469E+02 1.4411E+03 5.3077617E-25 4.0388759E-39 0.0000000E+00
    15   3   3 6.3736E+02 6.3736E+02 8.6816624E-10 9.2867765E+06 0.0000000E+00
    15   3   4 6.3736E+02 1.2443E+03 1.5350742E+07 8.5879807E-13 0.0000000E+00
    15   3   5 6.3736E+02 1.4218E+03 5.0966478E+06 1.6912946E-11 0.0000000E+00
    15   3   6 6.3736E+02 1.4411E+03 3.4345394E-11 7.5542403E+07 0.0000000E+00
    15   4   4 1.2443E+03 1.2443E+03 6.1802895E-10 1.3214677E+08 0.0000000E+00
    15   4   5 1.2443E+03 1.4218E+03 3.1037079E-11 7.8567996E+05 0.0000000E+00
    15   4   6 1.2443E+03 1.4411E+03 7.4245241E+06 2.4919290E-11 0.0000000E+00
    15   5   5 1.4218E+03 1.4218E+03 1.4254100E-09 4.1838416E+07 0.0000000E+00
    15   5   6 1.4218E+03 1.4411E+03 1.9538173E+06 7.4478462E-12 0.0000000E+00
    15   6   6 1.4411E+03 1.4411E+03 3.7001315E-10 6.1925353E+05 0.0000000E+00
    16   1   1 3.7909E+02 3.7909E+02 1.2527317E-12 3.3606643E+06 0.0000000E+00
    16   1   2 3.7909E+02 6.1985E+02 3.3970006E-12 3.3545046E+07 0.0000000E+00
    16   1   3 3.7909E+02 6.4874E+02 1.0009915E-25 8.1039797E-42 0.0000000E+00
    16   1   4 3.7909E+02 1.2979E+03 6.1477487E-43 2.7109677E-11 0.0000000E+00
    16   1   5 3.7909E+02 1.3869E+03 2.4027351E-42 2.7773390E-11 0.0000000E+00
    16   1   6 3.7909E+02 1.4381E+03 4.9058090E-26 2.1409482E-41 0.0000000E+00
    16   2   2 6.1985E+02 6.1985E+02 5.5665117E-12 4.5021822E+06 0.0000000E+00
    16   2   3 6.1985E+02 6.4874E+02 1.0009915E-25 6.1094181E-43 0.0000000E+00
    16   2   4 6.1985E+02 1.2979E+03 1.8671937E-43 2.1774590E-11 0.0000000E+00
    16   2   5 6.1985E+02 1.3869E+03 2.1174718E-42 2.3192485E-11 0.0000000E+00
    16   2   6 6.1985E+02 1.4381E+03 4.9058090E-26 1.7822292E-41 0.0000000E+00
    16   3   3 6.4874E+02 6.4874E+02 1.0291811E-09 2.3989246E+06 0.0000000E+00
    16   3   4 6.4874E+02 1.2979E+03 1.2033003E+07 6.6551146E-12 0.0000000E+00
    16   3   5 6.4874E+02 1.3869E+03 5.9330560E+06 1.5047130E-11 0.0000000E+00
    16   3   6 6.4874E+02 1.4381E+03 2.0947671E-10 7.8928823E+07 0.0000000E+00
    16   4   4 1.2979E+03 1.2979E+03 2.7972306E-11 1.0424343E+08 0.0000000E+00
    16   4   5 1.2979E+03 1.3869E+03 2.1706623E-10 1.0610634E+06 0.0000000E+00
    16   4   6 1.2979E+03 1.4381E+03 5.5880931E+06 3.1028749E-11 0.0000000E+00
    16   5   5 1.3869E+03 1.3869E+03 2.7972265E-11 5.8946135E+07 0.0000000E+00
    16   5   6 1.3869E+03 1.4381E+03 3.3410102E+06 8.8686297E-11 0.0000000E+00
    16   6   6 1.4381E+03 1.4381E+03 2.7620980E-10 1.6988015E+05 0.0000000E+00
    17   1   1 3.8372E+02 3.8372E+02 1.3744010E-12 1.7364166E-13 0.0000000E+00
    17   1   2 3.8372E+02 6.1450E+02 3.0557448E-12 3.7444493E+07 0.0000000E+00
    17   1   3 3.8372E+02 6.5257E+02 1.5468001E-25 2.5086246E-43 0.0000000E+00
    17   1   4 3.8372E+02 1.3416E+03 8.4884279E-43 3.9465473E-12 0.0000000E+00
    17   1   5 3.8372E+02 1.3494E+03 6.9602383E-43 4.1361753E-12 0.0000000E+00
    17   1   6 3.8372E+02 1.4371E+03 4.8856293E-26 7.0564532E-42 0.0000000E+00
    17   2   2 6.1450E+02 6.1450E+02 2.1631327E-11 1.5173392E-11 0.0000000E+00
    17   2   3 6.1450E+02 6.5257E+02 3.1013000E-27 4.9788624E-43 0.0000000E+00
    17   2   4 6.1450E+02 1.3416E+03 1.4900916E-42 7.9494476E-12 0.0000000E+00
    17   2   5 6.1450E+02 1.3494E+03 1.3194704E-42 8.1579178E-12 0.0000000E+00
    17   2   6 6.1450E+02 1.4371E+03 2.9793565E-26 1.3902389E-41 0.0000000E+00
    17   3   3 6.5257E+02 6.5257E+02 8.1420227E-11 9.1689528E-10 0.0000000E+00
    17   3   4 6.5257E+02 1.3416E+03 1.7133796E+07 3.6152101E-11 0.0000000E+00
    17   3   5 6.5257E+02 1.3494E+03 9.1487554E-19 3.9776677E-11 0.0000000E+00
    17   3   6 6.5257E+02 1.4371E+03 6.3060466E-11 8.0117666E+07 0.0000000E+00
    17   4   4 1.3416E+03 1.3416E+03 9.8015362E-10 1.1863943E-11 0.0000000E+00
    17   4   5 1.3416E+03 1.3494E+03 1.2100662E-11 8.0921621E+07 0.0000000E+00
    17   4   6 1.3416E+03 1.4371E+03 2.6942717E-17 6.7993598E-11 0.0000000E+00
    17   5   5 1.3494E+03 1.3494E+03 9.8015362E-10 1.2339719E-11 0.0000000E+00
    17   5   6 1.3494E+03 1.4371E+03 8.7754723E+06 6.5172175E-11 0.0000000E+00
    17   6   6 1.4371E+03 1.4371E+03 1.0705913E-09 1.0455219E-09 0.0000000E+00
    18   1   1 4.4509E+01 4.4509E+01 6.6575880E+05 3.1059698E+07 0.0000000E+00
    18   1   2 4.4509E+01 1.0161E+02 1.2211658E-10 3.5555553E-10 0.0000000E+00
    18   1   3 4.4509E+01 1.8536E+02 1.5621797E-10 3.9483613E-10 0.0000000E+00
    18   1   4 4.4509E+01 9.1295E+02 2.5816261E+03 1.0892107E+06 0.0000000E+00
    18   1   5 4.4509E+01 1.5081E+03 4.1978586E-11 2.4093747E-12 0.0000000E+00
    18   1   6 4.4509E+01 1.5108E+03 1.6351106E-10 9.3302746E-12 0.0000000E+00
    18   2   2 1.0161E+02 1.0161E+02 3.7304053E+07 1.0467069E+08 0.0000000E+00
    18   2   3 1.0161E+02 1.8536E+02 7.1868597E+07 2.3994239E+07 0.0000000E+00
    18   2   4 1.0161E+02 9.1295E+02 3.8412937E-12 7.3538316E-12 0.0000000E+00
    18   2   5 1.0161E+02 1.5081E+03 1.9329410E+07 4.7327851E+06 0.0000000E+00
    18   2   6 1.0161E+02 1.5108E+03 7.2741626E+06 1.8697655E+07 0.0000000E+00
    18   3   3 1.8536E+02 1.8536E+02 1.3353913E+08 3.2936255E+08 0.0000000E+00
    18   3   4 1.8536E+02 9.1295E+02 1.3291798E-11 1.7209258E-11 0.0000000E+00
    18   3   5 1.8536E+02 1.5081E+03 6.8923977E+06 1.7319603E+07 0.0000000E+00
    18   3   6 1.8536E+02 1.5108E+03 1.6124293E+07 9.4812655E+06 0.0000000E+00
    18   4   4 9.1295E+02 9.1295E+02 3.8518908E+05 1.6327256E+06 0.0000000E+00
    18   4   5 9.1295E+02 1.5081E+03 3.8011731E-11 1.0548364E-12 0.0000000E+00
    18   4   6 9.1295E+02 1.5108E+03 1.4812203E-10 4.0916316E-12 0.0000000E+00
    18   5   5 1.5081E+03 1.5081E+03 2.8062582E+04 7.2582034E+04 0.0000000E+00
    18   5   6 1.5081E+03 1.5108E+03 7.8641523E+04 2.6346180E+04 0.0000000E+00
    18   6   6 1.5108E+03 1.5108E+03 2.0431979E+03 9.6136753E+04 0.0000000E+00
    19   1   1 7.2368E+01 7.2368E+01 3.2625044E+05 3.2260843E+07 0.0000000E+00
    19   1   2 7.2368E+01 1.5502E+02 1.7877115E-11 2.2845052E-11 0.0000000E+00
    19   1   3 7.2368E+01 2.7968E+02 4.0318152E-11 7.3388446E-11 0.0000000E+00
    19   1   4 7.2368E+01 9.0459E+02 6.8390224E+03 1.0491690E+06 0.0000000E+00
    19   1   5 7.2368E+01 1.5063E+03 5.8616392E-12 4.3942808E-13 0.0000000E+00
    19   1   6 7.2368E+01 1.5128E+03 7.0935276E-11 5.2248325E-12 0.0000000E+00
    19   2   2 1.5502E+02 1.5502E+02 1.6757864E+07 1.2440873E+08 0.0000000E+00
    19   2   3 1.5502E+02 2.7968E+02 8.7350892E+07 1.1096479E+07 0.0000000E+00
    19   2   4 1.5502E+02 9.0459E+02 3.7714981E-13 1.0715949E-12 0.0000000E+00
    19   2   5 1.5502E+02 1.5063E+03 8.8650088E+06 1.3524827E+07 0.0000000E+00
    19   2   6 1.5502E+02 1.5128E+03 1.4897681E+07 8.1894720E+06 0.0000000E+00
    19   3   3 2.7968E+02 2.7968E+02 5.5316351E+07 3.8789034E+08 0.0000000E+00
    19   3   4 2.7968E+02 9.0459E+02 3.3719534E-13 6.7038778E-12 0.0000000E+00
    19   3   5 2.7968E+02 1.5063E+03 1.4607233E+07 7.9106893E+06 0.0000000E+00
    19   3   6 2.7968E+02 1.5128E+03 6.2888589E+06 1.6387278E+07 0.0000000E+00
    19   4   4 9.0459E+02 9.0459E+02 3.8068585E+05 4.4237298E+06 0.0000000E+00
    19   4   5 9.0459E+02 1.5063E+03 6.8006268E-12 2.2324327E-13 0.0000000E+00
    19   4   6 9.0459E+02 1.5128E+03 8.2147914E-11 2.6634471E-12 0.0000000E+00
    19   5   5 1.5063E+03 1.5063E+03 1.8032314E+04 2.1064344E+05 0.0000000E+00
    19   5   6 1.5063E+03 1.5128E+03 1.8313037E+05 2.4053974E+04 0.0000000E+00
    19   6   6 1.5128E+03 1.5128E+03 1.8791643E-02 2.1773097E+05 0.0000000E+00
    20   1   1 1.0043E+02 1.0043E+02 2.3387146E+05 3.2283661E+07 0.0000000E+00
    20   1   2 1.0043E+02 2.1049E+02 1.4640614E-14 2.2781152E-12 0.0000000E+00
    20   1   3 1.0043E+02 3.7787E+02 7.3444383E-13 2.5211845E-11 0.0000000E+00
    20   1   4 1.0043E+02 8.9224E+02 1.2836203E+04 1.0355528E+06 0.0000000E+00
    20   1   5 1.0043E+02 1.5036E+03 3.7657644E-13 4.5550453E-12 0.0000000E+00
    20   1   6 1.0043E+02 1.5153E+03 9.7977581E-12 1.1811809E-10 0.0000000E+00
    20   2   2 2.1049E+02 2.1049E+02 1.1003714E+07 1.2667215E+08 0.0000000E+00
    20   2   3 2.1049E+02 3.7787E+02 8.9405637E+07 6.3543500E+06 0.0000000E+00
    20   2   4 2.1049E+02 8.9224E+02 1.4642126E-14 3.8357185E-13 0.0000000E+00
    20   2   5 2.1049E+02 1.5036E+03 4.5393166E+06 1.8414501E+07 0.0000000E+00
    20   2   6 2.1049E+02 1.5153E+03 1.5947152E+07 3.9119285E+06 0.0000000E+00
    20   3   3 3.7787E+02 3.7787E+02 2.6519005E+07 3.9915651E+08 0.0000000E+00
    20   3   4 3.7787E+02 8.9224E+02 7.3444879E-13 1.0912711E-11 0.0000000E+00
    20   3   5 3.7787E+02 1.5036E+03 1.6767210E+07 4.1535725E+06 0.0000000E+00
    20   3   6 3.7787E+02 1.5153E+03 2.5523559E+06 1.6339158E+07 0.0000000E+00
    20   4   4 8.9224E+02 8.9224E+02 3.7415015E+05 8.3478430E+06 0.0000000E+00
    20   4   5 8.9224E+02 1.5036E+03 3.7658099E-13 4.4189899E-12 0.0000000E+00
    20   4   6 8.9224E+02 1.5153E+03 9.7977668E-12 1.1466250E-10 0.0000000E+00
    20   5   5 1.5036E+03 1.5036E+03 1.0225318E+04 4.1637907E+05 0.0000000E+00
    20   5   6 1.5036E+03 1.5153E+03 2.9618462E+05 2.3109798E+04 0.0000000E+00
    20   6   6 1.5153E+03 1.5153E+03 2.4341745E+03 2.8647579E+05 0.0000000E+00
    21   1   1 1.2842E+02 1.2842E+02 2.0182290E+05 3.1948419E+07 0.0000000E+00
    21   1   2 1.2842E+02 2.6573E+02 3.5864703E-12 3.5232060E-14 0.0000000E+00
    21   1   3 1.2842E+02 4.7623E+02 5.0593591E-11 2.8656665E-12 0.0000000E+00
    21   1   4 1.2842E+02 8.7615E+02 2.0377632E+04 1.0642727E+06 0.0000000E+00
    21   1   5 1.2842E+02 1.5000E+03 8.9629530E-13 2.1609136E-12 0.0000000E+00
    21   1   6 1.2842E+02 1.5179E+03 4.2640783E-11 1.0498683E-10 0.0000000E+00
    21   2   2 2.6573E+02 2.6573E+02 8.8774520E+06 1.2308541E+08 0.0000000E+00
    21   2   3 2.6573E+02 4.7623E+02 8.5964469E+07 4.1827411E+06 0.0000000E+00
    21   2   4 2.6573E+02 8.7615E+02 5.3403143E-13 3.5232829E-14 0.0000000E+00
    21   2   5 2.6573E+02 1.5000E+03 2.5626595E+06 2.2170040E+07 0.0000000E+00
    21   2   6 2.6573E+02 1.5179E+03 1.4645033E+07 2.0325427E+06 0.0000000E+00
    21   3   3 4.7623E+02 4.7623E+02 1.3671015E+07 3.9283611E+08 0.0000000E+00
    21   3   4 4.7623E+02 8.7615E+02 1.4834809E-11 2.8656884E-12 0.0000000E+00
    21   3   5 4.7623E+02 1.5000E+03 1.7056827E+07 2.4773335E+06 0.0000000E+00
    21   3   6 4.7623E+02 1.5179E+03 1.0429573E+06 1.4197334E+07 0.0000000E+00
    21   4   4 8.7615E+02 8.7615E+02 3.6585436E+05 1.3104987E+07 0.0000000E+00
    21   4   5 8.7615E+02 1.5000E+03 7.4600586E-13 2.1609128E-12 0.0000000E+00
    21   4   6 8.7615E+02 1.5179E+03 3.5671501E-11 1.0498683E-10 0.0000000E+00
    21   5   5 1.5000E+03 1.5000E+03 3.9641116E+03 6.8736117E+05 0.0000000E+00
    21   5   6 1.5000E+03 1.5179E+03 3.8337081E+05 2.2778310E+04 0.0000000E+00
    21   6   6 1.5179E+03 1.5179E+03 1.1398840E+04 2.4301725E+05 0.0000000E+00
    22   1   1 1.5621E+02 1.5621E+02 1.9120463E+05 3.1437364E+07 0.0000000E+00
    22   1   2 1.5621E+02 3.1979E+02 3.6464035E-13 3.4124792E-12 0.0000000E+00
    22   1   3 1.5621E+02 5.7319E+02 1.0900626E-11 6.4859171E-11 0.0000000E+00
    22   1   4 1.5621E+02 8.5662E+02 2.9255454E+04 1.1592944E+06 0.0000000E+00
    22   1   5 1.5621E+02 1.4954E+03 2.3563873E-13 1.9167651E-13 0.0000000E+00
    22   1   6 1.5621E+02 1.5199E+03 1.9569322E-11 1.5227970E-11 0.0000000E+00
    22   2   2 3.1979E+02 3.1979E+02 8.0116265E+06 1.1632106E+08 0.0000000E+00
    22   2   3 3.1979E+02 5.7319E+02 7.9736873E+07 3.0269285E+06 0.0000000E+00
    22   2   4 3.1979E+02 8.5662E+02 8.9627288E-14 5.7093461E-13 0.0000000E+00
    22   2   5 3.1979E+02 1.4954E+03 1.5344271E+06 2.5930631E+07 0.0000000E+00
    22   2   6 3.1979E+02 1.5199E+03 1.2619392E+07 1.1135625E+06 0.0000000E+00
    22   3   3 5.7319E+02 5.7319E+02 7.1901668E+06 3.7740467E+08 0.0000000E+00
    22   3   4 5.7319E+02 8.5662E+02 5.2602877E-12 1.7546483E-11 0.0000000E+00
    22   3   5 5.7319E+02 1.4954E+03 1.6713231E+07 1.6197212E+06 0.0000000E+00
    22   3   6 5.7319E+02 1.5199E+03 3.9274185E+05 1.1605209E+07 0.0000000E+00
    22   4   4 8.5662E+02 8.5662E+02 3.5618094E+05 1.8318816E+07 0.0000000E+00
    22   4   5 8.5662E+02 1.4954E+03 2.1311167E-13 1.0427464E-13 0.0000000E+00
    22   4   6 8.5662E+02 1.5199E+03 1.7770256E-11 8.3689674E-12 0.0000000E+00
    22   5   5 1.4954E+03 1.4954E+03 3.9261325E+02 1.0131646E+06 0.0000000E+00
    22   5   6 1.4954E+03 1.5199E+03 4.1397337E+05 2.3003757E+04 0.0000000E+00
    22   6   6 1.5199E+03 1.5199E+03 2.9035285E+04 1.0318869E+05 0.0000000E+00
    23   1   1 1.8376E+02 1.8376E+02 1.8952953E+05 3.0810859E+07 0.0000000E+00
    23   1   2 1.8376E+02 3.7202E+02 1.8789245E-13 3.8925977E-13 0.0000000E+00
    23   1   3 1.8376E+02 6.6778E+02 2.5133499E-14 3.3008856E-11 0.0000000E+00
    23   1   4 1.8376E+02 8.3404E+02 3.9185949E+04 1.3589343E+06 0.0000000E+00
    23   1   5 1.8376E+02 1.4901E+03 2.6157868E-13 6.5300655E-13 0.0000000E+00
    23   1   6 1.8376E+02 1.5208E+03 3.8637947E-11 9.3529375E-11 0.0000000E+00
    23   2   2 3.7202E+02 3.7202E+02 7.6861273E+06 1.0722930E+08 0.0000000E+00
    23   2   3 3.7202E+02 6.6778E+02 7.1946271E+07 2.3449832E+06 0.0000000E+00
    23   2   4 3.7202E+02 8.3404E+02 5.1192062E-15 1.8265132E-13 0.0000000E+00
    23   2   5 3.7202E+02 1.4901E+03 9.4335654E+05 3.0125105E+07 0.0000000E+00
    23   2   6 3.7202E+02 1.5208E+03 1.0517741E+07 6.2539803E+05 0.0000000E+00
    23   3   3 6.6778E+02 6.6778E+02 3.6974464E+06 3.5609608E+08 0.0000000E+00
    23   3   4 6.6778E+02 8.3404E+02 2.1767343E-12 2.4051169E-11 0.0000000E+00
    23   3   5 6.6778E+02 1.4901E+03 1.6119664E+07 1.1306028E+06 0.0000000E+00
    23   3   6 6.6778E+02 1.5208E+03 1.1525189E+05 9.1343050E+06 0.0000000E+00
    23   4   4 8.3404E+02 8.3404E+02 3.4564618E+05 2.3554982E+07 0.0000000E+00
    23   4   5 8.3404E+02 1.4901E+03 3.0791050E-13 6.1544775E-13 0.0000000E+00
    23   4   6 8.3404E+02 1.5208E+03 4.5046358E-11 8.8397602E-11 0.0000000E+00
    23   5   5 1.4901E+03 1.4901E+03 7.1308087E+02 1.3714015E+06 0.0000000E+00
    23   5   6 1.4901E+03 1.5208E+03 3.7195747E+05 2.4057814E+04 0.0000000E+00
    23   6   6 1.5208E+03 1.5208E+03 5.6082607E+04 6.9217007E+01 0.0000000E+00
    24   1   1 2.1100E+02 2.1100E+02 1.9165675E+05 3.0078429E+07 0.0000000E+00
    24   1   2 2.1100E+02 4.2184E+02 1.1669445E-13 1.1461542E-13 0.0000000E+00
    24   1   3 2.1100E+02 7.5929E+02 3.7571907E-11 1.5027747E-12 0.0000000E+00
    24   1   4 2.1100E+02 8.0887E+02 4.9729480E+04 1.7272049E+06 0.0000000E+00
    24   1   5 2.1100E+02 1.4839E+03 5.8868238E-13 8.2617631E-15 0.0000000E+00
    24   1   6 2.1100E+02 1.5198E+03 1.5155136E-10 2.3387473E-12 0.0000000E+00
    24   2   2 4.2184E+02 4.2184E+02 7.6173840E+06 9.6203766E+07 0.0000000E+00
    24   2   3 4.2184E+02 7.5929E+02 6.3329558E+07 1.9129988E+06 0.0000000E+00
    24   2   4 4.2184E+02 8.0887E+02 1.1669434E-13 7.4554513E-13 0.0000000E+00
    24   2   5 4.2184E+02 1.4839E+03 5.7734823E+05 3.4927047E+07 0.0000000E+00
    24   2   6 4.2184E+02 1.5198E+03 8.6257784E+06 3.4689223E+05 0.0000000E+00
    24   3   3 7.5929E+02 7.5929E+02 1.7740832E+06 3.3058092E+08 0.0000000E+00
    24   3   4 7.5929E+02 8.0887E+02 3.7571906E-11 3.1737684E-12 0.0000000E+00
    24   3   5 7.5929E+02 1.4839E+03 1.5386828E+07 8.2630053E+05 0.0000000E+00
    24   3   6 7.5929E+02 1.5198E+03 1.4349600E+04 6.9872979E+06 0.0000000E+00
    24   4   4 8.0887E+02 8.0887E+02 3.3493937E+05 2.8340636E+07 0.0000000E+00
    24   4   5 8.0887E+02 1.4839E+03 5.8868232E-13 1.9118660E-14 0.0000000E+00
    24   4   6 8.0887E+02 1.5198E+03 1.5155136E-10 5.0008753E-12 0.0000000E+00
    24   5   5 1.4839E+03 1.4839E+03 5.4705968E+03 1.7245639E+06 0.0000000E+00
    24   5   6 1.4839E+03 1.5198E+03 2.6416997E+05 2.6602671E+04 0.0000000E+00
    24   6   6 1.5198E+03 1.5198E+03 9.1002836E+04 2.0281231E+05 0.0000000E+00
    25   1   1 2.3789E+02 2.3789E+02 1.9531669E+05 2.9200535E+07 0.0000000E+00
    25   1   2 2.3789E+02 4.6867E+02 1.3361572E-15 3.3654419E-14 0.0000000E+00
    25   1   3 2.3789E+02 7.8167E+02 6.0186768E+04 2.3727631E+06 0.0000000E+00
    25   1   4 2.3789E+02 8.4711E+02 1.3365448E-11 3.3226039E-11 0.0000000E+00
    25   1   5 2.3789E+02 1.4771E+03 2.3992843E-13 2.7201292E-13 0.0000000E+00
    25   1   6 2.3789E+02 1.5161E+03 1.2075830E-10 1.3708315E-10 0.0000000E+00
    25   2   2 4.6867E+02 4.6867E+02 7.6722322E+06 8.3547606E+07 0.0000000E+00
    25   2   3 4.6867E+02 7.8167E+02 1.3611410E-14 5.5493156E-14 0.0000000E+00
    25   2   4 4.6867E+02 8.4711E+02 5.4426618E+07 1.6263551E+06 0.0000000E+00
    25   2   5 4.6867E+02 1.4771E+03 3.3792310E+05 4.0388103E+07 0.0000000E+00
    25   2   6 4.6867E+02 1.5161E+03 7.0683089E+06 1.7550924E+05 0.0000000E+00
    25   3   3 7.8167E+02 7.8167E+02 3.2498619E+05 3.2181804E+07 0.0000000E+00
    25   3   4 7.8167E+02 8.4711E+02 1.7264296E-11 3.7779688E-11 0.0000000E+00
    25   3   5 7.8167E+02 1.4771E+03 2.5009895E-13 2.8076056E-13 0.0000000E+00
    25   3   6 7.8167E+02 1.5161E+03 1.2573090E-10 1.4119968E-10 0.0000000E+00
    25   4   4 8.4711E+02 8.4711E+02 7.3823552E+05 3.0200590E+08 0.0000000E+00
    25   4   5 8.4711E+02 1.4771E+03 1.4529813E+07 6.2222928E+05 0.0000000E+00
    25   4   6 8.4711E+02 1.5161E+03 3.2210246E+03 5.2188578E+06 0.0000000E+00
    25   5   5 1.4771E+03 1.4771E+03 1.3944638E+04 2.0201816E+06 0.0000000E+00
    25   5   6 1.4771E+03 1.5161E+03 1.2495719E+05 3.2185638E+04 0.0000000E+00
    25   6   6 1.5161E+03 1.5161E+03 1.2922779E+05 1.1079818E+06 0.0000000E+00
    26   1   1 2.6432E+02 2.6432E+02 1.9983430E+05 2.8066534E+07 0.0000000E+00
    26   1   2 2.6432E+02 5.1188E+02 2.8716689E-13 1.1826842E-13 0.0000000E+00
    26   1   3 2.6432E+02 7.5309E+02 6.9465325E+04 3.4780585E+06 0.0000000E+00
    26   1   4 2.6432E+02 9.3070E+02 5.5814152E-11 4.8830339E-12 0.0000000E+00
    26   1   5 2.6432E+02 1.4700E+03 7.6793449E-14 2.9960052E-16 0.0000000E+00
    26   1   6 2.6432E+02 1.5092E+03 7.3945282E-11 3.0748257E-13 0.0000000E+00
    26   2   2 5.1188E+02 5.1188E+02 7.7808313E+06 6.9618633E+07 0.0000000E+00
    26   2   3 5.1188E+02 7.5309E+02 3.1903809E-14 5.4808133E-14 0.0000000E+00
    26   2   4 5.1188E+02 9.3070E+02 4.5670675E+07 1.4317538E+06 0.0000000E+00
    26   2   5 5.1188E+02 1.4700E+03 1.7532147E+05 4.6464322E+07 0.0000000E+00
    26   2   6 5.1188E+02 1.5092E+03 5.8889078E+06 6.2438484E+04 0.0000000E+00
    26   3   3 7.5309E+02 7.5309E+02 3.1704617E+05 3.4573909E+07 0.0000000E+00
    26   3   4 7.5309E+02 9.3070E+02 3.4148436E-11 4.1765348E-14 0.0000000E+00
    26   3   5 7.5309E+02 1.4700E+03 6.4290243E-14 1.0802963E-15 0.0000000E+00
    26   3   6 7.5309E+02 1.5092E+03 6.2563555E-11 1.1878718E-12 0.0000000E+00
    26   4   4 9.3070E+02 9.3070E+02 2.2582944E+05 2.7133703E+08 0.0000000E+00
    26   4   5 9.3070E+02 1.4700E+03 1.3527559E+07 4.7476670E+05 0.0000000E+00
    26   4   6 9.3070E+02 1.5092E+03 4.3573984E+04 3.8193043E+06 0.0000000E+00
    26   5   5 1.4700E+03 1.4700E+03 2.3339294E+04 2.1978388E+06 0.0000000E+00
    26   5   6 1.4700E+03 1.5092E+03 1.6510721E+04 4.5000059E+04 0.0000000E+00
    26   6   6 1.5092E+03 1.5092E+03 1.6203157E+05 3.2036707E+06 0.0000000E+00
    27   1   1 2.9012E+02 2.9012E+02 2.0575389E+05 2.6455119E+07 0.0000000E+00
    27   1   2 2.9012E+02 5.5082E+02 1.6092152E-14 7.9231826E-14 0.0000000E+00
    27   1   3 2.9012E+02 7.2390E+02 7.5917619E+04 5.3396678E+06 0.0000000E+00
    27   1   4 2.9012E+02 1.0096E+03 1.6709736E-11 5.6489491E-11 0.0000000E+00
    27   1   5 2.9012E+02 1.4626E+03 4.9004081E-14 9.3547155E-14 0.0000000E+00
    27   1   6 2.9012E+02 1.4983E+03 3.6943350E-11 2.9598253E-11 0.0000000E+00
    27   2   2 5.5082E+02 5.5082E+02 7.9045775E+06 5.4914347E+07 0.0000000E+00
    27   2   3 5.5082E+02 7.2390E+02 1.6092148E-14 6.1197585E-14 0.0000000E+00
    27   2   4 5.5082E+02 1.0096E+03 3.7415270E+07 1.3006410E+06 0.0000000E+00
    27   2   5 5.5082E+02 1.4626E+03 6.4131045E+04 5.2989988E+07 0.0000000E+00
    27   2   6 5.5082E+02 1.4983E+03 5.0901996E+06 1.0044410E+03 0.0000000E+00
    27   3   3 7.2390E+02 7.2390E+02 3.1284807E+05 3.5000901E+07 0.0000000E+00
    27   3   4 7.2390E+02 1.0096E+03 1.6709736E-11 5.2294496E-11 0.0000000E+00
    27   3   5 7.2390E+02 1.4626E+03 4.9004079E-14 8.9806237E-14 0.0000000E+00
    27   3   6 7.2390E+02 1.4983E+03 3.6943349E-11 2.7860735E-11 0.0000000E+00
    27   4   4 1.0096E+03 1.0096E+03 2.5989819E+04 2.3947836E+08 0.0000000E+00
    27   4   5 1.0096E+03 1.4626E+03 1.2341026E+07 3.5729408E+05 0.0000000E+00
    27   4   6 1.0096E+03 1.4983E+03 1.2827655E+05 2.7537986E+06 0.0000000E+00
    27   5   5 1.4626E+03 1.4626E+03 2.7258111E+04 2.2090391E+06 0.0000000E+00
    27   5   6 1.4626E+03 1.4983E+03 2.5391787E+04 7.9481136E+04 0.0000000E+00
    27   6   6 1.4983E+03 1.4983E+03 1.7351826E+05 7.0008701E+06 0.0000000E+00
    28   1   1 3.1495E+02 3.1495E+02 2.1472548E+05 2.3983702E+07 0.0000000E+00
    28   1   2 3.1495E+02 5.8481E+02 5.3665930E-15 3.7565484E-14 0.0000000E+00
    28   1   3 3.1495E+02 6.9503E+02 7.7191512E+04 8.4106610E+06 0.0000000E+00
    28   1   4 3.1495E+02 1.0834E+03 1.7660463E-12 3.0823291E-11 0.0000000E+00
    28   1   5 3.1495E+02 1.4554E+03 6.1383953E-15 3.0766828E-13 0.0000000E+00
    28   1   6 3.1495E+02 1.4829E+03 4.5953721E-13 4.8245445E-11 0.0000000E+00
    28   2   2 5.8481E+02 5.8481E+02 8.0221270E+06 4.0130996E+07 0.0000000E+00
    28   2   3 5.8481E+02 6.9503E+02 1.5613275E-15 6.5000102E-15 0.0000000E+00
    28   2   4 5.8481E+02 1.0834E+03 2.9939479E+07 1.2178531E+06 0.0000000E+00
    28   2   5 5.8481E+02 1.4554E+03 1.9639602E+03 5.9525371E+07 0.0000000E+00
    28   2   6 5.8481E+02 1.4829E+03 4.6516349E+06 1.4113183E+05 0.0000000E+00
    28   3   3 6.9503E+02 6.9503E+02 3.1472737E+05 3.2928237E+07 0.0000000E+00
    28   3   4 6.9503E+02 1.0834E+03 8.9265991E-13 2.5094760E-11 0.0000000E+00
    28   3   5 6.9503E+02 1.4554E+03 3.1040611E-15 2.8228935E-13 0.0000000E+00
    28   3   6 6.9503E+02 1.4829E+03 1.7818791E-13 4.4469947E-11 0.0000000E+00
    28   4   4 1.0834E+03 1.0834E+03 9.1366247E+03 2.0730445E+08 0.0000000E+00
    28   4   5 1.0834E+03 1.4554E+03 1.0888621E+07 2.4429973E+05 0.0000000E+00
    28   4   6 1.0834E+03 1.4829E+03 3.0868260E+05 1.9884271E+06 0.0000000E+00
    28   5   5 1.4554E+03 1.4554E+03 1.3474406E+04 2.0750900E+06 0.0000000E+00
    28   5   6 1.4554E+03 1.4829E+03 2.5802745E+05 2.0903167E+05 0.0000000E+00
    28   6   6 1.4829E+03 1.4829E+03 1.3044354E+05 1.2845158E+07 0.0000000E+00
    29   1   1 3.3819E+02 3.3819E+02 2.2928401E+05 2.0091496E+07 0.0000000E+00
    29   1   2 3.3819E+02 6.1314E+02 1.1007134E-14 3.6986554E-13 0.0000000E+00
    29   1   3 3.3819E+02 6.6770E+02 7.0300595E+04 1.3291398E+07 0.0000000E+00
    29   1   4 3.3819E+02 1.1516E+03 1.7296785E-12 4.9985927E-11 0.0000000E+00
    29   1   5 3.3819E+02 1.4482E+03 6.8198752E-14 7.4777621E-12 0.0000000E+00
    29   1   6 3.3819E+02 1.4631E+03 1.0576237E-12 1.2084520E-10 0.0000000E+00
    29   2   2 6.1314E+02 6.1314E+02 8.1222209E+06 2.6189547E+07 0.0000000E+00
    29   2   3 6.1314E+02 6.6770E+02 2.1080804E-15 2.9794402E-14 0.0000000E+00
    29   2   4 6.1314E+02 1.1516E+03 2.3446871E+07 1.1767218E+06 0.0000000E+00
    29   2   5 6.1314E+02 1.4482E+03 1.7248427E+05 6.3032762E+07 0.0000000E+00
    29   2   6 6.1314E+02 1.4631E+03 4.3814229E+06 3.0864266E+06 0.0000000E+00
    29   3   3 6.6770E+02 6.6770E+02 3.2554843E+05 2.7842206E+07 0.0000000E+00
    29   3   4 6.6770E+02 1.1516E+03 6.1760684E-13 7.9522157E-11 0.0000000E+00
    29   3   5 6.6770E+02 1.4482E+03 5.1500794E-14 8.9579724E-12 0.0000000E+00
    29   3   6 6.6770E+02 1.4631E+03 8.2071472E-13 1.4377466E-10 0.0000000E+00
    29   4   4 1.1516E+03 1.1516E+03 9.2768372E+04 1.7565326E+08 0.0000000E+00
    29   4   5 1.1516E+03 1.4482E+03 8.6151479E+06 7.5172422E+04 0.0000000E+00
    29   4   6 1.1516E+03 1.4631E+03 1.1295716E+06 1.5346148E+06 0.0000000E+00
    29   5   5 1.4482E+03 1.4482E+03 4.9580915E+04 2.4516703E+06 0.0000000E+00
    29   5   6 1.4482E+03 1.4631E+03 7.7476607E+05 1.2367234E+06 0.0000000E+00
    29   6   6 1.4631E+03 1.4631E+03 4.0012881E+01 1.8980569E+07 0.0000000E+00
    30   1   1 3.5873E+02 3.5873E+02 2.5175379E+05 1.4245767E+07 0.0000000E+00
    30   1   2 3.5873E+02 6.3512E+02 5.2399261E-14 2.5966508E-14 0.0000000E+00
    30   1   3 3.5873E+02 6.4358E+02 5.2691604E+04 2.0463344E+07 0.0000000E+00
    30   1   4 3.5873E+02 1.2141E+03 8.1506885E-11 5.9400006E-11 0.0000000E+00
    30   1   5 3.5873E+02 1.4335E+03 8.0528952E-11 6.2949716E-11 0.0000000E+00
    30   1   6 3.5873E+02 1.4463E+03 2.0948114E-11 1.6430681E-11 0.0000000E+00
    30   2   2 6.3512E+02 6.3512E+02 8.1994467E+06 1.4200386E+07 0.0000000E+00
    30   2   3 6.3512E+02 6.4358E+02 4.1820683E-14 2.2965157E-14 0.0000000E+00
    30   2   4 6.3512E+02 1.2141E+03 1.8068978E+07 1.1772774E+06 0.0000000E+00
    30   2   5 6.3512E+02 1.4335E+03 3.8745203E+06 1.6421862E+07 0.0000000E+00
    30   2   6 6.3512E+02 1.4463E+03 9.9443949E+05 5.5355243E+07 0.0000000E+00
    30   3   3 6.4358E+02 6.4358E+02 3.4758190E+05 1.9548795E+07 0.0000000E+00
    30   3   4 6.4358E+02 1.2141E+03 7.5842081E-11 5.7589905E-11 0.0000000E+00
    30   3   5 6.4358E+02 1.4335E+03 7.6560659E-11 6.1653575E-11 0.0000000E+00
    30   3   6 6.4358E+02 1.4463E+03 1.9935360E-11 1.6099539E-11 0.0000000E+00
    30   4   4 1.2141E+03 1.2141E+03 2.2407614E+05 1.4529293E+08 0.0000000E+00
    30   4   5 1.2141E+03 1.4335E+03 1.0012372E+06 3.7646445E+05 0.0000000E+00
    30   4   6 1.2141E+03 1.4463E+03 7.1214121E+06 8.4013448E+05 0.0000000E+00
    30   5   5 1.4335E+03 1.4335E+03 1.6117774E+06 2.6452490E+07 0.0000000E+00
    30   5   6 1.4335E+03 1.4463E+03 2.1633650E+05 3.1578776E+06 0.0000000E+00
    30   6   6 1.4463E+03 1.4463E+03 1.1421104E+06 2.7615128E+06 0.0000000E+00
    31   1   1 3.7472E+02 3.7472E+02 2.8050747E+05 6.8541348E+06 0.0000000E+00
    31   1   2 3.7472E+02 6.2492E+02 2.6175098E+04 2.9270575E+07 0.0000000E+00
    31   1   3 3.7472E+02 6.5016E+02 4.1299703E-15 6.7416794E-13 0.0000000E+00
    31   1   4 3.7472E+02 1.2706E+03 8.2947839E-12 3.7895643E-12 0.0000000E+00
    31   1   5 3.7472E+02 1.4029E+03 9.5505446E-12 1.3371337E-11 0.0000000E+00
    31   1   6 3.7472E+02 1.4412E+03 3.9171227E-13 5.2010659E-13 0.0000000E+00
    31   2   2 6.2492E+02 6.2492E+02 3.7837033E+05 9.2392485E+06 0.0000000E+00
    31   2   3 6.2492E+02 6.5016E+02 1.6972747E-15 7.0600273E-15 0.0000000E+00
    31   2   4 6.2492E+02 1.2706E+03 7.9576241E-12 2.6202301E-12 0.0000000E+00
    31   2   5 6.2492E+02 1.4029E+03 9.3570635E-12 1.0676949E-11 0.0000000E+00
    31   2   6 6.2492E+02 1.4412E+03 3.8531375E-13 4.4647971E-13 0.0000000E+00
    31   3   3 6.5016E+02 6.5016E+02 8.2515347E+06 5.3354904E+06 0.0000000E+00
    31   3   4 6.5016E+02 1.2706E+03 1.3905596E+07 1.2233921E+06 0.0000000E+00
    31   3   5 6.5016E+02 1.4029E+03 5.4896220E+06 3.7306846E+06 0.0000000E+00
    31   3   6 6.5016E+02 1.4412E+03 1.1239338E+05 7.2267914E+07 0.0000000E+00
    31   4   4 1.2706E+03 1.2706E+03 3.7083654E+05 1.1682007E+08 0.0000000E+00
    31   4   5 1.2706E+03 1.4029E+03 3.5703239E+04 6.5307288E+05 0.0000000E+00
    31   4   6 1.2706E+03 1.4412E+03 6.3113249E+06 4.6664863E+05 0.0000000E+00
    31   5   5 1.4029E+03 1.4029E+03 9.2347124E+05 4.8623403E+07 0.0000000E+00
    31   5   6 1.4029E+03 1.4412E+03 1.9718289E+06 7.1068604E+05 0.0000000E+00
    31   6   6 1.4412E+03 1.4412E+03 6.4599746E+05 4.6827428E+05 0.0000000E+00
    32   1   1 3.8372E+02 3.8372E+02 3.0367652E+05 9.1102955E+05 0.0000000E+00
    32   1   2 3.8372E+02 6.1450E+02 3.5277049E+03 3.6196062E+07 0.0000000E+00
    32   1   3 3.8372E+02 6.5781E+02 4.4370513E-14 3.2625768E-13 0.0000000E+00
    32   1   4 3.8372E+02 1.3207E+03 5.3196341E-12 1.4029428E-10 0.0000000E+00
    32   1   5 3.8372E+02 1.3654E+03 5.3034900E-12 1.4263206E-10 0.0000000E+00
    32   1   6 3.8372E+02 1.4390E+03 1.1513691E-13 3.1863550E-12 0.0000000E+00
    32   2   2 6.1450E+02 6.1450E+02 4.0385649E+05 1.2115695E+06 0.0000000E+00
    32   2   3 6.1450E+02 6.5781E+02 2.2423038E-15 3.2065497E-14 0.0000000E+00
    32   2   4 6.1450E+02 1.3207E+03 4.2428054E-12 1.1913179E-10 0.0000000E+00
    32   2   5 6.1450E+02 1.3654E+03 4.3159427E-12 1.2293555E-10 0.0000000E+00
    32   2   6 6.1450E+02 1.4390E+03 9.6362036E-14 2.8037614E-12 0.0000000E+00
    32   3   3 6.5781E+02 6.5781E+02 8.2776874E+06 6.0608706E+05 0.0000000E+00
    32   3   4 6.5781E+02 1.3207E+03 1.1565510E+07 1.2381472E+06 0.0000000E+00
    32   3   5 6.5781E+02 1.3654E+03 6.2016483E+06 2.3173824E+06 0.0000000E+00
    32   3   6 6.5781E+02 1.4390E+03 8.9865699E+03 7.5971780E+07 0.0000000E+00
    32   4   4 1.3207E+03 1.3207E+03 5.1556747E+05 8.8968089E+07 0.0000000E+00
    32   4   5 1.3207E+03 1.3654E+03 1.3301820E+03 2.6466736E+06 0.0000000E+00
    32   4   6 1.3207E+03 1.4390E+03 4.1791514E+06 4.5012133E+05 0.0000000E+00
    32   5   5 1.3654E+03 1.3654E+03 6.8863261E+05 6.6575548E+07 0.0000000E+00
    32   5   6 1.3654E+03 1.4390E+03 3.9561581E+06 3.6430047E+05 0.0000000E+00
    32   6   6 1.4390E+03 1.4390E+03 5.4200007E+05 4.9578940E+04 0.0000000E+00
    33   1   1 8.9738E+01 8.9738E+01 1.0963956E+06 3.1130988E+07 0.0000000E+00
    33   1   2 8.9738E+01 2.0396E+02 5.7259514E-14 1.9173939E-11 0.0000000E+00
    33   1   3 8.9738E+01 3.6605E+02 5.0478888E-13 2.1344078E-11 0.0000000E+00
    33   1   4 8.9738E+01 8.9497E+02 3.8946421E+04 9.2886125E+05 0.0000000E+00
    33   1   5 8.9738E+01 1.5042E+03 2.3843763E-12 2.9938513E-13 0.0000000E+00
    33   1   6 8.9738E+01 1.5139E+03 9.3792466E-12 1.1399492E-12 0.0000000E+00
    33   2   2 2.0396E+02 2.0396E+02 3.7458248E+07 1.0739057E+08 0.0000000E+00
    33   2   3 2.0396E+02 3.6605E+02 7.2481810E+07 2.4314264E+07 0.0000000E+00
    33   2   4 2.0396E+02 8.9497E+02 5.7258746E-14 1.3265793E-12 0.0000000E+00
    33   2   5 2.0396E+02 1.5042E+03 1.8248877E+07 4.9786466E+06 0.0000000E+00
    33   2   6 2.0396E+02 1.5139E+03 6.1995700E+06 1.5296282E+07 0.0000000E+00
    33   3   3 3.6605E+02 3.6605E+02 1.2321441E+08 3.0527109E+08 0.0000000E+00
    33   3   4 3.6605E+02 8.9497E+02 5.0479550E-13 2.6308727E-12 0.0000000E+00
    33   3   5 3.6605E+02 1.5042E+03 6.1629923E+06 1.5674106E+07 0.0000000E+00
    33   3   6 3.6605E+02 1.5139E+03 1.1075150E+07 6.5487953E+06 0.0000000E+00
    33   4   4 8.9497E+02 8.9497E+02 1.4947509E+06 6.2260707E+06 0.0000000E+00
    33   4   5 8.9497E+02 1.5042E+03 2.3843752E-12 9.5405687E-14 0.0000000E+00
    33   4   6 8.9497E+02 1.5139E+03 9.3792481E-12 3.6343305E-13 0.0000000E+00
    33   5   5 1.5042E+03 1.5042E+03 9.3424221E+04 2.5489562E+05 0.0000000E+00
    33   5   6 1.5042E+03 1.5139E+03 2.8465143E+05 9.7069143E+04 0.0000000E+00
    33   6   6 1.5139E+03 1.5139E+03 5.5533742E+01 1.9774185E+05 0.0000000E+00
    34   1   1 1.1743E+02 1.1743E+02 8.8075009E+05 3.1649918E+07 0.0000000E+00
    34   1   2 1.1743E+02 2.5653E+02 2.2587082E-12 1.2868019E-11 0.0000000E+00
    34   1   3 1.1743E+02 4.5452E+02 4.3730012E-12 3.3673001E-11 0.0000000E+00
    34   1   4 1.1743E+02 8.8076E+02 6.6490705E+04 9.3036237E+05 0.0000000E+00
    34   1   5 1.1743E+02 1.5013E+03 2.0557901E-12 3.1489812E-12 0.0000000E+00
    34   1   6 1.1743E+02 1.5162E+03 1.6235539E-11 2.4475977E-11 0.0000000E+00
    34   2   2 2.5653E+02 2.5653E+02 2.7681562E+07 1.1711986E+08 0.0000000E+00
    34   2   3 2.5653E+02 4.5452E+02 8.1185885E+07 1.6752796E+07 0.0000000E+00
    34   2   4 2.5653E+02 8.8076E+02 2.2537064E-13 1.7762244E-12 0.0000000E+00
    34   2   5 2.5653E+02 1.5013E+03 1.1722316E+07 1.1266164E+07 0.0000000E+00
    34   2   6 2.5653E+02 1.5162E+03 9.7236176E+06 9.2324077E+06 0.0000000E+00
    34   3   3 4.5452E+02 4.5452E+02 6.9902654E+07 3.3251279E+08 0.0000000E+00
    34   3   4 4.5452E+02 8.8076E+02 1.4098392E-12 9.0412807E-12 0.0000000E+00
    34   3   5 4.5452E+02 1.5013E+03 1.0528914E+07 1.0530723E+07 0.0000000E+00
    34   3   6 4.5452E+02 1.5162E+03 5.5367008E+06 9.1058271E+06 0.0000000E+00
    34   4   4 8.8076E+02 8.8076E+02 1.4645996E+06 1.0585909E+07 0.0000000E+00
    34   4   5 8.8076E+02 1.5013E+03 2.1527222E-12 2.4759519E-12 0.0000000E+00
    34   4   6 8.8076E+02 1.5162E+03 1.6987226E-11 1.9336756E-11 0.0000000E+00
    34   5   5 1.5013E+03 1.5013E+03 5.0682747E+04 4.6853962E+05 0.0000000E+00
    34   5   6 1.5013E+03 1.5162E+03 4.1180953E+05 9.2545598E+04 0.0000000E+00
    34   6   6 1.5162E+03 1.5162E+03 1.1889041E+04 2.0339934E+05 0.0000000E+00
    35   1   1 1.4519E+02 1.4519E+02 7.9901744E+05 3.1529607E+07 0.0000000E+00
    35   1   2 1.4519E+02 3.1006E+02 1.5968033E-12 6.6824516E-12 0.0000000E+00
    35   1   3 1.4519E+02 5.4512E+02 6.9851320E-12 2.8320833E-11 0.0000000E+00
    35   1   4 1.4519E+02 8.6295E+02 9.9934157E+04 9.7956677E+05 0.0000000E+00
    35   1   5 1.4519E+02 1.4975E+03 5.8006761E-13 2.7863192E-13 0.0000000E+00
    35   1   6 1.4519E+02 1.5182E+03 8.1426924E-12 6.4511512E-12 0.0000000E+00
    35   2   2 3.1006E+02 3.1006E+02 2.4340113E+07 1.1691714E+08 0.0000000E+00
    35   2   3 3.1006E+02 5.4512E+02 8.2293449E+07 1.2373878E+07 0.0000000E+00
    35   2   4 3.1006E+02 8.6295E+02 2.9144236E-13 1.2334597E-12 0.0000000E+00
    35   2   5 3.1006E+02 1.4975E+03 7.4616209E+06 1.6923667E+07 0.0000000E+00
    35   2   6 3.1006E+02 1.5182E+03 1.0680497E+07 5.4741725E+06 0.0000000E+00
    35   3   3 5.4512E+02 5.4512E+02 3.9328416E+07 3.3836564E+08 0.0000000E+00
    35   3   4 5.4512E+02 8.6295E+02 2.4976316E-12 9.0605287E-12 0.0000000E+00
    35   3   5 5.4512E+02 1.4975E+03 1.2894236E+07 7.2295377E+06 0.0000000E+00
    35   3   6 5.4512E+02 1.5182E+03 2.4686686E+06 9.3070865E+06 0.0000000E+00
    35   4   4 8.6295E+02 8.6295E+02 1.4279822E+06 1.5597151E+07 0.0000000E+00
    35   4   5 8.6295E+02 1.4975E+03 5.1586842E-13 2.1749105E-13 0.0000000E+00
    35   4   6 8.6295E+02 1.5182E+03 7.2754706E-12 5.2200235E-12 0.0000000E+00
    35   5   5 1.4975E+03 1.4975E+03 1.8156850E+04 7.3935533E+05 0.0000000E+00
    35   5   6 1.4975E+03 1.5182E+03 4.8541497E+05 9.0533840E+04 0.0000000E+00
    35   6   6 1.5182E+03 1.5182E+03 5.7424357E+04 1.1448631E+05 0.0000000E+00
    36   1   1 1.7283E+02 1.7283E+02 7.7218637E+05 3.1100684E+07 0.0000000E+00
    36   1   2 1.7283E+02 3.6288E+02 4.1094529E-12 5.3274293E-12 0.0000000E+00
    36   1   3 1.7283E+02 6.3557E+02 4.4805840E-11 5.1280968E-11 0.0000000E+00
    36   1   4 1.7283E+02 8.4189E+02 1.3834726E+05 1.1047752E+06 0.0000000E+00
    36   1   5 1.7283E+02 1.4928E+03 3.5449675E-12 3.2500670E-12 0.0000000E+00
    36   1   6 1.7283E+02 1.5193E+03 8.5997018E-11 7.8564603E-11 0.0000000E+00
    36   2   2 3.6288E+02 3.6288E+02 2.3596159E+07 1.1133260E+08 0.0000000E+00
    36   2   3 3.6288E+02 6.3557E+02 7.8562571E+07 9.6627364E+06 0.0000000E+00
    36   2   4 3.6288E+02 8.4189E+02 1.3733006E-12 1.6096136E-12 0.0000000E+00
    36   2   5 3.6288E+02 1.4928E+03 4.7536469E+06 2.2258990E+07 0.0000000E+00
    36   2   6 3.6288E+02 1.5193E+03 1.0190399E+07 3.2432009E+06 0.0000000E+00
    36   3   3 6.3557E+02 6.3557E+02 2.1528302E+07 3.3139391E+08 0.0000000E+00
    36   3   4 6.3557E+02 8.4189E+02 2.5555826E-11 2.6664957E-11 0.0000000E+00
    36   3   5 6.3557E+02 1.4928E+03 1.3957996E+07 5.1440885E+06 0.0000000E+00
    36   3   6 6.3557E+02 1.5193E+03 9.2277715E+05 8.3530638E+06 0.0000000E+00
    36   4   4 8.4189E+02 8.4189E+02 1.3866527E+06 2.0855855E+07 0.0000000E+00
    36   4   5 8.4189E+02 1.4928E+03 3.1661414E-12 2.8094260E-12 0.0000000E+00
    36   4   6 8.4189E+02 1.5193E+03 7.7146259E-11 6.8284804E-11 0.0000000E+00
    36   5   5 1.4928E+03 1.4928E+03 1.3278622E+03 1.0563426E+06 0.0000000E+00
    36   5   6 1.4928E+03 1.5193E+03 4.7730561E+05 9.1606136E+04 0.0000000E+00
    36   6   6 1.5193E+03 1.5193E+03 1.4353722E+05 8.7799645E+03 0.0000000E+00
    37   1   1 2.0023E+02 2.0023E+02 7.6943768E+05 3.0485042E+07 0.0000000E+00
    37   1   2 2.0023E+02 4.1396E+02 3.4922258E-14 4.3386520E-13 0.0000000E+00
    37   1   3 2.0023E+02 7.2448E+02 2.0503024E-12 4.9414438E-12 0.0000000E+00
    37   1   4 2.0023E+02 8.1801E+02 1.8035639E+05 1.3523212E+06 0.0000000E+00
    37   1   5 2.0023E+02 1.4873E+03 2.1525659E-13 1.1454468E-13 0.0000000E+00
    37   1   6 2.0023E+02 1.5189E+03 9.2840881E-12 4.8018161E-12 0.0000000E+00
    37   2   2 4.1396E+02 4.1396E+02 2.3994471E+07 1.0231796E+08 0.0000000E+00
    37   2   3 4.1396E+02 7.2448E+02 7.1886164E+07 7.8927392E+06 0.0000000E+00
    37   2   4 4.1396E+02 8.1801E+02 3.4920862E-14 1.2947283E-13 0.0000000E+00
    37   2   5 4.1396E+02 1.4873E+03 2.9939051E+06 2.7676071E+07 0.0000000E+00
    37   2   6 4.1396E+02 1.5189E+03 9.0845852E+06 1.8969278E+06 0.0000000E+00
    37   3   3 7.2448E+02 7.2448E+02 1.1140308E+07 3.1608409E+08 0.0000000E+00
    37   3   4 7.2448E+02 8.1801E+02 2.0503053E-12 2.4269371E-12 0.0000000E+00
    37   3   5 7.2448E+02 1.4873E+03 1.4227041E+07 3.7789561E+06 0.0000000E+00
    37   3   6 7.2448E+02 1.5189E+03 2.2825592E+05 6.9950992E+06 0.0000000E+00
    37   4   4 8.1801E+02 8.1801E+02 1.3429639E+06 2.5911011E+07 0.0000000E+00
    37   4   5 8.1801E+02 1.4873E+03 2.1525671E-13 9.3743909E-14 0.0000000E+00
    37   4   6 8.1801E+02 1.5189E+03 9.2840873E-12 3.9671613E-12 0.0000000E+00
    37   5   5 1.4873E+03 1.4873E+03 4.2958236E+03 1.3965844E+06 0.0000000E+00
    37   5   6 1.4873E+03 1.5189E+03 3.8119654E+05 9.7446536E+04 0.0000000E+00
    37   6   6 1.5189E+03 1.5189E+03 2.6932114E+05 8.3903798E+04 0.0000000E+00
    38   1   1 2.2732E+02 2.2732E+02 7.7694268E+05 2.9712699E+07 0.0000000E+00
    38   1   2 2.2732E+02 4.6251E+02 4.8617015E-13 2.0532453E-13 0.0000000E+00
    38   1   3 2.2732E+02 7.9182E+02 2.2377518E+05 1.8012247E+06 0.0000000E+00
    38   1   4 2.2732E+02 8.1082E+02 9.7720222E-12 6.0900825E-13 0.0000000E+00
    38   1   5 2.2732E+02 1.4812E+03 5.9309172E-13 2.5699444E-13 0.0000000E+00
    38   1   6 2.2732E+02 1.5162E+03 7.5030390E-11 2.1613641E-11 0.0000000E+00
    38   2   2 4.6251E+02 4.6251E+02 2.4891868E+07 9.0847216E+07 0.0000000E+00
    38   2   3 4.6251E+02 7.9182E+02 2.2417956E-13 5.7908097E-13 0.0000000E+00
    38   2   4 4.6251E+02 8.1082E+02 6.3565103E+07 6.6908074E+06 0.0000000E+00
    38   2   5 4.6251E+02 1.4812E+03 1.8154019E+06 3.3427543E+07 0.0000000E+00
    38   2   6 4.6251E+02 1.5162E+03 7.8461789E+06 1.0467816E+06 0.0000000E+00
    38   3   3 7.9182E+02 7.9182E+02 1.3000712E+06 3.0283681E+07 0.0000000E+00
    38   3   4 7.9182E+02 8.1082E+02 7.1854125E-12 5.3695698E-12 0.0000000E+00
    38   3   5 7.9182E+02 1.4812E+03 5.5702755E-13 3.2639304E-13 0.0000000E+00
    38   3   6 7.9182E+02 1.5162E+03 7.1104969E-11 2.6969753E-11 0.0000000E+00
    38   4   4 8.1082E+02 8.1082E+02 5.2040391E+06 2.9505710E+08 0.0000000E+00
    38   4   5 8.1082E+02 1.4812E+03 1.3965154E+07 2.8396764E+06 0.0000000E+00
    38   4   6 8.1082E+02 1.5162E+03 7.2698445E+03 5.6203609E+06 0.0000000E+00
    38   5   5 1.4812E+03 1.4812E+03 2.6992282E+04 1.7241080E+06 0.0000000E+00
    38   5   6 1.4812E+03 1.5162E+03 2.2186473E+05 1.1219348E+05 0.0000000E+00
    38   6   6 1.5162E+03 1.5162E+03 4.2219409E+05 6.5809666E+05 0.0000000E+00
    39   1   1 2.5402E+02 2.5402E+02 7.8901974E+05 2.8738570E+07 0.0000000E+00
    39   1   2 2.5402E+02 5.0783E+02 5.9151333E-13 2.4011808E-12 0.0000000E+00
    39   1   3 2.5402E+02 7.6389E+02 2.6512238E+05 2.5868824E+06 0.0000000E+00
    39   1   4 2.5402E+02 8.9384E+02 4.2472989E-12 7.9202292E-11 0.0000000E+00
    39   1   5 2.5402E+02 1.4744E+03 8.7969872E-15 5.5755679E-13 0.0000000E+00
    39   1   6 2.5402E+02 1.5107E+03 1.7435135E-12 9.4651060E-11 0.0000000E+00
    39   2   2 5.0783E+02 5.0783E+02 2.5963181E+07 7.7565586E+07 0.0000000E+00
    39   2   3 5.0783E+02 7.6389E+02 3.8558270E-13 1.1277763E-14 0.0000000E+00
    39   2   4 5.0783E+02 8.9384E+02 5.4532435E+07 5.8545064E+06 0.0000000E+00
    39   2   5 5.0783E+02 1.4744E+03 1.0050290E+06 3.9619957E+07 0.0000000E+00
    39   2   6 5.0783E+02 1.5107E+03 6.7343827E+06 4.7319502E+05 0.0000000E+00
    39   3   3 7.6389E+02 7.6389E+02 1.2622595E+06 3.3481661E+07 0.0000000E+00
    39   3   4 7.6389E+02 8.9384E+02 7.6615390E-13 3.6406745E-11 0.0000000E+00
    39   3   5 7.6389E+02 1.4744E+03 2.3047982E-14 4.3488220E-13 0.0000000E+00
    39   3   6 7.6389E+02 1.5107E+03 4.2319052E-12 7.4845344E-11 0.0000000E+00
    39   4   4 8.9384E+02 8.9384E+02 2.0039999E+06 2.7007074E+08 0.0000000E+00
    39   4   5 8.9384E+02 1.4744E+03 1.3287179E+07 2.1537823E+06 0.0000000E+00
    39   4   6 8.9384E+02 1.5107E+03 6.2010014E+04 4.4104975E+06 0.0000000E+00
    39   5   5 1.4744E+03 1.4744E+03 6.1738874E+04 1.9956414E+06 0.0000000E+00
    39   5   6 1.4744E+03 1.5107E+03 6.1206477E+04 1.4659473E+05 0.0000000E+00
    39   6   6 1.5107E+03 1.5107E+03 5.7309749E+05 2.1382978E+06 0.0000000E+00
    40   1   1 2.8019E+02 2.8019E+02 8.0542962E+05 2.7421495E+07 0.0000000E+00
    40   1   2 2.8019E+02 5.4923E+02 2.0266800E-14 3.0005456E-13 0.0000000E+00
    40   1   3 2.8019E+02 7.3494E+02 2.9900185E+05 3.9365499E+06 0.0000000E+00
    40   1   4 2.8019E+02 9.7289E+02 3.8187207E-12 2.5331523E-12 0.0000000E+00
    40   1   5 2.8019E+02 1.4673E+03 3.4139577E-14 7.0275719E-16 0.0000000E+00
    40   1   6 2.8019E+02 1.5016E+03 9.2766914E-12 2.9366488E-13 0.0000000E+00
    40   2   2 5.4923E+02 5.4923E+02 2.7030703E+07 6.3069529E+07 0.0000000E+00
    40   2   3 5.4923E+02 7.3494E+02 2.0266785E-14 5.0806212E-17 0.0000000E+00
    40   2   4 5.4923E+02 9.7289E+02 4.5479914E+07 5.2695915E+06 0.0000000E+00
    40   2   5 5.4923E+02 1.4673E+03 4.4085902E+05 4.6194701E+07 0.0000000E+00
    40   2   6 5.4923E+02 1.5016E+03 5.8755236E+06 8.6877944E+04 0.0000000E+00
    40   3   3 7.3494E+02 7.3494E+02 1.2354340E+06 3.5004010E+07 0.0000000E+00
    40   3   4 7.3494E+02 9.7289E+02 3.8187228E-12 3.9965975E-14 0.0000000E+00
    40   3   5 7.3494E+02 1.4673E+03 3.4139607E-14 4.6010619E-15 0.0000000E+00
    40   3   6 7.3494E+02 1.5016E+03 9.2766937E-12 1.4013155E-12 0.0000000E+00
    40   4   4 9.7289E+02 9.7289E+02 4.9531878E+05 2.4247121E+08 0.0000000E+00
    40   4   5 9.7289E+02 1.4673E+03 1.2210982E+07 1.6105571E+06 0.0000000E+00
    40   4   6 9.7289E+02 1.5016E+03 3.1466597E+05 3.4447320E+06 0.0000000E+00
    40   5   5 1.4673E+03 1.4673E+03 8.7567317E+04 2.1842264E+06 0.0000000E+00
    40   5   6 1.4673E+03 1.5016E+03 3.4238511E+03 2.3404133E+05 0.0000000E+00
    40   6   6 1.5016E+03 1.5016E+03 6.6590307E+05 4.9340595E+06 0.0000000E+00
    41   1   1 3.0561E+02 3.0561E+02 8.3063238E+05 2.5479547E+07 0.0000000E+00
    41   1   2 3.0561E+02 5.8601E+02 1.2649609E-13 2.9831742E-15 0.0000000E+00
    41   1   3 3.0561E+02 7.0578E+02 3.1737975E+05 6.2158962E+06 0.0000000E+00
    41   1   4 3.0561E+02 1.0474E+03 4.7123352E-12 1.0338974E-12 0.0000000E+00
    41   1   5 3.0561E+02 1.4598E+03 3.6817778E-14 6.0089533E-14 0.0000000E+00
    41   1   6 3.0561E+02 1.4886E+03 2.6273103E-12 4.7448642E-12 0.0000000E+00
    41   2   2 5.8601E+02 5.8601E+02 2.7996184E+07 4.8051004E+07 0.0000000E+00
    41   2   3 5.8601E+02 7.0578E+02 2.3942277E-14 4.0924486E-14 0.0000000E+00
    41   2   4 5.8601E+02 1.0474E+03 3.6922567E+07 4.8708306E+06 0.0000000E+00
    41   2   5 5.8601E+02 1.4598E+03 7.5499998E+04 5.2695385E+07 0.0000000E+00
    41   2   6 5.8601E+02 1.4886E+03 5.3032760E+06 1.1158262E+05 0.0000000E+00
    41   3   3 7.0578E+02 7.0578E+02 1.2277698E+06 3.4332100E+07 0.0000000E+00
    41   3   4 7.0578E+02 1.0474E+03 9.6443419E-13 2.5717504E-12 0.0000000E+00
    41   3   5 7.0578E+02 1.4598E+03 1.5253427E-14 7.7867424E-14 0.0000000E+00
    41   3   6 7.0578E+02 1.4886E+03 1.1168121E-12 6.0423736E-12 0.0000000E+00
    41   4   4 1.0474E+03 1.0474E+03 1.4298385E+04 2.1339514E+08 0.0000000E+00
    41   4   5 1.0474E+03 1.4598E+03 1.0625489E+07 1.1138448E+06 0.0000000E+00
    41   4   6 1.0474E+03 1.4886E+03 8.3756683E+05 2.7717641E+06 0.0000000E+00
    41   5   5 1.4598E+03 1.4598E+03 6.1307153E+04 2.3733096E+06 0.0000000E+00
    41   5   6 1.4598E+03 1.4886E+03 2.0707089E+05 5.1072854E+05 0.0000000E+00
    41   6   6 1.4886E+03 1.4886E+03 5.8572950E+05 9.1696849E+06 0.0000000E+00
    42   1   1 3.2983E+02 3.2983E+02 8.7345448E+05 2.2440209E+07 0.0000000E+00
    42   1   2 3.2983E+02 6.1744E+02 3.6446793E-15 1.2172071E-13 0.0000000E+00
    42   1   3 3.2983E+02 6.7748E+02 3.0910007E+05 9.9661333E+06 0.0000000E+00
    42   1   4 3.2983E+02 1.1170E+03 2.4859853E-12 5.0629172E-11 0.0000000E+00
    42   1   5 3.2983E+02 1.4517E+03 2.1285490E-12 7.5613279E-12 0.0000000E+00
    42   1   6 3.2983E+02 1.4720E+03 2.0106899E-11 8.1975006E-11 0.0000000E+00
    42   2   2 6.1744E+02 6.1744E+02 2.8808427E+07 3.3376103E+07 0.0000000E+00
    42   2   3 6.1744E+02 6.7748E+02 3.5692849E-14 1.2172219E-13 0.0000000E+00
    42   2   4 6.1744E+02 1.1170E+03 2.9230907E+07 4.6229607E+06 0.0000000E+00
    42   2   5 6.1744E+02 1.4517E+03 1.1591378E+05 5.6025415E+07 0.0000000E+00
    42   2   6 6.1744E+02 1.4720E+03 4.7998650E+06 3.2850988E+06 0.0000000E+00
    42   3   3 6.7748E+02 6.7748E+02 1.2501776E+06 3.0924291E+07 0.0000000E+00
    42   3   4 6.7748E+02 1.1170E+03 4.0051376E-12 5.0629181E-11 0.0000000E+00
    42   3   5 6.7748E+02 1.4517E+03 2.3400070E-12 7.5613272E-12 0.0000000E+00
    42   3   6 6.7748E+02 1.4720E+03 2.2055433E-11 8.1974995E-11 0.0000000E+00
    42   4   4 1.1170E+03 1.1170E+03 1.2698964E+05 1.8385250E+08 0.0000000E+00
    42   4   5 1.1170E+03 1.4517E+03 7.8997560E+06 5.1554329E+05 0.0000000E+00
    42   4   6 1.1170E+03 1.4720E+03 2.2460649E+06 2.4918458E+06 0.0000000E+00
    42   5   5 1.4517E+03 1.4517E+03 1.6602263E+04 3.4739966E+06 0.0000000E+00
    42   5   6 1.4517E+03 1.4720E+03 8.3349700E+05 1.7365307E+06 0.0000000E+00
    42   6   6 1.4720E+03 1.4720E+03 1.3692192E+05 1.2894925E+07 0.0000000E+00
    43   1   1 3.5202E+02 3.5202E+02 9.4529945E+05 1.7678166E+07 0.0000000E+00
    43   1   2 3.5202E+02 6.4282E+02 1.2135158E-13 4.3632448E-14 0.0000000E+00
    43   1   3 3.5202E+02 6.5142E+02 2.6126239E+05 1.5827806E+07 0.0000000E+00
    43   1   4 3.5202E+02 1.1812E+03 9.3252894E-12 2.2891875E-11 0.0000000E+00
    43   1   5 3.5202E+02 1.4386E+03 3.5653871E-12 1.2607812E-11 0.0000000E+00
    43   1   6 3.5202E+02 1.4561E+03 3.3639298E-12 1.3216282E-11 0.0000000E+00
    43   2   2 6.4282E+02 6.4282E+02 2.9444580E+07 2.0102127E+07 0.0000000E+00
    43   2   3 6.4282E+02 6.5142E+02 7.1700964E-14 7.7081694E-14 0.0000000E+00
    43   2   4 6.4282E+02 1.1812E+03 2.2650004E+07 4.5116268E+06 0.0000000E+00
    43   2   5 6.4282E+02 1.4386E+03 2.2848910E+06 3.5925209E+07 0.0000000E+00
    43   2   6 6.4282E+02 1.4561E+03 2.6508870E+06 2.9363501E+07 0.0000000E+00
    43   3   3 6.5142E+02 6.5142E+02 1.3148581E+06 2.4320671E+07 0.0000000E+00
    43   3   4 6.5142E+02 1.1812E+03 6.5271934E-12 2.5053464E-11 0.0000000E+00
    43   3   5 6.5142E+02 1.4386E+03 2.6170448E-12 1.3701352E-11 0.0000000E+00
    43   3   6 6.5142E+02 1.4561E+03 2.4760509E-12 1.4290762E-11 0.0000000E+00
    43   4   4 1.1812E+03 1.1812E+03 5.4637851E+05 1.5474673E+08 0.0000000E+00
    43   4   5 1.1812E+03 1.4386E+03 2.4204518E+06 1.3957097E+03 0.0000000E+00
    43   4   6 1.1812E+03 1.4561E+03 6.1641632E+06 2.3842056E+06 0.0000000E+00
    43   5   5 1.4386E+03 1.4386E+03 1.7427871E+06 1.5086497E+07 0.0000000E+00
    43   5   6 1.4386E+03 1.4561E+03 3.4393820E+05 4.3942161E+06 0.0000000E+00
    43   6   6 1.4561E+03 1.4561E+03 7.3901583E+05 5.9943375E+06 0.0000000E+00
    44   1   1 3.7073E+02 3.7073E+02 1.0516668E+06 1.0878377E+07 0.0000000E+00
    44   1   2 3.7073E+02 6.2955E+02 1.6797935E+05 2.3994551E+07 0.0000000E+00
    44   1   3 3.7073E+02 6.6150E+02 3.1589513E-13 1.4891877E-13 0.0000000E+00
    44   1   4 3.7073E+02 1.2397E+03 3.5909661E-11 2.6513568E-12 0.0000000E+00
    44   1   5 3.7073E+02 1.4133E+03 4.0091606E-11 2.0216303E-12 0.0000000E+00
    44   1   6 3.7073E+02 1.4480E+03 7.6398414E-12 3.5802754E-13 0.0000000E+00
    44   2   2 6.2955E+02 6.2955E+02 1.4260770E+06 1.4728698E+07 0.0000000E+00
    44   2   3 6.2955E+02 6.6150E+02 6.1154963E-14 2.0822860E-14 0.0000000E+00
    44   2   4 6.2955E+02 1.2397E+03 3.8061813E-11 2.5041325E-12 0.0000000E+00
    44   2   5 6.2955E+02 1.4133E+03 4.1228877E-11 1.8249921E-12 0.0000000E+00
    44   2   6 6.2955E+02 1.4480E+03 7.8278980E-12 3.2146141E-13 0.0000000E+00
    44   3   3 6.6150E+02 6.6150E+02 2.9897684E+07 9.4094313E+06 0.0000000E+00
    44   3   4 6.6150E+02 1.2397E+03 1.7326716E+07 4.5361714E+06 0.0000000E+00
    44   3   5 6.6150E+02 1.4133E+03 4.8252342E+06 1.4012284E+07 0.0000000E+00
    44   3   6 6.6150E+02 1.4480E+03 6.3936038E+05 5.6113419E+07 0.0000000E+00
    44   4   4 1.2397E+03 1.2397E+03 1.0851189E+06 1.2684388E+08 0.0000000E+00
    44   4   5 1.2397E+03 1.4133E+03 1.8410584E+05 2.8142366E+05 0.0000000E+00
    44   4   6 1.2397E+03 1.4480E+03 6.6298300E+06 1.7462209E+06 0.0000000E+00
    44   5   5 1.4133E+03 1.4133E+03 2.7857473E+06 3.7273593E+07 0.0000000E+00
    44   5   6 1.4133E+03 1.4480E+03 3.9467258E+05 2.2863539E+06 0.0000000E+00
    44   6   6 1.4480E+03 1.4480E+03 1.6147914E+06 1.1621213E+06 0.0000000E+00
    45   1   1 3.8372E+02 3.8372E+02 1.1684741E+06 3.5054223E+06 0.0000000E+00
    45   1   2 3.8372E+02 6.1450E+02 5.5363948E+04 3.2622910E+07 0.0000000E+00
    45   1   3 3.8372E+02 6.7295E+02 3.7163183E-14 4.0671267E-13 0.0000000E+00
    45   1   4 3.8372E+02 1.2923E+03 6.6567149E-12 2.5605039E-11 0.0000000E+00
    45   1   5 3.8372E+02 1.3796E+03 6.0844639E-12 2.5030303E-11 0.0000000E+00
    45   1   6 3.8372E+02 1.4442E+03 5.1968997E-13 2.2572293E-12 0.0000000E+00
    45   2   2 6.1450E+02 6.1450E+02 1.5539424E+06 4.6618274E+06 0.0000000E+00
    45   2   3 6.1450E+02 6.7295E+02 2.8295941E-15 3.0184933E-14 0.0000000E+00
    45   2   4 6.1450E+02 1.2923E+03 4.3267067E-12 2.0490110E-11 0.0000000E+00
    45   2   5 6.1450E+02 1.3796E+03 4.1735922E-12 2.1041305E-11 0.0000000E+00
    45   2   6 6.1450E+02 1.4442E+03 3.6859409E-13 1.9526510E-12 0.0000000E+00
    45   3   3 6.7295E+02 6.7295E+02 3.0168071E+07 2.4299702E+06 0.0000000E+00
    45   3   4 6.7295E+02 1.2923E+03 1.3450902E+07 4.6496723E+06 0.0000000E+00
    45   3   5 6.7295E+02 1.3796E+03 6.3071696E+06 8.4783004E+06 0.0000000E+00
    45   3   6 6.7295E+02 1.4442E+03 1.1578872E+05 6.4769969E+07 0.0000000E+00
    45   4   4 1.2923E+03 1.2923E+03 1.6283435E+06 1.0049891E+08 0.0000000E+00
    45   4   5 1.2923E+03 1.3796E+03 3.9090713E+03 7.6389900E+05 0.0000000E+00
    45   4   6 1.2923E+03 1.4442E+03 4.8402596E+06 1.4742682E+06 0.0000000E+00
    45   5   5 1.3796E+03 1.3796E+03 2.5062513E+06 5.6263730E+07 0.0000000E+00
    45   5   6 1.3796E+03 1.4442E+03 1.9231500E+06 1.3648726E+06 0.0000000E+00
    45   6   6 1.4442E+03 1.4442E+03 1.6311708E+06 2.3372435E+05 0.0000000E+00
    46   1   1 3.8846E+02 3.8846E+02 1.2241488E+06 2.7241316E-11 0.0000000E+00
    46   1   2 3.8846E+02 6.0905E+02 4.0756594E-12 3.6662397E+07 0.0000000E+00
    46   1   3 3.8846E+02 6.7681E+02 2.7367626E-13 8.0147994E-15 0.0000000E+00
    46   1   4 3.8846E+02 1.3353E+03 3.9876175E-12 8.3801311E-12 0.0000000E+00
    46   1   5 3.8846E+02 1.3428E+03 3.6823658E-12 5.0065730E-15 0.0000000E+00
    46   1   6 3.8846E+02 1.4430E+03 2.2831722E-13 3.3092668E-14 0.0000000E+00
    46   2   2 6.0905E+02 6.0905E+02 1.6156259E+06 3.0301073E-12 0.0000000E+00
    46   2   3 6.0905E+02 6.7681E+02 1.5112493E-14 5.7571173E-16 0.0000000E+00
    46   2   4 6.0905E+02 1.3353E+03 2.3460066E-12 1.0872561E-11 0.0000000E+00
    46   2   5 6.0905E+02 1.3428E+03 2.1767600E-12 9.8427598E-14 0.0000000E+00
    46   2   6 6.0905E+02 1.4430E+03 1.4279118E-13 7.3157147E-14 0.0000000E+00
    46   3   3 6.7681E+02 6.7681E+02 3.0257866E+07 8.3522182E-11 0.0000000E+00
    46   3   4 6.7681E+02 1.3353E+03 1.8894825E+07 3.2705519E-10 0.0000000E+00
    46   3   5 6.7681E+02 1.3428E+03 1.1868108E-10 1.1999750E+07 0.0000000E+00
    46   3   6 6.7681E+02 1.4430E+03 1.1149162E-09 6.7036247E+07 0.0000000E+00
    46   4   4 1.3353E+03 1.3353E+03 2.1459262E+06 6.2220184E-11 0.0000000E+00
    46   4   5 1.3353E+03 1.3428E+03 6.0978346E-10 7.7878505E+07 0.0000000E+00
    46   4   6 1.3353E+03 1.4430E+03 4.1674816E-10 2.5684930E+06 0.0000000E+00
    46   5   5 1.3428E+03 1.3428E+03 2.0668169E+06 1.2705191E-09 0.0000000E+00
    46   5   6 1.3428E+03 1.4430E+03 6.6310172E+06 3.5298937E-10 0.0000000E+00
    46   6   6 1.4430E+03 1.4430E+03 1.6219505E+06 5.3480639E-10 0.0000000E+00
    47   1   1 1.3624E+02 1.3624E+02 1.9409224E+06 3.1092864E+07 0.0000000E+00
    47   1   2 1.3624E+02 3.0749E+02 2.9963670E-12 1.2712257E-11 0.0000000E+00
    47   1   3 1.3624E+02 5.3759E+02 2.2128462E-12 6.0367842E-12 0.0000000E+00
    47   1   4 1.3624E+02 8.6589E+02 1.8954044E+05 7.6796319E+05 0.0000000E+00
    47   1   5 1.3624E+02 1.4983E+03 2.1641994E-13 5.6103690E-12 0.0000000E+00
    47   1   6 1.3624E+02 1.5165E+03 9.0142940E-13 2.2788440E-11 0.0000000E+00
    47   2   2 3.0749E+02 3.0749E+02 3.7521247E+07 1.1080605E+08 0.0000000E+00
    47   2   3 3.0749E+02 5.3759E+02 7.3522071E+07 2.4861203E+07 0.0000000E+00
    47   2   4 3.0749E+02 8.6589E+02 2.6979196E-13 7.3888895E-13 0.0000000E+00
    47   2   5 3.0749E+02 1.4983E+03 1.7703603E+07 5.6074956E+06 0.0000000E+00
    47   2   6 3.0749E+02 1.5165E+03 5.3401675E+06 1.2340554E+07 0.0000000E+00
    47   3   3 5.3759E+02 5.3759E+02 1.0733857E+08 2.6805228E+08 0.0000000E+00
    47   3   4 5.3759E+02 8.6589E+02 1.5161123E-13 6.5624353E-14 0.0000000E+00
    47   3   5 5.3759E+02 1.4983E+03 5.9193882E+06 1.5304857E+07 0.0000000E+00
    47   3   6 5.3759E+02 1.5165E+03 6.7822042E+06 4.1102261E+06 0.0000000E+00
    47   4   4 8.6589E+02 8.6589E+02 3.1947249E+06 1.2913260E+07 0.0000000E+00
    47   4   5 8.6589E+02 1.4983E+03 3.6873158E-13 7.2015707E-12 0.0000000E+00
    47   4   6 8.6589E+02 1.5165E+03 1.4989327E-12 2.8980239E-11 0.0000000E+00
    47   5   5 1.4983E+03 1.4983E+03 1.4996646E+05 4.5342900E+05 0.0000000E+00
    47   5   6 1.4983E+03 1.5165E+03 5.3500277E+05 1.9003375E+05 0.0000000E+00
    47   6   6 1.5165E+03 1.5165E+03 3.1938168E+04 7.1479366E+04 0.0000000E+00
    48   1   1 1.6379E+02 1.6379E+02 1.8115333E+06 3.1138265E+07 0.0000000E+00
    48   1   2 1.6379E+02 3.5998E+02 1.5450728E-12 6.2725599E-12 0.0000000E+00
    48   1   3 1.6379E+02 6.1936E+02 2.9277699E-12 5.1138535E-12 0.0000000E+00
    48   1   4 1.6379E+02 8.4649E+02 2.7281007E+05 8.3195551E+05 0.0000000E+00
    48   1   5 1.6379E+02 1.4946E+03 1.0472249E-13 2.3154229E-12 0.0000000E+00
    48   1   6 1.6379E+02 1.5174E+03 6.8618242E-13 1.6487501E-11 0.0000000E+00
    48   2   2 3.5998E+02 3.5998E+02 3.4643508E+07 1.1372092E+08 0.0000000E+00
    48   2   3 3.5998E+02 6.1936E+02 7.8864548E+07 2.0197367E+07 0.0000000E+00
    48   2   4 3.5998E+02 8.4649E+02 2.9120517E-13 5.9536559E-13 0.0000000E+00
    48   2   5 3.5998E+02 1.4946E+03 1.2530102E+07 1.1286861E+07 0.0000000E+00
    48   2   6 3.5998E+02 1.5174E+03 7.3482518E+06 8.3596541E+06 0.0000000E+00
    48   3   3 6.1936E+02 6.1936E+02 6.5368910E+07 2.7849131E+08 0.0000000E+00
    48   3   4 6.1936E+02 8.4649E+02 8.3570516E-13 7.0292853E-13 0.0000000E+00
    48   3   5 6.1936E+02 1.4946E+03 9.0355269E+06 1.1945927E+07 0.0000000E+00
    48   3   6 6.1936E+02 1.5174E+03 3.2865668E+06 5.1957706E+06 0.0000000E+00
    48   4   4 8.4649E+02 8.4649E+02 3.1044155E+06 1.8059047E+07 0.0000000E+00
    48   4   5 8.4649E+02 1.4946E+03 5.2550729E-14 2.9809288E-12 0.0000000E+00
    48   4   6 8.4649E+02 1.5174E+03 3.4707127E-13 2.0990674E-11 0.0000000E+00
    48   5   5 1.4946E+03 1.4946E+03 5.7521879E+04 6.9560197E+05 0.0000000E+00
    48   5   6 1.4946E+03 1.5174E+03 6.0430579E+05 1.8904800E+05 0.0000000E+00
    48   6   6 1.5174E+03 1.5174E+03 1.5032779E+05 6.0106799E+03 0.0000000E+00
    49   1   1 1.9127E+02 1.9127E+02 1.7645178E+06 3.0769241E+07 0.0000000E+00
    49   1   2 1.9127E+02 4.1220E+02 1.8384885E-12 3.3855989E-12 0.0000000E+00
    49   1   3 1.9127E+02 7.0178E+02 1.0228798E-11 2.2146747E-11 0.0000000E+00
    49   1   4 1.9127E+02 8.2407E+02 3.6647146E+05 9.7860299E+05 0.0000000E+00
    49   1   5 1.9127E+02 1.4901E+03 1.5130900E-12 4.3310685E-12 0.0000000E+00
    49   1   6 1.9127E+02 1.5170E+03 1.7903959E-11 5.1524790E-11 0.0000000E+00
    49   2   2 4.1220E+02 4.1220E+02 3.5556353E+07 1.0916248E+08 0.0000000E+00
    49   2   3 4.1220E+02 7.0178E+02 7.8428738E+07 1.6973541E+07 0.0000000E+00
    49   2   4 4.1220E+02 8.2407E+02 6.9997325E-13 1.4527832E-12 0.0000000E+00
    49   2   5 4.1220E+02 1.4901E+03 8.4627476E+06 1.7355951E+07 0.0000000E+00
    49   2   6 4.1220E+02 1.5170E+03 8.0902147E+06 5.4225206E+06 0.0000000E+00
    49   3   3 7.0178E+02 7.0178E+02 3.7434910E+07 2.7732137E+08 0.0000000E+00
    49   3   4 7.0178E+02 8.2407E+02 6.1634202E-12 1.4981800E-11 0.0000000E+00
    49   3   5 7.0178E+02 1.4901E+03 1.1073174E+07 9.2468609E+06 0.0000000E+00
    49   3   6 7.0178E+02 1.5170E+03 1.2193900E+06 5.3750284E+06 0.0000000E+00
    49   4   4 8.2407E+02 8.2407E+02 3.0052756E+06 2.3238045E+07 0.0000000E+00
    49   4   5 8.2407E+02 1.4901E+03 1.3325454E-12 3.9968357E-12 0.0000000E+00
    49   4   6 8.2407E+02 1.5170E+03 1.5844982E-11 4.7709724E-11 0.0000000E+00
    49   5   5 1.4901E+03 1.4901E+03 5.7296930E+03 9.8103652E+05 0.0000000E+00
    49   5   6 1.4901E+03 1.5170E+03 5.5339788E+05 1.9549478E+05 0.0000000E+00
    49   6   6 1.5170E+03 1.5170E+03 3.7462420E+05 5.6942305E+04 0.0000000E+00
    50   1   1 2.1853E+02 2.1853E+02 1.7547630E+06 3.0146055E+07 0.0000000E+00
    50   1   2 2.1853E+02 4.6275E+02 2.7929578E-12 4.6137961E-14 0.0000000E+00
    50   1   3 2.1853E+02 7.8337E+02 4.0068656E-11 1.2247577E-12 0.0000000E+00
    50   1   4 2.1853E+02 7.9906E+02 4.6676364E+05 1.2620672E+06 0.0000000E+00
    50   1   5 2.1853E+02 1.4848E+03 5.0028223E-12 1.7961077E-13 0.0000000E+00
    50   1   6 2.1853E+02 1.5148E+03 1.0901453E-10 3.1874698E-13 0.0000000E+00
    50   2   2 4.6275E+02 4.6275E+02 3.8333689E+07 9.9872934E+07 0.0000000E+00
    50   2   3 4.6275E+02 7.8337E+02 7.3679976E+07 1.4662871E+07 0.0000000E+00
    50   2   4 4.6275E+02 7.9906E+02 1.7543425E-12 4.6142267E-14 0.0000000E+00
    50   2   5 4.6275E+02 1.4848E+03 5.4204740E+06 2.3701663E+07 0.0000000E+00
    50   2   6 4.6275E+02 1.5148E+03 8.0037544E+06 3.3219965E+06 0.0000000E+00
    50   3   3 7.8337E+02 7.8337E+02 1.9659518E+07 2.6777333E+08 0.0000000E+00
    50   3   4 7.8337E+02 7.9906E+02 3.3133658E-11 1.2248670E-12 0.0000000E+00
    50   3   5 7.8337E+02 1.4848E+03 1.2105794E+07 7.1429177E+06 0.0000000E+00
    50   3   6 7.8337E+02 1.5148E+03 2.3524007E+05 5.0355550E+06 0.0000000E+00
    50   4   4 7.9906E+02 7.9906E+02 2.9032873E+06 2.7992462E+07 0.0000000E+00
    50   4   5 7.9906E+02 1.4848E+03 4.7713327E-12 1.7961527E-13 0.0000000E+00
    50   4   6 7.9906E+02 1.5148E+03 1.0420038E-10 3.1874998E-13 0.0000000E+00
    50   5   5 1.4848E+03 1.4848E+03 8.6050539E+03 1.2939560E+06 0.0000000E+00
    50   5   6 1.4848E+03 1.5148E+03 3.8583437E+05 2.1658174E+05 0.0000000E+00
    50   6   6 1.5148E+03 1.5148E+03 6.9613443E+05 4.6507633E+05 0.0000000E+00
    51   1   1 2.4545E+02 2.4545E+02 1.7614271E+06 2.9314059E+07 0.0000000E+00
    51   1   2 2.4545E+02 5.1057E+02 5.4438831E-13 3.2277376E-12 0.0000000E+00
    51   1   3 2.4545E+02 7.7202E+02 5.6760050E+05 1.7771933E+06 0.0000000E+00
    51   1   4 2.4545E+02 8.6303E+02 5.4040936E-12 3.0284643E-11 0.0000000E+00
    51   1   5 2.4545E+02 1.4789E+03 1.8577839E-14 6.6964409E-13 0.0000000E+00
    51   1   6 2.4545E+02 1.5101E+03 1.8428080E-12 3.0051644E-11 0.0000000E+00
    51   2   2 5.1057E+02 5.1057E+02 4.1927743E+07 8.7486591E+07 0.0000000E+00
    51   2   3 5.1057E+02 7.7202E+02 2.5220627E-13 1.3276084E-13 0.0000000E+00
    51   2   4 5.1057E+02 8.6303E+02 6.6108931E+07 1.2968996E+07 0.0000000E+00
    51   2   5 5.1057E+02 1.4789E+03 3.1818464E+06 3.0376571E+07 0.0000000E+00
    51   2   6 5.1057E+02 1.5101E+03 7.5245455E+06 1.7752910E+06 0.0000000E+00
    51   3   3 7.7202E+02 7.7202E+02 2.8065659E+06 3.1847351E+07 0.0000000E+00
    51   3   4 7.7202E+02 8.6303E+02 3.4593835E-12 1.2817603E-11 0.0000000E+00
    51   3   5 7.7202E+02 1.4789E+03 1.1239548E-14 4.9803261E-13 0.0000000E+00
    51   3   6 7.7202E+02 1.5101E+03 1.3008157E-12 2.2636482E-11 0.0000000E+00
    51   4   4 8.6303E+02 8.6303E+02 9.0128633E+06 2.5211028E+08 0.0000000E+00
    51   4   5 8.6303E+02 1.4789E+03 1.2268352E+07 5.4756822E+06 0.0000000E+00
    51   4   6 8.6303E+02 1.5101E+03 3.9881817E+03 4.5036898E+06 0.0000000E+00
    51   5   5 1.4789E+03 1.4789E+03 6.1201016E+04 1.6165010E+06 0.0000000E+00
    51   5   6 1.4789E+03 1.5101E+03 1.5873753E+05 2.6945644E+05 0.0000000E+00
    51   6   6 1.5101E+03 1.5101E+03 1.0649663E+06 1.5451156E+06 0.0000000E+00
    52   1   1 2.7194E+02 2.7194E+02 1.7779745E+06 2.8220588E+07 0.0000000E+00
    52   1   2 2.7194E+02 5.5483E+02 1.0135218E-13 1.9874338E-12 0.0000000E+00
    52   1   3 2.7194E+02 7.4357E+02 6.5928081E+05 2.6888789E+06 0.0000000E+00
    52   1   4 2.7194E+02 9.3988E+02 1.6472932E-12 2.8275766E-11 0.0000000E+00
    52   1   5 2.7194E+02 1.4723E+03 1.6314846E-13 1.0511236E-12 0.0000000E+00
    52   1   6 2.7194E+02 1.5024E+03 1.9445402E-11 1.6548286E-10 0.0000000E+00
    52   2   2 5.5483E+02 5.5483E+02 4.5707306E+07 7.3106358E+07 0.0000000E+00
    52   2   3 5.5483E+02 7.4357E+02 2.5719724E-13 1.2486141E-12 0.0000000E+00
    52   2   4 5.5483E+02 9.3988E+02 5.7024080E+07 1.1715551E+07 0.0000000E+00
    52   2   5 5.5483E+02 1.4723E+03 1.5473460E+06 3.7373696E+07 0.0000000E+00
    52   2   6 5.5483E+02 1.5024E+03 6.9640084E+06 5.9318858E+05 0.0000000E+00
    52   3   3 7.4357E+02 7.4357E+02 2.7263214E+06 3.4320844E+07 0.0000000E+00
    52   3   4 7.4357E+02 9.3988E+02 6.2035246E-12 2.1405551E-11 0.0000000E+00
    52   3   5 7.4357E+02 1.4723E+03 2.0642945E-13 9.8775799E-13 0.0000000E+00
    52   3   6 7.4357E+02 1.5024E+03 2.4220291E-11 1.5643911E-10 0.0000000E+00
    52   4   4 9.3988E+02 9.3988E+02 3.2230118E+06 2.3204295E+08 0.0000000E+00
    52   4   5 9.3988E+02 1.4723E+03 1.1621396E+07 4.0808565E+06 0.0000000E+00
    52   4   6 9.3988E+02 1.5024E+03 3.3237571E+05 4.0112863E+06 0.0000000E+00
    52   5   5 1.4723E+03 1.4723E+03 1.2543039E+05 1.9588277E+06 0.0000000E+00
    52   5   6 1.4723E+03 1.5024E+03 3.6816253E+03 4.0349771E+05 0.0000000E+00
    52   6   6 1.5024E+03 1.5024E+03 1.3621956E+06 3.5855284E+06 0.0000000E+00
    53   1   1 2.9783E+02 2.9783E+02 1.8091604E+06 2.6689258E+07 0.0000000E+00
    53   1   2 2.9783E+02 5.9474E+02 4.9370348E-14 4.6825466E-13 0.0000000E+00
    53   1   3 2.9783E+02 7.1445E+02 7.2681280E+05 4.2755954E+06 0.0000000E+00
    53   1   4 2.9783E+02 1.0132E+03 1.3950240E-12 4.5535844E-11 0.0000000E+00
    53   1   5 2.9783E+02 1.4650E+03 6.1112931E-14 2.5362101E-12 0.0000000E+00
    53   1   6 2.9783E+02 1.4914E+03 3.9776173E-13 9.6249489E-11 0.0000000E+00
    53   2   2 5.9474E+02 5.9474E+02 4.9279045E+07 5.7652808E+07 0.0000000E+00
    53   2   3 5.9474E+02 7.1445E+02 1.7407280E-14 6.0878523E-13 0.0000000E+00
    53   2   4 5.9474E+02 1.0132E+03 4.7485275E+07 1.0794285E+07 0.0000000E+00
    53   2   5 5.9474E+02 1.4650E+03 4.1020259E+05 4.4242230E+07 0.0000000E+00
    53   2   6 5.9474E+02 1.4914E+03 6.4760832E+06 4.3757626E+03 0.0000000E+00
    53   3   3 7.1445E+02 7.1445E+02 2.6783054E+06 3.4919802E+07 0.0000000E+00
    53   3   4 7.1445E+02 1.0132E+03 1.3259999E-12 4.9228304E-11 0.0000000E+00
    53   3   5 7.1445E+02 1.4650E+03 5.1334346E-14 2.6039393E-12 0.0000000E+00
    53   3   6 7.1445E+02 1.4914E+03 2.2477081E-13 9.9348538E-11 0.0000000E+00
    53   4   4 1.0132E+03 1.0132E+03 6.2174233E+05 2.0896351E+08 0.0000000E+00
    53   4   5 1.0132E+03 1.4650E+03 1.0039406E+07 2.7748786E+06 0.0000000E+00
    53   4   6 1.0132E+03 1.4914E+03 1.2639550E+06 3.7513658E+06 0.0000000E+00
    53   5   5 1.4650E+03 1.4650E+03 1.0678782E+05 2.4969866E+06 0.0000000E+00
    53   5   6 1.4650E+03 1.4914E+03 1.7120908E+05 7.9078028E+05 0.0000000E+00
    53   6   6 1.4914E+03 1.4914E+03 1.3231988E+06 6.4972779E+06 0.0000000E+00
    54   1   1 3.2281E+02 3.2281E+02 1.8704902E+06 2.4366429E+07 0.0000000E+00
    54   1   2 3.2281E+02 6.2955E+02 1.7958154E-13 1.6727711E-13 0.0000000E+00
    54   1   3 3.2281E+02 6.8556E+02 7.4802180E+05 6.9840000E+06 0.0000000E+00
    54   1   4 3.2281E+02 1.0824E+03 3.2053406E-11 5.8906679E-12 0.0000000E+00
    54   1   5 3.2281E+02 1.4561E+03 3.5666809E-12 1.7838327E-12 0.0000000E+00
    54   1   6 3.2281E+02 1.4777E+03 3.4741958E-11 1.1980880E-11 0.0000000E+00
    54   2   2 6.2955E+02 6.2955E+02 5.2406427E+07 4.2063513E+07 0.0000000E+00
    54   2   3 6.2955E+02 6.8556E+02 1.7958160E-13 1.4593489E-14 0.0000000E+00
    54   2   4 6.2955E+02 1.0824E+03 3.8297165E+07 1.0138582E+07 0.0000000E+00
    54   2   5 6.2955E+02 1.4561E+03 3.4804554E+04 4.7835081E+07 0.0000000E+00
    54   2   6 6.2955E+02 1.4777E+03 5.8127033E+06 2.8523062E+06 0.0000000E+00
    54   3   3 6.8556E+02 6.8556E+02 2.6846296E+06 3.3119456E+07 0.0000000E+00
    54   3   4 6.8556E+02 1.0824E+03 3.2053411E-11 3.6635921E-12 0.0000000E+00
    54   3   5 6.8556E+02 1.4561E+03 3.5666816E-12 1.5480959E-12 0.0000000E+00
    54   3   6 6.8556E+02 1.4777E+03 3.4741963E-11 1.0307166E-11 0.0000000E+00
    54   4   4 1.0824E+03 1.0824E+03 1.5855955E+03 1.8406818E+08 0.0000000E+00
    54   4   5 1.0824E+03 1.4561E+03 6.9212965E+06 1.3275193E+06 0.0000000E+00
    54   4   6 1.0824E+03 1.4777E+03 3.3625344E+06 3.9356095E+06 0.0000000E+00
    54   5   5 1.4561E+03 1.4561E+03 1.1310890E+04 4.4311872E+06 0.0000000E+00
    54   5   6 1.4561E+03 1.4777E+03 9.6011860E+05 2.0163708E+06 0.0000000E+00
    54   6   6 1.4777E+03 1.4777E+03 4.9979265E+05 8.3435382E+06 0.0000000E+00
    55   1   1 3.4631E+02 3.4631E+02 1.9873722E+06 2.0675985E+07 0.0000000E+00
    55   1   2 3.4631E+02 6.5808E+02 6.9293585E+05 1.1454836E+07 0.0000000E+00
    55   1   3 3.4631E+02 6.5854E+02 3.4317996E-13 2.6396464E-13 0.0000000E+00
    55   1   4 3.4631E+02 1.1470E+03 1.0586371E-11 3.0240774E-11 0.0000000E+00
    55   1   5 3.4631E+02 1.4423E+03 3.7130370E-12 1.9418795E-11 0.0000000E+00
    55   1   6 3.4631E+02 1.4647E+03 4.7417615E-12 2.5829656E-11 0.0000000E+00
    55   2   2 6.5808E+02 6.5808E+02 2.7743920E+06 2.8365056E+07 0.0000000E+00
    55   2   3 6.5808E+02 6.5854E+02 1.7963225E-15 1.1334569E-13 0.0000000E+00
    55   2   4 6.5808E+02 1.1470E+03 4.4682714E-12 2.6404240E-11 0.0000000E+00
    55   2   5 6.5808E+02 1.4423E+03 2.1458566E-12 1.8138128E-11 0.0000000E+00
    55   2   6 6.5808E+02 1.4647E+03 2.7848719E-12 2.4200145E-11 0.0000000E+00
    55   3   3 6.5854E+02 6.5854E+02 5.4961002E+07 2.7393889E+07 0.0000000E+00
    55   3   4 6.5854E+02 1.1470E+03 3.0025841E+07 9.7087398E+06 0.0000000E+00
    55   3   5 6.5854E+02 1.4423E+03 1.6806863E+06 3.7237526E+07 0.0000000E+00
    55   3   6 6.5854E+02 1.4647E+03 3.7291440E+06 1.9627031E+07 0.0000000E+00
    55   4   4 1.1470E+03 1.1470E+03 5.0216153E+05 1.5841156E+08 0.0000000E+00
    55   4   5 1.1470E+03 1.4423E+03 2.3149812E+06 1.2171410E+05 0.0000000E+00
    55   4   6 1.1470E+03 1.4647E+03 6.5862610E+06 4.1565387E+06 0.0000000E+00
    55   5   5 1.4423E+03 1.4423E+03 1.5476964E+06 1.3480170E+07 0.0000000E+00
    55   5   6 1.4423E+03 1.4647E+03 9.2254283E+05 3.5953544E+06 0.0000000E+00
    55   6   6 1.4647E+03 1.4647E+03 2.1601550E+05 4.7828339E+06 0.0000000E+00
    56   1   1 3.6723E+02 3.6723E+02 2.1870269E+06 1.4961210E+07 0.0000000E+00
    56   1   2 3.6723E+02 6.3362E+02 5.3152404E+05 1.8325825E+07 0.0000000E+00
    56   1   3 3.6723E+02 6.8101E+02 7.0537787E-13 4.9412247E-14 0.0000000E+00
    56   1   4 3.6723E+02 1.2066E+03 2.2568050E-11 7.2246784E-12 0.0000000E+00
    56   1   5 3.6723E+02 1.4196E+03 7.6439589E-12 7.1452857E-12 0.0000000E+00
    56   1   6 3.6723E+02 1.4564E+03 4.7965798E-12 2.7639041E-12 0.0000000E+00
    56   2   2 6.3362E+02 6.3362E+02 2.9755441E+06 2.0298378E+07 0.0000000E+00
    56   2   3 6.3362E+02 6.8101E+02 6.4590065E-14 2.2670415E-14 0.0000000E+00
    56   2   4 6.3362E+02 1.2066E+03 2.2542791E-11 6.5833325E-12 0.0000000E+00
    56   2   5 6.3362E+02 1.4196E+03 7.3005318E-12 6.8028461E-12 0.0000000E+00
    56   2   6 6.3362E+02 1.4564E+03 4.6442343E-12 2.6438679E-12 0.0000000E+00
    56   3   3 6.8101E+02 6.8101E+02 5.6885724E+07 1.4824878E+07 0.0000000E+00
    56   3   4 6.8101E+02 1.2066E+03 2.3030150E+07 9.4791752E+06 0.0000000E+00
    56   3   5 6.8101E+02 1.4196E+03 4.1484026E+06 2.2272114E+07 0.0000000E+00
    56   3   6 6.8101E+02 1.4564E+03 1.4561031E+06 3.9961425E+07 0.0000000E+00
    56   4   4 1.2066E+03 1.2066E+03 1.5245488E+06 1.3291178E+08 0.0000000E+00
    56   4   5 1.2066E+03 1.4196E+03 2.6814623E+05 5.7087532E+04 0.0000000E+00
    56   4   6 1.2066E+03 1.4564E+03 6.9362851E+06 3.5083593E+06 0.0000000E+00
    56   5   5 1.4196E+03 1.4196E+03 3.8386156E+06 2.9701310E+07 0.0000000E+00
    56   5   6 1.4196E+03 1.4564E+03 4.5005450E+03 2.7950801E+06 0.0000000E+00
    56   6   6 1.4564E+03 1.4564E+03 1.5416101E+06 1.5655980E+06 0.0000000E+00
    57   1   1 3.8372E+02 3.8372E+02 2.4627351E+06 7.3882053E+06 0.0000000E+00
    57   1   2 3.8372E+02 6.1450E+02 2.7138172E+05 2.7215948E+07 0.0000000E+00
    57   1   3 3.8372E+02 6.9637E+02 5.9422561E-14 5.1534294E-14 0.0000000E+00
    57   1   4 3.8372E+02 1.2607E+03 1.0882408E-11 4.1317855E-12 0.0000000E+00
    57   1   5 3.8372E+02 1.3892E+03 9.9785429E-12 4.3076554E-12 0.0000000E+00
    57   1   6 3.8372E+02 1.4517E+03 2.5444905E-12 8.9076971E-13 0.0000000E+00
    57   2   2 6.1450E+02 6.1450E+02 3.2751678E+06 9.8255034E+06 0.0000000E+00
    57   2   3 6.1450E+02 6.9637E+02 1.5908786E-14 1.0418818E-14 0.0000000E+00
    57   2   4 6.1450E+02 1.2607E+03 1.2436702E-11 3.9339734E-12 0.0000000E+00
    57   2   5 6.1450E+02 1.3892E+03 1.0972172E-11 4.3548382E-12 0.0000000E+00
    57   2   6 6.1450E+02 1.4517E+03 2.7413851E-12 9.1472129E-13 0.0000000E+00
    57   3   3 6.9637E+02 6.9637E+02 5.8165137E+07 5.5621813E+06 0.0000000E+00
    57   3   4 6.9637E+02 1.2607E+03 1.7541650E+07 9.3905941E+06 0.0000000E+00
    57   3   5 6.9637E+02 1.3892E+03 6.0212369E+06 1.5718314E+07 0.0000000E+00
    57   3   6 6.9637E+02 1.4517E+03 4.2405927E+05 5.0511598E+07 0.0000000E+00
    57   4   4 1.2607E+03 1.2607E+03 2.6692733E+06 1.0826423E+08 0.0000000E+00
    57   4   5 1.2607E+03 1.3892E+03 2.0446828E+03 3.3613491E+05 0.0000000E+00
    57   4   6 1.2607E+03 1.4517E+03 5.2699296E+06 2.8918151E+06 0.0000000E+00
    57   5   5 1.3892E+03 1.3892E+03 4.4453626E+06 4.6459285E+07 0.0000000E+00
    57   5   6 1.3892E+03 1.4517E+03 5.7078784E+05 2.1184165E+06 0.0000000E+00
    57   6   6 1.4517E+03 1.4517E+03 2.2077618E+06 4.7170082E+05 0.0000000E+00
    58   1   1 3.9312E+02 3.9312E+02 2.6981922E+06 1.0028803E+06 0.0000000E+00
    58   1   2 3.9312E+02 6.0371E+02 3.7366966E+04 3.4557300E+07 0.0000000E+00
    58   1   3 3.9312E+02 7.0418E+02 5.0568363E-15 1.1985659E-12 0.0000000E+00
    58   1   4 3.9312E+02 1.3091E+03 1.3808315E-12 2.5657065E-10 0.0000000E+00
    58   1   5 3.9312E+02 1.3527E+03 1.9268247E-12 2.5929228E-10 0.0000000E+00
    58   1   6 3.9312E+02 1.4495E+03 3.8680515E-13 4.1674395E-11 0.0000000E+00
    58   2   2 6.0371E+02 6.0371E+02 3.5362789E+06 1.3135076E+06 0.0000000E+00
    58   2   3 6.0371E+02 7.0418E+02 5.0568512E-15 7.1183168E-13 0.0000000E+00
    58   2   4 6.0371E+02 1.3091E+03 1.3808326E-12 2.5432402E-10 0.0000000E+00
    58   2   5 6.0371E+02 1.3527E+03 1.9268259E-12 2.5738466E-10 0.0000000E+00
    58   2   6 6.0371E+02 1.4495E+03 3.8680539E-13 4.1460785E-11 0.0000000E+00
    58   3   3 7.0418E+02 7.0418E+02 5.8802136E+07 6.3136313E+05 0.0000000E+00
    58   3   4 7.0418E+02 1.3091E+03 1.4399156E+07 8.6345299E+06 0.0000000E+00
    58   3   5 7.0418E+02 1.3527E+03 7.1900508E+06 1.4174030E+07 0.0000000E+00
    58   3   6 7.0418E+02 1.4495E+03 4.2809254E+04 5.4932442E+07 0.0000000E+00
    58   4   4 1.3091E+03 1.3091E+03 3.7255232E+06 8.3067084E+07 0.0000000E+00
    58   4   5 1.3091E+03 1.3527E+03 1.8068267E+04 2.6740417E+06 0.0000000E+00
    58   4   6 1.3091E+03 1.4495E+03 3.0112973E+06 2.7393071E+06 0.0000000E+00
    58   5   5 1.3527E+03 1.3527E+03 4.1686334E+06 6.2754457E+07 0.0000000E+00
    58   5   6 1.3527E+03 1.4495E+03 2.2328220E+06 1.7356725E+06 0.0000000E+00
    58   6   6 1.4495E+03 1.4495E+03 2.4500124E+06 5.0370043E+04 0.0000000E+00
    59   1   1 1.8426E+02 1.8426E+02 3.2523451E+06 3.0752961E+07 0.0000000E+00
    59   1   2 1.8426E+02 4.1211E+02 2.4776187E-12 1.8912960E-12 0.0000000E+00
    59   1   3 1.8426E+02 6.9581E+02 6.3682342E-12 2.2753648E-12 0.0000000E+00
    59   1   4 1.8426E+02 8.2698E+02 5.8485590E+05 6.3202408E+05 0.0000000E+00
    59   1   5 1.8426E+02 1.4913E+03 4.5718468E-12 6.8503092E-13 0.0000000E+00
    59   1   6 1.8426E+02 1.5151E+03 1.8453381E-11 2.7648632E-12 0.0000000E+00
    59   2   2 4.1211E+02 4.1211E+02 3.7261801E+07 1.1346830E+08 0.0000000E+00
    59   2   3 4.1211E+02 6.9581E+02 7.5045904E+07 2.5672492E+07 0.0000000E+00
    59   2   4 4.1211E+02 8.2698E+02 9.8302370E-13 4.2291524E-13 0.0000000E+00
    59   2   5 4.1211E+02 1.4913E+03 1.7134872E+07 6.4439299E+06 0.0000000E+00
    59   2   6 4.1211E+02 1.5151E+03 4.8461043E+06 1.0232659E+07 0.0000000E+00
    59   3   3 6.9581E+02 6.9581E+02 8.7715679E+07 2.2171578E+08 0.0000000E+00
    59   3   4 6.9581E+02 8.2698E+02 4.4975248E-12 9.3446146E-13 0.0000000E+00
    59   3   5 6.9581E+02 1.4913E+03 5.9722925E+06 1.5709333E+07 0.0000000E+00
    59   3   6 6.9581E+02 1.5151E+03 3.4692773E+06 2.3038074E+06 0.0000000E+00
    59   4   4 8.2698E+02 8.2698E+02 5.2736508E+06 2.0404920E+07 0.0000000E+00
    59   4   5 8.2698E+02 1.4913E+03 4.3944579E-12 6.7034103E-13 0.0000000E+00
    59   4   6 8.2698E+02 1.5151E+03 1.7770982E-11 2.7181518E-12 0.0000000E+00
    59   5   5 1.4913E+03 1.4913E+03 1.5131632E+05 5.5559572E+05 0.0000000E+00
    59   5   6 1.4913E+03 1.5151E+03 7.1025139E+05 2.7773381E+05 0.0000000E+00
    59   6   6 1.5151E+03 1.5151E+03 3.0328989E+05 8.6073515E+04 0.0000000E+00
    60   1   1 2.1157E+02 2.1157E+02 3.1676993E+06 3.0399247E+07 0.0000000E+00
    60   1   2 2.1157E+02 4.6447E+02 8.2168203E-12 9.9897940E-12 0.0000000E+00
    60   1   3 2.1157E+02 7.6948E+02 3.0100000E-11 3.7177807E-11 0.0000000E+00
    60   1   4 2.1157E+02 8.0335E+02 7.6624649E+05 7.8578473E+05 0.0000000E+00
    60   1   5 2.1157E+02 1.4873E+03 7.8137691E-12 9.7587093E-12 0.0000000E+00
    60   1   6 2.1157E+02 1.5128E+03 5.3858108E-11 6.7271687E-11 0.0000000E+00
    60   2   2 4.6447E+02 4.6447E+02 3.9588890E+07 1.1022010E+08 0.0000000E+00
    60   2   3 4.6447E+02 7.6948E+02 7.8230813E+07 2.3048826E+07 0.0000000E+00
    60   2   4 4.6447E+02 8.0335E+02 3.6719097E-12 4.5169029E-12 0.0000000E+00
    60   2   5 4.6447E+02 1.4873E+03 1.2191240E+07 1.2204827E+07 0.0000000E+00
    60   2   6 4.6447E+02 1.5128E+03 6.4033759E+06 7.3558889E+06 0.0000000E+00
    60   3   3 7.6948E+02 7.6948E+02 5.2764213E+07 2.2242660E+08 0.0000000E+00
    60   3   4 7.6948E+02 8.0335E+02 1.9853949E-11 2.4672139E-11 0.0000000E+00
    60   3   5 7.6948E+02 1.4873E+03 8.4342825E+06 1.3169465E+07 0.0000000E+00
    60   3   6 7.6948E+02 1.5128E+03 1.2817547E+06 2.9659280E+06 0.0000000E+00
    60   4   4 8.0335E+02 8.0335E+02 5.0851921E+06 2.5383588E+07 0.0000000E+00
    60   4   5 8.0335E+02 1.4873E+03 6.9328900E-12 8.6657742E-12 0.0000000E+00
    60   4   6 8.0335E+02 1.5128E+03 4.7997008E-11 5.9997290E-11 0.0000000E+00
    60   5   5 1.4873E+03 1.4873E+03 2.4019885E+04 7.8431223E+05 0.0000000E+00
    60   5   6 1.4873E+03 1.5128E+03 6.2284320E+05 3.0266357E+05 0.0000000E+00
    60   6   6 1.5128E+03 1.5128E+03 7.4325598E+05 4.6171879E+05 0.0000000E+00
    61   1   1 2.3865E+02 2.3865E+02 3.1291680E+06 2.9741431E+07 0.0000000E+00
    61   1   2 2.3865E+02 5.1525E+02 2.3173273E-11 5.8821853E-13 0.0000000E+00
    61   1   3 2.3865E+02 7.7741E+02 9.5677053E+05 1.0848756E+06 0.0000000E+00
    61   1   4 2.3865E+02 8.4270E+02 1.3542142E-10 1.6020276E-12 0.0000000E+00
    61   1   5 2.3865E+02 1.4825E+03 1.7905080E-11 5.3001993E-14 0.0000000E+00
    61   1   6 2.3865E+02 1.5083E+03 2.4235056E-10 6.8234839E-13 0.0000000E+00
    61   2   2 5.1525E+02 5.1525E+02 4.4930108E+07 1.0058163E+08 0.0000000E+00
    61   2   3 5.1525E+02 7.7741E+02 1.2248398E-11 5.2843387E-13 0.0000000E+00
    61   2   4 5.1525E+02 8.4270E+02 7.6273616E+07 2.1076313E+07 0.0000000E+00
    61   2   5 5.1525E+02 1.4825E+03 7.8353887E+06 1.8987233E+07 0.0000000E+00
    61   2   6 5.1525E+02 1.5083E+03 7.3555778E+06 4.7238847E+06 0.0000000E+00
    61   3   3 7.7741E+02 7.7741E+02 4.8959096E+06 2.9730742E+07 0.0000000E+00
    61   3   4 7.7741E+02 8.4270E+02 9.8264281E-11 1.8719619E-14 0.0000000E+00
    61   3   5 7.7741E+02 1.4825E+03 1.6061903E-11 1.7031908E-14 0.0000000E+00
    61   3   6 7.7741E+02 1.5083E+03 2.1827379E-10 2.2611844E-13 0.0000000E+00
    61   4   4 8.4270E+02 8.4270E+02 2.8436689E+07 2.1667677E+08 0.0000000E+00
    61   4   5 8.4270E+02 1.4825E+03 9.9967273E+06 1.0654725E+07 0.0000000E+00
    61   4   6 8.4270E+02 1.5083E+03 1.6706746E+05 3.4166979E+06 0.0000000E+00
    61   5   5 1.4825E+03 1.4825E+03 8.5558582E+03 1.0740215E+06 0.0000000E+00
    61   5   6 1.4825E+03 1.5083E+03 3.6400042E+05 3.6860165E+05 0.0000000E+00
    61   6   6 1.5083E+03 1.5083E+03 1.3831524E+06 1.3524597E+06 0.0000000E+00
    62   1   1 2.6538E+02 2.6538E+02 3.1134852E+06 2.8833268E+07 0.0000000E+00
    62   1   2 2.6538E+02 5.6309E+02 9.6056182E-15 8.1653564E-13 0.0000000E+00
    62   1   3 2.6538E+02 7.4972E+02 1.1431142E+06 1.6399202E+06 0.0000000E+00
    62   1   4 2.6538E+02 9.1452E+02 1.2939614E-12 7.0544391E-13 0.0000000E+00
    62   1   5 2.6538E+02 1.4770E+03 2.6335836E-13 3.1686749E-14 0.0000000E+00
    62   1   6 2.6538E+02 1.5012E+03 1.0151138E-11 1.3244772E-12 0.0000000E+00
    62   2   2 5.6309E+02 5.6309E+02 5.1955158E+07 8.6860341E+07 0.0000000E+00
    62   2   3 5.6309E+02 7.4972E+02 1.6954365E-14 1.8896677E-13 0.0000000E+00
    62   2   4 5.6309E+02 9.1452E+02 7.0219936E+07 1.9525626E+07 0.0000000E+00
    62   2   5 5.6309E+02 1.4770E+03 4.1954069E+06 2.6615776E+07 0.0000000E+00
    62   2   6 5.6309E+02 1.5012E+03 7.9072157E+06 2.2313318E+06 0.0000000E+00
    62   3   3 7.4972E+02 7.4972E+02 4.7223124E+06 3.2986699E+07 0.0000000E+00
    62   3   4 7.4972E+02 9.1452E+02 2.1924254E-12 1.1028063E-14 0.0000000E+00
    62   3   5 7.4972E+02 1.4770E+03 2.9545031E-13 5.9061641E-14 0.0000000E+00
    62   3   6 7.4972E+02 1.5012E+03 1.1327485E-11 2.3570488E-12 0.0000000E+00
    62   4   4 9.1452E+02 9.1452E+02 1.2984325E+07 2.0582820E+08 0.0000000E+00
    62   4   5 9.1452E+02 1.4770E+03 1.0384496E+07 8.1540487E+06 0.0000000E+00
    62   4   6 9.1452E+02 1.5012E+03 1.0619636E+05 3.8670104E+06 0.0000000E+00
    62   5   5 1.4770E+03 1.4770E+03 9.1261619E+04 1.4879140E+06 0.0000000E+00
    62   5   6 1.4770E+03 1.5012E+03 5.9689746E+04 5.4180638E+05 0.0000000E+00
    62   6   6 1.5012E+03 1.5012E+03 2.0623116E+06 2.9071195E+06 0.0000000E+00
    63   1   1 2.9162E+02 2.9162E+02 3.1190464E+06 2.7610598E+07 0.0000000E+00
    63   1   2 2.9162E+02 6.0694E+02 5.8609809E-12 5.2866043E-13 0.0000000E+00
    63   1   3 2.9162E+02 7.2094E+02 1.3039503E+06 2.6476709E+06 0.0000000E+00
    63   1   4 2.9162E+02 9.8411E+02 8.1787332E-11 1.5626231E-12 0.0000000E+00
    63   1   5 2.9162E+02 1.4703E+03 2.3367966E-12 2.7525160E-13 0.0000000E+00
    63   1   6 2.9162E+02 1.4915E+03 1.3335735E-10 1.6370978E-11 0.0000000E+00
    63   2   2 6.0694E+02 6.0694E+02 5.9610218E+07 7.0794845E+07 0.0000000E+00
    63   2   3 6.0694E+02 7.2094E+02 1.0164112E-12 1.4913014E-12 0.0000000E+00
    63   2   4 6.0694E+02 9.8411E+02 6.1470075E+07 1.8276342E+07 0.0000000E+00
    63   2   5 6.0694E+02 1.4703E+03 1.3387844E+06 3.4515904E+07 0.0000000E+00
    63   2   6 6.0694E+02 1.4915E+03 8.2107373E+06 1.8018189E+05 0.0000000E+00
    63   3   3 7.2094E+02 7.2094E+02 4.5877856E+06 3.4688744E+07 0.0000000E+00
    63   3   4 7.2094E+02 9.8411E+02 5.4510807E-11 8.0160025E-12 0.0000000E+00
    63   3   5 7.2094E+02 1.4703E+03 2.0298744E-12 4.0610299E-13 0.0000000E+00
    63   3   6 7.2094E+02 1.4915E+03 1.1645307E-10 2.3681863E-11 0.0000000E+00
    63   4   4 9.8411E+02 9.8411E+02 4.3871179E+06 1.9101324E+08 0.0000000E+00
    63   4   5 9.8411E+02 1.4703E+03 9.1797890E+06 5.4540035E+06 0.0000000E+00
    63   4   6 9.8411E+02 1.4915E+03 1.3010672E+06 4.6532624E+06 0.0000000E+00
    63   5   5 1.4703E+03 1.4703E+03 1.1094329E+05 2.3671045E+06 0.0000000E+00
    63   5   6 1.4703E+03 1.4915E+03 1.1883325E+05 1.0261087E+06 0.0000000E+00
    63   6   6 1.4915E+03 1.4915E+03 2.2418578E+06 4.7519445E+06 0.0000000E+00
    64   1   1 3.1717E+02 3.1717E+02 3.1641006E+06 2.5854001E+07 0.0000000E+00
    64   1   2 3.1717E+02 6.4589E+02 2.5503505E-12 2.9850643E-13 0.0000000E+00
    64   1   3 3.1717E+02 6.9185E+02 1.4061495E+06 4.4458230E+06 0.0000000E+00
    64   1   4 3.1717E+02 1.0508E+03 8.6335546E-11 4.1465126E-12 0.0000000E+00
    64   1   5 3.1717E+02 1.4610E+03 2.2509743E-11 1.5775502E-12 0.0000000E+00
    64   1   6 3.1717E+02 1.4804E+03 1.4557486E-10 8.1690522E-12 0.0000000E+00
    64   2   2 6.4589E+02 6.4589E+02 6.7054204E+07 5.3808030E+07 0.0000000E+00
    64   2   3 6.4589E+02 6.9185E+02 1.3933701E-12 1.4101930E-13 0.0000000E+00
    64   2   4 6.4589E+02 1.0508E+03 5.1450090E+07 1.7262514E+07 0.0000000E+00
    64   2   5 6.4589E+02 1.4610E+03 4.2343230E+02 3.8717252E+07 0.0000000E+00
    64   2   6 6.4589E+02 1.4804E+03 7.6621297E+06 2.2379448E+06 0.0000000E+00
    64   3   3 6.9185E+02 6.9185E+02 4.5261317E+06 3.4353112E+07 0.0000000E+00
    64   3   4 6.9185E+02 1.0508E+03 7.6591679E-11 1.4910963E-12 0.0000000E+00
    64   3   5 6.9185E+02 1.4610E+03 2.1542911E-11 2.1342661E-12 0.0000000E+00
    64   3   6 6.9185E+02 1.4804E+03 1.3956054E-10 1.0966937E-11 0.0000000E+00
    64   4   4 1.0508E+03 1.0508E+03 6.6038597E+05 1.7325770E+08 0.0000000E+00
    64   4   5 1.0508E+03 1.4610E+03 5.6699053E+06 2.3834388E+06 0.0000000E+00
    64   4   6 1.0508E+03 1.4804E+03 4.3348470E+06 6.0130640E+06 0.0000000E+00
    64   5   5 1.4610E+03 1.4610E+03 4.2121675E+04 5.4677218E+06 0.0000000E+00
    64   5   6 1.4610E+03 1.4804E+03 1.1190975E+06 2.1222269E+06 0.0000000E+00
    64   6   6 1.4804E+03 1.4804E+03 9.3264508E+05 4.9023021E+06 0.0000000E+00
    65   1   1 3.4165E+02 3.4165E+02 3.2876200E+06 2.3119292E+07 0.0000000E+00
    65   1   2 3.4165E+02 6.6344E+02 1.4004998E+06 7.5806902E+06 0.0000000E+00
    65   1   3 3.4165E+02 6.7911E+02 1.2912512E-13 2.2131546E-14 0.0000000E+00
    65   1   4 3.4165E+02 1.1139E+03 1.0357305E-12 6.0791204E-12 0.0000000E+00
    65   1   5 3.4165E+02 1.4460E+03 4.8746581E-12 8.0050413E-12 0.0000000E+00
    65   1   6 3.4165E+02 1.4708E+03 4.9872353E-12 1.0781325E-11 0.0000000E+00
    65   2   2 6.6344E+02 6.6344E+02 4.5859367E+06 3.1436472E+07 0.0000000E+00
    65   2   3 6.6344E+02 6.7911E+02 5.5152972E-14 2.4926862E-14 0.0000000E+00
    65   2   4 6.6344E+02 1.1139E+03 3.3294373E-12 7.8054661E-12 0.0000000E+00
    65   2   5 6.6344E+02 1.4460E+03 3.9869690E-12 8.9453426E-12 0.0000000E+00
    65   2   6 6.6344E+02 1.4708E+03 4.6283644E-12 1.1981402E-11 0.0000000E+00
    65   3   3 6.7911E+02 6.7911E+02 7.3668008E+07 3.7208317E+07 0.0000000E+00
    65   3   4 6.7911E+02 1.1139E+03 4.1389079E+07 1.6442877E+07 0.0000000E+00
    65   3   5 6.7911E+02 1.4460E+03 1.4765866E+06 3.2451112E+07 0.0000000E+00
    65   3   6 6.7911E+02 1.4708E+03 5.0416513E+06 1.4798270E+07 0.0000000E+00
    65   4   4 1.1139E+03 1.1139E+03 6.0065112E+04 1.5352905E+08 0.0000000E+00
    65   4   5 1.1139E+03 1.4460E+03 1.6525568E+06 3.4874927E+05 0.0000000E+00
    65   4   6 1.1139E+03 1.4708E+03 7.3671711E+06 6.5729154E+06 0.0000000E+00
    65   5   5 1.4460E+03 1.4460E+03 1.8132659E+06 1.4265869E+07 0.0000000E+00
    65   5   6 1.4460E+03 1.4708E+03 1.2112097E+06 2.6281225E+06 0.0000000E+00
    65   6   6 1.4708E+03 1.4708E+03 3.8108383E+04 2.6271548E+06 0.0000000E+00
    66   1   1 3.6431E+02 3.6431E+02 3.5470538E+06 1.8700720E+07 0.0000000E+00
    66   1   2 3.6431E+02 6.3701E+02 1.2219890E+06 1.2815157E+07 0.0000000E+00
    66   1   3 3.6431E+02 7.0588E+02 4.6510853E-13 2.1241111E-13 0.0000000E+00
    66   1   4 3.6431E+02 1.1729E+03 2.6355802E-12 9.5359604E-12 0.0000000E+00
    66   1   5 3.6431E+02 1.4239E+03 3.4976535E-12 9.9880970E-12 0.0000000E+00
    66   1   6 3.6431E+02 1.4642E+03 1.9258399E-12 5.3414963E-12 0.0000000E+00
    66   2   2 6.3701E+02 6.3701E+02 4.8303421E+06 2.5350979E+07 0.0000000E+00
    66   2   3 6.3701E+02 7.0588E+02 5.6736942E-15 9.9324951E-14 0.0000000E+00
    66   2   4 6.3701E+02 1.1729E+03 2.3570996E-12 9.3826357E-12 0.0000000E+00
    66   2   5 6.3701E+02 1.4239E+03 3.5234422E-12 1.0270359E-11 0.0000000E+00
    66   2   6 6.3701E+02 1.4642E+03 1.9509320E-12 5.5022270E-12 0.0000000E+00
    66   3   3 7.0588E+02 7.0588E+02 7.9049430E+07 2.2302309E+07 0.0000000E+00
    66   3   4 7.0588E+02 1.1729E+03 3.2209143E+07 1.5778566E+07 0.0000000E+00
    66   3   5 7.0588E+02 1.4239E+03 3.7311249E+06 2.4716016E+07 0.0000000E+00
    66   3   6 7.0588E+02 1.4642E+03 2.4427307E+06 2.8396692E+07 0.0000000E+00
    66   4   4 1.1729E+03 1.1729E+03 1.1838432E+06 1.3273577E+08 0.0000000E+00
    66   4   5 1.1729E+03 1.4239E+03 1.9344469E+05 2.8968400E+02 0.0000000E+00
    66   4   6 1.1729E+03 1.4642E+03 7.3728635E+06 5.7081526E+06 0.0000000E+00
    66   5   5 1.4239E+03 1.4239E+03 4.4242618E+06 2.6350462E+07 0.0000000E+00
    66   5   6 1.4239E+03 1.4642E+03 2.1593328E+05 2.2513177E+06 0.0000000E+00
    66   6   6 1.4642E+03 1.4642E+03 1.0029352E+06 1.1989969E+06 0.0000000E+00
    67   1   1 3.8372E+02 3.8372E+02 3.9894201E+06 1.1968260E+07 0.0000000E+00
    67   1   2 3.8372E+02 6.1450E+02 8.1967706E+05 2.0712154E+07 0.0000000E+00
    67   1   3 3.8372E+02 7.2554E+02 2.2522120E-12 7.2068793E-13 0.0000000E+00
    67   1   4 3.8372E+02 1.2275E+03 1.5156196E-10 7.1466614E-11 0.0000000E+00
    67   1   5 3.8372E+02 1.3956E+03 1.5454823E-10 8.5711128E-11 0.0000000E+00
    67   1   6 3.8372E+02 1.4598E+03 4.9269094E-11 2.5409648E-11 0.0000000E+00
    67   2   2 6.1450E+02 6.1450E+02 5.3054914E+06 1.5916474E+07 0.0000000E+00
    67   2   3 6.1450E+02 7.2554E+02 1.1328862E-12 5.6980914E-13 0.0000000E+00
    67   2   4 6.1450E+02 1.2275E+03 1.3791978E-10 6.8403621E-11 0.0000000E+00
    67   2   5 6.1450E+02 1.3956E+03 1.4509451E-10 8.3306673E-11 0.0000000E+00
    67   2   6 6.1450E+02 1.4598E+03 4.6634722E-11 2.4745686E-11 0.0000000E+00
    67   3   3 7.2554E+02 7.2554E+02 8.2976711E+07 1.0396663E+07 0.0000000E+00
    67   3   4 7.2554E+02 1.2275E+03 2.4525863E+07 1.5186643E+07 0.0000000E+00
    67   3   5 7.2554E+02 1.3956E+03 5.7200871E+06 2.0748275E+07 0.0000000E+00
    67   3   6 7.2554E+02 1.4598E+03 9.5483388E+05 3.7297369E+07 0.0000000E+00
    67   4   4 1.2275E+03 1.2275E+03 2.9951331E+06 1.1166936E+08 0.0000000E+00
    67   4   5 1.2275E+03 1.3956E+03 8.6368580E+02 1.5683894E+05 0.0000000E+00
    67   4   6 1.2275E+03 1.4598E+03 5.7556868E+06 4.6772639E+06 0.0000000E+00
    67   5   5 1.3956E+03 1.3956E+03 5.8691374E+06 3.9760019E+07 0.0000000E+00
    67   5   6 1.3956E+03 1.4598E+03 6.3143106E+04 2.0924430E+06 0.0000000E+00
    67   6   6 1.4598E+03 1.4598E+03 1.9757187E+06 5.1264204E+05 0.0000000E+00
    68   1   1 3.9749E+02 3.9749E+02 4.5325693E+06 4.0281120E+06 0.0000000E+00
    68   1   2 3.9749E+02 5.9871E+02 2.8248520E+05 2.9825612E+07 0.0000000E+00
    68   1   3 3.9749E+02 7.3757E+02 2.0736245E-12 3.2360495E-14 0.0000000E+00
    68   1   4 3.9749E+02 1.2771E+03 7.3784862E-11 9.2660155E-13 0.0000000E+00
    68   1   5 3.9749E+02 1.3618E+03 6.8813113E-11 7.7063518E-13 0.0000000E+00
    68   1   6 3.9749E+02 1.4571E+03 1.5795953E-11 1.5506711E-13 0.0000000E+00
    68   2   2 5.9871E+02 5.9871E+02 5.9080778E+06 5.2423212E+06 0.0000000E+00
    68   2   3 5.9871E+02 7.3757E+02 6.1594099E-13 5.3948426E-15 0.0000000E+00
    68   2   4 5.9871E+02 1.2771E+03 5.8958044E-11 5.5115584E-13 0.0000000E+00
    68   2   5 5.9871E+02 1.3618E+03 5.6952625E-11 4.8257802E-13 0.0000000E+00
    68   2   6 5.9871E+02 1.4571E+03 1.3484692E-11 1.0176382E-13 0.0000000E+00
    68   3   3 7.3757E+02 7.3757E+02 8.5352360E+07 2.6777073E+06 0.0000000E+00
    68   3   4 7.3757E+02 1.2771E+03 1.8912930E+07 1.4229778E+07 0.0000000E+00
    68   3   5 7.3757E+02 1.3618E+03 7.6236672E+06 1.9596246E+07 0.0000000E+00
    68   3   6 7.3757E+02 1.4571E+03 2.2154548E+05 4.2308977E+07 0.0000000E+00
    68   4   4 1.2771E+03 1.2771E+03 4.8233370E+06 9.0543043E+07 0.0000000E+00
    68   4   5 1.2771E+03 1.3618E+03 6.9056268E+04 9.5590285E+05 0.0000000E+00
    68   4   6 1.2771E+03 1.4571E+03 3.6504065E+06 3.9464238E+06 0.0000000E+00
    68   5   5 1.3618E+03 1.3618E+03 6.1796271E+06 5.4424780E+07 0.0000000E+00
    68   5   6 1.3618E+03 1.4571E+03 8.9958394E+05 2.1298473E+06 0.0000000E+00
    68   6   6 1.4571E+03 1.4571E+03 2.5726224E+06 1.3057619E+05 0.0000000E+00
    69   1   1 4.0259E+02 4.0259E+02 4.8111101E+06 7.2912590E-12 0.0000000E+00
    69   1   2 4.0259E+02 5.9290E+02 3.0624689E-12 3.4381248E+07 0.0000000E+00
    69   1   3 4.0259E+02 7.4162E+02 7.1668761E-27 4.7523477E-25 0.0000000E+00
    69   1   4 4.0259E+02 1.3171E+03 1.4284635E-25 4.2445440E-20 0.0000000E+00
    69   1   5 4.0259E+02 1.3271E+03 2.6699636E-26 1.8440072E-21 0.0000000E+00
    69   1   6 4.0259E+02 1.4562E+03 7.1149971E-27 2.2097720E-23 0.0000000E+00
    69   2   2 5.9290E+02 5.9290E+02 6.2189440E+06 6.0585606E-13 0.0000000E+00
    69   2   3 5.9290E+02 7.4162E+02 9.3765711E-28 9.5607880E-25 0.0000000E+00
    69   2   4 5.9290E+02 1.3171E+03 1.8606958E-26 4.2694815E-20 0.0000000E+00
    69   2   5 5.9290E+02 1.3271E+03 2.8488197E-27 1.7977217E-21 0.0000000E+00
    69   2   6 5.9290E+02 1.4562E+03 2.7842748E-26 2.4081189E-23 0.0000000E+00
    69   3   3 7.4162E+02 7.4162E+02 8.6145938E+07 4.3051194E-11 0.0000000E+00
    69   3   4 7.4162E+02 1.3171E+03 2.5257083E+07 6.2104122E-10 0.0000000E+00
    69   3   5 7.4162E+02 1.3271E+03 6.5330996E-11 3.3210392E+07 0.0000000E+00
    69   3   6 7.4162E+02 1.4562E+03 1.3840219E-10 4.3947640E+07 0.0000000E+00
    69   4   4 1.3171E+03 1.3171E+03 7.5200314E+06 1.4783968E-09 0.0000000E+00
    69   4   5 1.3171E+03 1.3271E+03 1.4077286E-09 7.2590207E+07 0.0000000E+00
    69   4   6 1.3171E+03 1.4562E+03 4.9550058E-11 5.8518829E+06 0.0000000E+00
    69   5   5 1.3271E+03 1.3271E+03 4.4540054E+06 4.2963678E-09 0.0000000E+00
    69   5   6 1.3271E+03 1.4562E+03 4.1004067E+06 1.1364105E-09 0.0000000E+00
    69   6   6 1.4562E+03 1.4562E+03 2.7727035E+06 1.2076704E-09 0.0000000E+00
    70   1   1 2.3368E+02 2.3368E+02 4.9233186E+06 2.9920808E+07 0.0000000E+00
    70   1   2 2.3368E+02 5.1710E+02 1.3465862E-12 4.2809250E-11 0.0000000E+00
    70   1   3 2.3368E+02 7.8001E+02 1.4113632E+06 5.4166732E+05 0.0000000E+00
    70   1   4 2.3368E+02 8.3709E+02 1.7400394E-12 1.4389222E-10 0.0000000E+00
    70   1   5 2.3368E+02 1.4844E+03 1.8413334E-13 7.6203992E-11 0.0000000E+00
    70   1   6 2.3368E+02 1.5062E+03 7.4693873E-13 3.2386580E-10 0.0000000E+00
    70   2   2 5.1710E+02 5.1710E+02 3.6436588E+07 1.1372047E+08 0.0000000E+00
    70   2   3 5.1710E+02 7.8001E+02 4.5113419E-13 2.5779825E-11 0.0000000E+00
    70   2   4 5.1710E+02 8.3709E+02 7.7160694E+07 2.6820835E+07 0.0000000E+00
    70   2   5 5.1710E+02 1.4844E+03 1.5855456E+07 7.3848819E+06 0.0000000E+00
    70   2   6 5.1710E+02 1.5062E+03 4.9634309E+06 9.0462807E+06 0.0000000E+00
    70   3   3 7.8001E+02 7.8001E+02 7.4540923E+06 2.7209345E+07 0.0000000E+00
    70   3   4 7.8001E+02 8.3709E+02 7.6292516E-13 1.1363197E-10 0.0000000E+00
    70   3   5 7.8001E+02 1.4844E+03 1.0599974E-13 7.0885207E-11 0.0000000E+00
    70   3   6 7.8001E+02 1.5062E+03 4.3261002E-13 3.0198020E-10 0.0000000E+00
    70   4   4 8.3709E+02 8.3709E+02 6.6527337E+07 1.7118501E+08 0.0000000E+00
    70   4   5 8.3709E+02 1.4844E+03 6.1664826E+06 1.6416916E+07 0.0000000E+00
    70   4   6 8.3709E+02 1.5062E+03 1.2141693E+06 1.1923501E+06 0.0000000E+00
    70   5   5 1.4844E+03 1.4844E+03 8.3295204E+04 4.9801857E+05 0.0000000E+00
    70   5   6 1.4844E+03 1.5062E+03 6.6984412E+05 3.5129195E+05 0.0000000E+00
    70   6   6 1.5062E+03 1.5062E+03 1.2552006E+06 1.5114502E+06 0.0000000E+00
    71   1   1 2.6054E+02 2.6054E+02 4.8140292E+06 2.9206435E+07 0.0000000E+00
    71   1   2 2.6054E+02 5.6876E+02 4.2616741E-12 2.6873250E-12 0.0000000E+00
    71   1   3 2.6054E+02 7.5333E+02 1.7334921E+06 8.2657432E+05 0.0000000E+00
    71   1   4 2.6054E+02 9.0133E+02 7.9957300E-12 1.1860171E-11 0.0000000E+00
    71   1   5 2.6054E+02 1.4805E+03 4.4061485E-13 2.4236712E-12 0.0000000E+00
    71   1   6 2.6054E+02 1.4989E+03 4.1132806E-12 2.3483855E-11 0.0000000E+00
    71   2   2 5.6876E+02 5.6876E+02 4.3053503E+07 1.0419659E+08 0.0000000E+00
    71   2   3 5.6876E+02 7.5333E+02 1.6767877E-12 2.9999447E-14 0.0000000E+00
    71   2   4 5.6876E+02 9.0133E+02 7.8669052E+07 2.5926354E+07 0.0000000E+00
    71   2   5 5.6876E+02 1.4805E+03 9.9625649E+06 1.4208306E+07 0.0000000E+00
    71   2   6 5.6876E+02 1.4989E+03 7.2024183E+06 6.0242169E+06 0.0000000E+00
    71   3   3 7.5333E+02 7.5333E+02 7.1410214E+06 3.1061296E+07 0.0000000E+00
    71   3   4 7.5333E+02 9.0133E+02 3.9423343E-12 6.1173326E-12 0.0000000E+00
    71   3   5 7.5333E+02 1.4805E+03 2.6765313E-13 2.0655681E-12 0.0000000E+00
    71   3   6 7.5333E+02 1.4989E+03 2.5102327E-12 2.0124422E-11 0.0000000E+00
    71   4   4 9.0133E+02 9.0133E+02 3.7274125E+07 1.6694678E+08 0.0000000E+00
    71   4   5 9.0133E+02 1.4805E+03 8.0317362E+06 1.3811771E+07 0.0000000E+00
    71   4   6 9.0133E+02 1.4989E+03 7.5545193E+04 2.2100976E+06 0.0000000E+00
    71   5   5 1.4805E+03 1.4805E+03 3.3050274E+03 7.8425393E+05 0.0000000E+00
    71   5   6 1.4805E+03 1.4989E+03 2.9095405E+05 5.4013917E+05 0.0000000E+00
    71   6   6 1.4989E+03 1.4989E+03 2.3781798E+06 2.9471341E+06 0.0000000E+00
    72   1   1 2.8700E+02 2.8700E+02 4.7364789E+06 2.8220536E+07 0.0000000E+00
    72   1   2 2.8700E+02 6.1737E+02 1.3531406E-12 1.1861596E-11 0.0000000E+00
    72   1   3 2.8700E+02 7.2519E+02 2.0405590E+06 1.3800919E+06 0.0000000E+00
    72   1   4 2.8700E+02 9.6445E+02 8.3913624E-12 7.2707296E-11 0.0000000E+00
    72   1   5 2.8700E+02 1.4752E+03 3.0460031E-13 2.6140523E-12 0.0000000E+00
    72   1   6 2.8700E+02 1.4896E+03 1.5451781E-11 1.3258156E-10 0.0000000E+00
    72   2   2 6.1737E+02 6.1737E+02 5.2693733E+07 8.9090247E+07 0.0000000E+00
    72   2   3 6.1737E+02 7.2519E+02 9.0298279E-13 2.2785314E-12 0.0000000E+00
    72   2   4 6.1737E+02 9.6445E+02 7.5120827E+07 2.5250614E+07 0.0000000E+00
    72   2   5 6.1737E+02 1.4752E+03 3.6867662E+06 2.3638791E+07 0.0000000E+00
    72   2   6 6.1737E+02 1.4896E+03 1.0009054E+07 1.5167937E+06 0.0000000E+00
    72   3   3 7.2519E+02 7.2519E+02 6.8621755E+06 3.3668187E+07 0.0000000E+00
    72   3   4 7.2519E+02 9.6445E+02 6.8604449E-12 4.7151862E-11 0.0000000E+00
    72   3   5 7.2519E+02 1.4752E+03 2.7934855E-13 2.2707278E-12 0.0000000E+00
    72   3   6 7.2519E+02 1.4896E+03 1.4196514E-11 1.1558302E-10 0.0000000E+00
    72   4   4 9.6445E+02 9.6445E+02 1.7323072E+07 1.5958480E+08 0.0000000E+00
    72   4   5 9.6445E+02 1.4752E+03 8.0314439E+06 9.5250007E+06 0.0000000E+00
    72   4   6 9.6445E+02 1.4896E+03 7.2518743E+05 4.6565788E+06 0.0000000E+00
    72   5   5 1.4752E+03 1.4752E+03 6.7441804E+04 1.8204623E+06 0.0000000E+00
    72   5   6 1.4752E+03 1.4896E+03 3.1281218E+04 1.1728314E+06 0.0000000E+00
    72   6   6 1.4896E+03 1.4896E+03 3.2353702E+06 3.9877126E+06 0.0000000E+00
    73   1   1 3.1293E+02 3.1293E+02 4.7033478E+06 2.6884406E+07 0.0000000E+00
    73   1   2 3.1293E+02 6.6154E+02 2.1920924E-12 1.0906748E-13 0.0000000E+00
    73   1   3 3.1293E+02 6.9629E+02 2.2913314E+06 2.4318643E+06 0.0000000E+00
    73   1   4 3.1293E+02 1.0259E+03 5.3740551E-11 1.4022008E-11 0.0000000E+00
    73   1   5 3.1293E+02 1.4657E+03 1.4220227E-11 1.0079103E-11 0.0000000E+00
    73   1   6 3.1293E+02 1.4806E+03 8.4751648E-11 4.5248061E-11 0.0000000E+00
    73   2   2 6.6154E+02 6.6154E+02 6.4114492E+07 7.0867548E+07 0.0000000E+00
    73   2   3 6.6154E+02 6.9629E+02 2.1920822E-12 1.1117826E-12 0.0000000E+00
    73   2   4 6.6154E+02 1.0259E+03 6.7467159E+07 2.4607621E+07 0.0000000E+00
    73   2   5 6.6154E+02 1.4657E+03 2.7540755E+03 2.9262821E+07 0.0000000E+00
    73   2   6 6.6154E+02 1.4806E+03 1.0759792E+07 1.6404191E+06 0.0000000E+00
    73   3   3 6.9629E+02 6.9629E+02 6.6609322E+06 3.4596219E+07 0.0000000E+00
    73   3   4 6.9629E+02 1.0259E+03 5.3740599E-11 2.0567694E-11 0.0000000E+00
    73   3   5 6.9629E+02 1.4657E+03 1.4220229E-11 1.1304892E-11 0.0000000E+00
    73   3   6 6.9629E+02 1.4806E+03 8.4751656E-11 5.0565616E-11 0.0000000E+00
    73   4   4 1.0259E+03 1.0259E+03 5.7276016E+06 1.4959865E+08 0.0000000E+00
    73   4   5 1.0259E+03 1.4657E+03 4.0966579E+06 3.2587074E+06 0.0000000E+00
    73   4   6 1.0259E+03 1.4806E+03 4.9241617E+06 8.9718918E+06 0.0000000E+00
    73   5   5 1.4657E+03 1.4657E+03 2.2862676E+05 6.8479688E+06 0.0000000E+00
    73   5   6 1.4657E+03 1.4806E+03 1.2929254E+06 1.9365302E+06 0.0000000E+00
    73   6   6 1.4806E+03 1.4806E+03 1.1882226E+06 2.3254385E+06 0.0000000E+00
    74   1   1 3.3809E+02 3.3809E+02 4.7604248E+06 2.4925261E+07 0.0000000E+00
    74   1   2 3.3809E+02 6.6742E+02 2.4205848E+06 4.3887776E+06 0.0000000E+00
    74   1   3 3.3809E+02 7.0015E+02 6.7948305E-13 1.5145788E-12 0.0000000E+00
    74   1   4 3.3809E+02 1.0850E+03 7.8374512E-13 1.6298666E-11 0.0000000E+00
    74   1   5 3.3809E+02 1.4493E+03 1.9757688E-13 1.0545388E-11 0.0000000E+00
    74   1   6 3.3809E+02 1.4745E+03 2.6262189E-13 1.1326781E-11 0.0000000E+00
    74   2   2 6.6742E+02 6.6742E+02 6.6026575E+06 3.3369169E+07 0.0000000E+00
    74   2   3 6.6742E+02 7.0015E+02 9.6250218E-14 2.3417439E-13 0.0000000E+00
    74   2   4 6.6742E+02 1.0850E+03 2.8712296E-13 1.0067967E-11 0.0000000E+00
    74   2   5 6.6742E+02 1.4493E+03 8.4441592E-13 8.4225600E-12 0.0000000E+00
    74   2   6 6.6742E+02 1.4745E+03 9.8032992E-13 9.1370488E-12 0.0000000E+00
    74   3   3 7.0015E+02 7.0015E+02 7.5930603E+07 5.1699830E+07 0.0000000E+00
    74   3   4 7.0015E+02 1.0850E+03 5.7263429E+07 2.3892252E+07 0.0000000E+00
    74   3   5 7.0015E+02 1.4493E+03 1.5898051E+06 2.5860629E+07 0.0000000E+00
    74   3   6 7.0015E+02 1.4745E+03 7.0313537E+06 1.1257592E+07 0.0000000E+00
    74   4   4 1.0850E+03 1.0850E+03 7.2521932E+05 1.3740974E+08 0.0000000E+00
    74   4   5 1.0850E+03 1.4493E+03 9.0275303E+05 4.8864830E+05 0.0000000E+00
    74   4   6 1.0850E+03 1.4745E+03 7.8019899E+06 9.8070325E+06 0.0000000E+00
    74   5   5 1.4493E+03 1.4493E+03 2.5864174E+06 1.5688399E+07 0.0000000E+00
    74   5   6 1.4493E+03 1.4745E+03 1.2045587E+06 1.5315387E+06 0.0000000E+00
    74   6   6 1.4745E+03 1.4745E+03 1.5261537E+03 9.9981207E+05 0.0000000E+00
    75   1   1 3.6201E+02 3.6201E+02 4.9920886E+06 2.1776366E+07 0.0000000E+00
    75   1   2 3.6201E+02 6.3966E+02 2.3291597E+06 7.9284182E+06 0.0000000E+00
    75   1   3 3.6201E+02 7.3225E+02 2.7905747E-12 1.4042192E-12 0.0000000E+00
    75   1   4 3.6201E+02 1.1414E+03 3.4515876E-12 1.4890014E-11 0.0000000E+00
    75   1   5 3.6201E+02 1.4271E+03 3.9778866E-13 1.6996686E-11 0.0000000E+00
    75   1   6 3.6201E+02 1.4702E+03 1.8078859E-13 1.0062753E-11 0.0000000E+00
    75   2   2 6.3966E+02 6.3966E+02 6.7852534E+06 2.9396840E+07 0.0000000E+00
    75   2   3 6.3966E+02 7.3225E+02 1.7886463E-14 4.0643041E-13 0.0000000E+00
    75   2   4 6.3966E+02 1.1414E+03 3.0642218E-13 1.4767225E-11 0.0000000E+00
    75   2   5 6.3966E+02 1.4271E+03 4.0783410E-13 1.7141146E-11 0.0000000E+00
    75   2   6 6.3966E+02 1.4702E+03 2.8797353E-13 1.0150573E-11 0.0000000E+00
    75   3   3 7.3225E+02 7.3225E+02 8.6816222E+07 3.3512584E+07 0.0000000E+00
    75   3   4 7.3225E+02 1.1414E+03 4.6233466E+07 2.3038863E+07 0.0000000E+00
    75   3   5 7.3225E+02 1.4271E+03 3.6316016E+06 2.3426074E+07 0.0000000E+00
    75   3   6 7.3225E+02 1.4702E+03 3.8130933E+06 1.9951749E+07 0.0000000E+00
    75   4   4 1.1414E+03 1.1414E+03 1.8428573E+05 1.2345964E+08 0.0000000E+00
    75   4   5 1.1414E+03 1.4271E+03 7.6646881E+04 1.9194468E+04 0.0000000E+00
    75   4   6 1.1414E+03 1.4702E+03 7.6787387E+06 8.4764812E+06 0.0000000E+00
    75   5   5 1.4271E+03 1.4271E+03 5.1322623E+06 2.5115340E+07 0.0000000E+00
    75   5   6 1.4271E+03 1.4702E+03 3.8546960E+05 1.3766879E+06 0.0000000E+00
    75   6   6 1.4702E+03 1.4702E+03 5.2853362E+05 5.8161352E+05 0.0000000E+00
    76   1   1 3.8372E+02 3.8372E+02 5.5161050E+06 1.6548315E+07 0.0000000E+00
    76   1   2 3.8372E+02 6.1450E+02 1.8872543E+06 1.3985690E+07 0.0000000E+00
    76   1   3 3.8372E+02 7.5707E+02 4.6820198E-13 1.3680900E-12 0.0000000E+00
    76   1   4 3.8372E+02 1.1946E+03 4.3346035E-13 1.1321839E-11 0.0000000E+00
    76   1   5 3.8372E+02 1.4000E+03 3.9649866E-13 5.0447838E-11 0.0000000E+00
    76   1   6 3.8372E+02 1.4669E+03 2.2518826E-13 1.2193170E-11 0.0000000E+00
    76   2   2 6.1450E+02 6.1450E+02 7.3358151E+06 2.2007445E+07 0.0000000E+00
    76   2   3 6.1450E+02 7.5707E+02 4.9325949E-15 4.4349120E-13 0.0000000E+00
    76   2   4 6.1450E+02 1.1946E+03 3.5515163E-13 8.8369701E-12 0.0000000E+00
    76   2   5 6.1450E+02 1.4000E+03 8.9358084E-13 4.6732303E-11 0.0000000E+00
    76   2   6 6.1450E+02 1.4669E+03 4.5561779E-13 1.1195083E-11 0.0000000E+00
    76   3   3 7.5707E+02 7.5707E+02 9.5716947E+07 1.8025548E+07 0.0000000E+00
    76   3   4 7.5707E+02 1.1946E+03 3.5888398E+07 2.1958848E+07 0.0000000E+00
    76   3   5 7.5707E+02 1.4000E+03 5.5653612E+06 2.2802116E+07 0.0000000E+00
    76   3   6 7.5707E+02 1.4669E+03 1.7780590E+06 2.6433917E+07 0.0000000E+00
    76   4   4 1.1946E+03 1.1946E+03 2.0657402E+06 1.0822152E+08 0.0000000E+00
    76   4   5 1.1946E+03 1.4000E+03 1.8323246E+04 6.2655287E+04 0.0000000E+00
    76   4   6 1.1946E+03 1.4669E+03 6.2425684E+06 6.9134233E+06 0.0000000E+00
    76   5   5 1.4000E+03 1.4000E+03 6.9398152E+06 3.5783567E+07 0.0000000E+00
    76   5   6 1.4000E+03 1.4669E+03 3.0909355E+03 1.5378380E+06 0.0000000E+00
    76   6   6 1.4669E+03 1.4669E+03 1.3564530E+06 3.2833920E+05 0.0000000E+00
    77   1   1 4.0133E+02 4.0133E+02 6.3898252E+06 8.7472539E+06 0.0000000E+00
    77   1   2 4.0133E+02 5.9431E+02 1.0340975E+06 2.2918666E+07 0.0000000E+00
    77   1   3 4.0133E+02 7.7399E+02 1.3730438E-12 6.5968471E-13 0.0000000E+00
    77   1   4 4.0133E+02 1.2440E+03 2.2542308E-11 5.1800975E-12 0.0000000E+00
    77   1   5 4.0133E+02 1.3681E+03 1.9483862E-11 2.7106528E-13 0.0000000E+00
    77   1   6 4.0133E+02 1.4646E+03 5.9342199E-12 5.8978577E-14 0.0000000E+00
    77   2   2 5.9431E+02 5.9431E+02 8.3049694E+06 1.1335233E+07 0.0000000E+00
    77   2   3 5.9431E+02 7.7399E+02 4.2350760E-13 1.2603186E-13 0.0000000E+00
    77   2   4 5.9431E+02 1.2440E+03 1.6535984E-11 3.6664259E-12 0.0000000E+00
    77   2   5 5.9431E+02 1.3681E+03 1.5305511E-11 7.9067498E-13 0.0000000E+00
    77   2   6 5.9431E+02 1.4646E+03 4.8524975E-12 7.6312324E-14 0.0000000E+00
    77   3   3 7.7399E+02 7.7399E+02 1.0194223E+08 6.7272750E+06 0.0000000E+00
    77   3   4 7.7399E+02 1.2440E+03 2.7419677E+07 2.0330112E+07 0.0000000E+00
    77   3   5 7.7399E+02 1.3681E+03 7.6843454E+06 2.3577057E+07 0.0000000E+00
    77   3   6 7.7399E+02 1.4646E+03 6.0163206E+05 3.0886649E+07 0.0000000E+00
    77   4   4 1.2440E+03 1.2440E+03 4.7672626E+06 9.1983728E+07 0.0000000E+00
    77   4   5 1.2440E+03 1.3681E+03 1.4493069E+05 5.6461070E+05 0.0000000E+00
    77   4   6 1.2440E+03 1.4646E+03 4.2621980E+06 5.5713432E+06 0.0000000E+00
    77   5   5 1.3681E+03 1.3681E+03 7.7829520E+06 4.7718505E+07 0.0000000E+00
    77   5   6 1.3681E+03 1.4646E+03 3.1014258E+05 1.8749578E+06 0.0000000E+00
    77   6   6 1.4646E+03 1.4646E+03 2.0812941E+06 1.3107124E+05 0.0000000E+00
    78   1   1 4.1170E+02 4.1170E+02 7.2570149E+06 1.2605423E+06 0.0000000E+00
    78   1   2 4.1170E+02 5.8257E+02 1.5122509E+05 3.1331066E+07 0.0000000E+00
    78   1   3 4.1170E+02 7.8256E+02 2.0240833E-12 2.4273025E-12 0.0000000E+00
    78   1   4 4.1170E+02 1.2888E+03 5.4674106E-11 7.3729048E-11 0.0000000E+00
    78   1   5 4.1170E+02 1.3322E+03 6.6683643E-11 6.7673905E-11 0.0000000E+00
    78   1   6 4.1170E+02 1.4634E+03 1.5443281E-11 1.9725977E-11 0.0000000E+00
    78   2   2 5.8257E+02 5.8257E+02 9.2749241E+06 1.6007480E+06 0.0000000E+00
    78   2   3 5.8257E+02 7.8256E+02 9.4270729E-13 1.1517535E-12 0.0000000E+00
    78   2   4 5.8257E+02 1.2888E+03 4.7058588E-11 6.2231988E-11 0.0000000E+00
    78   2   5 5.8257E+02 1.3322E+03 5.8904770E-11 5.7954075E-11 0.0000000E+00
    78   2   6 5.8257E+02 1.4634E+03 1.3873761E-11 1.7487984E-11 0.0000000E+00
    78   3   3 7.8256E+02 7.8256E+02 1.0512645E+08 7.6131325E+05 0.0000000E+00
    78   3   4 7.8256E+02 1.2888E+03 2.3279330E+07 1.5265057E+07 0.0000000E+00
    78   3   5 7.8256E+02 1.3322E+03 8.4454533E+06 2.8282982E+07 0.0000000E+00
    78   3   6 7.8256E+02 1.4634E+03 6.4756812E+04 3.3187158E+07 0.0000000E+00
    78   4   4 1.2888E+03 1.2888E+03 7.5635687E+06 7.0194200E+07 0.0000000E+00
    78   4   5 1.2888E+03 1.3322E+03 2.2624672E+05 6.4782747E+06 0.0000000E+00
    78   4   6 1.2888E+03 1.4634E+03 1.9857483E+06 4.9994691E+06 0.0000000E+00
    78   5   5 1.3322E+03 1.3322E+03 7.1351626E+06 5.5927823E+07 0.0000000E+00
    78   5   6 1.3322E+03 1.4634E+03 1.6083157E+06 1.9263867E+06 0.0000000E+00
    78   6   6 1.4634E+03 1.4634E+03 2.4981976E+06 1.5453036E+04 0.0000000E+00
    79   1   1 2.8402E+02 2.8402E+02 6.6415570E+06 2.8470726E+07 0.0000000E+00
    79   1   2 2.8402E+02 6.2108E+02 1.9186107E-13 2.6553780E-11 0.0000000E+00
    79   1   3 2.8402E+02 7.2718E+02 2.9225429E+06 5.0979716E+05 0.0000000E+00
    79   1   4 2.8402E+02 9.5850E+02 1.0257324E-12 1.0773425E-10 0.0000000E+00
    79   1   5 2.8402E+02 1.4786E+03 1.1950434E-12 2.9498039E-11 0.0000000E+00
    79   1   6 2.8402E+02 1.4866E+03 1.8439438E-12 2.6795885E-10 0.0000000E+00
    79   2   2 6.2108E+02 6.2108E+02 3.4805269E+07 1.0989744E+08 0.0000000E+00
    79   2   3 6.2108E+02 7.2718E+02 5.4165201E-13 2.0860871E-11 0.0000000E+00
    79   2   4 6.2108E+02 9.5850E+02 7.9982310E+07 2.8402756E+07 0.0000000E+00
    79   2   5 6.2108E+02 1.4786E+03 1.1006707E+07 1.0408765E+07 0.0000000E+00
    79   2   6 6.2108E+02 1.4866E+03 8.1914424E+06 6.7477207E+06 0.0000000E+00
    79   3   3 7.2718E+02 7.2718E+02 9.3950210E+06 3.1917712E+07 0.0000000E+00
    79   3   4 7.2718E+02 9.5850E+02 2.5553809E-12 9.6729094E-11 0.0000000E+00
    79   3   5 7.2718E+02 1.4786E+03 1.4211912E-12 2.8299272E-11 0.0000000E+00
    79   3   6 7.2718E+02 1.4866E+03 2.7017127E-12 2.5720272E-10 0.0000000E+00
    79   4   4 9.5850E+02 9.5850E+02 4.6072909E+07 1.2178592E+08 0.0000000E+00
    79   4   5 9.5850E+02 1.4786E+03 6.2883598E+06 1.5889313E+07 0.0000000E+00
    79   4   6 9.5850E+02 1.4866E+03 9.9158378E+02 1.7072917E+06 0.0000000E+00
    79   5   5 1.4786E+03 1.4786E+03 9.0804913E+00 5.6849377E+05 0.0000000E+00
    79   5   6 1.4786E+03 1.4866E+03 1.1688218E+05 8.2675829E+05 0.0000000E+00
    79   6   6 1.4866E+03 1.4866E+03 3.7964605E+06 5.1321631E+06 0.0000000E+00
    80   1   1 3.1013E+02 3.1013E+02 6.4400370E+06 2.7429597E+07 0.0000000E+00
    80   1   2 3.1013E+02 6.7102E+02 8.5971557E-13 2.5108577E-13 0.0000000E+00
    80   1   3 3.1013E+02 6.9881E+02 3.4013631E+06 1.0012527E+06 0.0000000E+00
    80   1   4 3.1013E+02 1.0124E+03 1.6511336E-11 1.1981267E-11 0.0000000E+00
    80   1   5 3.1013E+02 1.4695E+03 6.1065374E-11 1.7782652E-11 0.0000000E+00
    80   1   6 3.1013E+02 1.4789E+03 1.0360793E-10 3.8753844E-11 0.0000000E+00
    80   2   2 6.7102E+02 6.7102E+02 4.5104386E+07 9.3854270E+07 0.0000000E+00
    80   2   3 6.7102E+02 6.9881E+02 8.5971558E-13 8.1806380E-13 0.0000000E+00
    80   2   4 6.7102E+02 1.0124E+03 7.9906313E+07 2.9152392E+07 0.0000000E+00
    80   2   5 6.7102E+02 1.4695E+03 9.9764454E+04 2.0203165E+07 0.0000000E+00
    80   2   6 6.7102E+02 1.4789E+03 1.5290508E+07 1.5182805E+06 0.0000000E+00
    80   3   3 6.9881E+02 6.9881E+02 8.9675541E+06 3.3864202E+07 0.0000000E+00
    80   3   4 6.9881E+02 1.0124E+03 1.6511337E-11 1.5294617E-11 0.0000000E+00
    80   3   5 6.9881E+02 1.4695E+03 6.1065368E-11 1.9271456E-11 0.0000000E+00
    80   3   6 6.9881E+02 1.4789E+03 1.0360792E-10 4.1937449E-11 0.0000000E+00
    80   4   4 1.0124E+03 1.0124E+03 2.2381583E+07 1.1634692E+08 0.0000000E+00
    80   4   5 1.0124E+03 1.4695E+03 2.0948720E+06 2.5789916E+06 0.0000000E+00
    80   4   6 1.0124E+03 1.4789E+03 5.0572569E+06 1.3436322E+07 0.0000000E+00
    80   5   5 1.4695E+03 1.4695E+03 1.1489811E+06 9.2704626E+06 0.0000000E+00
    80   5   6 1.4695E+03 1.4789E+03 1.3561195E+06 1.0469319E+06 0.0000000E+00
    80   6   6 1.4789E+03 1.4789E+03 8.6178647E+05 5.2517063E+05 0.0000000E+00
    81   1   1 3.3567E+02 3.3567E+02 6.3242664E+06 2.6035121E+07 0.0000000E+00
    81   1   2 3.3567E+02 6.6997E+02 3.7733245E+06 2.0128231E+06 0.0000000E+00
    81   1   3 3.3567E+02 7.1619E+02 2.0422151E-16 3.0217679E-16 0.0000000E+00
    81   1   4 3.3567E+02 1.0649E+03 9.6584276E-13 9.6614617E-13 0.0000000E+00
    81   1   5 3.3567E+02 1.4516E+03 2.5748246E-12 2.5746112E-12 0.0000000E+00
    81   1   6 3.3567E+02 1.4762E+03 2.1487897E-12 2.1485927E-12 0.0000000E+00
    81   2   2 6.6997E+02 6.6997E+02 8.6765770E+06 3.4073796E+07 0.0000000E+00
    81   2   3 6.6997E+02 7.1619E+02 2.3165069E-14 2.6696089E-13 0.0000000E+00
    81   2   4 6.6997E+02 1.0649E+03 1.3613131E-12 2.0175032E-12 0.0000000E+00
    81   2   5 6.6997E+02 1.4516E+03 2.9055384E-12 3.2201729E-12 0.0000000E+00
    81   2   6 6.6997E+02 1.4762E+03 2.4099096E-12 2.6521396E-12 0.0000000E+00
    81   3   3 7.1619E+02 7.1619E+02 5.8787022E+07 7.3292617E+07 0.0000000E+00
    81   3   4 7.1619E+02 1.0649E+03 7.4474842E+07 2.9751868E+07 0.0000000E+00
    81   3   5 7.1619E+02 1.4516E+03 2.2046154E+06 1.9500743E+07 0.0000000E+00
    81   3   6 7.1619E+02 1.4762E+03 9.9238883E+06 7.8200695E+06 0.0000000E+00
    81   4   4 1.0649E+03 1.0649E+03 7.6245642E+06 1.1018131E+08 0.0000000E+00
    81   4   5 1.0649E+03 1.4516E+03 3.3834989E+05 4.1266245E+05 0.0000000E+00
    81   4   6 1.0649E+03 1.4762E+03 7.2841027E+06 1.3624513E+07 0.0000000E+00
    81   5   5 1.4516E+03 1.4516E+03 3.9095612E+06 1.6813887E+07 0.0000000E+00
    81   5   6 1.4516E+03 1.4762E+03 8.9334661E+05 5.0170837E+05 0.0000000E+00
    81   6   6 1.4762E+03 1.4762E+03 2.2989632E+03 2.0620548E+05 0.0000000E+00
    82   1   1 3.6039E+02 3.6039E+02 6.3903410E+06 2.3950375E+07 0.0000000E+00
    82   1   2 3.6039E+02 6.4149E+02 3.9179019E+06 4.0308280E+06 0.0000000E+00
    82   1   3 3.6039E+02 7.5510E+02 4.7803635E-13 2.1217397E-13 0.0000000E+00
    82   1   4 3.6039E+02 1.1159E+03 1.0362492E-11 8.5597103E-13 0.0000000E+00
    82   1   5 3.6039E+02 1.4293E+03 2.5085636E-11 4.6660028E-13 0.0000000E+00
    82   1   6 3.6039E+02 1.4742E+03 1.5418825E-11 2.4450626E-13 0.0000000E+00
    82   2   2 6.4149E+02 6.4149E+02 8.6420057E+06 3.2073795E+07 0.0000000E+00
    82   2   3 6.4149E+02 7.5510E+02 9.3196310E-13 1.7578725E-14 0.0000000E+00
    82   2   4 6.4149E+02 1.1159E+03 1.8679428E-11 3.3752775E-13 0.0000000E+00
    82   2   5 6.4149E+02 1.4293E+03 3.0954095E-11 2.5345295E-13 0.0000000E+00
    82   2   6 6.4149E+02 1.4742E+03 1.8585848E-11 1.3666017E-13 0.0000000E+00
    82   3   3 7.5510E+02 7.5510E+02 7.4258192E+07 5.1311777E+07 0.0000000E+00
    82   3   4 7.5510E+02 1.1159E+03 6.4821201E+07 2.9839208E+07 0.0000000E+00
    82   3   5 7.5510E+02 1.4293E+03 3.8990804E+06 2.0658528E+07 0.0000000E+00
    82   3   6 7.5510E+02 1.4742E+03 5.9249308E+06 1.2962074E+07 0.0000000E+00
    82   4   4 1.1159E+03 1.1159E+03 9.6158319E+05 1.0320337E+08 0.0000000E+00
    82   4   5 1.1159E+03 1.4293E+03 1.1923017E+04 6.4827939E+04 0.0000000E+00
    82   4   6 1.1159E+03 1.4742E+03 7.4287209E+06 1.1769782E+07 0.0000000E+00
    82   5   5 1.4293E+03 1.4293E+03 6.1015519E+06 2.4508769E+07 0.0000000E+00
    82   5   6 1.4293E+03 1.4742E+03 3.6295368E+05 5.8326556E+05 0.0000000E+00
    82   6   6 1.4742E+03 1.4742E+03 2.0571216E+05 1.5552929E+05 0.0000000E+00
    83   1   1 3.8372E+02 3.8372E+02 6.8103659E+06 2.0431098E+07 0.0000000E+00
    83   1   2 3.8372E+02 6.1450E+02 3.6411621E+06 7.9192757E+06 0.0000000E+00
    83   1   3 3.8372E+02 7.8657E+02 2.9900019E-12 3.9756357E-12 0.0000000E+00
    83   1   4 3.8372E+02 1.1651E+03 1.0770401E-11 8.4992408E-11 0.0000000E+00
    83   1   5 3.8372E+02 1.4028E+03 6.4077359E-12 1.0315626E-10 0.0000000E+00
    83   1   6 3.8372E+02 1.4724E+03 2.5900620E-12 5.0078287E-11 0.0000000E+00
    83   2   2 6.1450E+02 6.1450E+02 9.0570404E+06 2.7171121E+07 0.0000000E+00
    83   2   3 6.1450E+02 7.8657E+02 5.4548177E-13 3.7914839E-12 0.0000000E+00
    83   2   4 6.1450E+02 1.1651E+03 5.3479931E-12 8.3978526E-11 0.0000000E+00
    83   2   5 6.1450E+02 1.4028E+03 3.8341473E-12 1.0248613E-10 0.0000000E+00
    83   2   6 6.1450E+02 1.4724E+03 1.6083306E-12 4.9799962E-11 0.0000000E+00
    83   3   3 7.8657E+02 7.8657E+02 8.9320878E+07 3.0832386E+07 0.0000000E+00
    83   3   4 7.8657E+02 1.1651E+03 5.3024575E+07 2.9114575E+07 0.0000000E+00
    83   3   5 7.8657E+02 1.4028E+03 5.6584337E+06 2.2755616E+07 0.0000000E+00
    83   3   6 7.8657E+02 1.4724E+03 3.1203124E+06 1.7461405E+07 0.0000000E+00
    83   4   4 1.1651E+03 1.1651E+03 2.7502246E+05 9.5158714E+07 0.0000000E+00
    83   4   5 1.1651E+03 1.4028E+03 4.9836460E+04 8.2119653E+03 0.0000000E+00
    83   4   6 1.1651E+03 1.4724E+03 6.4896692E+06 9.6576369E+06 0.0000000E+00
    83   5   5 1.4028E+03 1.4028E+03 7.9330934E+06 3.3391589E+07 0.0000000E+00
    83   5   6 1.4028E+03 1.4724E+03 3.2165917E+04 8.6315151E+05 0.0000000E+00
    83   6   6 1.4724E+03 1.4724E+03 7.2189927E+05 1.0914507E+05 0.0000000E+00
    84   1   1 4.0442E+02 4.0442E+02 7.8257230E+06 1.4280941E+07 0.0000000E+00
    84   1   2 4.0442E+02 5.9077E+02 2.6818875E+06 1.4904395E+07 0.0000000E+00
    84   1   3 4.0442E+02 8.0967E+02 1.2821592E-25 9.3728519E-12 0.0000000E+00
    84   1   4 4.0442E+02 1.2121E+03 7.8312974E-25 1.5996340E-10 0.0000000E+00
    84   1   5 4.0442E+02 1.3723E+03 9.3527749E-25 1.6277450E-10 0.0000000E+00
    84   1   6 4.0442E+02 1.4709E+03 4.6272225E-25 6.7683890E-11 0.0000000E+00
    84   2   2 5.9077E+02 5.9077E+02 1.0181354E+07 1.8484712E+07 0.0000000E+00
    84   2   3 5.9077E+02 8.0967E+02 9.3628453E-26 5.9656401E-12 0.0000000E+00
    84   2   4 5.9077E+02 1.2121E+03 6.9833340E-25 1.4330598E-10 0.0000000E+00
    84   2   5 5.9077E+02 1.3723E+03 7.8949257E-25 1.5108384E-10 0.0000000E+00
    84   2   6 5.9077E+02 1.4709E+03 3.9076852E-25 6.3731384E-11 0.0000000E+00
    84   3   3 8.0967E+02 8.0967E+02 1.0175217E+08 1.4336046E+07 0.0000000E+00
    84   3   4 8.0967E+02 1.2121E+03 4.1489054E+07 2.7228921E+07 0.0000000E+00
    84   3   5 8.0967E+02 1.3723E+03 7.8134215E+06 2.5727335E+07 0.0000000E+00
    84   3   6 8.0967E+02 1.4709E+03 1.3083569E+06 2.1092315E+07 0.0000000E+00
    84   4   4 1.2121E+03 1.2121E+03 2.9062357E+06 8.5683969E+07 0.0000000E+00
    84   4   5 1.2121E+03 1.3723E+03 2.0479434E+05 3.1702028E+05 0.0000000E+00
    84   4   6 1.2121E+03 1.4709E+03 4.8464454E+06 7.6628653E+06 0.0000000E+00
    84   5   5 1.3723E+03 1.3723E+03 9.0689056E+06 4.3124999E+07 0.0000000E+00
    84   5   6 1.3723E+03 1.4709E+03 1.0567714E+05 1.3099501E+06 0.0000000E+00
    84   6   6 1.4709E+03 1.4709E+03 1.3296273E+06 5.8281134E+04 0.0000000E+00
    85   1   1 4.1985E+02 4.1985E+02 9.4443070E+06 5.3783874E+06 0.0000000E+00
    85   1   2 4.1985E+02 5.7335E+02 1.0354766E+06 2.4869009E+07 0.0000000E+00
    85   1   3 4.1985E+02 8.2378E+02 5.2928823E-13 1.2455311E-12 0.0000000E+00
    85   1   4 4.1985E+02 1.2562E+03 8.5190136E-12 8.5480994E-12 0.0000000E+00
    85   1   5 4.1985E+02 1.3382E+03 1.5547199E-11 6.9913699E-12 0.0000000E+00
    85   1   6 4.1985E+02 1.4700E+03 4.8713343E-12 2.1762254E-12 0.0000000E+00
    85   2   2 5.7335E+02 5.7335E+02 1.1997322E+07 6.7482177E+06 0.0000000E+00
    85   2   3 5.7335E+02 8.2378E+02 5.2928847E-13 4.7304754E-13 0.0000000E+00
    85   2   4 5.7335E+02 1.2562E+03 8.5190132E-12 6.0020024E-12 0.0000000E+00
    85   2   5 5.7335E+02 1.3382E+03 1.5547202E-11 5.1777304E-12 0.0000000E+00
    85   2   6 5.7335E+02 1.4700E+03 4.8713344E-12 1.7299233E-12 0.0000000E+00
    85   3   3 8.2378E+02 8.2378E+02 1.0985151E+08 3.6795030E+06 0.0000000E+00
    85   3   4 8.2378E+02 1.2562E+03 3.2880979E+07 2.2840780E+07 0.0000000E+00
    85   3   5 8.2378E+02 1.3382E+03 9.8985350E+06 3.0784051E+07 0.0000000E+00
    85   3   6 8.2378E+02 1.4700E+03 3.1398135E+05 2.3475490E+07 0.0000000E+00
    85   4   4 1.2562E+03 1.2562E+03 6.6429810E+06 7.3166967E+07 0.0000000E+00
    85   4   5 1.2562E+03 1.3382E+03 3.3480762E+05 2.5787871E+06 0.0000000E+00
    85   4   6 1.2562E+03 1.4700E+03 2.8439239E+06 6.1573989E+06 0.0000000E+00
    85   5   5 1.3382E+03 1.3382E+03 8.9048103E+06 5.1785774E+07 0.0000000E+00
    85   5   6 1.3382E+03 1.4700E+03 8.4321292E+05 1.7861664E+06 0.0000000E+00
    85   6   6 1.4700E+03 1.4700E+03 1.8129235E+06 1.6391730E+04 0.0000000E+00
    86   1   1 4.2583E+02 4.2583E+02 1.0444928E+07 3.5103088E-15 0.0000000E+00
    86   1   2 4.2583E+02 5.6667E+02 2.7975591E-11 3.0796590E+07 0.0000000E+00
    86   1   3 4.2583E+02 8.2853E+02 3.5579274E-12 1.3414402E-24 0.0000000E+00
    86   1   4 4.2583E+02 1.2899E+03 7.5599445E-11 1.2811665E-22 0.0000000E+00
    86   1   5 4.2583E+02 1.3079E+03 5.8024925E-11 1.5957648E-22 0.0000000E+00
    86   1   6 4.2583E+02 1.4697E+03 2.3065115E-11 5.6717432E-23 0.0000000E+00
    86   2   2 5.6667E+02 5.6667E+02 1.3116536E+07 1.1691974E-11 0.0000000E+00
    86   2   3 5.6667E+02 8.2853E+02 2.1674701E-12 2.9137219E-24 0.0000000E+00
    86   2   4 5.6667E+02 1.2899E+03 6.5800762E-11 1.4715515E-22 0.0000000E+00
    86   2   5 5.6667E+02 1.3079E+03 5.0761506E-11 1.8388780E-22 0.0000000E+00
    86   2   6 5.6667E+02 1.4697E+03 2.0915087E-11 6.2288688E-23 0.0000000E+00
    86   3   3 8.2853E+02 8.2853E+02 1.1265116E+08 1.3204948E-10 0.0000000E+00
    86   3   4 8.2853E+02 1.2899E+03 4.0458707E+07 4.9973227E-10 0.0000000E+00
    86   3   5 8.2853E+02 1.3079E+03 2.7539512E-10 5.3848076E+07 0.0000000E+00
    86   3   6 8.2853E+02 1.4697E+03 1.2445184E-11 2.4307851E+07 0.0000000E+00
    86   4   4 1.2899E+03 1.2899E+03 1.2184983E+07 6.3645509E-10 0.0000000E+00
    86   4   5 1.2899E+03 1.3079E+03 8.0104031E-11 6.5177910E+07 0.0000000E+00
    86   4   6 1.2899E+03 1.4697E+03 4.2608216E-11 7.5831378E+06 0.0000000E+00
    86   5   5 1.3079E+03 1.3079E+03 5.5490540E+06 2.2488082E-10 0.0000000E+00
    86   5   6 1.3079E+03 1.4697E+03 3.2047616E+06 1.1940269E-09 0.0000000E+00
    86   6   6 1.4697E+03 1.4697E+03 1.9967038E+06 2.2506643E-09 0.0000000E+00
    87   1   1 3.3441E+02 3.3441E+02 7.8996138E+06 2.6406212E+07 0.0000000E+00
    87   1   2 3.3441E+02 6.7104E+02 5.4626868E+06 5.3822205E+05 0.0000000E+00
    87   1   3 3.3441E+02 7.2196E+02 5.3165010E-13 4.7221082E-11 0.0000000E+00
    87   1   4 3.3441E+02 1.0582E+03 9.2704358E-15 1.6699431E-10 0.0000000E+00
    87   1   5 3.3441E+02 1.4525E+03 1.1216328E-12 1.7261721E-10 0.0000000E+00
    87   1   6 3.3441E+02 1.4765E+03 6.7466222E-13 1.1521166E-10 0.0000000E+00
    87   2   2 6.7104E+02 6.7104E+02 1.0663731E+07 3.3534568E+07 0.0000000E+00
    87   2   3 6.7104E+02 7.2196E+02 3.4141101E-13 3.7782942E-11 0.0000000E+00
    87   2   4 6.7104E+02 1.0582E+03 6.9634866E-13 1.4973310E-10 0.0000000E+00
    87   2   5 6.7104E+02 1.4525E+03 2.1675780E-12 1.6152103E-10 0.0000000E+00
    87   2   6 6.7104E+02 1.4765E+03 1.2430129E-12 1.0862888E-10 0.0000000E+00
    87   3   3 7.2196E+02 7.2196E+02 3.2083218E+07 1.0037203E+08 0.0000000E+00
    87   3   4 7.2196E+02 1.0582E+03 8.3484738E+07 3.0479258E+07 0.0000000E+00
    87   3   5 7.2196E+02 1.4525E+03 3.7124906E+06 1.4796199E+07 0.0000000E+00
    87   3   6 7.2196E+02 1.4765E+03 1.3412851E+07 4.4319384E+06 0.0000000E+00
    87   4   4 1.0582E+03 1.0582E+03 2.8486890E+07 7.8687707E+07 0.0000000E+00
    87   4   5 1.0582E+03 1.4525E+03 7.7392887E+04 1.4968266E+05 0.0000000E+00
    87   4   6 1.0582E+03 1.4765E+03 5.6415505E+06 1.6935465E+07 0.0000000E+00
    87   5   5 1.4525E+03 1.4525E+03 5.5669061E+06 1.6715407E+07 0.0000000E+00
    87   5   6 1.4525E+03 1.4765E+03 4.0488087E+05 4.1515692E+03 0.0000000E+00
    87   6   6 1.4765E+03 1.4765E+03 2.3353519E+04 9.3361001E+03 0.0000000E+00
    88   1   1 3.5947E+02 3.5947E+02 7.6227486E+06 2.5065290E+07 0.0000000E+00
    88   1   2 3.5947E+02 6.4247E+02 6.0220949E+06 1.3777999E+06 0.0000000E+00
    88   1   3 3.5947E+02 7.6862E+02 3.0653923E-12 2.5963004E-13 0.0000000E+00
    88   1   4 3.5947E+02 1.1014E+03 2.5043320E-12 3.0040858E-14 0.0000000E+00
    88   1   5 3.5947E+02 1.4304E+03 1.2864175E-13 1.0603684E-12 0.0000000E+00
    88   1   6 3.5947E+02 1.4761E+03 2.3353556E-14 6.6976910E-13 0.0000000E+00
    88   2   2 6.4247E+02 6.4247E+02 1.0221865E+07 3.3158296E+07 0.0000000E+00
    88   2   3 6.4247E+02 7.6862E+02 4.1358982E-13 1.2262094E-13 0.0000000E+00
    88   2   4 6.4247E+02 1.1014E+03 3.9999570E-13 6.9501216E-13 0.0000000E+00
    88   2   5 6.4247E+02 1.4304E+03 3.9238691E-14 1.9468735E-12 0.0000000E+00
    88   2   6 6.4247E+02 1.4761E+03 4.9860265E-14 1.1312500E-12 0.0000000E+00
    88   3   3 7.6862E+02 7.6862E+02 4.5446381E+07 7.7734691E+07 0.0000000E+00
    88   3   4 7.6862E+02 1.1014E+03 8.1579388E+07 3.2770069E+07 0.0000000E+00
    88   3   5 7.6862E+02 1.4304E+03 4.6158218E+06 1.7842439E+07 0.0000000E+00
    88   3   6 7.6862E+02 1.4761E+03 9.0617843E+06 6.9546614E+06 0.0000000E+00
    88   4   4 1.1014E+03 1.1014E+03 1.0609516E+07 7.4990299E+07 0.0000000E+00
    88   4   5 1.1014E+03 1.4304E+03 4.7898368E+01 1.1395232E+05 0.0000000E+00
    88   4   6 1.1014E+03 1.4761E+03 6.2929292E+06 1.4996157E+07 0.0000000E+00
    88   5   5 1.4304E+03 1.4304E+03 7.2549176E+06 2.3731220E+07 0.0000000E+00
    88   5   6 1.4304E+03 1.4761E+03 2.0398200E+05 1.0138188E+05 0.0000000E+00
    88   6   6 1.4761E+03 1.4761E+03 2.7573192E+04 5.5040365E+03 0.0000000E+00
    89   1   1 3.8372E+02 3.8372E+02 7.6751636E+06 2.3025491E+07 0.0000000E+00
    89   1   2 3.8372E+02 6.1450E+02 6.1903962E+06 3.2752326E+06 0.0000000E+00
    89   1   3 3.8372E+02 8.0840E+02 8.4068368E-12 1.6400547E-11 0.0000000E+00
    89   1   4 3.8372E+02 1.1437E+03 3.9118078E-11 8.3413879E-11 0.0000000E+00
    89   1   5 3.8372E+02 1.4044E+03 4.3165305E-11 9.3752577E-11 0.0000000E+00
    89   1   6 3.8372E+02 1.4757E+03 2.1665847E-11 4.7200140E-11 0.0000000E+00
    89   2   2 6.1450E+02 6.1450E+02 1.0207126E+07 3.0621379E+07 0.0000000E+00
    89   2   3 6.1450E+02 8.0840E+02 4.2933311E-12 8.8137575E-12 0.0000000E+00
    89   2   4 6.1450E+02 1.1437E+03 3.1740214E-11 6.8432497E-11 0.0000000E+00
    89   2   5 6.1450E+02 1.4044E+03 3.8541076E-11 8.4153533E-11 0.0000000E+00
    89   2   6 6.1450E+02 1.4757E+03 1.9643169E-11 4.2985527E-11 0.0000000E+00
    89   3   3 8.0840E+02 8.0840E+02 6.2453685E+07 5.2443794E+07 0.0000000E+00
    89   3   4 8.0840E+02 1.1437E+03 7.3789270E+07 3.4207455E+07 0.0000000E+00
    89   3   5 8.0840E+02 1.4044E+03 6.0612609E+06 2.1651390E+07 0.0000000E+00
    89   3   6 8.0840E+02 1.4757E+03 5.3504438E+06 9.8865030E+06 0.0000000E+00
    89   4   4 1.1437E+03 1.1437E+03 1.6342138E+06 7.2199980E+07 0.0000000E+00
    89   4   5 1.1437E+03 1.4044E+03 5.6602413E+04 1.4814674E+04 0.0000000E+00
    89   4   6 1.1437E+03 1.4757E+03 6.1412876E+06 1.2661578E+07 0.0000000E+00
    89   5   5 1.4044E+03 1.4044E+03 8.9665589E+06 3.1683062E+07 0.0000000E+00
    89   5   6 1.4044E+03 1.4757E+03 2.3860687E+04 3.3190056E+05 0.0000000E+00
    89   6   6 1.4757E+03 1.4757E+03 2.4566444E+05 3.4592532E+03 0.0000000E+00
    90   1   1 4.0653E+02 4.0653E+02 8.4061961E+06 1.9276296E+07 0.0000000E+00
    90   1   2 4.0653E+02 5.8833E+02 5.5830252E+06 7.3715659E+06 0.0000000E+00
    90   1   3 4.0653E+02 8.3964E+02 1.5123352E-13 1.4275621E-13 0.0000000E+00
    90   1   4 4.0653E+02 1.1853E+03 9.5470303E-13 5.5166497E-13 0.0000000E+00
    90   1   5 4.0653E+02 1.3749E+03 1.9241999E-12 1.6387348E-12 0.0000000E+00
    90   1   6 4.0653E+02 1.4755E+03 1.1626508E-12 1.5705569E-12 0.0000000E+00
    90   2   2 5.8833E+02 5.8833E+02 1.1008629E+07 2.5030411E+07 0.0000000E+00
    90   2   3 5.8833E+02 8.3964E+02 4.3624528E-14 5.6315531E-15 0.0000000E+00
    90   2   4 5.8833E+02 1.1853E+03 1.4758441E-12 8.6672638E-13 0.0000000E+00
    90   2   5 5.8833E+02 1.3749E+03 2.4472850E-12 2.3329003E-12 0.0000000E+00
    90   2   6 5.8833E+02 1.4755E+03 1.3938103E-12 1.8888091E-12 0.0000000E+00
    90   3   3 8.3964E+02 8.3964E+02 8.0358126E+07 2.8849284E+07 0.0000000E+00
    90   3   4 8.3964E+02 1.1853E+03 6.2032321E+07 3.3822978E+07 0.0000000E+00
    90   3   5 8.3964E+02 1.3749E+03 8.1444892E+06 2.6470161E+07 0.0000000E+00
    90   3   6 8.3964E+02 1.4755E+03 2.6154208E+06 1.2738463E+07 0.0000000E+00
    90   4   4 1.1853E+03 1.1853E+03 2.0560044E+05 6.9479267E+07 0.0000000E+00
    90   4   5 1.1853E+03 1.3749E+03 1.8553397E+05 8.4867111E+04 0.0000000E+00
    90   4   6 1.1853E+03 1.4755E+03 5.1632269E+06 1.0179200E+07 0.0000000E+00
    90   5   5 1.3749E+03 1.3749E+03 1.0211306E+07 3.9960661E+07 0.0000000E+00
    90   5   6 1.3749E+03 1.4755E+03 5.9346406E+04 7.3217880E+05 0.0000000E+00
    90   6   6 1.4755E+03 1.4755E+03 6.2265522E+05 1.9710106E+03 0.0000000E+00
    91   1   1 4.2624E+02 4.2624E+02 1.0363987E+07 1.1997380E+07 0.0000000E+00
    91   1   2 4.2624E+02 5.6608E+02 3.6148311E+06 1.5500389E+07 0.0000000E+00
    91   1   3 4.2624E+02 8.6110E+02 1.4265809E-12 8.9740687E-12 0.0000000E+00
    91   1   4 4.2624E+02 1.2259E+03 1.6414346E-11 1.0475868E-10 0.0000000E+00
    91   1   5 4.2624E+02 1.3423E+03 1.4847370E-11 1.1667218E-10 0.0000000E+00
    91   1   6 4.2624E+02 1.4753E+03 8.8135616E-12 5.1457309E-11 0.0000000E+00
    91   2   2 5.6608E+02 5.6608E+02 1.3219512E+07 1.4964359E+07 0.0000000E+00
    91   2   3 5.6608E+02 8.6110E+02 1.0970485E-12 6.6265904E-12 0.0000000E+00
    91   2   4 5.6608E+02 1.2259E+03 1.5408582E-11 9.5904882E-11 0.0000000E+00
    91   2   5 5.6608E+02 1.3423E+03 1.3922669E-11 1.0933734E-10 0.0000000E+00
    91   2   6 5.6608E+02 1.4753E+03 8.4766394E-12 4.8939700E-11 0.0000000E+00
    91   3   3 8.6110E+02 8.6110E+02 9.5293339E+07 1.0872110E+07 0.0000000E+00
    91   3   4 8.6110E+02 1.2259E+03 4.9987531E+07 3.0333587E+07 0.0000000E+00
    91   3   5 8.6110E+02 1.3423E+03 1.0723947E+07 3.3040688E+07 0.0000000E+00
    91   3   6 8.6110E+02 1.4753E+03 9.0055379E+05 1.5006895E+07 0.0000000E+00
    91   4   4 1.2259E+03 1.2259E+03 3.3616179E+06 6.5047432E+07 0.0000000E+00
    91   4   5 1.2259E+03 1.3423E+03 3.0999398E+05 1.2089268E+06 0.0000000E+00
    91   4   6 1.2259E+03 1.4753E+03 3.5698684E+06 7.9465040E+06 0.0000000E+00
    91   5   5 1.3423E+03 1.3423E+03 1.0318982E+07 4.7140848E+07 0.0000000E+00
    91   5   6 1.3423E+03 1.4753E+03 5.4540060E+05 1.2843615E+06 0.0000000E+00
    91   6   6 1.4753E+03 1.4753E+03 1.0183109E+06 7.9495684E+02 0.0000000E+00
    92   1   1 4.3889E+02 4.3889E+02 1.3234520E+07 2.0719365E+06 0.0000000E+00
    92   1   2 4.3889E+02 5.5206E+02 6.3281342E+05 2.6369254E+07 0.0000000E+00
    92   1   3 4.3889E+02 8.7201E+02 1.7679072E-13 3.5087456E-12 0.0000000E+00
    92   1   4 4.3889E+02 1.2638E+03 4.0913455E-12 6.8862620E-11 0.0000000E+00
    92   1   5 4.3889E+02 1.3083E+03 3.7386171E-12 6.1954490E-11 0.0000000E+00
    92   1   6 4.3889E+02 1.4752E+03 2.0284053E-12 3.1970158E-11 0.0000000E+00
    92   2   2 5.5206E+02 5.5206E+02 1.6435989E+07 2.4986830E+06 0.0000000E+00
    92   2   3 5.5206E+02 8.7201E+02 1.7237994E-13 3.1737743E-12 0.0000000E+00
    92   2   4 5.5206E+02 1.2638E+03 4.1171360E-12 6.6820530E-11 0.0000000E+00
    92   2   5 5.5206E+02 1.3083E+03 3.7619656E-12 6.0301914E-11 0.0000000E+00
    92   2   6 5.5206E+02 1.4752E+03 2.0394508E-12 3.1378411E-11 0.0000000E+00
    92   3   3 8.7201E+02 8.7201E+02 1.0374501E+08 1.2338778E+06 0.0000000E+00
    92   3   4 8.7201E+02 1.2638E+03 4.5520085E+07 1.7372626E+07 0.0000000E+00
    92   3   5 8.7201E+02 1.3083E+03 9.4309410E+06 4.7536864E+07 0.0000000E+00
    92   3   6 8.7201E+02 1.4752E+03 9.7271451E+04 1.6262906E+07 0.0000000E+00
    92   4   4 1.2638E+03 1.2638E+03 8.5383148E+06 4.6967616E+07 0.0000000E+00
    92   4   5 1.2638E+03 1.3083E+03 2.9848283E+05 1.4447669E+07 0.0000000E+00
    92   4   6 1.2638E+03 1.4752E+03 1.4191008E+06 6.9749629E+06 0.0000000E+00
    92   5   5 1.3083E+03 1.3083E+03 8.1413676E+06 4.1658063E+07 0.0000000E+00
    92   5   6 1.3083E+03 1.4752E+03 1.9609580E+06 1.3177977E+06 0.0000000E+00
    92   6   6 1.4752E+03 1.4752E+03 1.2702781E+06 9.4606717E+01 0.0000000E+00
    93   1   1 3.8372E+02 3.8372E+02 7.9788401E+06 2.3936520E+07 0.0000000E+00
    93   1   2 3.8372E+02 6.1450E+02 9.5548560E+06 5.8562349E+05 0.0000000E+00
    93   1   3 3.8372E+02 8.1662E+02 3.3529579E-12 4.4028785E-12 0.0000000E+00
    93   1   4 3.8372E+02 1.1357E+03 9.3550664E-12 8.0867198E-12 0.0000000E+00
    93   1   5 3.8372E+02 1.4050E+03 7.7179670E-12 1.0258191E-11 0.0000000E+00
    93   1   6 3.8372E+02 1.4769E+03 3.5611451E-12 5.3577171E-12 0.0000000E+00
    93   2   2 6.1450E+02 6.1450E+02 1.0610983E+07 3.1832949E+07 0.0000000E+00
    93   2   3 6.1450E+02 8.1662E+02 3.0643867E-12 2.1208367E-12 0.0000000E+00
    93   2   4 6.1450E+02 1.1357E+03 6.0824926E-12 6.4522024E-12 0.0000000E+00
    93   2   5 6.1450E+02 1.4050E+03 5.4277431E-12 9.1285939E-12 0.0000000E+00
    93   2   6 6.1450E+02 1.4769E+03 2.5497987E-12 4.8462904E-12 0.0000000E+00
    93   3   3 8.1662E+02 8.1662E+02 2.7756173E+07 8.3268526E+07 0.0000000E+00
    93   3   4 8.1662E+02 1.1357E+03 8.7240711E+07 3.2960690E+07 0.0000000E+00
    93   3   5 8.1662E+02 1.4050E+03 6.7380356E+06 2.0214107E+07 0.0000000E+00
    93   3   6 8.1662E+02 1.4769E+03 8.7267649E+06 4.0695221E+06 0.0000000E+00
    93   4   4 1.1357E+03 1.1357E+03 1.5331488E+07 4.5994461E+07 0.0000000E+00
    93   4   5 1.1357E+03 1.4050E+03 2.2233246E+04 1.3511069E+05 0.0000000E+00
    93   4   6 1.1357E+03 1.4769E+03 4.9994812E+06 1.4998444E+07 0.0000000E+00
    93   5   5 1.4050E+03 1.4050E+03 1.0049720E+07 3.0149160E+07 0.0000000E+00
    93   5   6 1.4050E+03 1.4769E+03 1.6577290E+02 5.2301495E+04 0.0000000E+00
    93   6   6 1.4769E+03 1.4769E+03 1.2797209E+04 3.8391575E+04 0.0000000E+00
    94   1   1 4.0749E+02 4.0749E+02 7.8873015E+06 2.2283894E+07 0.0000000E+00
    94   1   2 4.0749E+02 5.8715E+02 9.8739261E+06 2.0165285E+06 0.0000000E+00
    94   1   3 4.0749E+02 8.5757E+02 1.4668049E-11 5.4783026E-11 0.0000000E+00
    94   1   4 4.0749E+02 1.1691E+03 7.1970784E-11 1.9223847E-10 0.0000000E+00
    94   1   5 4.0749E+02 1.3762E+03 9.9803292E-11 2.3462325E-10 0.0000000E+00
    94   1   6 4.0749E+02 1.4778E+03 5.6679506E-11 1.2711649E-10 0.0000000E+00
    94   2   2 5.8715E+02 5.8715E+02 1.0480510E+07 2.9197259E+07 0.0000000E+00
    94   2   3 5.8715E+02 8.5757E+02 1.3527848E-11 3.8009939E-11 0.0000000E+00
    94   2   4 5.8715E+02 1.1691E+03 7.0926761E-11 1.6916478E-10 0.0000000E+00
    94   2   5 5.8715E+02 1.3762E+03 9.9136706E-11 2.1718745E-10 0.0000000E+00
    94   2   6 5.8715E+02 1.4778E+03 5.6405007E-11 1.1944779E-10 0.0000000E+00
    94   3   3 8.5757E+02 8.5757E+02 4.2881417E+07 5.4461882E+07 0.0000000E+00
    94   3   4 8.5757E+02 1.1691E+03 8.3107425E+07 3.6176536E+07 0.0000000E+00
    94   3   5 8.5757E+02 1.3762E+03 8.6599568E+06 2.6209558E+07 0.0000000E+00
    94   3   6 8.5757E+02 1.4778E+03 4.9262478E+06 5.9511082E+06 0.0000000E+00
    94   4   4 1.1691E+03 1.1691E+03 3.3169853E+06 4.5793908E+07 0.0000000E+00
    94   4   5 1.1691E+03 1.3762E+03 7.6368866E+04 1.1443662E+04 0.0000000E+00
    94   4   6 1.1691E+03 1.4778E+03 4.8645621E+06 1.2590035E+07 0.0000000E+00
    94   5   5 1.3762E+03 1.3762E+03 1.1339895E+07 3.7621612E+07 0.0000000E+00
    94   5   6 1.3762E+03 1.4778E+03 8.5112279E+04 3.0855464E+05 0.0000000E+00
    94   6   6 1.4778E+03 1.4778E+03 1.4724865E+05 3.4342369E+04 0.0000000E+00
    95   1   1 4.2998E+02 4.2998E+02 9.0182767E+06 1.8726436E+07 0.0000000E+00
    95   1   2 4.2998E+02 5.6166E+02 8.8269631E+06 5.9050961E+06 0.0000000E+00
    95   1   3 4.2998E+02 8.8875E+02 5.5362052E-12 1.2989586E-11 0.0000000E+00
    95   1   4 4.2998E+02 1.2027E+03 4.2349199E-11 8.5033335E-11 0.0000000E+00
    95   1   5 4.2998E+02 1.3447E+03 5.1512094E-11 9.9872377E-11 0.0000000E+00
    95   1   6 4.2998E+02 1.4786E+03 3.0485043E-11 5.7693343E-11 0.0000000E+00
    95   2   2 5.6166E+02 5.6166E+02 1.1779791E+07 2.3470909E+07 0.0000000E+00
    95   2   3 5.6166E+02 8.8875E+02 5.5362118E-12 1.1844260E-11 0.0000000E+00
    95   2   4 5.6166E+02 1.2027E+03 4.2349220E-11 8.2508877E-11 0.0000000E+00
    95   2   5 5.6166E+02 1.3447E+03 5.1512114E-11 9.7828384E-11 0.0000000E+00
    95   2   6 5.6166E+02 1.4786E+03 3.0485053E-11 5.6826696E-11 0.0000000E+00
    95   3   3 8.8875E+02 8.8875E+02 6.0577784E+07 2.6888669E+07 0.0000000E+00
    95   3   4 8.8875E+02 1.2027E+03 7.3212332E+07 3.6352026E+07 0.0000000E+00
    95   3   5 8.8875E+02 1.3447E+03 1.1528473E+07 3.4347024E+07 0.0000000E+00
    95   3   6 8.8875E+02 1.4786E+03 2.1450156E+06 7.8466473E+06 0.0000000E+00
    95   4   4 1.2027E+03 1.2027E+03 1.4240034E+04 4.6936517E+07 0.0000000E+00
    95   4   5 1.2027E+03 1.3447E+03 1.3044888E+05 2.6923844E+05 0.0000000E+00
    95   4   6 1.2027E+03 1.4786E+03 3.9948311E+06 1.0025902E+07 0.0000000E+00
    95   5   5 1.3447E+03 1.3447E+03 1.1607148E+07 4.3568127E+07 0.0000000E+00
    95   5   6 1.3447E+03 1.4786E+03 4.8563951E+05 7.8112610E+05 0.0000000E+00
    95   6   6 1.4786E+03 1.4786E+03 3.7211213E+05 2.0266917E+04 0.0000000E+00
    96   1   1 4.4898E+02 4.4898E+02 1.2926549E+07 9.8744309E+06 0.0000000E+00
    96   1   2 4.4898E+02 5.4068E+02 4.7679512E+06 1.5650137E+07 0.0000000E+00
    96   1   3 4.4898E+02 9.0824E+02 2.5655557E-12 5.1070929E-12 0.0000000E+00
    96   1   4 4.4898E+02 1.2364E+03 1.4844170E-11 2.9645416E-11 0.0000000E+00
    96   1   5 4.4898E+02 1.3117E+03 1.3940215E-11 2.7847219E-11 0.0000000E+00
    96   1   6 4.4898E+02 1.4792E+03 7.4137955E-12 1.4815545E-11 0.0000000E+00
    96   2   2 5.4068E+02 5.4068E+02 1.6209258E+07 1.1700477E+07 0.0000000E+00
    96   2   3 5.4068E+02 9.0824E+02 2.0194619E-12 4.0213039E-12 0.0000000E+00
    96   2   4 5.4068E+02 1.2364E+03 1.3419358E-11 2.6801471E-11 0.0000000E+00
    96   2   5 5.4068E+02 1.3117E+03 1.2790062E-11 2.5550835E-11 0.0000000E+00
    96   2   6 5.4068E+02 1.4792E+03 6.9649091E-12 1.3918922E-11 0.0000000E+00
    96   3   3 9.0824E+02 9.0824E+02 7.5335243E+07 7.1372128E+06 0.0000000E+00
    96   3   4 9.0824E+02 1.2364E+03 6.3361374E+07 2.9250906E+07 0.0000000E+00
    96   3   5 9.0824E+02 1.3117E+03 1.3667763E+07 4.7098141E+07 0.0000000E+00
    96   3   6 9.0824E+02 1.4792E+03 5.2258077E+05 9.2731040E+06 0.0000000E+00
    96   4   4 1.2364E+03 1.2364E+03 2.9521847E+06 4.4998518E+07 0.0000000E+00
    96   4   5 1.2364E+03 1.3117E+03 1.5413170E+05 4.0551834E+06 0.0000000E+00
    96   4   6 1.2364E+03 1.4792E+03 2.4488037E+06 7.9745245E+06 0.0000000E+00
    96   5   5 1.3117E+03 1.3117E+03 9.9970296E+06 4.4011627E+07 0.0000000E+00
    96   5   6 1.3117E+03 1.4792E+03 1.4810670E+06 1.2814808E+06 0.0000000E+00
    96   6   6 1.4792E+03 1.4792E+03 5.7740339E+05 5.9310196E+03 0.0000000E+00
    97   1   1 4.5760E+02 4.5760E+02 1.7476953E+07 5.1414390E-15 0.0000000E+00
    97   1   2 4.5760E+02 5.3136E+02 1.2157166E-11 2.6227922E+07 0.0000000E+00
    97   1   3 4.5760E+02 9.1486E+02 3.0113247E-12 8.0610911E-13 0.0000000E+00
    97   1   4 4.5760E+02 1.2613E+03 3.1138173E-11 1.5346837E-11 0.0000000E+00
    97   1   5 4.5760E+02 1.2870E+03 2.3920809E-11 1.2100481E-11 0.0000000E+00
    97   1   6 4.5760E+02 1.4794E+03 1.6155513E-11 9.5366121E-12 0.0000000E+00
    97   2   2 5.3136E+02 5.3136E+02 2.1271257E+07 4.9405505E-11 0.0000000E+00
    97   2   3 5.3136E+02 9.1486E+02 2.7953843E-12 9.4002138E-13 0.0000000E+00
    97   2   4 5.3136E+02 1.2613E+03 3.0315313E-11 1.5966943E-11 0.0000000E+00
    97   2   5 5.3136E+02 1.2870E+03 2.3326178E-11 1.2552804E-11 0.0000000E+00
    97   2   6 5.3136E+02 1.4794E+03 1.5891479E-11 9.7492735E-12 0.0000000E+00
    97   3   3 9.1486E+02 9.1486E+02 8.1120652E+07 5.2853326E-10 0.0000000E+00
    97   3   4 9.1486E+02 1.2613E+03 7.3701263E+07 1.7826889E-10 0.0000000E+00
    97   3   5 9.1486E+02 1.2870E+03 4.4001274E-10 7.8317049E+07 0.0000000E+00
    97   3   6 9.1486E+02 1.4794E+03 7.1971008E-10 9.8048712E+06 0.0000000E+00
    97   4   4 1.2613E+03 1.2613E+03 7.9798615E+06 3.4212008E-11 0.0000000E+00
    97   4   5 1.2613E+03 1.2870E+03 2.0409203E-11 4.9734906E+07 0.0000000E+00
    97   4   6 1.2613E+03 1.4794E+03 2.9708589E-10 8.6810215E+06 0.0000000E+00
    97   5   5 1.2870E+03 1.2870E+03 6.4339150E+06 4.2263339E-11 0.0000000E+00
    97   5   6 1.2870E+03 1.4794E+03 3.6880265E+06 6.1735004E-10 0.0000000E+00
    97   6   6 1.4794E+03 1.4794E+03 6.5979990E+05 2.3180791E-09 0.0000000E+00
    98   1   1 4.3040E+02 4.3040E+02 5.6101903E+06 2.1649660E+07 0.0000000E+00
    98   1   2 4.3040E+02 5.6081E+02 1.6346257E+07 4.0396014E+05 0.0000000E+00
    98   1   3 4.3040E+02 8.9984E+02 1.9569303E-13 1.0492207E-12 0.0000000E+00
    98   1   4 4.3040E+02 1.1931E+03 1.5247845E-12 3.5396296E-12 0.0000000E+00
    98   1   5 4.3040E+02 1.3458E+03 2.7255062E-12 5.1610047E-12 0.0000000E+00
    98   1   6 4.3040E+02 1.4797E+03 2.0947970E-12 3.5027956E-12 0.0000000E+00
    98   2   2 5.6081E+02 5.6081E+02 7.8210776E+06 2.7733919E+07 0.0000000E+00
    98   2   3 5.6081E+02 8.9984E+02 3.7041831E-13 1.0492193E-12 0.0000000E+00
    98   2   4 5.6081E+02 1.1931E+03 1.8337549E-12 3.5396260E-12 0.0000000E+00
    98   2   5 5.6081E+02 1.3458E+03 3.0579032E-12 5.1609996E-12 0.0000000E+00
    98   2   6 5.6081E+02 1.4797E+03 2.2708130E-12 3.5027927E-12 0.0000000E+00
    98   3   3 8.9984E+02 8.9984E+02 2.0560259E+07 5.5675784E+07 0.0000000E+00
    98   3   4 8.9984E+02 1.1931E+03 9.0125331E+07 3.5487935E+07 0.0000000E+00
    98   3   5 8.9984E+02 1.3458E+03 1.2171222E+07 3.4260652E+07 0.0000000E+00
    98   3   6 8.9984E+02 1.4797E+03 4.4627561E+06 2.6229923E+06 0.0000000E+00
    98   4   4 1.1931E+03 1.1931E+03 7.0138150E+06 2.5229363E+07 0.0000000E+00
    98   4   5 1.1931E+03 1.3458E+03 3.6678908E+02 4.2224641E+04 0.0000000E+00
    98   4   6 1.1931E+03 1.4797E+03 3.8002097E+06 1.1502273E+07 0.0000000E+00
    98   5   5 1.3458E+03 1.3458E+03 1.2948584E+07 4.0882477E+07 0.0000000E+00
    98   5   6 1.3458E+03 1.4797E+03 5.9906619E+05 4.1367675E+05 0.0000000E+00
    98   6   6 1.4797E+03 1.4797E+03 3.3693757E+04 1.2368550E+05 0.0000000E+00
    99   1   1 4.5296E+02 4.5296E+02 6.4672800E+06 1.9688809E+07 0.0000000E+00
    99   1   2 4.5296E+02 5.3569E+02 1.5565491E+07 2.6730189E+06 0.0000000E+00
    99   1   3 4.5296E+02 9.3049E+02 1.2125674E-12 1.1575030E-12 0.0000000E+00
    99   1   4 4.5296E+02 1.2186E+03 2.1056419E-12 1.8833390E-12 0.0000000E+00
    99   1   5 4.5296E+02 1.3139E+03 1.9522855E-12 1.7026203E-12 0.0000000E+00
    99   1   6 4.5296E+02 1.4812E+03 9.3275573E-13 7.7443536E-13 0.0000000E+00
    99   2   2 5.3569E+02 5.3569E+02 8.8589587E+06 2.3473778E+07 0.0000000E+00
    99   2   3 5.3569E+02 9.3049E+02 8.2883751E-13 7.7306878E-13 0.0000000E+00
    99   2   4 5.3569E+02 1.2186E+03 1.6751962E-12 1.4658863E-12 0.0000000E+00
    99   2   5 5.3569E+02 1.3139E+03 1.5951142E-12 1.3606149E-12 0.0000000E+00
    99   2   6 5.3569E+02 1.4812E+03 7.8870682E-13 6.3989147E-13 0.0000000E+00
    99   3   3 9.3049E+02 9.3049E+02 3.3404909E+07 2.3491332E+07 0.0000000E+00
    99   3   4 9.3049E+02 1.2186E+03 8.4790060E+07 3.6362805E+07 0.0000000E+00
    99   3   5 9.3049E+02 1.3139E+03 1.6202986E+07 4.7466919E+07 0.0000000E+00
    99   3   6 9.3049E+02 1.4812E+03 1.6328449E+06 3.7319205E+06 0.0000000E+00
    99   4   4 1.2186E+03 1.2186E+03 3.4305929E+05 2.8172667E+07 0.0000000E+00
    99   4   5 1.2186E+03 1.3139E+03 7.1817886E+03 5.0088903E+05 0.0000000E+00
    99   4   6 1.2186E+03 1.4812E+03 3.0720281E+06 9.2259971E+06 0.0000000E+00
    99   5   5 1.3139E+03 1.3139E+03 1.1517693E+07 4.1628065E+07 0.0000000E+00
    99   5   6 1.3139E+03 1.4812E+03 1.4247369E+06 9.6365767E+05 0.0000000E+00
    99   6   6 1.4812E+03 1.4812E+03 1.2260501E+05 5.4503471E+04 0.0000000E+00
   100   1   1 4.7240E+02 4.7240E+02 1.4774983E+07 8.5434683E+06 0.0000000E+00
   100   1   2 4.7240E+02 5.1488E+02 6.7684447E+06 1.4795644E+07 0.0000000E+00
   100   1   3 4.7240E+02 9.4678E+02 3.9276555E-11 8.9068630E-12 0.0000000E+00
   100   1   4 4.7240E+02 1.2446E+03 1.8768101E-10 3.7867706E-11 0.0000000E+00
   100   1   5 4.7240E+02 1.2838E+03 1.7389825E-10 3.4697632E-11 0.0000000E+00
   100   1   6 4.7240E+02 1.4820E+03 1.3395809E-10 2.5527245E-11 0.0000000E+00
   100   2   2 5.1488E+02 5.1488E+02 1.8324674E+07 9.3988493E+06 0.0000000E+00
   100   2   3 5.1488E+02 9.4678E+02 3.7988549E-11 8.3777747E-12 0.0000000E+00
   100   2   4 5.1488E+02 1.2446E+03 1.8520040E-10 3.6921190E-11 0.0000000E+00
   100   2   5 5.1488E+02 1.2838E+03 1.7181672E-10 3.3909978E-11 0.0000000E+00
   100   2   6 5.1488E+02 1.4820E+03 1.3293764E-10 2.5155029E-11 0.0000000E+00
   100   3   3 9.4678E+02 9.4678E+02 4.3482584E+07 2.8384840E+06 0.0000000E+00
   100   3   4 9.4678E+02 1.2446E+03 8.5194650E+07 1.9733752E+07 0.0000000E+00
   100   3   5 9.4678E+02 1.2838E+03 1.2618764E+07 7.3107350E+07 0.0000000E+00
   100   3   6 9.4678E+02 1.4820E+03 1.8203635E+05 4.4790199E+06 0.0000000E+00
   100   4   4 1.2446E+03 1.2446E+03 1.1457770E+06 2.2585619E+07 0.0000000E+00
   100   4   5 1.2446E+03 1.2838E+03 1.2287286E+04 1.2005882E+07 0.0000000E+00
   100   4   6 1.2446E+03 1.4820E+03 1.2923762E+06 8.1357129E+06 0.0000000E+00
   100   5   5 1.2838E+03 1.2838E+03 8.1900006E+06 2.6989948E+07 0.0000000E+00
   100   5   6 1.2838E+03 1.4820E+03 3.1902585E+06 9.7912433E+05 0.0000000E+00
   100   6   6 1.4820E+03 1.4820E+03 1.9272486E+05 6.6723073E+03 0.0000000E+00
   101   1   1 4.7014E+02 4.7014E+02 2.7811181E+05 1.8755692E+07 0.0000000E+00
   101   1   2 4.7014E+02 5.1580E+02 2.6994215E+07 1.3631238E+06 0.0000000E+00
   101   1   3 4.7014E+02 9.6043E+02 2.5003415E-11 1.4112488E-11 0.0000000E+00
   101   1   4 4.7014E+02 1.2345E+03 5.0020382E-11 2.5725778E-11 0.0000000E+00
   101   1   5 4.7014E+02 1.2849E+03 5.9245004E-11 3.0118492E-11 0.0000000E+00
   101   1   6 4.7014E+02 1.4827E+03 5.0818819E-11 2.4917124E-11 0.0000000E+00
   101   2   2 5.1580E+02 5.1580E+02 9.0164713E+03 2.1302898E+07 0.0000000E+00
   101   2   3 5.1580E+02 9.6043E+02 2.3785316E-11 1.3173635E-11 0.0000000E+00
   101   2   4 5.1580E+02 1.2345E+03 4.8888851E-11 2.4920257E-11 0.0000000E+00
   101   2   5 5.1580E+02 1.2849E+03 5.8055963E-11 2.9279944E-11 0.0000000E+00
   101   2   6 5.1580E+02 1.4827E+03 5.0151921E-11 2.4460079E-11 0.0000000E+00
   101   3   3 9.6043E+02 9.6043E+02 8.3081463E+06 1.6383332E+07 0.0000000E+00
   101   3   4 9.6043E+02 1.2345E+03 8.8850476E+07 3.7097396E+07 0.0000000E+00
   101   3   5 9.6043E+02 1.2849E+03 2.4183433E+07 6.3840701E+07 0.0000000E+00
   101   3   6 9.6043E+02 1.4827E+03 1.0159239E+06 9.8765840E+05 0.0000000E+00
   101   4   4 1.2345E+03 1.2345E+03 2.5564506E+06 1.4531219E+07 0.0000000E+00
   101   4   5 1.2345E+03 1.2849E+03 1.3692645E+06 2.6862547E+05 0.0000000E+00
   101   4   6 1.2345E+03 1.4827E+03 2.6062163E+06 7.6223055E+06 0.0000000E+00
   101   5   5 1.2849E+03 1.2849E+03 8.9572827E+06 3.1940787E+07 0.0000000E+00
   101   5   6 1.2849E+03 1.4827E+03 2.8309397E+06 1.4061290E+06 0.0000000E+00
   101   6   6 1.4827E+03 1.4827E+03 2.2800545E+03 5.3851108E+04 0.0000000E+00
   102   1   1 4.8830E+02 4.8830E+02 2.9461160E+07 1.1934834E-12 0.0000000E+00
   102   1   2 4.8830E+02 4.9693E+02 6.6470510E-12 2.1093029E+07 0.0000000E+00
   102   1   3 4.8830E+02 9.7063E+02 7.9510613E-26 1.3387155E-11 0.0000000E+00
   102   1   4 4.8830E+02 1.2506E+03 2.7201726E-25 2.2807863E-11 0.0000000E+00
   102   1   5 4.8830E+02 1.2640E+03 1.5273176E-27 2.0075372E-11 0.0000000E+00
   102   1   6 4.8830E+02 1.4832E+03 9.5665991E-27 1.5999517E-11 0.0000000E+00
   102   2   2 4.9693E+02 4.9693E+02 2.4921622E+07 6.4797147E-11 0.0000000E+00
   102   2   3 4.9693E+02 9.7063E+02 7.3538376E-27 1.3065012E-11 0.0000000E+00
   102   2   4 4.9693E+02 1.2506E+03 6.6046417E-26 2.2511477E-11 0.0000000E+00
   102   2   5 4.9693E+02 1.2640E+03 3.7932474E-26 1.9820951E-11 0.0000000E+00
   102   2   6 4.9693E+02 1.4832E+03 5.7285130E-26 1.5860458E-11 0.0000000E+00
   102   3   3 9.7063E+02 9.7063E+02 1.1008090E+07 1.0121295E-10 0.0000000E+00
   102   3   4 9.7063E+02 1.2506E+03 1.1463574E+08 3.4614389E-10 0.0000000E+00
   102   3   5 9.7063E+02 1.2640E+03 1.9857098E-10 1.1082846E+08 0.0000000E+00
   102   3   6 9.7063E+02 1.4832E+03 4.2270749E-10 1.1884503E+06 0.0000000E+00
   102   4   4 1.2506E+03 1.2506E+03 8.5225900E+05 2.7048070E-09 0.0000000E+00
   102   4   5 1.2506E+03 1.2640E+03 6.6950102E-10 2.2260383E+07 0.0000000E+00
   102   4   6 1.2506E+03 1.4832E+03 2.0199378E-09 8.5990954E+06 0.0000000E+00
   102   5   5 1.2640E+03 1.2640E+03 8.4674055E+06 7.1054591E-09 0.0000000E+00
   102   5   6 1.2640E+03 1.4832E+03 5.7179467E+06 2.3358168E-11 0.0000000E+00
   102   6   6 1.4832E+03 1.4832E+03 7.4221266E+03 2.9861906E-09 0.0000000E+00
