#  q, mod1, mod2, omega1(Ry),  omega2(Ry),gamma1(Ry),  gamma2(Ry)
     1   4   4	 8.3747823447E-03	 8.3747823447E-03	 1.1582642044E-06	 1.1582642044E-06
     1   4   5	 8.3747823447E-03	 1.3755688509E-02	 1.1582642044E-06	 6.2532358293E-04
     1   4   6	 8.3747823447E-03	 1.3755688509E-02	 1.1582642044E-06	 6.2532358293E-04
     1   5   5	 1.3755688509E-02	 1.3755688509E-02	 6.2532358293E-04	 6.2532358293E-04
     1   5   6	 1.3755688509E-02	 1.3755688509E-02	 6.2532358293E-04	 6.2532358293E-04
     1   6   6	 1.3755688509E-02	 1.3755688509E-02	 6.2532358293E-04	 6.2532358293E-04
     2   1   1	 2.5982512729E-04	 2.5982512729E-04	 6.5075558485E-10	 6.5075558485E-10
     2   1   2	 2.5982512729E-04	 5.3455866006E-04	 6.5075558485E-10	 7.0522938682E-07
     2   1   3	 2.5982512729E-04	 9.6403436070E-04	 6.5075558485E-10	 1.3331848210E-07
     2   1   4	 2.5982512729E-04	 8.3554993639E-03	 6.5075558485E-10	 1.1978463286E-06
     2   1   5	 2.5982512729E-04	 1.3751461033E-02	 6.5075558485E-10	 5.9136864755E-04
     2   1   6	 2.5982512729E-04	 1.3760829516E-02	 6.5075558485E-10	 7.0177607888E-04
     2   2   2	 5.3455866006E-04	 5.3455866006E-04	 7.0522938682E-07	 7.0522938682E-07
     2   2   3	 5.3455866006E-04	 9.6403436070E-04	 7.0522938682E-07	 1.3331848210E-07
     2   2   4	 5.3455866006E-04	 8.3554993639E-03	 7.0522938682E-07	 1.1978463286E-06
     2   2   5	 5.3455866006E-04	 1.3751461033E-02	 7.0522938682E-07	 5.9136864755E-04
     2   2   6	 5.3455866006E-04	 1.3760829516E-02	 7.0522938682E-07	 7.0177607888E-04
     2   3   3	 9.6403436070E-04	 9.6403436070E-04	 1.3331848210E-07	 1.3331848210E-07
     2   3   4	 9.6403436070E-04	 8.3554993639E-03	 1.3331848210E-07	 1.1978463286E-06
     2   3   5	 9.6403436070E-04	 1.3751461033E-02	 1.3331848210E-07	 5.9136864755E-04
     2   3   6	 9.6403436070E-04	 1.3760829516E-02	 1.3331848210E-07	 7.0177607888E-04
     2   4   4	 8.3554993639E-03	 8.3554993639E-03	 1.1978463286E-06	 1.1978463286E-06
     2   4   5	 8.3554993639E-03	 1.3751461033E-02	 1.1978463286E-06	 5.9136864755E-04
     2   4   6	 8.3554993639E-03	 1.3760829516E-02	 1.1978463286E-06	 7.0177607888E-04
     2   5   5	 1.3751461033E-02	 1.3751461033E-02	 5.9136864755E-04	 5.9136864755E-04
     2   5   6	 1.3751461033E-02	 1.3760829516E-02	 5.9136864755E-04	 7.0177607888E-04
     2   6   6	 1.3760829516E-02	 1.3760829516E-02	 7.0177607888E-04	 7.0177607888E-04
     3   1   1	 5.1909447760E-04	 5.1909447760E-04	 3.1000656060E-09	 3.1000656060E-09
     3   1   2	 5.1909447760E-04	 1.0661486360E-03	 3.1000656060E-09	 2.1103868561E-06
     3   1   3	 5.1909447760E-04	 1.9231781699E-03	 3.1000656060E-09	 1.3625664978E-06
     3   1   4	 5.1909447760E-04	 8.2980070619E-03	 3.1000656060E-09	 9.1253542786E-07
     3   1   5	 5.1909447760E-04	 1.3738764482E-02	 3.1000656060E-09	 4.7211095865E-04
     3   1   6	 5.1909447760E-04	 1.3775431041E-02	 3.1000656060E-09	 6.2218060954E-04
     3   2   2	 1.0661486360E-03	 1.0661486360E-03	 2.1103868561E-06	 2.1103868561E-06
     3   2   3	 1.0661486360E-03	 1.9231781699E-03	 2.1103868561E-06	 1.3625664978E-06
     3   2   4	 1.0661486360E-03	 8.2980070619E-03	 2.1103868561E-06	 9.1253542786E-07
     3   2   5	 1.0661486360E-03	 1.3738764482E-02	 2.1103868561E-06	 4.7211095865E-04
     3   2   6	 1.0661486360E-03	 1.3775431041E-02	 2.1103868561E-06	 6.2218060954E-04
     3   3   3	 1.9231781699E-03	 1.9231781699E-03	 1.3625664978E-06	 1.3625664978E-06
     3   3   4	 1.9231781699E-03	 8.2980070619E-03	 1.3625664978E-06	 9.1253542786E-07
     3   3   5	 1.9231781699E-03	 1.3738764482E-02	 1.3625664978E-06	 4.7211095865E-04
     3   3   6	 1.9231781699E-03	 1.3775431041E-02	 1.3625664978E-06	 6.2218060954E-04
     3   4   4	 8.2980070619E-03	 8.2980070619E-03	 9.1253542786E-07	 9.1253542786E-07
     3   4   5	 8.2980070619E-03	 1.3738764482E-02	 9.1253542786E-07	 4.7211095865E-04
     3   4   6	 8.2980070619E-03	 1.3775431041E-02	 9.1253542786E-07	 6.2218060954E-04
     3   5   5	 1.3738764482E-02	 1.3738764482E-02	 4.7211095865E-04	 4.7211095865E-04
     3   5   6	 1.3738764482E-02	 1.3775431041E-02	 4.7211095865E-04	 6.2218060954E-04
     3   6   6	 1.3775431041E-02	 1.3775431041E-02	 6.2218060954E-04	 6.2218060954E-04
     4   1   1	 7.7728017539E-04	 7.7728017539E-04	 6.0081121739E-09	 6.0081121739E-09
     4   1   2	 7.7728017539E-04	 1.5917173279E-03	 6.0081121739E-09	 4.3705721020E-06
     4   1   3	 7.7728017539E-04	 2.8725406909E-03	 6.0081121739E-09	 3.2896590799E-06
     4   1   4	 7.7728017539E-04	 8.2033744830E-03	 6.0081121739E-09	 1.5095960429E-06
     4   1   5	 7.7728017539E-04	 1.3717572006E-02	 6.0081121739E-09	 4.3344702319E-04
     4   1   6	 7.7728017539E-04	 1.3797085720E-02	 6.0081121739E-09	 7.4294890184E-04
     4   2   2	 1.5917173279E-03	 1.5917173279E-03	 4.3705721020E-06	 4.3705721020E-06
     4   2   3	 1.5917173279E-03	 2.8725406909E-03	 4.3705721020E-06	 3.2896590799E-06
     4   2   4	 1.5917173279E-03	 8.2033744830E-03	 4.3705721020E-06	 1.5095960429E-06
     4   2   5	 1.5917173279E-03	 1.3717572006E-02	 4.3705721020E-06	 4.3344702319E-04
     4   2   6	 1.5917173279E-03	 1.3797085720E-02	 4.3705721020E-06	 7.4294890184E-04
     4   3   3	 2.8725406909E-03	 2.8725406909E-03	 3.2896590799E-06	 3.2896590799E-06
     4   3   4	 2.8725406909E-03	 8.2033744830E-03	 3.2896590799E-06	 1.5095960429E-06
     4   3   5	 2.8725406909E-03	 1.3717572006E-02	 3.2896590799E-06	 4.3344702319E-04
     4   3   6	 2.8725406909E-03	 1.3797085720E-02	 3.2896590799E-06	 7.4294890184E-04
     4   4   4	 8.2033744830E-03	 8.2033744830E-03	 1.5095960429E-06	 1.5095960429E-06
     4   4   5	 8.2033744830E-03	 1.3717572006E-02	 1.5095960429E-06	 4.3344702319E-04
     4   4   6	 8.2033744830E-03	 1.3797085720E-02	 1.5095960429E-06	 7.4294890184E-04
     4   5   5	 1.3717572006E-02	 1.3717572006E-02	 4.3344702319E-04	 4.3344702319E-04
     4   5   6	 1.3717572006E-02	 1.3797085720E-02	 4.3344702319E-04	 7.4294890184E-04
     4   6   6	 1.3797085720E-02	 1.3797085720E-02	 7.4294890184E-04	 7.4294890184E-04
     5   1   1	 1.0339055839E-03	 1.0339055839E-03	 1.2234323522E-08	 1.2234323522E-08
     5   1   2	 1.0339055839E-03	 2.1080458364E-03	 1.2234323522E-08	 5.5840351493E-06
     5   1   3	 1.0339055839E-03	 3.8072356682E-03	 1.2234323522E-08	 1.1374116186E-05
     5   1   4	 1.0339055839E-03	 8.0733807618E-03	 1.2234323522E-08	 8.1475955661E-07
     5   1   5	 1.0339055839E-03	 1.3687889738E-02	 1.2234323522E-08	 3.9522249838E-04
     5   1   6	 1.0339055839E-03	 1.3821963948E-02	 1.2234323522E-08	 9.0748748410E-04
     5   2   2	 2.1080458364E-03	 2.1080458364E-03	 5.5840351493E-06	 5.5840351493E-06
     5   2   3	 2.1080458364E-03	 3.8072356682E-03	 5.5840351493E-06	 1.1374116186E-05
     5   2   4	 2.1080458364E-03	 8.0733807618E-03	 5.5840351493E-06	 8.1475955661E-07
     5   2   5	 2.1080458364E-03	 1.3687889738E-02	 5.5840351493E-06	 3.9522249838E-04
     5   2   6	 2.1080458364E-03	 1.3821963948E-02	 5.5840351493E-06	 9.0748748410E-04
     5   3   3	 3.8072356682E-03	 3.8072356682E-03	 1.1374116186E-05	 1.1374116186E-05
     5   3   4	 3.8072356682E-03	 8.0733807618E-03	 1.1374116186E-05	 8.1475955661E-07
     5   3   5	 3.8072356682E-03	 1.3687889738E-02	 1.1374116186E-05	 3.9522249838E-04
     5   3   6	 3.8072356682E-03	 1.3821963948E-02	 1.1374116186E-05	 9.0748748410E-04
     5   4   4	 8.0733807618E-03	 8.0733807618E-03	 8.1475955661E-07	 8.1475955661E-07
     5   4   5	 8.0733807618E-03	 1.3687889738E-02	 8.1475955661E-07	 3.9522249838E-04
     5   4   6	 8.0733807618E-03	 1.3821963948E-02	 8.1475955661E-07	 9.0748748410E-04
     5   5   5	 1.3687889738E-02	 1.3687889738E-02	 3.9522249838E-04	 3.9522249838E-04
     5   5   6	 1.3687889738E-02	 1.3821963948E-02	 3.9522249838E-04	 9.0748748410E-04
     5   6   6	 1.3821963948E-02	 1.3821963948E-02	 9.0748748410E-04	 9.0748748410E-04
     6   1   1	 1.2885584446E-03	 1.2885584446E-03	 1.6514341503E-08	 1.6514341503E-08
     6   1   2	 1.2885584446E-03	 2.6116695464E-03	 1.6514341503E-08	 8.9892676576E-06
     6   1   3	 1.2885584446E-03	 4.7223949764E-03	 1.6514341503E-08	 1.7316972605E-05
     6   1   4	 1.2885584446E-03	 7.9105125234E-03	 1.6514341503E-08	 1.3184385651E-06
     6   1   5	 1.2885584446E-03	 1.3649830204E-02	 1.6514341503E-08	 3.4233875191E-04
     6   1   6	 1.2885584446E-03	 1.3845062586E-02	 1.6514341503E-08	 5.5599126975E-04
     6   2   2	 2.6116695464E-03	 2.6116695464E-03	 8.9892676576E-06	 8.9892676576E-06
     6   2   3	 2.6116695464E-03	 4.7223949764E-03	 8.9892676576E-06	 1.7316972605E-05
     6   2   4	 2.6116695464E-03	 7.9105125234E-03	 8.9892676576E-06	 1.3184385651E-06
     6   2   5	 2.6116695464E-03	 1.3649830204E-02	 8.9892676576E-06	 3.4233875191E-04
     6   2   6	 2.6116695464E-03	 1.3845062586E-02	 8.9892676576E-06	 5.5599126975E-04
     6   3   3	 4.7223949764E-03	 4.7223949764E-03	 1.7316972605E-05	 1.7316972605E-05
     6   3   4	 4.7223949764E-03	 7.9105125234E-03	 1.7316972605E-05	 1.3184385651E-06
     6   3   5	 4.7223949764E-03	 1.3649830204E-02	 1.7316972605E-05	 3.4233875191E-04
     6   3   6	 4.7223949764E-03	 1.3845062586E-02	 1.7316972605E-05	 5.5599126975E-04
     6   4   4	 7.9105125234E-03	 7.9105125234E-03	 1.3184385651E-06	 1.3184385651E-06
     6   4   5	 7.9105125234E-03	 1.3649830204E-02	 1.3184385651E-06	 3.4233875191E-04
     6   4   6	 7.9105125234E-03	 1.3845062586E-02	 1.3184385651E-06	 5.5599126975E-04
     6   5   5	 1.3649830204E-02	 1.3649830204E-02	 3.4233875191E-04	 3.4233875191E-04
     6   5   6	 1.3649830204E-02	 1.3845062586E-02	 3.4233875191E-04	 5.5599126975E-04
     6   6   6	 1.3845062586E-02	 1.3845062586E-02	 5.5599126975E-04	 5.5599126975E-04
     7   1   1	 1.5408857974E-03	 1.5408857974E-03	 2.1283236166E-08	 2.1283236166E-08
     7   1   2	 1.5408857974E-03	 3.0988031456E-03	 2.1283236166E-08	 9.9796295434E-06
     7   1   3	 1.5408857974E-03	 5.6131941088E-03	 2.1283236166E-08	 5.0816327159E-05
     7   1   4	 1.5408857974E-03	 7.7179636673E-03	 2.1283236166E-08	 9.0933620742E-07
     7   1   5	 1.5408857974E-03	 1.3603709162E-02	 2.1283236166E-08	 3.3429282535E-04
     7   1   6	 1.5408857974E-03	 1.3860508740E-02	 2.1283236166E-08	 7.4650652145E-04
     7   2   2	 3.0988031456E-03	 3.0988031456E-03	 9.9796295434E-06	 9.9796295434E-06
     7   2   3	 3.0988031456E-03	 5.6131941088E-03	 9.9796295434E-06	 5.0816327159E-05
     7   2   4	 3.0988031456E-03	 7.7179636673E-03	 9.9796295434E-06	 9.0933620742E-07
     7   2   5	 3.0988031456E-03	 1.3603709162E-02	 9.9796295434E-06	 3.3429282535E-04
     7   2   6	 3.0988031456E-03	 1.3860508740E-02	 9.9796295434E-06	 7.4650652145E-04
     7   3   3	 5.6131941088E-03	 5.6131941088E-03	 5.0816327159E-05	 5.0816327159E-05
     7   3   4	 5.6131941088E-03	 7.7179636673E-03	 5.0816327159E-05	 9.0933620742E-07
     7   3   5	 5.6131941088E-03	 1.3603709162E-02	 5.0816327159E-05	 3.3429282535E-04
     7   3   6	 5.6131941088E-03	 1.3860508740E-02	 5.0816327159E-05	 7.4650652145E-04
     7   4   4	 7.7179636673E-03	 7.7179636673E-03	 9.0933620742E-07	 9.0933620742E-07
     7   4   5	 7.7179636673E-03	 1.3603709162E-02	 9.0933620742E-07	 3.3429282535E-04
     7   4   6	 7.7179636673E-03	 1.3860508740E-02	 9.0933620742E-07	 7.4650652145E-04
     7   5   5	 1.3603709162E-02	 1.3603709162E-02	 3.3429282535E-04	 3.3429282535E-04
     7   5   6	 1.3603709162E-02	 1.3860508740E-02	 3.3429282535E-04	 7.4650652145E-04
     7   6   6	 1.3860508740E-02	 1.3860508740E-02	 7.4650652145E-04	 7.4650652145E-04
     8   1   1	 1.7905583513E-03	 1.7905583513E-03	 1.9982610864E-08	 1.9982610864E-08
     8   1   2	 1.7905583513E-03	 3.5652721689E-03	 1.9982610864E-08	 1.2546184051E-05
     8   1   3	 1.7905583513E-03	 6.4748908062E-03	 1.9982610864E-08	 4.3987813360E-05
     8   1   4	 1.7905583513E-03	 7.4996432190E-03	 1.9982610864E-08	 8.0099391831E-07
     8   1   5	 1.7905583513E-03	 1.3550159567E-02	 1.9982610864E-08	 2.4211980083E-04
     8   1   6	 1.7905583513E-03	 1.3861886304E-02	 1.9982610864E-08	 5.6692607019E-04
     8   2   2	 3.5652721689E-03	 3.5652721689E-03	 1.2546184051E-05	 1.2546184051E-05
     8   2   3	 3.5652721689E-03	 6.4748908062E-03	 1.2546184051E-05	 4.3987813360E-05
     8   2   4	 3.5652721689E-03	 7.4996432190E-03	 1.2546184051E-05	 8.0099391831E-07
     8   2   5	 3.5652721689E-03	 1.3550159567E-02	 1.2546184051E-05	 2.4211980083E-04
     8   2   6	 3.5652721689E-03	 1.3861886304E-02	 1.2546184051E-05	 5.6692607019E-04
     8   3   3	 6.4748908062E-03	 6.4748908062E-03	 4.3987813360E-05	 4.3987813360E-05
     8   3   4	 6.4748908062E-03	 7.4996432190E-03	 4.3987813360E-05	 8.0099391831E-07
     8   3   5	 6.4748908062E-03	 1.3550159567E-02	 4.3987813360E-05	 2.4211980083E-04
     8   3   6	 6.4748908062E-03	 1.3861886304E-02	 4.3987813360E-05	 5.6692607019E-04
     8   4   4	 7.4996432190E-03	 7.4996432190E-03	 8.0099391831E-07	 8.0099391831E-07
     8   4   5	 7.4996432190E-03	 1.3550159567E-02	 8.0099391831E-07	 2.4211980083E-04
     8   4   6	 7.4996432190E-03	 1.3861886304E-02	 8.0099391831E-07	 5.6692607019E-04
     8   5   5	 1.3550159567E-02	 1.3550159567E-02	 2.4211980083E-04	 2.4211980083E-04
     8   5   6	 1.3550159567E-02	 1.3861886304E-02	 2.4211980083E-04	 5.6692607019E-04
     8   6   6	 1.3861886304E-02	 1.3861886304E-02	 5.6692607019E-04	 5.6692607019E-04
     9   1   1	 2.0371845654E-03	 2.0371845654E-03	 2.8364906633E-08	 2.8364906633E-08
     9   1   2	 2.0371845654E-03	 4.0064550880E-03	 2.8364906633E-08	 1.4490822611E-05
     9   1   3	 2.0371845654E-03	 7.2602029422E-03	 2.8364906633E-08	 1.0523575273E-06
     9   1   4	 2.0371845654E-03	 7.3028765771E-03	 2.8364906633E-08	 1.2137015186E-04
     9   1   5	 2.0371845654E-03	 1.3490253384E-02	 2.8364906633E-08	 1.6538992865E-04
     9   1   6	 2.0371845654E-03	 1.3842556263E-02	 2.8364906633E-08	 6.8726656148E-04
     9   2   2	 4.0064550880E-03	 4.0064550880E-03	 1.4490822611E-05	 1.4490822611E-05
     9   2   3	 4.0064550880E-03	 7.2602029422E-03	 1.4490822611E-05	 1.0523575273E-06
     9   2   4	 4.0064550880E-03	 7.3028765771E-03	 1.4490822611E-05	 1.2137015186E-04
     9   2   5	 4.0064550880E-03	 1.3490253384E-02	 1.4490822611E-05	 1.6538992865E-04
     9   2   6	 4.0064550880E-03	 1.3842556263E-02	 1.4490822611E-05	 6.8726656148E-04
     9   3   3	 7.2602029422E-03	 7.2602029422E-03	 1.0523575273E-06	 1.0523575273E-06
     9   3   4	 7.2602029422E-03	 7.3028765771E-03	 1.0523575273E-06	 1.2137015186E-04
     9   3   5	 7.2602029422E-03	 1.3490253384E-02	 1.0523575273E-06	 1.6538992865E-04
     9   3   6	 7.2602029422E-03	 1.3842556263E-02	 1.0523575273E-06	 6.8726656148E-04
     9   4   4	 7.3028765771E-03	 7.3028765771E-03	 1.2137015186E-04	 1.2137015186E-04
     9   4   5	 7.3028765771E-03	 1.3490253384E-02	 1.2137015186E-04	 1.6538992865E-04
     9   4   6	 7.3028765771E-03	 1.3842556263E-02	 1.2137015186E-04	 6.8726656148E-04
     9   5   5	 1.3490253384E-02	 1.3490253384E-02	 1.6538992865E-04	 1.6538992865E-04
     9   5   6	 1.3490253384E-02	 1.3842556263E-02	 1.6538992865E-04	 6.8726656148E-04
     9   6   6	 1.3842556263E-02	 1.3842556263E-02	 6.8726656148E-04	 6.8726656148E-04
    10   1   1	 2.2801418798E-03	 2.2801418798E-03	 2.7421902668E-08	 2.7421902668E-08
    10   1   2	 2.2801418798E-03	 4.4172440627E-03	 2.7421902668E-08	 1.4503599013E-05
    10   1   3	 2.2801418798E-03	 7.0051081946E-03	 2.7421902668E-08	 6.0504982594E-07
    10   1   4	 2.2801418798E-03	 8.0927395556E-03	 2.7421902668E-08	 1.4776398640E-04
    10   1   5	 2.2801418798E-03	 1.3425617396E-02	 2.7421902668E-08	 1.7603835014E-04
    10   1   6	 2.2801418798E-03	 1.3795948826E-02	 2.7421902668E-08	 5.1499787665E-04
    10   2   2	 4.4172440627E-03	 4.4172440627E-03	 1.4503599013E-05	 1.4503599013E-05
    10   2   3	 4.4172440627E-03	 7.0051081946E-03	 1.4503599013E-05	 6.0504982594E-07
    10   2   4	 4.4172440627E-03	 8.0927395556E-03	 1.4503599013E-05	 1.4776398640E-04
    10   2   5	 4.4172440627E-03	 1.3425617396E-02	 1.4503599013E-05	 1.7603835014E-04
    10   2   6	 4.4172440627E-03	 1.3795948826E-02	 1.4503599013E-05	 5.1499787665E-04
    10   3   3	 7.0051081946E-03	 7.0051081946E-03	 6.0504982594E-07	 6.0504982594E-07
    10   3   4	 7.0051081946E-03	 8.0927395556E-03	 6.0504982594E-07	 1.4776398640E-04
    10   3   5	 7.0051081946E-03	 1.3425617396E-02	 6.0504982594E-07	 1.7603835014E-04
    10   3   6	 7.0051081946E-03	 1.3795948826E-02	 6.0504982594E-07	 5.1499787665E-04
    10   4   4	 8.0927395556E-03	 8.0927395556E-03	 1.4776398640E-04	 1.4776398640E-04
    10   4   5	 8.0927395556E-03	 1.3425617396E-02	 1.4776398640E-04	 1.7603835014E-04
    10   4   6	 8.0927395556E-03	 1.3795948826E-02	 1.4776398640E-04	 5.1499787665E-04
    10   5   5	 1.3425617396E-02	 1.3425617396E-02	 1.7603835014E-04	 1.7603835014E-04
    10   5   6	 1.3425617396E-02	 1.3795948826E-02	 1.7603835014E-04	 5.1499787665E-04
    10   6   6	 1.3795948826E-02	 1.3795948826E-02	 5.1499787665E-04	 5.1499787665E-04
    11   1   1	 2.5182700743E-03	 2.5182700743E-03	 3.6739582216E-08	 3.6739582216E-08
    11   1   2	 2.5182700743E-03	 4.7920395704E-03	 3.6739582216E-08	 1.6215823532E-05
    11   1   3	 2.5182700743E-03	 6.7407981022E-03	 3.6739582216E-08	 5.3636120491E-07
    11   1   4	 2.5182700743E-03	 8.8403361672E-03	 3.6739582216E-08	 2.3352130318E-04
    11   1   5	 2.5182700743E-03	 1.3358522012E-02	 3.6739582216E-08	 7.0755535635E-05
    11   1   6	 2.5182700743E-03	 1.3715813727E-02	 3.6739582216E-08	 5.3812287898E-04
    11   2   2	 4.7920395704E-03	 4.7920395704E-03	 1.6215823532E-05	 1.6215823532E-05
    11   2   3	 4.7920395704E-03	 6.7407981022E-03	 1.6215823532E-05	 5.3636120491E-07
    11   2   4	 4.7920395704E-03	 8.8403361672E-03	 1.6215823532E-05	 2.3352130318E-04
    11   2   5	 4.7920395704E-03	 1.3358522012E-02	 1.6215823532E-05	 7.0755535635E-05
    11   2   6	 4.7920395704E-03	 1.3715813727E-02	 1.6215823532E-05	 5.3812287898E-04
    11   3   3	 6.7407981022E-03	 6.7407981022E-03	 5.3636120491E-07	 5.3636120491E-07
    11   3   4	 6.7407981022E-03	 8.8403361672E-03	 5.3636120491E-07	 2.3352130318E-04
    11   3   5	 6.7407981022E-03	 1.3358522012E-02	 5.3636120491E-07	 7.0755535635E-05
    11   3   6	 6.7407981022E-03	 1.3715813727E-02	 5.3636120491E-07	 5.3812287898E-04
    11   4   4	 8.8403361672E-03	 8.8403361672E-03	 2.3352130318E-04	 2.3352130318E-04
    11   4   5	 8.8403361672E-03	 1.3358522012E-02	 2.3352130318E-04	 7.0755535635E-05
    11   4   6	 8.8403361672E-03	 1.3715813727E-02	 2.3352130318E-04	 5.3812287898E-04
    11   5   5	 1.3358522012E-02	 1.3358522012E-02	 7.0755535635E-05	 7.0755535635E-05
    11   5   6	 1.3358522012E-02	 1.3715813727E-02	 7.0755535635E-05	 5.3812287898E-04
    11   6   6	 1.3715813727E-02	 1.3715813727E-02	 5.3812287898E-04	 5.3812287898E-04
    12   1   1	 2.7493329578E-03	 2.7493329578E-03	 3.6601670998E-08	 3.6601670998E-08
    12   1   2	 2.7493329578E-03	 5.1248041751E-03	 3.6601670998E-08	 1.7451935325E-05
    12   1   3	 2.7493329578E-03	 6.4750221985E-03	 3.6601670998E-08	 4.8680225684E-07
    12   1   4	 2.7493329578E-03	 9.5418683631E-03	 3.6601670998E-08	 4.6629610981E-04
    12   1   5	 2.7493329578E-03	 1.3291912475E-02	 3.6601670998E-08	 7.9633216392E-05
    12   1   6	 2.7493329578E-03	 1.3596422920E-02	 3.6601670998E-08	 5.8762322365E-04
    12   2   2	 5.1248041751E-03	 5.1248041751E-03	 1.7451935325E-05	 1.7451935325E-05
    12   2   3	 5.1248041751E-03	 6.4750221985E-03	 1.7451935325E-05	 4.8680225684E-07
    12   2   4	 5.1248041751E-03	 9.5418683631E-03	 1.7451935325E-05	 4.6629610981E-04
    12   2   5	 5.1248041751E-03	 1.3291912475E-02	 1.7451935325E-05	 7.9633216392E-05
    12   2   6	 5.1248041751E-03	 1.3596422920E-02	 1.7451935325E-05	 5.8762322365E-04
    12   3   3	 6.4750221985E-03	 6.4750221985E-03	 4.8680225684E-07	 4.8680225684E-07
    12   3   4	 6.4750221985E-03	 9.5418683631E-03	 4.8680225684E-07	 4.6629610981E-04
    12   3   5	 6.4750221985E-03	 1.3291912475E-02	 4.8680225684E-07	 7.9633216392E-05
    12   3   6	 6.4750221985E-03	 1.3596422920E-02	 4.8680225684E-07	 5.8762322365E-04
    12   4   4	 9.5418683631E-03	 9.5418683631E-03	 4.6629610981E-04	 4.6629610981E-04
    12   4   5	 9.5418683631E-03	 1.3291912475E-02	 4.6629610981E-04	 7.9633216392E-05
    12   4   6	 9.5418683631E-03	 1.3596422920E-02	 4.6629610981E-04	 5.8762322365E-04
    12   5   5	 1.3291912475E-02	 1.3291912475E-02	 7.9633216392E-05	 7.9633216392E-05
    12   5   6	 1.3291912475E-02	 1.3596422920E-02	 7.9633216392E-05	 5.8762322365E-04
    12   6   6	 1.3596422920E-02	 1.3596422920E-02	 5.8762322365E-04	 5.8762322365E-04
    13   1   1	 2.9690958171E-03	 2.9690958171E-03	 4.2023237155E-08	 4.2023237155E-08
    13   1   2	 2.9690958171E-03	 5.4092112369E-03	 4.2023237155E-08	 1.7536592685E-05
    13   1   3	 2.9690958171E-03	 6.2175049481E-03	 4.2023237155E-08	 4.0099260539E-07
    13   1   4	 2.9690958171E-03	 1.0193962272E-02	 4.2023237155E-08	 2.9746051563E-04
    13   1   5	 2.9690958171E-03	 1.3229341955E-02	 4.2023237155E-08	 2.3826611105E-05
    13   1   6	 2.9690958171E-03	 1.3432726557E-02	 4.2023237155E-08	 4.9310806697E-04
    13   2   2	 5.4092112369E-03	 5.4092112369E-03	 1.7536592685E-05	 1.7536592685E-05
    13   2   3	 5.4092112369E-03	 6.2175049481E-03	 1.7536592685E-05	 4.0099260539E-07
    13   2   4	 5.4092112369E-03	 1.0193962272E-02	 1.7536592685E-05	 2.9746051563E-04
    13   2   5	 5.4092112369E-03	 1.3229341955E-02	 1.7536592685E-05	 2.3826611105E-05
    13   2   6	 5.4092112369E-03	 1.3432726557E-02	 1.7536592685E-05	 4.9310806697E-04
    13   3   3	 6.2175049481E-03	 6.2175049481E-03	 4.0099260539E-07	 4.0099260539E-07
    13   3   4	 6.2175049481E-03	 1.0193962272E-02	 4.0099260539E-07	 2.9746051563E-04
    13   3   5	 6.2175049481E-03	 1.3229341955E-02	 4.0099260539E-07	 2.3826611105E-05
    13   3   6	 6.2175049481E-03	 1.3432726557E-02	 4.0099260539E-07	 4.9310806697E-04
    13   4   4	 1.0193962272E-02	 1.0193962272E-02	 2.9746051563E-04	 2.9746051563E-04
    13   4   5	 1.0193962272E-02	 1.3229341955E-02	 2.9746051563E-04	 2.3826611105E-05
    13   4   6	 1.0193962272E-02	 1.3432726557E-02	 2.9746051563E-04	 4.9310806697E-04
    13   5   5	 1.3229341955E-02	 1.3229341955E-02	 2.3826611105E-05	 2.3826611105E-05
    13   5   6	 1.3229341955E-02	 1.3432726557E-02	 2.3826611105E-05	 4.9310806697E-04
    13   6   6	 1.3432726557E-02	 1.3432726557E-02	 4.9310806697E-04	 4.9310806697E-04
    14   1   1	 3.1698262091E-03	 3.1698262091E-03	 3.8443961941E-08	 3.8443961941E-08
    14   1   2	 3.1698262091E-03	 5.6389282215E-03	 3.8443961941E-08	 1.7745554829E-05
    14   1   3	 3.1698262091E-03	 5.9811386756E-03	 3.8443961941E-08	 4.2455227357E-07
    14   1   4	 3.1698262091E-03	 1.0793741081E-02	 3.8443961941E-08	 1.5116416714E-04
    14   1   5	 3.1698262091E-03	 1.3174763004E-02	 3.8443961941E-08	 1.6545410405E-05
    14   1   6	 3.1698262091E-03	 1.3220470093E-02	 3.8443961941E-08	 1.8271064678E-04
    14   2   2	 5.6389282215E-03	 5.6389282215E-03	 1.7745554829E-05	 1.7745554829E-05
    14   2   3	 5.6389282215E-03	 5.9811386756E-03	 1.7745554829E-05	 4.2455227357E-07
    14   2   4	 5.6389282215E-03	 1.0793741081E-02	 1.7745554829E-05	 1.5116416714E-04
    14   2   5	 5.6389282215E-03	 1.3174763004E-02	 1.7745554829E-05	 1.6545410405E-05
    14   2   6	 5.6389282215E-03	 1.3220470093E-02	 1.7745554829E-05	 1.8271064678E-04
    14   3   3	 5.9811386756E-03	 5.9811386756E-03	 4.2455227357E-07	 4.2455227357E-07
    14   3   4	 5.9811386756E-03	 1.0793741081E-02	 4.2455227357E-07	 1.5116416714E-04
    14   3   5	 5.9811386756E-03	 1.3174763004E-02	 4.2455227357E-07	 1.6545410405E-05
    14   3   6	 5.9811386756E-03	 1.3220470093E-02	 4.2455227357E-07	 1.8271064678E-04
    14   4   4	 1.0793741081E-02	 1.0793741081E-02	 1.5116416714E-04	 1.5116416714E-04
    14   4   5	 1.0793741081E-02	 1.3174763004E-02	 1.5116416714E-04	 1.6545410405E-05
    14   4   6	 1.0793741081E-02	 1.3220470093E-02	 1.5116416714E-04	 1.8271064678E-04
    14   5   5	 1.3174763004E-02	 1.3174763004E-02	 1.6545410405E-05	 1.6545410405E-05
    14   5   6	 1.3174763004E-02	 1.3220470093E-02	 1.6545410405E-05	 1.8271064678E-04
    14   6   6	 1.3220470093E-02	 1.3220470093E-02	 1.8271064678E-04	 1.8271064678E-04
    15   1   1	 3.3382637938E-03	 3.3382637938E-03	 4.4126135062E-08	 4.4126135062E-08
    15   1   2	 3.3382637938E-03	 5.7836796245E-03	 4.4126135062E-08	 3.3753991524E-07
    15   1   3	 3.3382637938E-03	 5.8080587523E-03	 4.4126135062E-08	 1.8011401410E-05
    15   1   4	 3.3382637938E-03	 1.1338867916E-02	 4.4126135062E-08	 1.1938383599E-04
    15   1   5	 3.3382637938E-03	 1.2956299631E-02	 4.4126135062E-08	 2.0452170668E-04
    15   1   6	 3.3382637938E-03	 1.3132150189E-02	 4.4126135062E-08	 1.2797683655E-05
    15   2   2	 5.7836796245E-03	 5.7836796245E-03	 3.3753991524E-07	 3.3753991524E-07
    15   2   3	 5.7836796245E-03	 5.8080587523E-03	 3.3753991524E-07	 1.8011401410E-05
    15   2   4	 5.7836796245E-03	 1.1338867916E-02	 3.3753991524E-07	 1.1938383599E-04
    15   2   5	 5.7836796245E-03	 1.2956299631E-02	 3.3753991524E-07	 2.0452170668E-04
    15   2   6	 5.7836796245E-03	 1.3132150189E-02	 3.3753991524E-07	 1.2797683655E-05
    15   3   3	 5.8080587523E-03	 5.8080587523E-03	 1.8011401410E-05	 1.8011401410E-05
    15   3   4	 5.8080587523E-03	 1.1338867916E-02	 1.8011401410E-05	 1.1938383599E-04
    15   3   5	 5.8080587523E-03	 1.2956299631E-02	 1.8011401410E-05	 2.0452170668E-04
    15   3   6	 5.8080587523E-03	 1.3132150189E-02	 1.8011401410E-05	 1.2797683655E-05
    15   4   4	 1.1338867916E-02	 1.1338867916E-02	 1.1938383599E-04	 1.1938383599E-04
    15   4   5	 1.1338867916E-02	 1.2956299631E-02	 1.1938383599E-04	 2.0452170668E-04
    15   4   6	 1.1338867916E-02	 1.3132150189E-02	 1.1938383599E-04	 1.2797683655E-05
    15   5   5	 1.2956299631E-02	 1.2956299631E-02	 2.0452170668E-04	 2.0452170668E-04
    15   5   6	 1.2956299631E-02	 1.3132150189E-02	 2.0452170668E-04	 1.2797683655E-05
    15   6   6	 1.3132150189E-02	 1.3132150189E-02	 1.2797683655E-05	 1.2797683655E-05
    16   1   1	 3.4545258167E-03	 3.4545258167E-03	 4.5327905423E-08	 4.5327905423E-08
    16   1   2	 3.4545258167E-03	 5.6485137954E-03	 4.5327905423E-08	 2.8765925489E-07
    16   1   3	 3.4545258167E-03	 5.9117200026E-03	 4.5327905423E-08	 1.7978860987E-05
    16   1   4	 3.4545258167E-03	 1.1827362793E-02	 4.5327905423E-08	 1.0411227848E-04
    16   1   5	 3.4545258167E-03	 1.2638055172E-02	 4.5327905423E-08	 6.2471056202E-05
    16   1   6	 3.4545258167E-03	 1.3104975032E-02	 4.5327905423E-08	 7.2798416062E-06
    16   2   2	 5.6485137954E-03	 5.6485137954E-03	 2.8765925489E-07	 2.8765925489E-07
    16   2   3	 5.6485137954E-03	 5.9117200026E-03	 2.8765925489E-07	 1.7978860987E-05
    16   2   4	 5.6485137954E-03	 1.1827362793E-02	 2.8765925489E-07	 1.0411227848E-04
    16   2   5	 5.6485137954E-03	 1.2638055172E-02	 2.8765925489E-07	 6.2471056202E-05
    16   2   6	 5.6485137954E-03	 1.3104975032E-02	 2.8765925489E-07	 7.2798416062E-06
    16   3   3	 5.9117200026E-03	 5.9117200026E-03	 1.7978860987E-05	 1.7978860987E-05
    16   3   4	 5.9117200026E-03	 1.1827362793E-02	 1.7978860987E-05	 1.0411227848E-04
    16   3   5	 5.9117200026E-03	 1.2638055172E-02	 1.7978860987E-05	 6.2471056202E-05
    16   3   6	 5.9117200026E-03	 1.3104975032E-02	 1.7978860987E-05	 7.2798416062E-06
    16   4   4	 1.1827362793E-02	 1.1827362793E-02	 1.0411227848E-04	 1.0411227848E-04
    16   4   5	 1.1827362793E-02	 1.2638055172E-02	 1.0411227848E-04	 6.2471056202E-05
    16   4   6	 1.1827362793E-02	 1.3104975032E-02	 1.0411227848E-04	 7.2798416062E-06
    16   5   5	 1.2638055172E-02	 1.2638055172E-02	 6.2471056202E-05	 6.2471056202E-05
    16   5   6	 1.2638055172E-02	 1.3104975032E-02	 6.2471056202E-05	 7.2798416062E-06
    16   6   6	 1.3104975032E-02	 1.3104975032E-02	 7.2798416062E-06	 7.2798416062E-06
    17   1   1	 3.4967298745E-03	 3.4967298745E-03	 4.4026912405E-08	 4.4026912405E-08
    17   1   2	 3.4967298745E-03	 5.5997532352E-03	 4.4026912405E-08	 2.6212081786E-07
    17   1   3	 3.4967298745E-03	 5.9466560185E-03	 4.4026912405E-08	 1.7856524947E-05
    17   1   4	 3.4967298745E-03	 1.2225715256E-02	 4.4026912405E-08	 8.0789505597E-06
    17   1   5	 3.4967298745E-03	 1.2296733733E-02	 4.4026912405E-08	 7.7402898364E-05
    17   1   6	 3.4967298745E-03	 1.3095631078E-02	 4.4026912405E-08	 5.4894878466E-06
    17   2   2	 5.5997532352E-03	 5.5997532352E-03	 2.6212081786E-07	 2.6212081786E-07
    17   2   3	 5.5997532352E-03	 5.9466560185E-03	 2.6212081786E-07	 1.7856524947E-05
    17   2   4	 5.5997532352E-03	 1.2225715256E-02	 2.6212081786E-07	 8.0789505597E-06
    17   2   5	 5.5997532352E-03	 1.2296733733E-02	 2.6212081786E-07	 7.7402898364E-05
    17   2   6	 5.5997532352E-03	 1.3095631078E-02	 2.6212081786E-07	 5.4894878466E-06
    17   3   3	 5.9466560185E-03	 5.9466560185E-03	 1.7856524947E-05	 1.7856524947E-05
    17   3   4	 5.9466560185E-03	 1.2225715256E-02	 1.7856524947E-05	 8.0789505597E-06
    17   3   5	 5.9466560185E-03	 1.2296733733E-02	 1.7856524947E-05	 7.7402898364E-05
    17   3   6	 5.9466560185E-03	 1.3095631078E-02	 1.7856524947E-05	 5.4894878466E-06
    17   4   4	 1.2225715256E-02	 1.2225715256E-02	 8.0789505597E-06	 8.0789505597E-06
    17   4   5	 1.2225715256E-02	 1.2296733733E-02	 8.0789505597E-06	 7.7402898364E-05
    17   4   6	 1.2225715256E-02	 1.3095631078E-02	 8.0789505597E-06	 5.4894878466E-06
    17   5   5	 1.2296733733E-02	 1.2296733733E-02	 7.7402898364E-05	 7.7402898364E-05
    17   5   6	 1.2296733733E-02	 1.3095631078E-02	 7.7402898364E-05	 5.4894878466E-06
    17   6   6	 1.3095631078E-02	 1.3095631078E-02	 5.4894878466E-06	 5.4894878466E-06
    18   1   1	 4.0559899265E-04	 4.0559899265E-04	 2.1868072469E-09	 2.1868072469E-09
    18   1   2	 4.0559899265E-04	 9.2593694585E-04	 2.1868072469E-09	 2.3324929788E-06
    18   1   3	 4.0559899265E-04	 1.6891246492E-03	 2.1868072469E-09	 8.8140094299E-07
    18   1   4	 4.0559899265E-04	 8.3193791025E-03	 2.1868072469E-09	 1.0895813444E-06
    18   1   5	 4.0559899265E-04	 1.3743191119E-02	 2.1868072469E-09	 4.2632813521E-04
    18   1   6	 4.0559899265E-04	 1.3767685842E-02	 2.1868072469E-09	 7.6429321228E-04
    18   2   2	 9.2593694585E-04	 9.2593694585E-04	 2.3324929788E-06	 2.3324929788E-06
    18   2   3	 9.2593694585E-04	 1.6891246492E-03	 2.3324929788E-06	 8.8140094299E-07
    18   2   4	 9.2593694585E-04	 8.3193791025E-03	 2.3324929788E-06	 1.0895813444E-06
    18   2   5	 9.2593694585E-04	 1.3743191119E-02	 2.3324929788E-06	 4.2632813521E-04
    18   2   6	 9.2593694585E-04	 1.3767685842E-02	 2.3324929788E-06	 7.6429321228E-04
    18   3   3	 1.6891246492E-03	 1.6891246492E-03	 8.8140094299E-07	 8.8140094299E-07
    18   3   4	 1.6891246492E-03	 8.3193791025E-03	 8.8140094299E-07	 1.0895813444E-06
    18   3   5	 1.6891246492E-03	 1.3743191119E-02	 8.8140094299E-07	 4.2632813521E-04
    18   3   6	 1.6891246492E-03	 1.3767685842E-02	 8.8140094299E-07	 7.6429321228E-04
    18   4   4	 8.3193791025E-03	 8.3193791025E-03	 1.0895813444E-06	 1.0895813444E-06
    18   4   5	 8.3193791025E-03	 1.3743191119E-02	 1.0895813444E-06	 4.2632813521E-04
    18   4   6	 8.3193791025E-03	 1.3767685842E-02	 1.0895813444E-06	 7.6429321228E-04
    18   5   5	 1.3743191119E-02	 1.3743191119E-02	 4.2632813521E-04	 4.2632813521E-04
    18   5   6	 1.3743191119E-02	 1.3767685842E-02	 4.2632813521E-04	 7.6429321228E-04
    18   6   6	 1.3767685842E-02	 1.3767685842E-02	 7.6429321228E-04	 7.6429321228E-04
    19   1   1	 6.5946878215E-04	 6.5946878215E-04	 6.9998992957E-09	 6.9998992957E-09
    19   1   2	 6.5946878215E-04	 1.4126796835E-03	 6.9998992957E-09	 6.1180624466E-06
    19   1   3	 6.5946878215E-04	 2.5485984210E-03	 6.9998992957E-09	 2.5555959166E-06
    19   1   4	 6.5946878215E-04	 8.2432092931E-03	 6.9998992957E-09	 1.1784543666E-06
    19   1   5	 6.5946878215E-04	 1.3726783119E-02	 6.9998992957E-09	 3.8848926831E-04
    19   1   6	 6.5946878215E-04	 1.3785444390E-02	 6.9998992957E-09	 8.0379158731E-04
    19   2   2	 1.4126796835E-03	 1.4126796835E-03	 6.1180624466E-06	 6.1180624466E-06
    19   2   3	 1.4126796835E-03	 2.5485984210E-03	 6.1180624466E-06	 2.5555959166E-06
    19   2   4	 1.4126796835E-03	 8.2432092931E-03	 6.1180624466E-06	 1.1784543666E-06
    19   2   5	 1.4126796835E-03	 1.3726783119E-02	 6.1180624466E-06	 3.8848926831E-04
    19   2   6	 1.4126796835E-03	 1.3785444390E-02	 6.1180624466E-06	 8.0379158731E-04
    19   3   3	 2.5485984210E-03	 2.5485984210E-03	 2.5555959166E-06	 2.5555959166E-06
    19   3   4	 2.5485984210E-03	 8.2432092931E-03	 2.5555959166E-06	 1.1784543666E-06
    19   3   5	 2.5485984210E-03	 1.3726783119E-02	 2.5555959166E-06	 3.8848926831E-04
    19   3   6	 2.5485984210E-03	 1.3785444390E-02	 2.5555959166E-06	 8.0379158731E-04
    19   4   4	 8.2432092931E-03	 8.2432092931E-03	 1.1784543666E-06	 1.1784543666E-06
    19   4   5	 8.2432092931E-03	 1.3726783119E-02	 1.1784543666E-06	 3.8848926831E-04
    19   4   6	 8.2432092931E-03	 1.3785444390E-02	 1.1784543666E-06	 8.0379158731E-04
    19   5   5	 1.3726783119E-02	 1.3726783119E-02	 3.8848926831E-04	 3.8848926831E-04
    19   5   6	 1.3726783119E-02	 1.3785444390E-02	 3.8848926831E-04	 8.0379158731E-04
    19   6   6	 1.3785444390E-02	 1.3785444390E-02	 8.0379158731E-04	 8.0379158731E-04
    20   1   1	 9.1521079574E-04	 9.1521079574E-04	 8.9243148056E-09	 8.9243148056E-09
    20   1   2	 9.1521079574E-04	 1.9181694576E-03	 8.9243148056E-09	 1.0883211008E-05
    20   1   3	 9.1521079574E-04	 3.4434265332E-03	 8.9243148056E-09	 8.2084746501E-06
    20   1   4	 9.1521079574E-04	 8.1307328346E-03	 8.9243148056E-09	 1.1084420353E-06
    20   1   5	 9.1521079574E-04	 1.3701938913E-02	 8.9243148056E-09	 3.7283973267E-04
    20   1   6	 9.1521079574E-04	 1.3808353180E-02	 8.9243148056E-09	 6.3943664366E-04
    20   2   2	 1.9181694576E-03	 1.9181694576E-03	 1.0883211008E-05	 1.0883211008E-05
    20   2   3	 1.9181694576E-03	 3.4434265332E-03	 1.0883211008E-05	 8.2084746501E-06
    20   2   4	 1.9181694576E-03	 8.1307328346E-03	 1.0883211008E-05	 1.1084420353E-06
    20   2   5	 1.9181694576E-03	 1.3701938913E-02	 1.0883211008E-05	 3.7283973267E-04
    20   2   6	 1.9181694576E-03	 1.3808353180E-02	 1.0883211008E-05	 6.3943664366E-04
    20   3   3	 3.4434265332E-03	 3.4434265332E-03	 8.2084746501E-06	 8.2084746501E-06
    20   3   4	 3.4434265332E-03	 8.1307328346E-03	 8.2084746501E-06	 1.1084420353E-06
    20   3   5	 3.4434265332E-03	 1.3701938913E-02	 8.2084746501E-06	 3.7283973267E-04
    20   3   6	 3.4434265332E-03	 1.3808353180E-02	 8.2084746501E-06	 6.3943664366E-04
    20   4   4	 8.1307328346E-03	 8.1307328346E-03	 1.1084420353E-06	 1.1084420353E-06
    20   4   5	 8.1307328346E-03	 1.3701938913E-02	 1.1084420353E-06	 3.7283973267E-04
    20   4   6	 8.1307328346E-03	 1.3808353180E-02	 1.1084420353E-06	 6.3943664366E-04
    20   5   5	 1.3701938913E-02	 1.3701938913E-02	 3.7283973267E-04	 3.7283973267E-04
    20   5   6	 1.3701938913E-02	 1.3808353180E-02	 3.7283973267E-04	 6.3943664366E-04
    20   6   6	 1.3808353180E-02	 1.3808353180E-02	 6.3943664366E-04	 6.3943664366E-04
    21   1   1	 1.1702313320E-03	 1.1702313320E-03	 1.5139724708E-08	 1.5139724708E-08
    21   1   2	 1.1702313320E-03	 2.4215479925E-03	 1.5139724708E-08	 1.6146291493E-05
    21   1   3	 1.1702313320E-03	 4.3397519271E-03	 1.5139724708E-08	 1.4230762982E-05
    21   1   4	 1.1702313320E-03	 7.9840793328E-03	 1.5139724708E-08	 1.1198981964E-06
    21   1   5	 1.1702313320E-03	 1.3668761385E-02	 1.5139724708E-08	 3.3739859819E-04
    21   1   6	 1.1702313320E-03	 1.3831935905E-02	 1.5139724708E-08	 6.4747931349E-04
    21   2   2	 2.4215479925E-03	 2.4215479925E-03	 1.6146291493E-05	 1.6146291493E-05
    21   2   3	 2.4215479925E-03	 4.3397519271E-03	 1.6146291493E-05	 1.4230762982E-05
    21   2   4	 2.4215479925E-03	 7.9840793328E-03	 1.6146291493E-05	 1.1198981964E-06
    21   2   5	 2.4215479925E-03	 1.3668761385E-02	 1.6146291493E-05	 3.3739859819E-04
    21   2   6	 2.4215479925E-03	 1.3831935905E-02	 1.6146291493E-05	 6.4747931349E-04
    21   3   3	 4.3397519271E-03	 4.3397519271E-03	 1.4230762982E-05	 1.4230762982E-05
    21   3   4	 4.3397519271E-03	 7.9840793328E-03	 1.4230762982E-05	 1.1198981964E-06
    21   3   5	 4.3397519271E-03	 1.3668761385E-02	 1.4230762982E-05	 3.3739859819E-04
    21   3   6	 4.3397519271E-03	 1.3831935905E-02	 1.4230762982E-05	 6.4747931349E-04
    21   4   4	 7.9840793328E-03	 7.9840793328E-03	 1.1198981964E-06	 1.1198981964E-06
    21   4   5	 7.9840793328E-03	 1.3668761385E-02	 1.1198981964E-06	 3.3739859819E-04
    21   4   6	 7.9840793328E-03	 1.3831935905E-02	 1.1198981964E-06	 6.4747931349E-04
    21   5   5	 1.3668761385E-02	 1.3668761385E-02	 3.3739859819E-04	 3.3739859819E-04
    21   5   6	 1.3668761385E-02	 1.3831935905E-02	 3.3739859819E-04	 6.4747931349E-04
    21   6   6	 1.3831935905E-02	 1.3831935905E-02	 6.4747931349E-04	 6.4747931349E-04
    22   1   1	 1.4235349940E-03	 1.4235349940E-03	 1.3279295900E-08	 1.3279295900E-08
    22   1   2	 1.4235349940E-03	 2.9141745395E-03	 1.3279295900E-08	 2.1121992455E-05
    22   1   3	 1.4235349940E-03	 5.2232519010E-03	 1.3279295900E-08	 2.9019507929E-05
    22   1   4	 1.4235349940E-03	 7.8060834961E-03	 1.3279295900E-08	 8.9299206937E-07
    22   1   5	 1.4235349940E-03	 1.3627437489E-02	 1.3279295900E-08	 3.0349060143E-04
    22   1   6	 1.4235349940E-03	 1.3850762234E-02	 1.3279295900E-08	 8.7486311886E-04
    22   2   2	 2.9141745395E-03	 2.9141745395E-03	 2.1121992455E-05	 2.1121992455E-05
    22   2   3	 2.9141745395E-03	 5.2232519010E-03	 2.1121992455E-05	 2.9019507929E-05
    22   2   4	 2.9141745395E-03	 7.8060834961E-03	 2.1121992455E-05	 8.9299206937E-07
    22   2   5	 2.9141745395E-03	 1.3627437489E-02	 2.1121992455E-05	 3.0349060143E-04
    22   2   6	 2.9141745395E-03	 1.3850762234E-02	 2.1121992455E-05	 8.7486311886E-04
    22   3   3	 5.2232519010E-03	 5.2232519010E-03	 2.9019507929E-05	 2.9019507929E-05
    22   3   4	 5.2232519010E-03	 7.8060834961E-03	 2.9019507929E-05	 8.9299206937E-07
    22   3   5	 5.2232519010E-03	 1.3627437489E-02	 2.9019507929E-05	 3.0349060143E-04
    22   3   6	 5.2232519010E-03	 1.3850762234E-02	 2.9019507929E-05	 8.7486311886E-04
    22   4   4	 7.8060834961E-03	 7.8060834961E-03	 8.9299206937E-07	 8.9299206937E-07
    22   4   5	 7.8060834961E-03	 1.3627437489E-02	 8.9299206937E-07	 3.0349060143E-04
    22   4   6	 7.8060834961E-03	 1.3850762234E-02	 8.9299206937E-07	 8.7486311886E-04
    22   5   5	 1.3627437489E-02	 1.3627437489E-02	 3.0349060143E-04	 3.0349060143E-04
    22   5   6	 1.3627437489E-02	 1.3850762234E-02	 3.0349060143E-04	 8.7486311886E-04
    22   6   6	 1.3850762234E-02	 1.3850762234E-02	 8.7486311886E-04	 8.7486311886E-04
    23   1   1	 1.6745452342E-03	 1.6745452342E-03	 2.4626425960E-08	 2.4626425960E-08
    23   1   2	 1.6745452342E-03	 3.3901303849E-03	 2.4626425960E-08	 2.4752594792E-05
    23   1   3	 1.6745452342E-03	 6.0852302286E-03	 2.4626425960E-08	 4.9677782160E-05
    23   1   4	 1.6745452342E-03	 7.6002873546E-03	 2.4626425960E-08	 1.1494723268E-06
    23   1   5	 1.6745452342E-03	 1.3578390778E-02	 2.4626425960E-08	 2.5672821255E-04
    23   1   6	 1.6745452342E-03	 1.3858717567E-02	 2.4626425960E-08	 5.0948590464E-04
    23   2   2	 3.3901303849E-03	 3.3901303849E-03	 2.4752594792E-05	 2.4752594792E-05
    23   2   3	 3.3901303849E-03	 6.0852302286E-03	 2.4752594792E-05	 4.9677782160E-05
    23   2   4	 3.3901303849E-03	 7.6002873546E-03	 2.4752594792E-05	 1.1494723268E-06
    23   2   5	 3.3901303849E-03	 1.3578390778E-02	 2.4752594792E-05	 2.5672821255E-04
    23   2   6	 3.3901303849E-03	 1.3858717567E-02	 2.4752594792E-05	 5.0948590464E-04
    23   3   3	 6.0852302286E-03	 6.0852302286E-03	 4.9677782160E-05	 4.9677782160E-05
    23   3   4	 6.0852302286E-03	 7.6002873546E-03	 4.9677782160E-05	 1.1494723268E-06
    23   3   5	 6.0852302286E-03	 1.3578390778E-02	 4.9677782160E-05	 2.5672821255E-04
    23   3   6	 6.0852302286E-03	 1.3858717567E-02	 4.9677782160E-05	 5.0948590464E-04
    23   4   4	 7.6002873546E-03	 7.6002873546E-03	 1.1494723268E-06	 1.1494723268E-06
    23   4   5	 7.6002873546E-03	 1.3578390778E-02	 1.1494723268E-06	 2.5672821255E-04
    23   4   6	 7.6002873546E-03	 1.3858717567E-02	 1.1494723268E-06	 5.0948590464E-04
    23   5   5	 1.3578390778E-02	 1.3578390778E-02	 2.5672821255E-04	 2.5672821255E-04
    23   5   6	 1.3578390778E-02	 1.3858717567E-02	 2.5672821255E-04	 5.0948590464E-04
    23   6   6	 1.3858717567E-02	 1.3858717567E-02	 5.0948590464E-04	 5.0948590464E-04
    24   1   1	 1.9228050830E-03	 1.9228050830E-03	 2.2300265472E-08	 2.2300265472E-08
    24   1   2	 1.9228050830E-03	 3.8441186315E-03	 2.2300265472E-08	 2.4086594899E-05
    24   1   3	 1.9228050830E-03	 6.9191226311E-03	 2.2300265472E-08	 7.5764709415E-05
    24   1   4	 1.9228050830E-03	 7.3709550249E-03	 2.2300265472E-08	 8.4525014480E-07
    24   1   5	 1.9228050830E-03	 1.3522406184E-02	 2.2300265472E-08	 2.2202373555E-04
    24   1   6	 1.9228050830E-03	 1.3849321710E-02	 2.2300265472E-08	 7.2892277640E-04
    24   2   2	 3.8441186315E-03	 3.8441186315E-03	 2.4086594899E-05	 2.4086594899E-05
    24   2   3	 3.8441186315E-03	 6.9191226311E-03	 2.4086594899E-05	 7.5764709415E-05
    24   2   4	 3.8441186315E-03	 7.3709550249E-03	 2.4086594899E-05	 8.4525014480E-07
    24   2   5	 3.8441186315E-03	 1.3522406184E-02	 2.4086594899E-05	 2.2202373555E-04
    24   2   6	 3.8441186315E-03	 1.3849321710E-02	 2.4086594899E-05	 7.2892277640E-04
    24   3   3	 6.9191226311E-03	 6.9191226311E-03	 7.5764709415E-05	 7.5764709415E-05
    24   3   4	 6.9191226311E-03	 7.3709550249E-03	 7.5764709415E-05	 8.4525014480E-07
    24   3   5	 6.9191226311E-03	 1.3522406184E-02	 7.5764709415E-05	 2.2202373555E-04
    24   3   6	 6.9191226311E-03	 1.3849321710E-02	 7.5764709415E-05	 7.2892277640E-04
    24   4   4	 7.3709550249E-03	 7.3709550249E-03	 8.4525014480E-07	 8.4525014480E-07
    24   4   5	 7.3709550249E-03	 1.3522406184E-02	 8.4525014480E-07	 2.2202373555E-04
    24   4   6	 7.3709550249E-03	 1.3849321710E-02	 8.4525014480E-07	 7.2892277640E-04
    24   5   5	 1.3522406184E-02	 1.3522406184E-02	 2.2202373555E-04	 2.2202373555E-04
    24   5   6	 1.3522406184E-02	 1.3849321710E-02	 2.2202373555E-04	 7.2892277640E-04
    24   6   6	 1.3849321710E-02	 1.3849321710E-02	 7.2892277640E-04	 7.2892277640E-04
    25   1   1	 2.1677842829E-03	 2.1677842829E-03	 3.1990295957E-08	 3.1990295957E-08
    25   1   2	 2.1677842829E-03	 4.2708085424E-03	 3.1990295957E-08	 2.1670881438E-05
    25   1   3	 2.1677842829E-03	 7.1231165063E-03	 3.1990295957E-08	 7.2063330539E-07
    25   1   4	 2.1677842829E-03	 7.7193982448E-03	 3.1990295957E-08	 1.0582080808E-04
    25   1   5	 2.1677842829E-03	 1.3460745026E-02	 3.1990295957E-08	 1.7677261527E-04
    25   1   6	 2.1677842829E-03	 1.3816041817E-02	 3.1990295957E-08	 5.5215429840E-04
    25   2   2	 4.2708085424E-03	 4.2708085424E-03	 2.1670881438E-05	 2.1670881438E-05
    25   2   3	 4.2708085424E-03	 7.1231165063E-03	 2.1670881438E-05	 7.2063330539E-07
    25   2   4	 4.2708085424E-03	 7.7193982448E-03	 2.1670881438E-05	 1.0582080808E-04
    25   2   5	 4.2708085424E-03	 1.3460745026E-02	 2.1670881438E-05	 1.7677261527E-04
    25   2   6	 4.2708085424E-03	 1.3816041817E-02	 2.1670881438E-05	 5.5215429840E-04
    25   3   3	 7.1231165063E-03	 7.1231165063E-03	 7.2063330539E-07	 7.2063330539E-07
    25   3   4	 7.1231165063E-03	 7.7193982448E-03	 7.2063330539E-07	 1.0582080808E-04
    25   3   5	 7.1231165063E-03	 1.3460745026E-02	 7.2063330539E-07	 1.7677261527E-04
    25   3   6	 7.1231165063E-03	 1.3816041817E-02	 7.2063330539E-07	 5.5215429840E-04
    25   4   4	 7.7193982448E-03	 7.7193982448E-03	 1.0582080808E-04	 1.0582080808E-04
    25   4   5	 7.7193982448E-03	 1.3460745026E-02	 1.0582080808E-04	 1.7677261527E-04
    25   4   6	 7.7193982448E-03	 1.3816041817E-02	 1.0582080808E-04	 5.5215429840E-04
    25   5   5	 1.3460745026E-02	 1.3460745026E-02	 1.7677261527E-04	 1.7677261527E-04
    25   5   6	 1.3460745026E-02	 1.3816041817E-02	 1.7677261527E-04	 5.5215429840E-04
    25   6   6	 1.3816041817E-02	 1.3816041817E-02	 5.5215429840E-04	 5.5215429840E-04
    26   1   1	 2.4086258925E-03	 2.4086258925E-03	 2.9190388883E-08	 2.9190388883E-08
    26   1   2	 2.4086258925E-03	 4.6645862502E-03	 2.9190388883E-08	 1.9426247585E-05
    26   1   3	 2.4086258925E-03	 6.8626734239E-03	 2.9190388883E-08	 7.2533809016E-07
    26   1   4	 2.4086258925E-03	 8.4811767371E-03	 2.9190388883E-08	 1.6211871666E-04
    26   1   5	 2.4086258925E-03	 1.3395228367E-02	 2.9190388883E-08	 1.2814306343E-04
    26   1   6	 2.4086258925E-03	 1.3752586792E-02	 2.9190388883E-08	 5.4209997848E-04
    26   2   2	 4.6645862502E-03	 4.6645862502E-03	 1.9426247585E-05	 1.9426247585E-05
    26   2   3	 4.6645862502E-03	 6.8626734239E-03	 1.9426247585E-05	 7.2533809016E-07
    26   2   4	 4.6645862502E-03	 8.4811767371E-03	 1.9426247585E-05	 1.6211871666E-04
    26   2   5	 4.6645862502E-03	 1.3395228367E-02	 1.9426247585E-05	 1.2814306343E-04
    26   2   6	 4.6645862502E-03	 1.3752586792E-02	 1.9426247585E-05	 5.4209997848E-04
    26   3   3	 6.8626734239E-03	 6.8626734239E-03	 7.2533809016E-07	 7.2533809016E-07
    26   3   4	 6.8626734239E-03	 8.4811767371E-03	 7.2533809016E-07	 1.6211871666E-04
    26   3   5	 6.8626734239E-03	 1.3395228367E-02	 7.2533809016E-07	 1.2814306343E-04
    26   3   6	 6.8626734239E-03	 1.3752586792E-02	 7.2533809016E-07	 5.4209997848E-04
    26   4   4	 8.4811767371E-03	 8.4811767371E-03	 1.6211871666E-04	 1.6211871666E-04
    26   4   5	 8.4811767371E-03	 1.3395228367E-02	 1.6211871666E-04	 1.2814306343E-04
    26   4   6	 8.4811767371E-03	 1.3752586792E-02	 1.6211871666E-04	 5.4209997848E-04
    26   5   5	 1.3395228367E-02	 1.3395228367E-02	 1.2814306343E-04	 1.2814306343E-04
    26   5   6	 1.3395228367E-02	 1.3752586792E-02	 1.2814306343E-04	 5.4209997848E-04
    26   6   6	 1.3752586792E-02	 1.3752586792E-02	 5.4209997848E-04	 5.4209997848E-04
    27   1   1	 2.6437297514E-03	 2.6437297514E-03	 3.4882121077E-08	 3.4882121077E-08
    27   1   2	 2.6437297514E-03	 5.0194772219E-03	 3.4882121077E-08	 1.7601923507E-05
    27   1   3	 2.6437297514E-03	 6.5966306856E-03	 3.4882121077E-08	 4.4625854588E-07
    27   1   4	 2.6437297514E-03	 9.2001033311E-03	 3.4882121077E-08	 2.9853933363E-04
    27   1   5	 2.6437297514E-03	 1.3328225133E-02	 3.4882121077E-08	 8.5688129776E-05
    27   1   6	 2.6437297514E-03	 1.3653211752E-02	 3.4882121077E-08	 5.2277354109E-04
    27   2   2	 5.0194772219E-03	 5.0194772219E-03	 1.7601923507E-05	 1.7601923507E-05
    27   2   3	 5.0194772219E-03	 6.5966306856E-03	 1.7601923507E-05	 4.4625854588E-07
    27   2   4	 5.0194772219E-03	 9.2001033311E-03	 1.7601923507E-05	 2.9853933363E-04
    27   2   5	 5.0194772219E-03	 1.3328225133E-02	 1.7601923507E-05	 8.5688129776E-05
    27   2   6	 5.0194772219E-03	 1.3653211752E-02	 1.7601923507E-05	 5.2277354109E-04
    27   3   3	 6.5966306856E-03	 6.5966306856E-03	 4.4625854588E-07	 4.4625854588E-07
    27   3   4	 6.5966306856E-03	 9.2001033311E-03	 4.4625854588E-07	 2.9853933363E-04
    27   3   5	 6.5966306856E-03	 1.3328225133E-02	 4.4625854588E-07	 8.5688129776E-05
    27   3   6	 6.5966306856E-03	 1.3653211752E-02	 4.4625854588E-07	 5.2277354109E-04
    27   4   4	 9.2001033311E-03	 9.2001033311E-03	 2.9853933363E-04	 2.9853933363E-04
    27   4   5	 9.2001033311E-03	 1.3328225133E-02	 2.9853933363E-04	 8.5688129776E-05
    27   4   6	 9.2001033311E-03	 1.3653211752E-02	 2.9853933363E-04	 5.2277354109E-04
    27   5   5	 1.3328225133E-02	 1.3328225133E-02	 8.5688129776E-05	 8.5688129776E-05
    27   5   6	 1.3328225133E-02	 1.3653211752E-02	 8.5688129776E-05	 5.2277354109E-04
    27   6   6	 1.3653211752E-02	 1.3653211752E-02	 5.2277354109E-04	 5.2277354109E-04
    28   1   1	 2.8700408271E-03	 2.8700408271E-03	 3.4110268910E-08	 3.4110268910E-08
    28   1   2	 2.8700408271E-03	 5.3291938566E-03	 3.4110268910E-08	 1.7963161177E-05
    28   1   3	 2.8700408271E-03	 6.3335721607E-03	 3.4110268910E-08	 4.4709575059E-07
    28   1   4	 2.8700408271E-03	 9.8723291371E-03	 3.4110268910E-08	 7.4321400163E-04
    28   1   5	 2.8700408271E-03	 1.3262287789E-02	 3.4110268910E-08	 5.3633428920E-05
    28   1   6	 2.8700408271E-03	 1.3513251740E-02	 3.4110268910E-08	 6.2596481906E-04
    28   2   2	 5.3291938566E-03	 5.3291938566E-03	 1.7963161177E-05	 1.7963161177E-05
    28   2   3	 5.3291938566E-03	 6.3335721607E-03	 1.7963161177E-05	 4.4709575059E-07
    28   2   4	 5.3291938566E-03	 9.8723291371E-03	 1.7963161177E-05	 7.4321400163E-04
    28   2   5	 5.3291938566E-03	 1.3262287789E-02	 1.7963161177E-05	 5.3633428920E-05
    28   2   6	 5.3291938566E-03	 1.3513251740E-02	 1.7963161177E-05	 6.2596481906E-04
    28   3   3	 6.3335721607E-03	 6.3335721607E-03	 4.4709575059E-07	 4.4709575059E-07
    28   3   4	 6.3335721607E-03	 9.8723291371E-03	 4.4709575059E-07	 7.4321400163E-04
    28   3   5	 6.3335721607E-03	 1.3262287789E-02	 4.4709575059E-07	 5.3633428920E-05
    28   3   6	 6.3335721607E-03	 1.3513251740E-02	 4.4709575059E-07	 6.2596481906E-04
    28   4   4	 9.8723291371E-03	 9.8723291371E-03	 7.4321400163E-04	 7.4321400163E-04
    28   4   5	 9.8723291371E-03	 1.3262287789E-02	 7.4321400163E-04	 5.3633428920E-05
    28   4   6	 9.8723291371E-03	 1.3513251740E-02	 7.4321400163E-04	 6.2596481906E-04
    28   5   5	 1.3262287789E-02	 1.3262287789E-02	 5.3633428920E-05	 5.3633428920E-05
    28   5   6	 1.3262287789E-02	 1.3513251740E-02	 5.3633428920E-05	 6.2596481906E-04
    28   6   6	 1.3513251740E-02	 1.3513251740E-02	 6.2596481906E-04	 6.2596481906E-04
    29   1   1	 3.0818519901E-03	 3.0818519901E-03	 4.0812274404E-08	 4.0812274404E-08
    29   1   2	 3.0818519901E-03	 5.5873198717E-03	 4.0812274404E-08	 1.8238846521E-05
    29   1   3	 3.0818519901E-03	 6.0845703143E-03	 4.0812274404E-08	 4.1109418259E-07
    29   1   4	 3.0818519901E-03	 1.0494535112E-02	 4.0812274404E-08	 2.6594356213E-04
    29   1   5	 3.0818519901E-03	 1.3196907801E-02	 4.0812274404E-08	 6.2303312105E-05
    29   1   6	 3.0818519901E-03	 1.3332373229E-02	 4.0812274404E-08	 2.3422140457E-04
    29   2   2	 5.5873198717E-03	 5.5873198717E-03	 1.8238846521E-05	 1.8238846521E-05
    29   2   3	 5.5873198717E-03	 6.0845703143E-03	 1.8238846521E-05	 4.1109418259E-07
    29   2   4	 5.5873198717E-03	 1.0494535112E-02	 1.8238846521E-05	 2.6594356213E-04
    29   2   5	 5.5873198717E-03	 1.3196907801E-02	 1.8238846521E-05	 6.2303312105E-05
    29   2   6	 5.5873198717E-03	 1.3332373229E-02	 1.8238846521E-05	 2.3422140457E-04
    29   3   3	 6.0845703143E-03	 6.0845703143E-03	 4.1109418259E-07	 4.1109418259E-07
    29   3   4	 6.0845703143E-03	 1.0494535112E-02	 4.1109418259E-07	 2.6594356213E-04
    29   3   5	 6.0845703143E-03	 1.3196907801E-02	 4.1109418259E-07	 6.2303312105E-05
    29   3   6	 6.0845703143E-03	 1.3332373229E-02	 4.1109418259E-07	 2.3422140457E-04
    29   4   4	 1.0494535112E-02	 1.0494535112E-02	 2.6594356213E-04	 2.6594356213E-04
    29   4   5	 1.0494535112E-02	 1.3196907801E-02	 2.6594356213E-04	 6.2303312105E-05
    29   4   6	 1.0494535112E-02	 1.3332373229E-02	 2.6594356213E-04	 2.3422140457E-04
    29   5   5	 1.3196907801E-02	 1.3196907801E-02	 6.2303312105E-05	 6.2303312105E-05
    29   5   6	 1.3196907801E-02	 1.3332373229E-02	 6.2303312105E-05	 2.3422140457E-04
    29   6   6	 1.3332373229E-02	 1.3332373229E-02	 2.3422140457E-04	 2.3422140457E-04
    30   1   1	 3.2689621670E-03	 3.2689621670E-03	 4.2241952134E-08	 4.2241952134E-08
    30   1   2	 3.2689621670E-03	 5.7876557948E-03	 4.2241952134E-08	 1.8277983195E-05
    30   1   3	 3.2689621670E-03	 5.8647014121E-03	 4.2241952134E-08	 3.9454961892E-07
    30   1   4	 3.2689621670E-03	 1.1063963015E-02	 4.2241952134E-08	 1.1877937687E-04
    30   1   5	 3.2689621670E-03	 1.3063175149E-02	 4.2241952134E-08	 1.3505801329E-04
    30   1   6	 3.2689621670E-03	 1.3179735130E-02	 4.2241952134E-08	 3.4214657246E-05
    30   2   2	 5.7876557948E-03	 5.7876557948E-03	 1.8277983195E-05	 1.8277983195E-05
    30   2   3	 5.7876557948E-03	 5.8647014121E-03	 1.8277983195E-05	 3.9454961892E-07
    30   2   4	 5.7876557948E-03	 1.1063963015E-02	 1.8277983195E-05	 1.1877937687E-04
    30   2   5	 5.7876557948E-03	 1.3063175149E-02	 1.8277983195E-05	 1.3505801329E-04
    30   2   6	 5.7876557948E-03	 1.3179735130E-02	 1.8277983195E-05	 3.4214657246E-05
    30   3   3	 5.8647014121E-03	 5.8647014121E-03	 3.9454961892E-07	 3.9454961892E-07
    30   3   4	 5.8647014121E-03	 1.1063963015E-02	 3.9454961892E-07	 1.1877937687E-04
    30   3   5	 5.8647014121E-03	 1.3063175149E-02	 3.9454961892E-07	 1.3505801329E-04
    30   3   6	 5.8647014121E-03	 1.3179735130E-02	 3.9454961892E-07	 3.4214657246E-05
    30   4   4	 1.1063963015E-02	 1.1063963015E-02	 1.1877937687E-04	 1.1877937687E-04
    30   4   5	 1.1063963015E-02	 1.3063175149E-02	 1.1877937687E-04	 1.3505801329E-04
    30   4   6	 1.1063963015E-02	 1.3179735130E-02	 1.1877937687E-04	 3.4214657246E-05
    30   5   5	 1.3063175149E-02	 1.3063175149E-02	 1.3505801329E-04	 1.3505801329E-04
    30   5   6	 1.3063175149E-02	 1.3179735130E-02	 1.3505801329E-04	 3.4214657246E-05
    30   6   6	 1.3179735130E-02	 1.3179735130E-02	 3.4214657246E-05	 3.4214657246E-05
    31   1   1	 3.4146849569E-03	 3.4146849569E-03	 4.4567366964E-08	 4.4567366964E-08
    31   1   2	 3.4146849569E-03	 5.6946977337E-03	 4.4567366964E-08	 2.9105128042E-07
    31   1   3	 3.4146849569E-03	 5.9247257714E-03	 4.4567366964E-08	 1.8090578022E-05
    31   1   4	 3.4146849569E-03	 1.1578379893E-02	 4.4567366964E-08	 1.0920626680E-04
    31   1   5	 3.4146849569E-03	 1.2784536146E-02	 4.4567366964E-08	 8.1771597556E-05
    31   1   6	 3.4146849569E-03	 1.3132923213E-02	 4.4567366964E-08	 1.6851406865E-05
    31   2   2	 5.6946977337E-03	 5.6946977337E-03	 2.9105128042E-07	 2.9105128042E-07
    31   2   3	 5.6946977337E-03	 5.9247257714E-03	 2.9105128042E-07	 1.8090578022E-05
    31   2   4	 5.6946977337E-03	 1.1578379893E-02	 2.9105128042E-07	 1.0920626680E-04
    31   2   5	 5.6946977337E-03	 1.2784536146E-02	 2.9105128042E-07	 8.1771597556E-05
    31   2   6	 5.6946977337E-03	 1.3132923213E-02	 2.9105128042E-07	 1.6851406865E-05
    31   3   3	 5.9247257714E-03	 5.9247257714E-03	 1.8090578022E-05	 1.8090578022E-05
    31   3   4	 5.9247257714E-03	 1.1578379893E-02	 1.8090578022E-05	 1.0920626680E-04
    31   3   5	 5.9247257714E-03	 1.2784536146E-02	 1.8090578022E-05	 8.1771597556E-05
    31   3   6	 5.9247257714E-03	 1.3132923213E-02	 1.8090578022E-05	 1.6851406865E-05
    31   4   4	 1.1578379893E-02	 1.1578379893E-02	 1.0920626680E-04	 1.0920626680E-04
    31   4   5	 1.1578379893E-02	 1.2784536146E-02	 1.0920626680E-04	 8.1771597556E-05
    31   4   6	 1.1578379893E-02	 1.3132923213E-02	 1.0920626680E-04	 1.6851406865E-05
    31   5   5	 1.2784536146E-02	 1.2784536146E-02	 8.1771597556E-05	 8.1771597556E-05
    31   5   6	 1.2784536146E-02	 1.3132923213E-02	 8.1771597556E-05	 1.6851406865E-05
    31   6   6	 1.3132923213E-02	 1.3132923213E-02	 1.6851406865E-05	 1.6851406865E-05
    32   1   1	 3.4967298745E-03	 3.4967298745E-03	 4.4888108380E-08	 4.4888108380E-08
    32   1   2	 3.4967298745E-03	 5.5997532352E-03	 4.4888108380E-08	 2.5638906762E-07
    32   1   3	 3.4967298745E-03	 5.9943843798E-03	 4.4888108380E-08	 1.7848666381E-05
    32   1   4	 3.4967298745E-03	 1.2035016109E-02	 4.4888108380E-08	 6.9602968504E-05
    32   1   5	 3.4967298745E-03	 1.2442607528E-02	 4.4888108380E-08	 6.6075479780E-05
    32   1   6	 3.4967298745E-03	 1.3112715440E-02	 4.4888108380E-08	 1.0690862239E-05
    32   2   2	 5.5997532352E-03	 5.5997532352E-03	 2.5638906762E-07	 2.5638906762E-07
    32   2   3	 5.5997532352E-03	 5.9943843798E-03	 2.5638906762E-07	 1.7848666381E-05
    32   2   4	 5.5997532352E-03	 1.2035016109E-02	 2.5638906762E-07	 6.9602968504E-05
    32   2   5	 5.5997532352E-03	 1.2442607528E-02	 2.5638906762E-07	 6.6075479780E-05
    32   2   6	 5.5997532352E-03	 1.3112715440E-02	 2.5638906762E-07	 1.0690862239E-05
    32   3   3	 5.9943843798E-03	 5.9943843798E-03	 1.7848666381E-05	 1.7848666381E-05
    32   3   4	 5.9943843798E-03	 1.2035016109E-02	 1.7848666381E-05	 6.9602968504E-05
    32   3   5	 5.9943843798E-03	 1.2442607528E-02	 1.7848666381E-05	 6.6075479780E-05
    32   3   6	 5.9943843798E-03	 1.3112715440E-02	 1.7848666381E-05	 1.0690862239E-05
    32   4   4	 1.2035016109E-02	 1.2035016109E-02	 6.9602968504E-05	 6.9602968504E-05
    32   4   5	 1.2035016109E-02	 1.2442607528E-02	 6.9602968504E-05	 6.6075479780E-05
    32   4   6	 1.2035016109E-02	 1.3112715440E-02	 6.9602968504E-05	 1.0690862239E-05
    32   5   5	 1.2442607528E-02	 1.2442607528E-02	 6.6075479780E-05	 6.6075479780E-05
    32   5   6	 1.2442607528E-02	 1.3112715440E-02	 6.6075479780E-05	 1.0690862239E-05
    32   6   6	 1.3112715440E-02	 1.3112715440E-02	 1.0690862239E-05	 1.0690862239E-05
    33   1   1	 8.1775298715E-04	 8.1775298715E-04	 8.3363267759E-09	 8.3363267759E-09
    33   1   2	 8.1775298715E-04	 1.8586262165E-03	 8.3363267759E-09	 9.5537199079E-06
    33   1   3	 8.1775298715E-04	 3.3357217607E-03	 8.3363267759E-09	 7.4567747317E-06
    33   1   4	 8.1775298715E-04	 8.1555741372E-03	 8.3363267759E-09	 1.0011585542E-06
    33   1   5	 8.1775298715E-04	 1.3707422594E-02	 8.3363267759E-09	 4.0554844741E-04
    33   1   6	 8.1775298715E-04	 1.3795994427E-02	 8.3363267759E-09	 6.9820381579E-04
    33   2   2	 1.8586262165E-03	 1.8586262165E-03	 9.5537199079E-06	 9.5537199079E-06
    33   2   3	 1.8586262165E-03	 3.3357217607E-03	 9.5537199079E-06	 7.4567747317E-06
    33   2   4	 1.8586262165E-03	 8.1555741372E-03	 9.5537199079E-06	 1.0011585542E-06
    33   2   5	 1.8586262165E-03	 1.3707422594E-02	 9.5537199079E-06	 4.0554844741E-04
    33   2   6	 1.8586262165E-03	 1.3795994427E-02	 9.5537199079E-06	 6.9820381579E-04
    33   3   3	 3.3357217607E-03	 3.3357217607E-03	 7.4567747317E-06	 7.4567747317E-06
    33   3   4	 3.3357217607E-03	 8.1555741372E-03	 7.4567747317E-06	 1.0011585542E-06
    33   3   5	 3.3357217607E-03	 1.3707422594E-02	 7.4567747317E-06	 4.0554844741E-04
    33   3   6	 3.3357217607E-03	 1.3795994427E-02	 7.4567747317E-06	 6.9820381579E-04
    33   4   4	 8.1555741372E-03	 8.1555741372E-03	 1.0011585542E-06	 1.0011585542E-06
    33   4   5	 8.1555741372E-03	 1.3707422594E-02	 1.0011585542E-06	 4.0554844741E-04
    33   4   6	 8.1555741372E-03	 1.3795994427E-02	 1.0011585542E-06	 6.9820381579E-04
    33   5   5	 1.3707422594E-02	 1.3707422594E-02	 4.0554844741E-04	 4.0554844741E-04
    33   5   6	 1.3707422594E-02	 1.3795994427E-02	 4.0554844741E-04	 6.9820381579E-04
    33   6   6	 1.3795994427E-02	 1.3795994427E-02	 6.9820381579E-04	 6.9820381579E-04
    34   1   1	 1.0701152653E-03	 1.0701152653E-03	 1.5267918269E-08	 1.5267918269E-08
    34   1   2	 1.0701152653E-03	 2.3376417491E-03	 1.5267918269E-08	 2.0385754938E-05
    34   1   3	 1.0701152653E-03	 4.1419287774E-03	 1.5267918269E-08	 7.7261441215E-06
    34   1   4	 1.0701152653E-03	 8.0260580679E-03	 1.5267918269E-08	 1.1450624048E-06
    34   1   5	 1.0701152653E-03	 1.3680654524E-02	 1.5267918269E-08	 3.8098571381E-04
    34   1   6	 1.0701152653E-03	 1.3816556498E-02	 1.5267918269E-08	 8.7999343726E-04
    34   2   2	 2.3376417491E-03	 2.3376417491E-03	 2.0385754938E-05	 2.0385754938E-05
    34   2   3	 2.3376417491E-03	 4.1419287774E-03	 2.0385754938E-05	 7.7261441215E-06
    34   2   4	 2.3376417491E-03	 8.0260580679E-03	 2.0385754938E-05	 1.1450624048E-06
    34   2   5	 2.3376417491E-03	 1.3680654524E-02	 2.0385754938E-05	 3.8098571381E-04
    34   2   6	 2.3376417491E-03	 1.3816556498E-02	 2.0385754938E-05	 8.7999343726E-04
    34   3   3	 4.1419287774E-03	 4.1419287774E-03	 7.7261441215E-06	 7.7261441215E-06
    34   3   4	 4.1419287774E-03	 8.0260580679E-03	 7.7261441215E-06	 1.1450624048E-06
    34   3   5	 4.1419287774E-03	 1.3680654524E-02	 7.7261441215E-06	 3.8098571381E-04
    34   3   6	 4.1419287774E-03	 1.3816556498E-02	 7.7261441215E-06	 8.7999343726E-04
    34   4   4	 8.0260580679E-03	 8.0260580679E-03	 1.1450624048E-06	 1.1450624048E-06
    34   4   5	 8.0260580679E-03	 1.3680654524E-02	 1.1450624048E-06	 3.8098571381E-04
    34   4   6	 8.0260580679E-03	 1.3816556498E-02	 1.1450624048E-06	 8.7999343726E-04
    34   5   5	 1.3680654524E-02	 1.3680654524E-02	 3.8098571381E-04	 3.8098571381E-04
    34   5   6	 1.3680654524E-02	 1.3816556498E-02	 3.8098571381E-04	 8.7999343726E-04
    34   6   6	 1.3816556498E-02	 1.3816556498E-02	 8.7999343726E-04	 8.7999343726E-04
    35   1   1	 1.3231006364E-03	 1.3231006364E-03	 1.5830006747E-08	 1.5830006747E-08
    35   1   2	 1.3231006364E-03	 2.8254887299E-03	 1.5830006747E-08	 3.4633260694E-05
    35   1   3	 1.3231006364E-03	 4.9675008153E-03	 1.5830006747E-08	 2.9093766238E-05
    35   1   4	 1.3231006364E-03	 7.8637758188E-03	 1.5830006747E-08	 1.0573915824E-06
    35   1   5	 1.3231006364E-03	 1.3645897426E-02	 1.5830006747E-08	 3.4685704945E-04
    35   1   6	 1.3231006364E-03	 1.3834786183E-02	 1.5830006747E-08	 5.8262724144E-04
    35   2   2	 2.8254887299E-03	 2.8254887299E-03	 3.4633260694E-05	 3.4633260694E-05
    35   2   3	 2.8254887299E-03	 4.9675008153E-03	 3.4633260694E-05	 2.9093766238E-05
    35   2   4	 2.8254887299E-03	 7.8637758188E-03	 3.4633260694E-05	 1.0573915824E-06
    35   2   5	 2.8254887299E-03	 1.3645897426E-02	 3.4633260694E-05	 3.4685704945E-04
    35   2   6	 2.8254887299E-03	 1.3834786183E-02	 3.4633260694E-05	 5.8262724144E-04
    35   3   3	 4.9675008153E-03	 4.9675008153E-03	 2.9093766238E-05	 2.9093766238E-05
    35   3   4	 4.9675008153E-03	 7.8637758188E-03	 2.9093766238E-05	 1.0573915824E-06
    35   3   5	 4.9675008153E-03	 1.3645897426E-02	 2.9093766238E-05	 3.4685704945E-04
    35   3   6	 4.9675008153E-03	 1.3834786183E-02	 2.9093766238E-05	 5.8262724144E-04
    35   4   4	 7.8637758188E-03	 7.8637758188E-03	 1.0573915824E-06	 1.0573915824E-06
    35   4   5	 7.8637758188E-03	 1.3645897426E-02	 1.0573915824E-06	 3.4685704945E-04
    35   4   6	 7.8637758188E-03	 1.3834786183E-02	 1.0573915824E-06	 5.8262724144E-04
    35   5   5	 1.3645897426E-02	 1.3645897426E-02	 3.4685704945E-04	 3.4685704945E-04
    35   5   6	 1.3645897426E-02	 1.3834786183E-02	 3.4685704945E-04	 5.8262724144E-04
    35   6   6	 1.3834786183E-02	 1.3834786183E-02	 5.8262724144E-04	 5.8262724144E-04
    36   1   1	 1.5749217299E-03	 1.5749217299E-03	 2.2940780102E-08	 2.2940780102E-08
    36   1   2	 1.5749217299E-03	 3.3067915593E-03	 2.2940780102E-08	 4.9419145793E-05
    36   1   3	 1.5749217299E-03	 5.7917766658E-03	 2.2940780102E-08	 3.4102618803E-05
    36   1   4	 1.5749217299E-03	 7.6718962100E-03	 2.2940780102E-08	 9.5236883028E-07
    36   1   5	 1.5749217299E-03	 1.3603399805E-02	 2.2940780102E-08	 2.5827764140E-04
    36   1   6	 1.5749217299E-03	 1.3845016876E-02	 2.2940780102E-08	 6.8065944465E-04
    36   2   2	 3.3067915593E-03	 3.3067915593E-03	 4.9419145793E-05	 4.9419145793E-05
    36   2   3	 3.3067915593E-03	 5.7917766658E-03	 4.9419145793E-05	 3.4102618803E-05
    36   2   4	 3.3067915593E-03	 7.6718962100E-03	 4.9419145793E-05	 9.5236883028E-07
    36   2   5	 3.3067915593E-03	 1.3603399805E-02	 4.9419145793E-05	 2.5827764140E-04
    36   2   6	 3.3067915593E-03	 1.3845016876E-02	 4.9419145793E-05	 6.8065944465E-04
    36   3   3	 5.7917766658E-03	 5.7917766658E-03	 3.4102618803E-05	 3.4102618803E-05
    36   3   4	 5.7917766658E-03	 7.6718962100E-03	 3.4102618803E-05	 9.5236883028E-07
    36   3   5	 5.7917766658E-03	 1.3603399805E-02	 3.4102618803E-05	 2.5827764140E-04
    36   3   6	 5.7917766658E-03	 1.3845016876E-02	 3.4102618803E-05	 6.8065944465E-04
    36   4   4	 7.6718962100E-03	 7.6718962100E-03	 9.5236883028E-07	 9.5236883028E-07
    36   4   5	 7.6718962100E-03	 1.3603399805E-02	 9.5236883028E-07	 2.5827764140E-04
    36   4   6	 7.6718962100E-03	 1.3845016876E-02	 9.5236883028E-07	 6.8065944465E-04
    36   5   5	 1.3603399805E-02	 1.3603399805E-02	 2.5827764140E-04	 2.5827764140E-04
    36   5   6	 1.3603399805E-02	 1.3845016876E-02	 2.5827764140E-04	 6.8065944465E-04
    36   6   6	 1.3845016876E-02	 1.3845016876E-02	 6.8065944465E-04	 6.8065944465E-04
    37   1   1	 1.8246118273E-03	 1.8246118273E-03	 2.1278711420E-08	 2.1278711420E-08
    37   1   2	 1.8246118273E-03	 3.7722395353E-03	 2.1278711420E-08	 5.8458516434E-05
    37   1   3	 1.8246118273E-03	 6.6019026530E-03	 2.1278711420E-08	 8.3799533295E-05
    37   1   4	 1.8246118273E-03	 7.4542921944E-03	 2.1278711420E-08	 9.5375845311E-07
    37   1   5	 1.8246118273E-03	 1.3553631767E-02	 2.1278711420E-08	 2.4030312005E-04
    37   1   6	 1.8246118273E-03	 1.3841133265E-02	 2.1278711420E-08	 6.2317643656E-04
    37   2   2	 3.7722395353E-03	 3.7722395353E-03	 5.8458516434E-05	 5.8458516434E-05
    37   2   3	 3.7722395353E-03	 6.6019026530E-03	 5.8458516434E-05	 8.3799533295E-05
    37   2   4	 3.7722395353E-03	 7.4542921944E-03	 5.8458516434E-05	 9.5375845311E-07
    37   2   5	 3.7722395353E-03	 1.3553631767E-02	 5.8458516434E-05	 2.4030312005E-04
    37   2   6	 3.7722395353E-03	 1.3841133265E-02	 5.8458516434E-05	 6.2317643656E-04
    37   3   3	 6.6019026530E-03	 6.6019026530E-03	 8.3799533295E-05	 8.3799533295E-05
    37   3   4	 6.6019026530E-03	 7.4542921944E-03	 8.3799533295E-05	 9.5375845311E-07
    37   3   5	 6.6019026530E-03	 1.3553631767E-02	 8.3799533295E-05	 2.4030312005E-04
    37   3   6	 6.6019026530E-03	 1.3841133265E-02	 8.3799533295E-05	 6.2317643656E-04
    37   4   4	 7.4542921944E-03	 7.4542921944E-03	 9.5375845311E-07	 9.5375845311E-07
    37   4   5	 7.4542921944E-03	 1.3553631767E-02	 9.5375845311E-07	 2.4030312005E-04
    37   4   6	 7.4542921944E-03	 1.3841133265E-02	 9.5375845311E-07	 6.2317643656E-04
    37   5   5	 1.3553631767E-02	 1.3553631767E-02	 2.4030312005E-04	 2.4030312005E-04
    37   5   6	 1.3553631767E-02	 1.3841133265E-02	 2.4030312005E-04	 6.2317643656E-04
    37   6   6	 1.3841133265E-02	 1.3841133265E-02	 6.2317643656E-04	 6.2317643656E-04
    38   1   1	 2.0714749084E-03	 2.0714749084E-03	 2.7107286459E-08	 2.7107286459E-08
    38   1   2	 2.0714749084E-03	 4.2146903178E-03	 2.7107286459E-08	 5.5760901748E-05
    38   1   3	 2.0714749084E-03	 7.2155637269E-03	 2.7107286459E-08	 8.5588612577E-07
    38   1   4	 2.0714749084E-03	 7.3887665180E-03	 2.7107286459E-08	 6.2030991398E-05
    38   1   5	 2.0714749084E-03	 1.3497411742E-02	 2.7107286459E-08	 2.3164835088E-04
    38   1   6	 2.0714749084E-03	 1.3816878528E-02	 2.7107286459E-08	 6.1257823936E-04
    38   2   2	 4.2146903178E-03	 4.2146903178E-03	 5.5760901748E-05	 5.5760901748E-05
    38   2   3	 4.2146903178E-03	 7.2155637269E-03	 5.5760901748E-05	 8.5588612577E-07
    38   2   4	 4.2146903178E-03	 7.3887665180E-03	 5.5760901748E-05	 6.2030991398E-05
    38   2   5	 4.2146903178E-03	 1.3497411742E-02	 5.5760901748E-05	 2.3164835088E-04
    38   2   6	 4.2146903178E-03	 1.3816878528E-02	 5.5760901748E-05	 6.1257823936E-04
    38   3   3	 7.2155637269E-03	 7.2155637269E-03	 8.5588612577E-07	 8.5588612577E-07
    38   3   4	 7.2155637269E-03	 7.3887665180E-03	 8.5588612577E-07	 6.2030991398E-05
    38   3   5	 7.2155637269E-03	 1.3497411742E-02	 8.5588612577E-07	 2.3164835088E-04
    38   3   6	 7.2155637269E-03	 1.3816878528E-02	 8.5588612577E-07	 6.1257823936E-04
    38   4   4	 7.3887665180E-03	 7.3887665180E-03	 6.2030991398E-05	 6.2030991398E-05
    38   4   5	 7.3887665180E-03	 1.3497411742E-02	 6.2030991398E-05	 2.3164835088E-04
    38   4   6	 7.3887665180E-03	 1.3816878528E-02	 6.2030991398E-05	 6.1257823936E-04
    38   5   5	 1.3497411742E-02	 1.3497411742E-02	 2.3164835088E-04	 2.3164835088E-04
    38   5   6	 1.3497411742E-02	 1.3816878528E-02	 2.3164835088E-04	 6.1257823936E-04
    38   6   6	 1.3816878528E-02	 1.3816878528E-02	 6.1257823936E-04	 6.1257823936E-04
    39   1   1	 2.3147612169E-03	 2.3147612169E-03	 2.5477192055E-08	 2.5477192055E-08
    39   1   2	 2.3147612169E-03	 4.6277106169E-03	 2.5477192055E-08	 4.1666485056E-05
    39   1   3	 2.3147612169E-03	 6.9611016696E-03	 2.5477192055E-08	 6.4282100831E-07
    39   1   4	 2.3147612169E-03	 8.1452773121E-03	 2.5477192055E-08	 1.3845559824E-04
    39   1   5	 2.3147612169E-03	 1.3435968785E-02	 2.5477192055E-08	 1.3214549851E-04
    39   1   6	 2.3147612169E-03	 1.3766196391E-02	 2.5477192055E-08	 5.2800520482E-04
    39   2   2	 4.6277106169E-03	 4.6277106169E-03	 4.1666485056E-05	 4.1666485056E-05
    39   2   3	 4.6277106169E-03	 6.9611016696E-03	 4.1666485056E-05	 6.4282100831E-07
    39   2   4	 4.6277106169E-03	 8.1452773121E-03	 4.1666485056E-05	 1.3845559824E-04
    39   2   5	 4.6277106169E-03	 1.3435968785E-02	 4.1666485056E-05	 1.3214549851E-04
    39   2   6	 4.6277106169E-03	 1.3766196391E-02	 4.1666485056E-05	 5.2800520482E-04
    39   3   3	 6.9611016696E-03	 6.9611016696E-03	 6.4282100831E-07	 6.4282100831E-07
    39   3   4	 6.9611016696E-03	 8.1452773121E-03	 6.4282100831E-07	 1.3845559824E-04
    39   3   5	 6.9611016696E-03	 1.3435968785E-02	 6.4282100831E-07	 1.3214549851E-04
    39   3   6	 6.9611016696E-03	 1.3766196391E-02	 6.4282100831E-07	 5.2800520482E-04
    39   4   4	 8.1452773121E-03	 8.1452773121E-03	 1.3845559824E-04	 1.3845559824E-04
    39   4   5	 8.1452773121E-03	 1.3435968785E-02	 1.3845559824E-04	 1.3214549851E-04
    39   4   6	 8.1452773121E-03	 1.3766196391E-02	 1.3845559824E-04	 5.2800520482E-04
    39   5   5	 1.3435968785E-02	 1.3435968785E-02	 1.3214549851E-04	 1.3214549851E-04
    39   5   6	 1.3435968785E-02	 1.3766196391E-02	 1.3214549851E-04	 5.2800520482E-04
    39   6   6	 1.3766196391E-02	 1.3766196391E-02	 5.2800520482E-04	 5.2800520482E-04
    40   1   1	 2.5533037130E-03	 2.5533037130E-03	 3.3343061098E-08	 3.3343061098E-08
    40   1   2	 2.5533037130E-03	 5.0049825704E-03	 3.3343061098E-08	 2.8022737904E-05
    40   1   3	 2.5533037130E-03	 6.6972387312E-03	 3.3343061098E-08	 5.4615764301E-07
    40   1   4	 2.5533037130E-03	 8.8655959492E-03	 3.3343061098E-08	 2.4251279652E-04
    40   1   5	 2.5533037130E-03	 1.3370836444E-02	 3.3343061098E-08	 1.5137055864E-04
    40   1   6	 2.5533037130E-03	 1.3683678125E-02	 3.3343061098E-08	 4.8351474596E-04
    40   2   2	 5.0049825704E-03	 5.0049825704E-03	 2.8022737904E-05	 2.8022737904E-05
    40   2   3	 5.0049825704E-03	 6.6972387312E-03	 2.8022737904E-05	 5.4615764301E-07
    40   2   4	 5.0049825704E-03	 8.8655959492E-03	 2.8022737904E-05	 2.4251279652E-04
    40   2   5	 5.0049825704E-03	 1.3370836444E-02	 2.8022737904E-05	 1.5137055864E-04
    40   2   6	 5.0049825704E-03	 1.3683678125E-02	 2.8022737904E-05	 4.8351474596E-04
    40   3   3	 6.6972387312E-03	 6.6972387312E-03	 5.4615764301E-07	 5.4615764301E-07
    40   3   4	 6.6972387312E-03	 8.8655959492E-03	 5.4615764301E-07	 2.4251279652E-04
    40   3   5	 6.6972387312E-03	 1.3370836444E-02	 5.4615764301E-07	 1.5137055864E-04
    40   3   6	 6.6972387312E-03	 1.3683678125E-02	 5.4615764301E-07	 4.8351474596E-04
    40   4   4	 8.8655959492E-03	 8.8655959492E-03	 2.4251279652E-04	 2.4251279652E-04
    40   4   5	 8.8655959492E-03	 1.3370836444E-02	 2.4251279652E-04	 1.5137055864E-04
    40   4   6	 8.8655959492E-03	 1.3683678125E-02	 2.4251279652E-04	 4.8351474596E-04
    40   5   5	 1.3370836444E-02	 1.3370836444E-02	 1.5137055864E-04	 1.5137055864E-04
    40   5   6	 1.3370836444E-02	 1.3683678125E-02	 1.5137055864E-04	 4.8351474596E-04
    40   6   6	 1.3683678125E-02	 1.3683678125E-02	 4.8351474596E-04	 4.8351474596E-04
    41   1   1	 2.7849579862E-03	 2.7849579862E-03	 3.4889206478E-08	 3.4889206478E-08
    41   1   2	 2.7849579862E-03	 5.3400836136E-03	 3.4889206478E-08	 2.2109423500E-05
    41   1   3	 2.7849579862E-03	 6.4315767879E-03	 3.4889206478E-08	 4.4769365688E-07
    41   1   4	 2.7849579862E-03	 9.5447850355E-03	 3.4889206478E-08	 3.9954125341E-04
    41   1   5	 2.7849579862E-03	 1.3303104348E-02	 3.4889206478E-08	 7.9009075947E-05
    41   1   6	 2.7849579862E-03	 1.3565552194E-02	 3.4889206478E-08	 5.5462553382E-04
    41   2   2	 5.3400836136E-03	 5.3400836136E-03	 2.2109423500E-05	 2.2109423500E-05
    41   2   3	 5.3400836136E-03	 6.4315767879E-03	 2.2109423500E-05	 4.4769365688E-07
    41   2   4	 5.3400836136E-03	 9.5447850355E-03	 2.2109423500E-05	 3.9954125341E-04
    41   2   5	 5.3400836136E-03	 1.3303104348E-02	 2.2109423500E-05	 7.9009075947E-05
    41   2   6	 5.3400836136E-03	 1.3565552194E-02	 2.2109423500E-05	 5.5462553382E-04
    41   3   3	 6.4315767879E-03	 6.4315767879E-03	 4.4769365688E-07	 4.4769365688E-07
    41   3   4	 6.4315767879E-03	 9.5447850355E-03	 4.4769365688E-07	 3.9954125341E-04
    41   3   5	 6.4315767879E-03	 1.3303104348E-02	 4.4769365688E-07	 7.9009075947E-05
    41   3   6	 6.4315767879E-03	 1.3565552194E-02	 4.4769365688E-07	 5.5462553382E-04
    41   4   4	 9.5447850355E-03	 9.5447850355E-03	 3.9954125341E-04	 3.9954125341E-04
    41   4   5	 9.5447850355E-03	 1.3303104348E-02	 3.9954125341E-04	 7.9009075947E-05
    41   4   6	 9.5447850355E-03	 1.3565552194E-02	 3.9954125341E-04	 5.5462553382E-04
    41   5   5	 1.3303104348E-02	 1.3303104348E-02	 7.9009075947E-05	 7.9009075947E-05
    41   5   6	 1.3303104348E-02	 1.3565552194E-02	 7.9009075947E-05	 5.5462553382E-04
    41   6   6	 1.3565552194E-02	 1.3565552194E-02	 5.5462553382E-04	 5.5462553382E-04
    42   1   1	 3.0056610400E-03	 3.0056610400E-03	 3.9672268933E-08	 3.9672268933E-08
    42   1   2	 3.0056610400E-03	 5.6264924369E-03	 3.9672268933E-08	 1.9000262398E-05
    42   1   3	 3.0056610400E-03	 6.1736523475E-03	 3.9672268933E-08	 4.1522328441E-07
    42   1   4	 3.0056610400E-03	 1.0178654714E-02	 3.9672268933E-08	 3.6616053730E-04
    42   1   5	 3.0056610400E-03	 1.3228902787E-02	 3.9672268933E-08	 1.3285565627E-04
    42   1   6	 3.0056610400E-03	 1.3414302059E-02	 3.9672268933E-08	 2.9756867721E-04
    42   2   2	 5.6264924369E-03	 5.6264924369E-03	 1.9000262398E-05	 1.9000262398E-05
    42   2   3	 5.6264924369E-03	 6.1736523475E-03	 1.9000262398E-05	 4.1522328441E-07
    42   2   4	 5.6264924369E-03	 1.0178654714E-02	 1.9000262398E-05	 3.6616053730E-04
    42   2   5	 5.6264924369E-03	 1.3228902787E-02	 1.9000262398E-05	 1.3285565627E-04
    42   2   6	 5.6264924369E-03	 1.3414302059E-02	 1.9000262398E-05	 2.9756867721E-04
    42   3   3	 6.1736523475E-03	 6.1736523475E-03	 4.1522328441E-07	 4.1522328441E-07
    42   3   4	 6.1736523475E-03	 1.0178654714E-02	 4.1522328441E-07	 3.6616053730E-04
    42   3   5	 6.1736523475E-03	 1.3228902787E-02	 4.1522328441E-07	 1.3285565627E-04
    42   3   6	 6.1736523475E-03	 1.3414302059E-02	 4.1522328441E-07	 2.9756867721E-04
    42   4   4	 1.0178654714E-02	 1.0178654714E-02	 3.6616053730E-04	 3.6616053730E-04
    42   4   5	 1.0178654714E-02	 1.3228902787E-02	 3.6616053730E-04	 1.3285565627E-04
    42   4   6	 1.0178654714E-02	 1.3414302059E-02	 3.6616053730E-04	 2.9756867721E-04
    42   5   5	 1.3228902787E-02	 1.3228902787E-02	 1.3285565627E-04	 1.3285565627E-04
    42   5   6	 1.3228902787E-02	 1.3414302059E-02	 1.3285565627E-04	 2.9756867721E-04
    42   6   6	 1.3414302059E-02	 1.3414302059E-02	 2.9756867721E-04	 2.9756867721E-04
    43   1   1	 3.2078733700E-03	 3.2078733700E-03	 3.8852962407E-08	 3.8852962407E-08
    43   1   2	 3.2078733700E-03	 5.8577899549E-03	 3.8852962407E-08	 1.7960028872E-05
    43   1   3	 3.2078733700E-03	 5.9361751467E-03	 3.8852962407E-08	 4.2524905658E-07
    43   1   4	 3.2078733700E-03	 1.0763697876E-02	 3.8852962407E-08	 1.8286250652E-04
    43   1   5	 3.2078733700E-03	 1.3109061145E-02	 3.8852962407E-08	 1.3529169547E-04
    43   1   6	 3.2078733700E-03	 1.3268936487E-02	 3.8852962407E-08	 6.6812829518E-05
    43   2   2	 5.8577899549E-03	 5.8577899549E-03	 1.7960028872E-05	 1.7960028872E-05
    43   2   3	 5.8577899549E-03	 5.9361751467E-03	 1.7960028872E-05	 4.2524905658E-07
    43   2   4	 5.8577899549E-03	 1.0763697876E-02	 1.7960028872E-05	 1.8286250652E-04
    43   2   5	 5.8577899549E-03	 1.3109061145E-02	 1.7960028872E-05	 1.3529169547E-04
    43   2   6	 5.8577899549E-03	 1.3268936487E-02	 1.7960028872E-05	 6.6812829518E-05
    43   3   3	 5.9361751467E-03	 5.9361751467E-03	 4.2524905658E-07	 4.2524905658E-07
    43   3   4	 5.9361751467E-03	 1.0763697876E-02	 4.2524905658E-07	 1.8286250652E-04
    43   3   5	 5.9361751467E-03	 1.3109061145E-02	 4.2524905658E-07	 1.3529169547E-04
    43   3   6	 5.9361751467E-03	 1.3268936487E-02	 4.2524905658E-07	 6.6812829518E-05
    43   4   4	 1.0763697876E-02	 1.0763697876E-02	 1.8286250652E-04	 1.8286250652E-04
    43   4   5	 1.0763697876E-02	 1.3109061145E-02	 1.8286250652E-04	 1.3529169547E-04
    43   4   6	 1.0763697876E-02	 1.3268936487E-02	 1.8286250652E-04	 6.6812829518E-05
    43   5   5	 1.3109061145E-02	 1.3109061145E-02	 1.3529169547E-04	 1.3529169547E-04
    43   5   6	 1.3109061145E-02	 1.3268936487E-02	 1.3529169547E-04	 6.6812829518E-05
    43   6   6	 1.3268936487E-02	 1.3268936487E-02	 6.6812829518E-05	 6.6812829518E-05
    44   1   1	 3.3783628682E-03	 3.3783628682E-03	 4.1333225456E-08	 4.1333225456E-08
    44   1   2	 3.3783628682E-03	 5.7368983076E-03	 4.1333225456E-08	 3.1033656352E-07
    44   1   3	 3.3783628682E-03	 6.0280504436E-03	 4.1333225456E-08	 1.7402007225E-05
    44   1   4	 3.3783628682E-03	 1.1297039461E-02	 4.1333225456E-08	 1.3723869200E-04
    44   1   5	 3.3783628682E-03	 1.2878887136E-02	 4.1333225456E-08	 1.4949289184E-04
    44   1   6	 3.3783628682E-03	 1.3194968207E-02	 4.1333225456E-08	 4.9510542933E-05
    44   2   2	 5.7368983076E-03	 5.7368983076E-03	 3.1033656352E-07	 3.1033656352E-07
    44   2   3	 5.7368983076E-03	 6.0280504436E-03	 3.1033656352E-07	 1.7402007225E-05
    44   2   4	 5.7368983076E-03	 1.1297039461E-02	 3.1033656352E-07	 1.3723869200E-04
    44   2   5	 5.7368983076E-03	 1.2878887136E-02	 3.1033656352E-07	 1.4949289184E-04
    44   2   6	 5.7368983076E-03	 1.3194968207E-02	 3.1033656352E-07	 4.9510542933E-05
    44   3   3	 6.0280504436E-03	 6.0280504436E-03	 1.7402007225E-05	 1.7402007225E-05
    44   3   4	 6.0280504436E-03	 1.1297039461E-02	 1.7402007225E-05	 1.3723869200E-04
    44   3   5	 6.0280504436E-03	 1.2878887136E-02	 1.7402007225E-05	 1.4949289184E-04
    44   3   6	 6.0280504436E-03	 1.3194968207E-02	 1.7402007225E-05	 4.9510542933E-05
    44   4   4	 1.1297039461E-02	 1.1297039461E-02	 1.3723869200E-04	 1.3723869200E-04
    44   4   5	 1.1297039461E-02	 1.2878887136E-02	 1.3723869200E-04	 1.4949289184E-04
    44   4   6	 1.1297039461E-02	 1.3194968207E-02	 1.3723869200E-04	 4.9510542933E-05
    44   5   5	 1.2878887136E-02	 1.2878887136E-02	 1.4949289184E-04	 1.4949289184E-04
    44   5   6	 1.2878887136E-02	 1.3194968207E-02	 1.4949289184E-04	 4.9510542933E-05
    44   6   6	 1.3194968207E-02	 1.3194968207E-02	 4.9510542933E-05	 4.9510542933E-05
    45   1   1	 3.4967298745E-03	 3.4967298745E-03	 4.4582313651E-08	 4.4582313651E-08
    45   1   2	 3.4967298745E-03	 5.5997532352E-03	 4.4582313651E-08	 2.3804641507E-07
    45   1   3	 3.4967298745E-03	 6.1323872298E-03	 4.4582313651E-08	 1.6977808844E-05
    45   1   4	 3.4967298745E-03	 1.1776175390E-02	 4.4582313651E-08	 1.0531306387E-04
    45   1   5	 3.4967298745E-03	 1.2571598666E-02	 4.4582313651E-08	 6.9401040785E-05
    45   1   6	 3.4967298745E-03	 1.3160792993E-02	 4.4582313651E-08	 4.2859628370E-05
    45   2   2	 5.5997532352E-03	 5.5997532352E-03	 2.3804641507E-07	 2.3804641507E-07
    45   2   3	 5.5997532352E-03	 6.1323872298E-03	 2.3804641507E-07	 1.6977808844E-05
    45   2   4	 5.5997532352E-03	 1.1776175390E-02	 2.3804641507E-07	 1.0531306387E-04
    45   2   5	 5.5997532352E-03	 1.2571598666E-02	 2.3804641507E-07	 6.9401040785E-05
    45   2   6	 5.5997532352E-03	 1.3160792993E-02	 2.3804641507E-07	 4.2859628370E-05
    45   3   3	 6.1323872298E-03	 6.1323872298E-03	 1.6977808844E-05	 1.6977808844E-05
    45   3   4	 6.1323872298E-03	 1.1776175390E-02	 1.6977808844E-05	 1.0531306387E-04
    45   3   5	 6.1323872298E-03	 1.2571598666E-02	 1.6977808844E-05	 6.9401040785E-05
    45   3   6	 6.1323872298E-03	 1.3160792993E-02	 1.6977808844E-05	 4.2859628370E-05
    45   4   4	 1.1776175390E-02	 1.1776175390E-02	 1.0531306387E-04	 1.0531306387E-04
    45   4   5	 1.1776175390E-02	 1.2571598666E-02	 1.0531306387E-04	 6.9401040785E-05
    45   4   6	 1.1776175390E-02	 1.3160792993E-02	 1.0531306387E-04	 4.2859628370E-05
    45   5   5	 1.2571598666E-02	 1.2571598666E-02	 6.9401040785E-05	 6.9401040785E-05
    45   5   6	 1.2571598666E-02	 1.3160792993E-02	 6.9401040785E-05	 4.2859628370E-05
    45   6   6	 1.3160792993E-02	 1.3160792993E-02	 4.2859628370E-05	 4.2859628370E-05
    46   1   1	 3.5398913698E-03	 3.5398913698E-03	 4.4139727049E-08	 4.4139727049E-08
    46   1   2	 3.5398913698E-03	 5.5500744394E-03	 4.4139727049E-08	 2.2813949518E-07
    46   1   3	 3.5398913698E-03	 6.1675477733E-03	 4.4139727049E-08	 1.6567513713E-05
    46   1   4	 3.5398913698E-03	 1.2168102575E-02	 4.4139727049E-08	 1.4777407573E-05
    46   1   5	 3.5398913698E-03	 1.2236345833E-02	 4.4139727049E-08	 1.5174852302E-04
    46   1   6	 3.5398913698E-03	 1.3150018258E-02	 4.4139727049E-08	 3.7849519305E-05
    46   2   2	 5.5500744394E-03	 5.5500744394E-03	 2.2813949518E-07	 2.2813949518E-07
    46   2   3	 5.5500744394E-03	 6.1675477733E-03	 2.2813949518E-07	 1.6567513713E-05
    46   2   4	 5.5500744394E-03	 1.2168102575E-02	 2.2813949518E-07	 1.4777407573E-05
    46   2   5	 5.5500744394E-03	 1.2236345833E-02	 2.2813949518E-07	 1.5174852302E-04
    46   2   6	 5.5500744394E-03	 1.3150018258E-02	 2.2813949518E-07	 3.7849519305E-05
    46   3   3	 6.1675477733E-03	 6.1675477733E-03	 1.6567513713E-05	 1.6567513713E-05
    46   3   4	 6.1675477733E-03	 1.2168102575E-02	 1.6567513713E-05	 1.4777407573E-05
    46   3   5	 6.1675477733E-03	 1.2236345833E-02	 1.6567513713E-05	 1.5174852302E-04
    46   3   6	 6.1675477733E-03	 1.3150018258E-02	 1.6567513713E-05	 3.7849519305E-05
    46   4   4	 1.2168102575E-02	 1.2168102575E-02	 1.4777407573E-05	 1.4777407573E-05
    46   4   5	 1.2168102575E-02	 1.2236345833E-02	 1.4777407573E-05	 1.5174852302E-04
    46   4   6	 1.2168102575E-02	 1.3150018258E-02	 1.4777407573E-05	 3.7849519305E-05
    46   5   5	 1.2236345833E-02	 1.2236345833E-02	 1.5174852302E-04	 1.5174852302E-04
    46   5   6	 1.2236345833E-02	 1.3150018258E-02	 1.5174852302E-04	 3.7849519305E-05
    46   6   6	 1.3150018258E-02	 1.3150018258E-02	 3.7849519305E-05	 3.7849519305E-05
    47   1   1	 1.2414836076E-03	 1.2414836076E-03	 1.9180078913E-08	 1.9180078913E-08
    47   1   2	 1.2414836076E-03	 2.8020411480E-03	 1.9180078913E-08	 2.7872600529E-05
    47   1   3	 1.2414836076E-03	 4.8988462693E-03	 1.9180078913E-08	 2.1135575334E-05
    47   1   4	 1.2414836076E-03	 7.8905254753E-03	 1.9180078913E-08	 8.2196752245E-07
    47   1   5	 1.2414836076E-03	 1.3653481355E-02	 1.9180078913E-08	 3.8983189750E-04
    47   1   6	 1.2414836076E-03	 1.3819273809E-02	 1.9180078913E-08	 4.9153144738E-04
    47   2   2	 2.8020411480E-03	 2.8020411480E-03	 2.7872600529E-05	 2.7872600529E-05
    47   2   3	 2.8020411480E-03	 4.8988462693E-03	 2.7872600529E-05	 2.1135575334E-05
    47   2   4	 2.8020411480E-03	 7.8905254753E-03	 2.7872600529E-05	 8.2196752245E-07
    47   2   5	 2.8020411480E-03	 1.3653481355E-02	 2.7872600529E-05	 3.8983189750E-04
    47   2   6	 2.8020411480E-03	 1.3819273809E-02	 2.7872600529E-05	 4.9153144738E-04
    47   3   3	 4.8988462693E-03	 4.8988462693E-03	 2.1135575334E-05	 2.1135575334E-05
    47   3   4	 4.8988462693E-03	 7.8905254753E-03	 2.1135575334E-05	 8.2196752245E-07
    47   3   5	 4.8988462693E-03	 1.3653481355E-02	 2.1135575334E-05	 3.8983189750E-04
    47   3   6	 4.8988462693E-03	 1.3819273809E-02	 2.1135575334E-05	 4.9153144738E-04
    47   4   4	 7.8905254753E-03	 7.8905254753E-03	 8.2196752245E-07	 8.2196752245E-07
    47   4   5	 7.8905254753E-03	 1.3653481355E-02	 8.2196752245E-07	 3.8983189750E-04
    47   4   6	 7.8905254753E-03	 1.3819273809E-02	 8.2196752245E-07	 4.9153144738E-04
    47   5   5	 1.3653481355E-02	 1.3653481355E-02	 3.8983189750E-04	 3.8983189750E-04
    47   5   6	 1.3653481355E-02	 1.3819273809E-02	 3.8983189750E-04	 4.9153144738E-04
    47   6   6	 1.3819273809E-02	 1.3819273809E-02	 4.9153144738E-04	 4.9153144738E-04
    48   1   1	 1.4926095102E-03	 1.4926095102E-03	 2.0451042984E-08	 2.0451042984E-08
    48   1   2	 1.4926095102E-03	 3.2803456051E-03	 2.0451042984E-08	 5.3542155320E-05
    48   1   3	 1.4926095102E-03	 5.6440569181E-03	 2.0451042984E-08	 2.8220400852E-05
    48   1   4	 1.4926095102E-03	 7.7138173773E-03	 2.0451042984E-08	 1.0927830671E-06
    48   1   5	 1.4926095102E-03	 1.3619567511E-02	 2.0451042984E-08	 3.5245882700E-04
    48   1   6	 1.4926095102E-03	 1.3827493516E-02	 2.0451042984E-08	 6.6461596973E-04
    48   2   2	 3.2803456051E-03	 3.2803456051E-03	 5.3542155320E-05	 5.3542155320E-05
    48   2   3	 3.2803456051E-03	 5.6440569181E-03	 5.3542155320E-05	 2.8220400852E-05
    48   2   4	 3.2803456051E-03	 7.7138173773E-03	 5.3542155320E-05	 1.0927830671E-06
    48   2   5	 3.2803456051E-03	 1.3619567511E-02	 5.3542155320E-05	 3.5245882700E-04
    48   2   6	 3.2803456051E-03	 1.3827493516E-02	 5.3542155320E-05	 6.6461596973E-04
    48   3   3	 5.6440569181E-03	 5.6440569181E-03	 2.8220400852E-05	 2.8220400852E-05
    48   3   4	 5.6440569181E-03	 7.7138173773E-03	 2.8220400852E-05	 1.0927830671E-06
    48   3   5	 5.6440569181E-03	 1.3619567511E-02	 2.8220400852E-05	 3.5245882700E-04
    48   3   6	 5.6440569181E-03	 1.3827493516E-02	 2.8220400852E-05	 6.6461596973E-04
    48   4   4	 7.7138173773E-03	 7.7138173773E-03	 1.0927830671E-06	 1.0927830671E-06
    48   4   5	 7.7138173773E-03	 1.3619567511E-02	 1.0927830671E-06	 3.5245882700E-04
    48   4   6	 7.7138173773E-03	 1.3827493516E-02	 1.0927830671E-06	 6.6461596973E-04
    48   5   5	 1.3619567511E-02	 1.3619567511E-02	 3.5245882700E-04	 3.5245882700E-04
    48   5   6	 1.3619567511E-02	 1.3827493516E-02	 3.5245882700E-04	 6.6461596973E-04
    48   6   6	 1.3827493516E-02	 1.3827493516E-02	 6.6461596973E-04	 6.6461596973E-04
    49   1   1	 1.7430020275E-03	 1.7430020275E-03	 2.3994885109E-08	 2.3994885109E-08
    49   1   2	 1.7430020275E-03	 3.7562789881E-03	 2.3994885109E-08	 8.4449329835E-05
    49   1   3	 1.7430020275E-03	 6.3951072647E-03	 2.3994885109E-08	 6.9359956718E-05
    49   1   4	 1.7430020275E-03	 7.5094502091E-03	 2.3994885109E-08	 9.0084613907E-07
    49   1   5	 1.7430020275E-03	 1.3578503237E-02	 2.3994885109E-08	 3.2383863226E-04
    49   1   6	 1.7430020275E-03	 1.3824351039E-02	 2.3994885109E-08	 5.7909773924E-04
    49   2   2	 3.7562789881E-03	 3.7562789881E-03	 8.4449329835E-05	 8.4449329835E-05
    49   2   3	 3.7562789881E-03	 6.3951072647E-03	 8.4449329835E-05	 6.9359956718E-05
    49   2   4	 3.7562789881E-03	 7.5094502091E-03	 8.4449329835E-05	 9.0084613907E-07
    49   2   5	 3.7562789881E-03	 1.3578503237E-02	 8.4449329835E-05	 3.2383863226E-04
    49   2   6	 3.7562789881E-03	 1.3824351039E-02	 8.4449329835E-05	 5.7909773924E-04
    49   3   3	 6.3951072647E-03	 6.3951072647E-03	 6.9359956718E-05	 6.9359956718E-05
    49   3   4	 6.3951072647E-03	 7.5094502091E-03	 6.9359956718E-05	 9.0084613907E-07
    49   3   5	 6.3951072647E-03	 1.3578503237E-02	 6.9359956718E-05	 3.2383863226E-04
    49   3   6	 6.3951072647E-03	 1.3824351039E-02	 6.9359956718E-05	 5.7909773924E-04
    49   4   4	 7.5094502091E-03	 7.5094502091E-03	 9.0084613907E-07	 9.0084613907E-07
    49   4   5	 7.5094502091E-03	 1.3578503237E-02	 9.0084613907E-07	 3.2383863226E-04
    49   4   6	 7.5094502091E-03	 1.3824351039E-02	 9.0084613907E-07	 5.7909773924E-04
    49   5   5	 1.3578503237E-02	 1.3578503237E-02	 3.2383863226E-04	 3.2383863226E-04
    49   5   6	 1.3578503237E-02	 1.3824351039E-02	 3.2383863226E-04	 5.7909773924E-04
    49   6   6	 1.3824351039E-02	 1.3824351039E-02	 5.7909773924E-04	 5.7909773924E-04
    50   1   1	 1.9913487707E-03	 1.9913487707E-03	 2.4548932707E-08	 2.4548932707E-08
    50   1   2	 1.9913487707E-03	 4.2168498520E-03	 2.4548932707E-08	 1.1063079480E-04
    50   1   3	 1.9913487707E-03	 7.1385925514E-03	 2.4548932707E-08	 7.3265294515E-05
    50   1   4	 1.9913487707E-03	 7.2816027846E-03	 2.4548932707E-08	 7.5929039660E-07
    50   1   5	 1.9913487707E-03	 1.3530592412E-02	 2.4548932707E-08	 2.3117770752E-04
    50   1   6	 1.9913487707E-03	 1.3804111390E-02	 2.4548932707E-08	 5.7120400366E-04
    50   2   2	 4.2168498520E-03	 4.2168498520E-03	 1.1063079480E-04	 1.1063079480E-04
    50   2   3	 4.2168498520E-03	 7.1385925514E-03	 1.1063079480E-04	 7.3265294515E-05
    50   2   4	 4.2168498520E-03	 7.2816027846E-03	 1.1063079480E-04	 7.5929039660E-07
    50   2   5	 4.2168498520E-03	 1.3530592412E-02	 1.1063079480E-04	 2.3117770752E-04
    50   2   6	 4.2168498520E-03	 1.3804111390E-02	 1.1063079480E-04	 5.7120400366E-04
    50   3   3	 7.1385925514E-03	 7.1385925514E-03	 7.3265294515E-05	 7.3265294515E-05
    50   3   4	 7.1385925514E-03	 7.2816027846E-03	 7.3265294515E-05	 7.5929039660E-07
    50   3   5	 7.1385925514E-03	 1.3530592412E-02	 7.3265294515E-05	 2.3117770752E-04
    50   3   6	 7.1385925514E-03	 1.3804111390E-02	 7.3265294515E-05	 5.7120400366E-04
    50   4   4	 7.2816027846E-03	 7.2816027846E-03	 7.5929039660E-07	 7.5929039660E-07
    50   4   5	 7.2816027846E-03	 1.3530592412E-02	 7.5929039660E-07	 2.3117770752E-04
    50   4   6	 7.2816027846E-03	 1.3804111390E-02	 7.5929039660E-07	 5.7120400366E-04
    50   5   5	 1.3530592412E-02	 1.3530592412E-02	 2.3117770752E-04	 2.3117770752E-04
    50   5   6	 1.3530592412E-02	 1.3804111390E-02	 2.3117770752E-04	 5.7120400366E-04
    50   6   6	 1.3804111390E-02	 1.3804111390E-02	 5.7120400366E-04	 5.7120400366E-04
    51   1   1	 2.2367128076E-03	 2.2367128076E-03	 3.0422501702E-08	 3.0422501702E-08
    51   1   2	 2.2367128076E-03	 4.6526713825E-03	 3.0422501702E-08	 1.1430261770E-04
    51   1   3	 2.2367128076E-03	 7.0351816087E-03	 3.0422501702E-08	 7.9945137382E-07
    51   1   4	 2.2367128076E-03	 7.8644767335E-03	 3.0422501702E-08	 1.1498149503E-04
    51   1   5	 2.2367128076E-03	 1.3476357931E-02	 3.0422501702E-08	 1.8051678283E-04
    51   1   6	 2.2367128076E-03	 1.3761218638E-02	 3.0422501702E-08	 5.0578890735E-04
    51   2   2	 4.6526713825E-03	 4.6526713825E-03	 1.1430261770E-04	 1.1430261770E-04
    51   2   3	 4.6526713825E-03	 7.0351816087E-03	 1.1430261770E-04	 7.9945137382E-07
    51   2   4	 4.6526713825E-03	 7.8644767335E-03	 1.1430261770E-04	 1.1498149503E-04
    51   2   5	 4.6526713825E-03	 1.3476357931E-02	 1.1430261770E-04	 1.8051678283E-04
    51   2   6	 4.6526713825E-03	 1.3761218638E-02	 1.1430261770E-04	 5.0578890735E-04
    51   3   3	 7.0351816087E-03	 7.0351816087E-03	 7.9945137382E-07	 7.9945137382E-07
    51   3   4	 7.0351816087E-03	 7.8644767335E-03	 7.9945137382E-07	 1.1498149503E-04
    51   3   5	 7.0351816087E-03	 1.3476357931E-02	 7.9945137382E-07	 1.8051678283E-04
    51   3   6	 7.0351816087E-03	 1.3761218638E-02	 7.9945137382E-07	 5.0578890735E-04
    51   4   4	 7.8644767335E-03	 7.8644767335E-03	 1.1498149503E-04	 1.1498149503E-04
    51   4   5	 7.8644767335E-03	 1.3476357931E-02	 1.1498149503E-04	 1.8051678283E-04
    51   4   6	 7.8644767335E-03	 1.3761218638E-02	 1.1498149503E-04	 5.0578890735E-04
    51   5   5	 1.3476357931E-02	 1.3476357931E-02	 1.8051678283E-04	 1.8051678283E-04
    51   5   6	 1.3476357931E-02	 1.3761218638E-02	 1.8051678283E-04	 5.0578890735E-04
    51   6   6	 1.3761218638E-02	 1.3761218638E-02	 5.0578890735E-04	 5.0578890735E-04
    52   1   1	 2.4781095074E-03	 2.4781095074E-03	 3.1177248280E-08	 3.1177248280E-08
    52   1   2	 2.4781095074E-03	 5.0559738391E-03	 3.1177248280E-08	 8.3957846538E-05
    52   1   3	 2.4781095074E-03	 6.7759094038E-03	 3.1177248280E-08	 6.0849352916E-07
    52   1   4	 2.4781095074E-03	 8.5648089596E-03	 3.1177248280E-08	 1.7760829921E-04
    52   1   5	 2.4781095074E-03	 1.3416303757E-02	 3.1177248280E-08	 1.2231652486E-04
    52   1   6	 2.4781095074E-03	 1.3690908089E-02	 3.1177248280E-08	 4.7366237250E-04
    52   2   2	 5.0559738391E-03	 5.0559738391E-03	 8.3957846538E-05	 8.3957846538E-05
    52   2   3	 5.0559738391E-03	 6.7759094038E-03	 8.3957846538E-05	 6.0849352916E-07
    52   2   4	 5.0559738391E-03	 8.5648089596E-03	 8.3957846538E-05	 1.7760829921E-04
    52   2   5	 5.0559738391E-03	 1.3416303757E-02	 8.3957846538E-05	 1.2231652486E-04
    52   2   6	 5.0559738391E-03	 1.3690908089E-02	 8.3957846538E-05	 4.7366237250E-04
    52   3   3	 6.7759094038E-03	 6.7759094038E-03	 6.0849352916E-07	 6.0849352916E-07
    52   3   4	 6.7759094038E-03	 8.5648089596E-03	 6.0849352916E-07	 1.7760829921E-04
    52   3   5	 6.7759094038E-03	 1.3416303757E-02	 6.0849352916E-07	 1.2231652486E-04
    52   3   6	 6.7759094038E-03	 1.3690908089E-02	 6.0849352916E-07	 4.7366237250E-04
    52   4   4	 8.5648089596E-03	 8.5648089596E-03	 1.7760829921E-04	 1.7760829921E-04
    52   4   5	 8.5648089596E-03	 1.3416303757E-02	 1.7760829921E-04	 1.2231652486E-04
    52   4   6	 8.5648089596E-03	 1.3690908089E-02	 1.7760829921E-04	 4.7366237250E-04
    52   5   5	 1.3416303757E-02	 1.3416303757E-02	 1.2231652486E-04	 1.2231652486E-04
    52   5   6	 1.3416303757E-02	 1.3690908089E-02	 1.2231652486E-04	 4.7366237250E-04
    52   6   6	 1.3690908089E-02	 1.3690908089E-02	 4.7366237250E-04	 4.7366237250E-04
    53   1   1	 2.7140273387E-03	 2.7140273387E-03	 3.4861818305E-08	 3.4861818305E-08
    53   1   2	 2.7140273387E-03	 5.4196577069E-03	 3.4861818305E-08	 4.5745694198E-05
    53   1   3	 2.7140273387E-03	 6.5105351096E-03	 3.4861818305E-08	 4.2802124495E-07
    53   1   4	 2.7140273387E-03	 9.2330583809E-03	 3.4861818305E-08	 2.8313101201E-04
    53   1   5	 2.7140273387E-03	 1.3349735911E-02	 3.4861818305E-08	 1.4447904630E-04
    53   1   6	 2.7140273387E-03	 1.3590684597E-02	 3.4861818305E-08	 4.3581884534E-04
    53   2   2	 5.4196577069E-03	 5.4196577069E-03	 4.5745694198E-05	 4.5745694198E-05
    53   2   3	 5.4196577069E-03	 6.5105351096E-03	 4.5745694198E-05	 4.2802124495E-07
    53   2   4	 5.4196577069E-03	 9.2330583809E-03	 4.5745694198E-05	 2.8313101201E-04
    53   2   5	 5.4196577069E-03	 1.3349735911E-02	 4.5745694198E-05	 1.4447904630E-04
    53   2   6	 5.4196577069E-03	 1.3590684597E-02	 4.5745694198E-05	 4.3581884534E-04
    53   3   3	 6.5105351096E-03	 6.5105351096E-03	 4.2802124495E-07	 4.2802124495E-07
    53   3   4	 6.5105351096E-03	 9.2330583809E-03	 4.2802124495E-07	 2.8313101201E-04
    53   3   5	 6.5105351096E-03	 1.3349735911E-02	 4.2802124495E-07	 1.4447904630E-04
    53   3   6	 6.5105351096E-03	 1.3590684597E-02	 4.2802124495E-07	 4.3581884534E-04
    53   4   4	 9.2330583809E-03	 9.2330583809E-03	 2.8313101201E-04	 2.8313101201E-04
    53   4   5	 9.2330583809E-03	 1.3349735911E-02	 2.8313101201E-04	 1.4447904630E-04
    53   4   6	 9.2330583809E-03	 1.3590684597E-02	 2.8313101201E-04	 4.3581884534E-04
    53   5   5	 1.3349735911E-02	 1.3349735911E-02	 1.4447904630E-04	 1.4447904630E-04
    53   5   6	 1.3349735911E-02	 1.3590684597E-02	 1.4447904630E-04	 4.3581884534E-04
    53   6   6	 1.3590684597E-02	 1.3590684597E-02	 4.3581884534E-04	 4.3581884534E-04
    54   1   1	 2.9416889552E-03	 2.9416889552E-03	 3.4017691551E-08	 3.4017691551E-08
    54   1   2	 2.9416889552E-03	 5.7368878493E-03	 3.4017691551E-08	 2.7123134669E-05
    54   1   3	 2.9416889552E-03	 6.2472926742E-03	 3.4017691551E-08	 4.4411473459E-07
    54   1   4	 2.9416889552E-03	 9.8637653042E-03	 3.4017691551E-08	 6.2688474568E-04
    54   1   5	 2.9416889552E-03	 1.3269341631E-02	 3.4017691551E-08	 1.9541791892E-04
    54   1   6	 2.9416889552E-03	 1.3465929925E-02	 3.4017691551E-08	 3.4261488396E-04
    54   2   2	 5.7368878493E-03	 5.7368878493E-03	 2.7123134669E-05	 2.7123134669E-05
    54   2   3	 5.7368878493E-03	 6.2472926742E-03	 2.7123134669E-05	 4.4411473459E-07
    54   2   4	 5.7368878493E-03	 9.8637653042E-03	 2.7123134669E-05	 6.2688474568E-04
    54   2   5	 5.7368878493E-03	 1.3269341631E-02	 2.7123134669E-05	 1.9541791892E-04
    54   2   6	 5.7368878493E-03	 1.3465929925E-02	 2.7123134669E-05	 3.4261488396E-04
    54   3   3	 6.2472926742E-03	 6.2472926742E-03	 4.4411473459E-07	 4.4411473459E-07
    54   3   4	 6.2472926742E-03	 9.8637653042E-03	 4.4411473459E-07	 6.2688474568E-04
    54   3   5	 6.2472926742E-03	 1.3269341631E-02	 4.4411473459E-07	 1.9541791892E-04
    54   3   6	 6.2472926742E-03	 1.3465929925E-02	 4.4411473459E-07	 3.4261488396E-04
    54   4   4	 9.8637653042E-03	 9.8637653042E-03	 6.2688474568E-04	 6.2688474568E-04
    54   4   5	 9.8637653042E-03	 1.3269341631E-02	 6.2688474568E-04	 1.9541791892E-04
    54   4   6	 9.8637653042E-03	 1.3465929925E-02	 6.2688474568E-04	 3.4261488396E-04
    54   5   5	 1.3269341631E-02	 1.3269341631E-02	 1.9541791892E-04	 1.9541791892E-04
    54   5   6	 1.3269341631E-02	 1.3465929925E-02	 1.9541791892E-04	 3.4261488396E-04
    54   6   6	 1.3465929925E-02	 1.3465929925E-02	 3.4261488396E-04	 3.4261488396E-04
    55   1   1	 3.1557989757E-03	 3.1557989757E-03	 3.8838755180E-08	 3.8838755180E-08
    55   1   2	 3.1557989757E-03	 5.9968367932E-03	 3.8838755180E-08	 4.0890017385E-07
    55   1   3	 3.1557989757E-03	 6.0010248478E-03	 3.8838755180E-08	 2.0808593184E-05
    55   1   4	 3.1557989757E-03	 1.0452357929E-02	 3.8838755180E-08	 2.5460532176E-04
    55   1   5	 3.1557989757E-03	 1.3143602256E-02	 3.8838755180E-08	 1.8366765649E-04
    55   1   6	 3.1557989757E-03	 1.3347524301E-02	 3.8838755180E-08	 1.1605021417E-04
    55   2   2	 5.9968367932E-03	 5.9968367932E-03	 4.0890017385E-07	 4.0890017385E-07
    55   2   3	 5.9968367932E-03	 6.0010248478E-03	 4.0890017385E-07	 2.0808593184E-05
    55   2   4	 5.9968367932E-03	 1.0452357929E-02	 4.0890017385E-07	 2.5460532176E-04
    55   2   5	 5.9968367932E-03	 1.3143602256E-02	 4.0890017385E-07	 1.8366765649E-04
    55   2   6	 5.9968367932E-03	 1.3347524301E-02	 4.0890017385E-07	 1.1605021417E-04
    55   3   3	 6.0010248478E-03	 6.0010248478E-03	 2.0808593184E-05	 2.0808593184E-05
    55   3   4	 6.0010248478E-03	 1.0452357929E-02	 2.0808593184E-05	 2.5460532176E-04
    55   3   5	 6.0010248478E-03	 1.3143602256E-02	 2.0808593184E-05	 1.8366765649E-04
    55   3   6	 6.0010248478E-03	 1.3347524301E-02	 2.0808593184E-05	 1.1605021417E-04
    55   4   4	 1.0452357929E-02	 1.0452357929E-02	 2.5460532176E-04	 2.5460532176E-04
    55   4   5	 1.0452357929E-02	 1.3143602256E-02	 2.5460532176E-04	 1.8366765649E-04
    55   4   6	 1.0452357929E-02	 1.3347524301E-02	 2.5460532176E-04	 1.1605021417E-04
    55   5   5	 1.3143602256E-02	 1.3143602256E-02	 1.8366765649E-04	 1.8366765649E-04
    55   5   6	 1.3143602256E-02	 1.3347524301E-02	 1.8366765649E-04	 1.1605021417E-04
    55   6   6	 1.3347524301E-02	 1.3347524301E-02	 1.1605021417E-04	 1.1605021417E-04
    56   1   1	 3.3464904171E-03	 3.3464904171E-03	 3.9569396114E-08	 3.9569396114E-08
    56   1   2	 3.3464904171E-03	 5.7739456310E-03	 3.9569396114E-08	 3.1312286070E-07
    56   1   3	 3.3464904171E-03	 6.2058187921E-03	 3.9569396114E-08	 1.8037105447E-05
    56   1   4	 3.3464904171E-03	 1.0995043863E-02	 3.9569396114E-08	 1.6082733721E-04
    56   1   5	 3.3464904171E-03	 1.2936525419E-02	 3.9569396114E-08	 1.3533237690E-04
    56   1   6	 3.3464904171E-03	 1.3271973520E-02	 3.9569396114E-08	 8.4287667301E-05
    56   2   2	 5.7739456310E-03	 5.7739456310E-03	 3.1312286070E-07	 3.1312286070E-07
    56   2   3	 5.7739456310E-03	 6.2058187921E-03	 3.1312286070E-07	 1.8037105447E-05
    56   2   4	 5.7739456310E-03	 1.0995043863E-02	 3.1312286070E-07	 1.6082733721E-04
    56   2   5	 5.7739456310E-03	 1.2936525419E-02	 3.1312286070E-07	 1.3533237690E-04
    56   2   6	 5.7739456310E-03	 1.3271973520E-02	 3.1312286070E-07	 8.4287667301E-05
    56   3   3	 6.2058187921E-03	 6.2058187921E-03	 1.8037105447E-05	 1.8037105447E-05
    56   3   4	 6.2058187921E-03	 1.0995043863E-02	 1.8037105447E-05	 1.6082733721E-04
    56   3   5	 6.2058187921E-03	 1.2936525419E-02	 1.8037105447E-05	 1.3533237690E-04
    56   3   6	 6.2058187921E-03	 1.3271973520E-02	 1.8037105447E-05	 8.4287667301E-05
    56   4   4	 1.0995043863E-02	 1.0995043863E-02	 1.6082733721E-04	 1.6082733721E-04
    56   4   5	 1.0995043863E-02	 1.2936525419E-02	 1.6082733721E-04	 1.3533237690E-04
    56   4   6	 1.0995043863E-02	 1.3271973520E-02	 1.6082733721E-04	 8.4287667301E-05
    56   5   5	 1.2936525419E-02	 1.2936525419E-02	 1.3533237690E-04	 1.3533237690E-04
    56   5   6	 1.2936525419E-02	 1.3271973520E-02	 1.3533237690E-04	 8.4287667301E-05
    56   6   6	 1.3271973520E-02	 1.3271973520E-02	 8.4287667301E-05	 8.4287667301E-05
    57   1   1	 3.4967298745E-03	 3.4967298745E-03	 4.4887362738E-08	 4.4887362738E-08
    57   1   2	 3.4967298745E-03	 5.5997532352E-03	 4.4887362738E-08	 2.3596243062E-07
    57   1   3	 3.4967298745E-03	 6.3458207724E-03	 4.4887362738E-08	 1.6639819873E-05
    57   1   4	 3.4967298745E-03	 1.1488659942E-02	 4.4887362738E-08	 1.3449141415E-04
    57   1   5	 3.4967298745E-03	 1.2659664319E-02	 4.4887362738E-08	 8.8513391700E-05
    57   1   6	 3.4967298745E-03	 1.3229141921E-02	 4.4887362738E-08	 8.5563071183E-05
    57   2   2	 5.5997532352E-03	 5.5997532352E-03	 2.3596243062E-07	 2.3596243062E-07
    57   2   3	 5.5997532352E-03	 6.3458207724E-03	 2.3596243062E-07	 1.6639819873E-05
    57   2   4	 5.5997532352E-03	 1.1488659942E-02	 2.3596243062E-07	 1.3449141415E-04
    57   2   5	 5.5997532352E-03	 1.2659664319E-02	 2.3596243062E-07	 8.8513391700E-05
    57   2   6	 5.5997532352E-03	 1.3229141921E-02	 2.3596243062E-07	 8.5563071183E-05
    57   3   3	 6.3458207724E-03	 6.3458207724E-03	 1.6639819873E-05	 1.6639819873E-05
    57   3   4	 6.3458207724E-03	 1.1488659942E-02	 1.6639819873E-05	 1.3449141415E-04
    57   3   5	 6.3458207724E-03	 1.2659664319E-02	 1.6639819873E-05	 8.8513391700E-05
    57   3   6	 6.3458207724E-03	 1.3229141921E-02	 1.6639819873E-05	 8.5563071183E-05
    57   4   4	 1.1488659942E-02	 1.1488659942E-02	 1.3449141415E-04	 1.3449141415E-04
    57   4   5	 1.1488659942E-02	 1.2659664319E-02	 1.3449141415E-04	 8.8513391700E-05
    57   4   6	 1.1488659942E-02	 1.3229141921E-02	 1.3449141415E-04	 8.5563071183E-05
    57   5   5	 1.2659664319E-02	 1.2659664319E-02	 8.8513391700E-05	 8.8513391700E-05
    57   5   6	 1.2659664319E-02	 1.3229141921E-02	 8.8513391700E-05	 8.5563071183E-05
    57   6   6	 1.3229141921E-02	 1.3229141921E-02	 8.5563071183E-05	 8.5563071183E-05
    58   1   1	 3.5823399333E-03	 3.5823399333E-03	 4.3130884341E-08	 4.3130884341E-08
    58   1   2	 3.5823399333E-03	 5.5013921481E-03	 4.3130884341E-08	 2.0027166870E-07
    58   1   3	 3.5823399333E-03	 6.4169304685E-03	 4.3130884341E-08	 1.5887385726E-05
    58   1   4	 3.5823399333E-03	 1.1929345242E-02	 4.3130884341E-08	 1.0592277813E-04
    58   1   5	 3.5823399333E-03	 1.2326413581E-02	 4.3130884341E-08	 1.1946080816E-04
    58   1   6	 3.5823399333E-03	 1.3208771305E-02	 4.3130884341E-08	 7.4522578608E-05
    58   2   2	 5.5013921481E-03	 5.5013921481E-03	 2.0027166870E-07	 2.0027166870E-07
    58   2   3	 5.5013921481E-03	 6.4169304685E-03	 2.0027166870E-07	 1.5887385726E-05
    58   2   4	 5.5013921481E-03	 1.1929345242E-02	 2.0027166870E-07	 1.0592277813E-04
    58   2   5	 5.5013921481E-03	 1.2326413581E-02	 2.0027166870E-07	 1.1946080816E-04
    58   2   6	 5.5013921481E-03	 1.3208771305E-02	 2.0027166870E-07	 7.4522578608E-05
    58   3   3	 6.4169304685E-03	 6.4169304685E-03	 1.5887385726E-05	 1.5887385726E-05
    58   3   4	 6.4169304685E-03	 1.1929345242E-02	 1.5887385726E-05	 1.0592277813E-04
    58   3   5	 6.4169304685E-03	 1.2326413581E-02	 1.5887385726E-05	 1.1946080816E-04
    58   3   6	 6.4169304685E-03	 1.3208771305E-02	 1.5887385726E-05	 7.4522578608E-05
    58   4   4	 1.1929345242E-02	 1.1929345242E-02	 1.0592277813E-04	 1.0592277813E-04
    58   4   5	 1.1929345242E-02	 1.2326413581E-02	 1.0592277813E-04	 1.1946080816E-04
    58   4   6	 1.1929345242E-02	 1.3208771305E-02	 1.0592277813E-04	 7.4522578608E-05
    58   5   5	 1.2326413581E-02	 1.2326413581E-02	 1.1946080816E-04	 1.1946080816E-04
    58   5   6	 1.2326413581E-02	 1.3208771305E-02	 1.1946080816E-04	 7.4522578608E-05
    58   6   6	 1.3208771305E-02	 1.3208771305E-02	 7.4522578608E-05	 7.4522578608E-05
    59   1   1	 1.6790869785E-03	 1.6790869785E-03	 2.6750690071E-08	 2.6750690071E-08
    59   1   2	 1.6790869785E-03	 3.7553840123E-03	 2.6750690071E-08	 6.7633269663E-05
    59   1   3	 1.6790869785E-03	 6.3406809364E-03	 2.6750690071E-08	 5.1260553088E-05
    59   1   4	 1.6790869785E-03	 7.5359769637E-03	 2.6750690071E-08	 8.0538544045E-07
    59   1   5	 1.6790869785E-03	 1.3589586235E-02	 2.6750690071E-08	 3.6861552164E-04
    59   1   6	 1.6790869785E-03	 1.3807043268E-02	 2.6750690071E-08	 4.8087931469E-04
    59   2   2	 3.7553840123E-03	 3.7553840123E-03	 6.7633269663E-05	 6.7633269663E-05
    59   2   3	 3.7553840123E-03	 6.3406809364E-03	 6.7633269663E-05	 5.1260553088E-05
    59   2   4	 3.7553840123E-03	 7.5359769637E-03	 6.7633269663E-05	 8.0538544045E-07
    59   2   5	 3.7553840123E-03	 1.3589586235E-02	 6.7633269663E-05	 3.6861552164E-04
    59   2   6	 3.7553840123E-03	 1.3807043268E-02	 6.7633269663E-05	 4.8087931469E-04
    59   3   3	 6.3406809364E-03	 6.3406809364E-03	 5.1260553088E-05	 5.1260553088E-05
    59   3   4	 6.3406809364E-03	 7.5359769637E-03	 5.1260553088E-05	 8.0538544045E-07
    59   3   5	 6.3406809364E-03	 1.3589586235E-02	 5.1260553088E-05	 3.6861552164E-04
    59   3   6	 6.3406809364E-03	 1.3807043268E-02	 5.1260553088E-05	 4.8087931469E-04
    59   4   4	 7.5359769637E-03	 7.5359769637E-03	 8.0538544045E-07	 8.0538544045E-07
    59   4   5	 7.5359769637E-03	 1.3589586235E-02	 8.0538544045E-07	 3.6861552164E-04
    59   4   6	 7.5359769637E-03	 1.3807043268E-02	 8.0538544045E-07	 4.8087931469E-04
    59   5   5	 1.3589586235E-02	 1.3589586235E-02	 3.6861552164E-04	 3.6861552164E-04
    59   5   6	 1.3589586235E-02	 1.3807043268E-02	 3.6861552164E-04	 4.8087931469E-04
    59   6   6	 1.3807043268E-02	 1.3807043268E-02	 4.8087931469E-04	 4.8087931469E-04
    60   1   1	 1.9279684727E-03	 1.9279684727E-03	 2.4813404010E-08	 2.4813404010E-08
    60   1   2	 1.9279684727E-03	 4.2325198689E-03	 2.4813404010E-08	 1.1532483120E-04
    60   1   3	 1.9279684727E-03	 7.0119890412E-03	 2.4813404010E-08	 5.6836485675E-05
    60   1   4	 1.9279684727E-03	 7.3206732120E-03	 2.4813404010E-08	 8.5391142651E-07
    60   1   5	 1.9279684727E-03	 1.3552928826E-02	 2.4813404010E-08	 2.9297218824E-04
    60   1   6	 1.9279684727E-03	 1.3785556421E-02	 2.4813404010E-08	 4.8778751247E-04
    60   2   2	 4.2325198689E-03	 4.2325198689E-03	 1.1532483120E-04	 1.1532483120E-04
    60   2   3	 4.2325198689E-03	 7.0119890412E-03	 1.1532483120E-04	 5.6836485675E-05
    60   2   4	 4.2325198689E-03	 7.3206732120E-03	 1.1532483120E-04	 8.5391142651E-07
    60   2   5	 4.2325198689E-03	 1.3552928826E-02	 1.1532483120E-04	 2.9297218824E-04
    60   2   6	 4.2325198689E-03	 1.3785556421E-02	 1.1532483120E-04	 4.8778751247E-04
    60   3   3	 7.0119890412E-03	 7.0119890412E-03	 5.6836485675E-05	 5.6836485675E-05
    60   3   4	 7.0119890412E-03	 7.3206732120E-03	 5.6836485675E-05	 8.5391142651E-07
    60   3   5	 7.0119890412E-03	 1.3552928826E-02	 5.6836485675E-05	 2.9297218824E-04
    60   3   6	 7.0119890412E-03	 1.3785556421E-02	 5.6836485675E-05	 4.8778751247E-04
    60   4   4	 7.3206732120E-03	 7.3206732120E-03	 8.5391142651E-07	 8.5391142651E-07
    60   4   5	 7.3206732120E-03	 1.3552928826E-02	 8.5391142651E-07	 2.9297218824E-04
    60   4   6	 7.3206732120E-03	 1.3785556421E-02	 8.5391142651E-07	 4.8778751247E-04
    60   5   5	 1.3552928826E-02	 1.3552928826E-02	 2.9297218824E-04	 2.9297218824E-04
    60   5   6	 1.3552928826E-02	 1.3785556421E-02	 2.9297218824E-04	 4.8778751247E-04
    60   6   6	 1.3785556421E-02	 1.3785556421E-02	 4.8778751247E-04	 4.8778751247E-04
    61   1   1	 2.1747465705E-03	 2.1747465705E-03	 3.1652780368E-08	 3.1652780368E-08
    61   1   2	 2.1747465705E-03	 4.6952677363E-03	 3.1652780368E-08	 1.6594250269E-04
    61   1   3	 2.1747465705E-03	 7.0842694930E-03	 3.1652780368E-08	 8.8383896259E-07
    61   1   4	 2.1747465705E-03	 7.6792893429E-03	 3.1652780368E-08	 1.2023708596E-04
    61   1   5	 2.1747465705E-03	 1.3509754708E-02	 3.1652780368E-08	 2.0051300021E-04
    61   1   6	 2.1747465705E-03	 1.3744434625E-02	 3.1652780368E-08	 4.8072432975E-04
    61   2   2	 4.6952677363E-03	 4.6952677363E-03	 1.6594250269E-04	 1.6594250269E-04
    61   2   3	 4.6952677363E-03	 7.0842694930E-03	 1.6594250269E-04	 8.8383896259E-07
    61   2   4	 4.6952677363E-03	 7.6792893429E-03	 1.6594250269E-04	 1.2023708596E-04
    61   2   5	 4.6952677363E-03	 1.3509754708E-02	 1.6594250269E-04	 2.0051300021E-04
    61   2   6	 4.6952677363E-03	 1.3744434625E-02	 1.6594250269E-04	 4.8072432975E-04
    61   3   3	 7.0842694930E-03	 7.0842694930E-03	 8.8383896259E-07	 8.8383896259E-07
    61   3   4	 7.0842694930E-03	 7.6792893429E-03	 8.8383896259E-07	 1.2023708596E-04
    61   3   5	 7.0842694930E-03	 1.3509754708E-02	 8.8383896259E-07	 2.0051300021E-04
    61   3   6	 7.0842694930E-03	 1.3744434625E-02	 8.8383896259E-07	 4.8072432975E-04
    61   4   4	 7.6792893429E-03	 7.6792893429E-03	 1.2023708596E-04	 1.2023708596E-04
    61   4   5	 7.6792893429E-03	 1.3509754708E-02	 1.2023708596E-04	 2.0051300021E-04
    61   4   6	 7.6792893429E-03	 1.3744434625E-02	 1.2023708596E-04	 4.8072432975E-04
    61   5   5	 1.3509754708E-02	 1.3509754708E-02	 2.0051300021E-04	 2.0051300021E-04
    61   5   6	 1.3509754708E-02	 1.3744434625E-02	 2.0051300021E-04	 4.8072432975E-04
    61   6   6	 1.3744434625E-02	 1.3744434625E-02	 4.8072432975E-04	 4.8072432975E-04
    62   1   1	 2.4182923850E-03	 2.4182923850E-03	 2.9092480318E-08	 2.9092480318E-08
    62   1   2	 2.4182923850E-03	 5.1312917949E-03	 2.9092480318E-08	 1.9429583891E-04
    62   1   3	 2.4182923850E-03	 6.8319350863E-03	 2.9092480318E-08	 5.2715773607E-07
    62   1   4	 2.4182923850E-03	 8.3337139148E-03	 2.9092480318E-08	 1.2659155501E-04
    62   1   5	 2.4182923850E-03	 1.3459226264E-02	 2.9092480318E-08	 1.4764196071E-04
    62   1   6	 2.4182923850E-03	 1.3680006712E-02	 2.9092480318E-08	 4.3370448884E-04
    62   2   2	 5.1312917949E-03	 5.1312917949E-03	 1.9429583891E-04	 1.9429583891E-04
    62   2   3	 5.1312917949E-03	 6.8319350863E-03	 1.9429583891E-04	 5.2715773607E-07
    62   2   4	 5.1312917949E-03	 8.3337139148E-03	 1.9429583891E-04	 1.2659155501E-04
    62   2   5	 5.1312917949E-03	 1.3459226264E-02	 1.9429583891E-04	 1.4764196071E-04
    62   2   6	 5.1312917949E-03	 1.3680006712E-02	 1.9429583891E-04	 4.3370448884E-04
    62   3   3	 6.8319350863E-03	 6.8319350863E-03	 5.2715773607E-07	 5.2715773607E-07
    62   3   4	 6.8319350863E-03	 8.3337139148E-03	 5.2715773607E-07	 1.2659155501E-04
    62   3   5	 6.8319350863E-03	 1.3459226264E-02	 5.2715773607E-07	 1.4764196071E-04
    62   3   6	 6.8319350863E-03	 1.3680006712E-02	 5.2715773607E-07	 4.3370448884E-04
    62   4   4	 8.3337139148E-03	 8.3337139148E-03	 1.2659155501E-04	 1.2659155501E-04
    62   4   5	 8.3337139148E-03	 1.3459226264E-02	 1.2659155501E-04	 1.4764196071E-04
    62   4   6	 8.3337139148E-03	 1.3680006712E-02	 1.2659155501E-04	 4.3370448884E-04
    62   5   5	 1.3459226264E-02	 1.3459226264E-02	 1.4764196071E-04	 1.4764196071E-04
    62   5   6	 1.3459226264E-02	 1.3680006712E-02	 1.4764196071E-04	 4.3370448884E-04
    62   6   6	 1.3680006712E-02	 1.3680006712E-02	 4.3370448884E-04	 4.3370448884E-04
    63   1   1	 2.6574147018E-03	 2.6574147018E-03	 3.3979566067E-08	 3.3979566067E-08
    63   1   2	 2.6574147018E-03	 5.5308701005E-03	 3.3979566067E-08	 1.6074079708E-04
    63   1   3	 2.6574147018E-03	 6.5696772383E-03	 3.3979566067E-08	 4.8130063568E-07
    63   1   4	 2.6574147018E-03	 8.9678272520E-03	 3.3979566067E-08	 1.8428321045E-04
    63   1   5	 2.6574147018E-03	 1.3398101407E-02	 3.3979566067E-08	 1.3461262553E-04
    63   1   6	 2.6574147018E-03	 1.3591907374E-02	 3.3979566067E-08	 3.5671759095E-04
    63   2   2	 5.5308701005E-03	 5.5308701005E-03	 1.6074079708E-04	 1.6074079708E-04
    63   2   3	 5.5308701005E-03	 6.5696772383E-03	 1.6074079708E-04	 4.8130063568E-07
    63   2   4	 5.5308701005E-03	 8.9678272520E-03	 1.6074079708E-04	 1.8428321045E-04
    63   2   5	 5.5308701005E-03	 1.3398101407E-02	 1.6074079708E-04	 1.3461262553E-04
    63   2   6	 5.5308701005E-03	 1.3591907374E-02	 1.6074079708E-04	 3.5671759095E-04
    63   3   3	 6.5696772383E-03	 6.5696772383E-03	 4.8130063568E-07	 4.8130063568E-07
    63   3   4	 6.5696772383E-03	 8.9678272520E-03	 4.8130063568E-07	 1.8428321045E-04
    63   3   5	 6.5696772383E-03	 1.3398101407E-02	 4.8130063568E-07	 1.3461262553E-04
    63   3   6	 6.5696772383E-03	 1.3591907374E-02	 4.8130063568E-07	 3.5671759095E-04
    63   4   4	 8.9678272520E-03	 8.9678272520E-03	 1.8428321045E-04	 1.8428321045E-04
    63   4   5	 8.9678272520E-03	 1.3398101407E-02	 1.8428321045E-04	 1.3461262553E-04
    63   4   6	 8.9678272520E-03	 1.3591907374E-02	 1.8428321045E-04	 3.5671759095E-04
    63   5   5	 1.3398101407E-02	 1.3398101407E-02	 1.3461262553E-04	 1.3461262553E-04
    63   5   6	 1.3398101407E-02	 1.3591907374E-02	 1.3461262553E-04	 3.5671759095E-04
    63   6   6	 1.3591907374E-02	 1.3591907374E-02	 3.5671759095E-04	 3.5671759095E-04
    64   1   1	 2.8902572383E-03	 2.8902572383E-03	 3.2211589121E-08	 3.2211589121E-08
    64   1   2	 2.8902572383E-03	 5.8857418079E-03	 3.2211589121E-08	 8.1023711375E-05
    64   1   3	 2.8902572383E-03	 6.3046288715E-03	 3.2211589121E-08	 4.6733173397E-07
    64   1   4	 2.8902572383E-03	 9.5752378481E-03	 3.2211589121E-08	 2.9327713438E-04
    64   1   5	 2.8902572383E-03	 1.3313679745E-02	 3.2211589121E-08	 1.5137631102E-04
    64   1   6	 2.8902572383E-03	 1.3490385910E-02	 3.2211589121E-08	 3.3840603964E-04
    64   2   2	 5.8857418079E-03	 5.8857418079E-03	 8.1023711375E-05	 8.1023711375E-05
    64   2   3	 5.8857418079E-03	 6.3046288715E-03	 8.1023711375E-05	 4.6733173397E-07
    64   2   4	 5.8857418079E-03	 9.5752378481E-03	 8.1023711375E-05	 2.9327713438E-04
    64   2   5	 5.8857418079E-03	 1.3313679745E-02	 8.1023711375E-05	 1.5137631102E-04
    64   2   6	 5.8857418079E-03	 1.3490385910E-02	 8.1023711375E-05	 3.3840603964E-04
    64   3   3	 6.3046288715E-03	 6.3046288715E-03	 4.6733173397E-07	 4.6733173397E-07
    64   3   4	 6.3046288715E-03	 9.5752378481E-03	 4.6733173397E-07	 2.9327713438E-04
    64   3   5	 6.3046288715E-03	 1.3313679745E-02	 4.6733173397E-07	 1.5137631102E-04
    64   3   6	 6.3046288715E-03	 1.3490385910E-02	 4.6733173397E-07	 3.3840603964E-04
    64   4   4	 9.5752378481E-03	 9.5752378481E-03	 2.9327713438E-04	 2.9327713438E-04
    64   4   5	 9.5752378481E-03	 1.3313679745E-02	 2.9327713438E-04	 1.5137631102E-04
    64   4   6	 9.5752378481E-03	 1.3490385910E-02	 2.9327713438E-04	 3.3840603964E-04
    64   5   5	 1.3313679745E-02	 1.3313679745E-02	 1.5137631102E-04	 1.5137631102E-04
    64   5   6	 1.3313679745E-02	 1.3490385910E-02	 1.5137631102E-04	 3.3840603964E-04
    64   6   6	 1.3490385910E-02	 1.3490385910E-02	 3.3840603964E-04	 3.3840603964E-04
    65   1   1	 3.1133283688E-03	 3.1133283688E-03	 3.8009673290E-08	 3.8009673290E-08
    65   1   2	 3.1133283688E-03	 6.0456939086E-03	 3.8009673290E-08	 3.7174252045E-07
    65   1   3	 3.1133283688E-03	 6.1885084827E-03	 3.8009673290E-08	 3.5958843753E-05
    65   1   4	 3.1133283688E-03	 1.0150416784E-02	 3.8009673290E-08	 5.5682752345E-04
    65   1   5	 3.1133283688E-03	 1.3177188324E-02	 3.8009673290E-08	 2.4151375888E-04
    65   1   6	 3.1133283688E-03	 1.3403051602E-02	 3.8009673290E-08	 1.0527472623E-04
    65   2   2	 6.0456939086E-03	 6.0456939086E-03	 3.7174252045E-07	 3.7174252045E-07
    65   2   3	 6.0456939086E-03	 6.1885084827E-03	 3.7174252045E-07	 3.5958843753E-05
    65   2   4	 6.0456939086E-03	 1.0150416784E-02	 3.7174252045E-07	 5.5682752345E-04
    65   2   5	 6.0456939086E-03	 1.3177188324E-02	 3.7174252045E-07	 2.4151375888E-04
    65   2   6	 6.0456939086E-03	 1.3403051602E-02	 3.7174252045E-07	 1.0527472623E-04
    65   3   3	 6.1885084827E-03	 6.1885084827E-03	 3.5958843753E-05	 3.5958843753E-05
    65   3   4	 6.1885084827E-03	 1.0150416784E-02	 3.5958843753E-05	 5.5682752345E-04
    65   3   5	 6.1885084827E-03	 1.3177188324E-02	 3.5958843753E-05	 2.4151375888E-04
    65   3   6	 6.1885084827E-03	 1.3403051602E-02	 3.5958843753E-05	 1.0527472623E-04
    65   4   4	 1.0150416784E-02	 1.0150416784E-02	 5.5682752345E-04	 5.5682752345E-04
    65   4   5	 1.0150416784E-02	 1.3177188324E-02	 5.5682752345E-04	 2.4151375888E-04
    65   4   6	 1.0150416784E-02	 1.3403051602E-02	 5.5682752345E-04	 1.0527472623E-04
    65   5   5	 1.3177188324E-02	 1.3177188324E-02	 2.4151375888E-04	 2.4151375888E-04
    65   5   6	 1.3177188324E-02	 1.3403051602E-02	 2.4151375888E-04	 1.0527472623E-04
    65   6   6	 1.3403051602E-02	 1.3403051602E-02	 1.0527472623E-04	 1.0527472623E-04
    66   1   1	 3.3198017327E-03	 3.3198017327E-03	 3.8910239110E-08	 3.8910239110E-08
    66   1   2	 3.3198017327E-03	 5.8048898426E-03	 3.8910239110E-08	 3.0955873231E-07
    66   1   3	 3.3198017327E-03	 6.4324389920E-03	 3.8910239110E-08	 2.2421591075E-05
    66   1   4	 3.3198017327E-03	 1.0688610865E-02	 3.8910239110E-08	 2.5341363387E-04
    66   1   5	 3.3198017327E-03	 1.2975801606E-02	 3.8910239110E-08	 1.5073513235E-04
    66   1   6	 3.3198017327E-03	 1.3342826823E-02	 3.8910239110E-08	 8.7066933906E-05
    66   2   2	 5.8048898426E-03	 5.8048898426E-03	 3.0955873231E-07	 3.0955873231E-07
    66   2   3	 5.8048898426E-03	 6.4324389920E-03	 3.0955873231E-07	 2.2421591075E-05
    66   2   4	 5.8048898426E-03	 1.0688610865E-02	 3.0955873231E-07	 2.5341363387E-04
    66   2   5	 5.8048898426E-03	 1.2975801606E-02	 3.0955873231E-07	 1.5073513235E-04
    66   2   6	 5.8048898426E-03	 1.3342826823E-02	 3.0955873231E-07	 8.7066933906E-05
    66   3   3	 6.4324389920E-03	 6.4324389920E-03	 2.2421591075E-05	 2.2421591075E-05
    66   3   4	 6.4324389920E-03	 1.0688610865E-02	 2.2421591075E-05	 2.5341363387E-04
    66   3   5	 6.4324389920E-03	 1.2975801606E-02	 2.2421591075E-05	 1.5073513235E-04
    66   3   6	 6.4324389920E-03	 1.3342826823E-02	 2.2421591075E-05	 8.7066933906E-05
    66   4   4	 1.0688610865E-02	 1.0688610865E-02	 2.5341363387E-04	 2.5341363387E-04
    66   4   5	 1.0688610865E-02	 1.2975801606E-02	 2.5341363387E-04	 1.5073513235E-04
    66   4   6	 1.0688610865E-02	 1.3342826823E-02	 2.5341363387E-04	 8.7066933906E-05
    66   5   5	 1.2975801606E-02	 1.2975801606E-02	 1.5073513235E-04	 1.5073513235E-04
    66   5   6	 1.2975801606E-02	 1.3342826823E-02	 1.5073513235E-04	 8.7066933906E-05
    66   6   6	 1.3342826823E-02	 1.3342826823E-02	 8.7066933906E-05	 8.7066933906E-05
    67   1   1	 3.4967298745E-03	 3.4967298745E-03	 4.3472185369E-08	 4.3472185369E-08
    67   1   2	 3.4967298745E-03	 5.5997532352E-03	 4.3472185369E-08	 2.1595954895E-07
    67   1   3	 3.4967298745E-03	 6.6115947645E-03	 4.3472185369E-08	 1.7751473469E-05
    67   1   4	 3.4967298745E-03	 1.1185756226E-02	 4.3472185369E-08	 1.8491859182E-04
    67   1   5	 3.4967298745E-03	 1.2718081056E-02	 4.3472185369E-08	 1.2008476836E-04
    67   1   6	 3.4967298745E-03	 1.3302335574E-02	 4.3472185369E-08	 1.6272081907E-04
    67   2   2	 5.5997532352E-03	 5.5997532352E-03	 2.1595954895E-07	 2.1595954895E-07
    67   2   3	 5.5997532352E-03	 6.6115947645E-03	 2.1595954895E-07	 1.7751473469E-05
    67   2   4	 5.5997532352E-03	 1.1185756226E-02	 2.1595954895E-07	 1.8491859182E-04
    67   2   5	 5.5997532352E-03	 1.2718081056E-02	 2.1595954895E-07	 1.2008476836E-04
    67   2   6	 5.5997532352E-03	 1.3302335574E-02	 2.1595954895E-07	 1.6272081907E-04
    67   3   3	 6.6115947645E-03	 6.6115947645E-03	 1.7751473469E-05	 1.7751473469E-05
    67   3   4	 6.6115947645E-03	 1.1185756226E-02	 1.7751473469E-05	 1.8491859182E-04
    67   3   5	 6.6115947645E-03	 1.2718081056E-02	 1.7751473469E-05	 1.2008476836E-04
    67   3   6	 6.6115947645E-03	 1.3302335574E-02	 1.7751473469E-05	 1.6272081907E-04
    67   4   4	 1.1185756226E-02	 1.1185756226E-02	 1.8491859182E-04	 1.8491859182E-04
    67   4   5	 1.1185756226E-02	 1.2718081056E-02	 1.8491859182E-04	 1.2008476836E-04
    67   4   6	 1.1185756226E-02	 1.3302335574E-02	 1.8491859182E-04	 1.6272081907E-04
    67   5   5	 1.2718081056E-02	 1.2718081056E-02	 1.2008476836E-04	 1.2008476836E-04
    67   5   6	 1.2718081056E-02	 1.3302335574E-02	 1.2008476836E-04	 1.6272081907E-04
    67   6   6	 1.3302335574E-02	 1.3302335574E-02	 1.6272081907E-04	 1.6272081907E-04
    68   1   1	 3.6221523572E-03	 3.6221523572E-03	 4.3325235098E-08	 4.3325235098E-08
    68   1   2	 3.6221523572E-03	 5.4558572988E-03	 4.3325235098E-08	 1.8596079796E-07
    68   1   3	 3.6221523572E-03	 6.7211953638E-03	 4.3325235098E-08	 1.5860440398E-05
    68   1   4	 3.6221523572E-03	 1.1638021184E-02	 4.3325235098E-08	 1.7869380393E-04
    68   1   5	 3.6221523572E-03	 1.2409831410E-02	 4.3325235098E-08	 1.1187852848E-04
    68   1   6	 3.6221523572E-03	 1.3278092146E-02	 4.3325235098E-08	 1.7334574934E-04
    68   2   2	 5.4558572988E-03	 5.4558572988E-03	 1.8596079796E-07	 1.8596079796E-07
    68   2   3	 5.4558572988E-03	 6.7211953638E-03	 1.8596079796E-07	 1.5860440398E-05
    68   2   4	 5.4558572988E-03	 1.1638021184E-02	 1.8596079796E-07	 1.7869380393E-04
    68   2   5	 5.4558572988E-03	 1.2409831410E-02	 1.8596079796E-07	 1.1187852848E-04
    68   2   6	 5.4558572988E-03	 1.3278092146E-02	 1.8596079796E-07	 1.7334574934E-04
    68   3   3	 6.7211953638E-03	 6.7211953638E-03	 1.5860440398E-05	 1.5860440398E-05
    68   3   4	 6.7211953638E-03	 1.1638021184E-02	 1.5860440398E-05	 1.7869380393E-04
    68   3   5	 6.7211953638E-03	 1.2409831410E-02	 1.5860440398E-05	 1.1187852848E-04
    68   3   6	 6.7211953638E-03	 1.3278092146E-02	 1.5860440398E-05	 1.7334574934E-04
    68   4   4	 1.1638021184E-02	 1.1638021184E-02	 1.7869380393E-04	 1.7869380393E-04
    68   4   5	 1.1638021184E-02	 1.2409831410E-02	 1.7869380393E-04	 1.1187852848E-04
    68   4   6	 1.1638021184E-02	 1.3278092146E-02	 1.7869380393E-04	 1.7334574934E-04
    68   5   5	 1.2409831410E-02	 1.2409831410E-02	 1.1187852848E-04	 1.1187852848E-04
    68   5   6	 1.2409831410E-02	 1.3278092146E-02	 1.1187852848E-04	 1.7334574934E-04
    68   6   6	 1.3278092146E-02	 1.3278092146E-02	 1.7334574934E-04	 1.7334574934E-04
    69   1   1	 3.6686574103E-03	 3.6686574103E-03	 4.2882035730E-08	 4.2882035730E-08
    69   1   2	 3.6686574103E-03	 5.4029285709E-03	 4.2882035730E-08	 1.5344235033E-07
    69   1   3	 3.6686574103E-03	 6.7580961392E-03	 4.2882035730E-08	 1.5105222087E-05
    69   1   4	 3.6686574103E-03	 1.2002186324E-02	 4.2882035730E-08	 3.3912716849E-05
    69   1   5	 3.6686574103E-03	 1.2093794326E-02	 4.2882035730E-08	 1.9032777259E-04
    69   1   6	 3.6686574103E-03	 1.3269940847E-02	 4.2882035730E-08	 1.6679578089E-04
    69   2   2	 5.4029285709E-03	 5.4029285709E-03	 1.5344235033E-07	 1.5344235033E-07
    69   2   3	 5.4029285709E-03	 6.7580961392E-03	 1.5344235033E-07	 1.5105222087E-05
    69   2   4	 5.4029285709E-03	 1.2002186324E-02	 1.5344235033E-07	 3.3912716849E-05
    69   2   5	 5.4029285709E-03	 1.2093794326E-02	 1.5344235033E-07	 1.9032777259E-04
    69   2   6	 5.4029285709E-03	 1.3269940847E-02	 1.5344235033E-07	 1.6679578089E-04
    69   3   3	 6.7580961392E-03	 6.7580961392E-03	 1.5105222087E-05	 1.5105222087E-05
    69   3   4	 6.7580961392E-03	 1.2002186324E-02	 1.5105222087E-05	 3.3912716849E-05
    69   3   5	 6.7580961392E-03	 1.2093794326E-02	 1.5105222087E-05	 1.9032777259E-04
    69   3   6	 6.7580961392E-03	 1.3269940847E-02	 1.5105222087E-05	 1.6679578089E-04
    69   4   4	 1.2002186324E-02	 1.2002186324E-02	 3.3912716849E-05	 3.3912716849E-05
    69   4   5	 1.2002186324E-02	 1.2093794326E-02	 3.3912716849E-05	 1.9032777259E-04
    69   4   6	 1.2002186324E-02	 1.3269940847E-02	 3.3912716849E-05	 1.6679578089E-04
    69   5   5	 1.2093794326E-02	 1.2093794326E-02	 1.9032777259E-04	 1.9032777259E-04
    69   5   6	 1.2093794326E-02	 1.3269940847E-02	 1.9032777259E-04	 1.6679578089E-04
    69   6   6	 1.3269940847E-02	 1.3269940847E-02	 1.6679578089E-04	 1.6679578089E-04
    70   1   1	 2.1294865750E-03	 2.1294865750E-03	 2.8759585540E-08	 2.8759585540E-08
    70   1   2	 2.1294865750E-03	 4.7121313212E-03	 2.8759585540E-08	 1.3594616026E-04
    70   1   3	 2.1294865750E-03	 7.1079821416E-03	 2.8759585540E-08	 7.7278116680E-07
    70   1   4	 2.1294865750E-03	 7.6280904766E-03	 2.8759585540E-08	 9.8309622518E-05
    70   1   5	 2.1294865750E-03	 1.3526446375E-02	 2.8759585540E-08	 2.3628692977E-04
    70   1   6	 2.1294865750E-03	 1.3725677127E-02	 2.8759585540E-08	 4.1800368210E-04
    70   2   2	 4.7121313212E-03	 4.7121313212E-03	 1.3594616026E-04	 1.3594616026E-04
    70   2   3	 4.7121313212E-03	 7.1079821416E-03	 1.3594616026E-04	 7.7278116680E-07
    70   2   4	 4.7121313212E-03	 7.6280904766E-03	 1.3594616026E-04	 9.8309622518E-05
    70   2   5	 4.7121313212E-03	 1.3526446375E-02	 1.3594616026E-04	 2.3628692977E-04
    70   2   6	 4.7121313212E-03	 1.3725677127E-02	 1.3594616026E-04	 4.1800368210E-04
    70   3   3	 7.1079821416E-03	 7.1079821416E-03	 7.7278116680E-07	 7.7278116680E-07
    70   3   4	 7.1079821416E-03	 7.6280904766E-03	 7.7278116680E-07	 9.8309622518E-05
    70   3   5	 7.1079821416E-03	 1.3526446375E-02	 7.7278116680E-07	 2.3628692977E-04
    70   3   6	 7.1079821416E-03	 1.3725677127E-02	 7.7278116680E-07	 4.1800368210E-04
    70   4   4	 7.6280904766E-03	 7.6280904766E-03	 9.8309622518E-05	 9.8309622518E-05
    70   4   5	 7.6280904766E-03	 1.3526446375E-02	 9.8309622518E-05	 2.3628692977E-04
    70   4   6	 7.6280904766E-03	 1.3725677127E-02	 9.8309622518E-05	 4.1800368210E-04
    70   5   5	 1.3526446375E-02	 1.3526446375E-02	 2.3628692977E-04	 2.3628692977E-04
    70   5   6	 1.3526446375E-02	 1.3725677127E-02	 2.3628692977E-04	 4.1800368210E-04
    70   6   6	 1.3725677127E-02	 1.3725677127E-02	 4.1800368210E-04	 4.1800368210E-04
    71   1   1	 2.3741851317E-03	 2.3741851317E-03	 2.9549734102E-08	 2.9549734102E-08
    71   1   2	 2.3741851317E-03	 5.1829193798E-03	 2.9549734102E-08	 2.0696203268E-04
    71   1   3	 2.3741851317E-03	 6.8648429786E-03	 2.9549734102E-08	 5.3152341462E-07
    71   1   4	 2.3741851317E-03	 8.2135236552E-03	 2.9549734102E-08	 1.2223518212E-04
    71   1   5	 2.3741851317E-03	 1.3491098925E-02	 2.9549734102E-08	 1.5793620085E-04
    71   1   6	 2.3741851317E-03	 1.3659290447E-02	 2.9549734102E-08	 3.9779533733E-04
    71   2   2	 5.1829193798E-03	 5.1829193798E-03	 2.0696203268E-04	 2.0696203268E-04
    71   2   3	 5.1829193798E-03	 6.8648429786E-03	 2.0696203268E-04	 5.3152341462E-07
    71   2   4	 5.1829193798E-03	 8.2135236552E-03	 2.0696203268E-04	 1.2223518212E-04
    71   2   5	 5.1829193798E-03	 1.3491098925E-02	 2.0696203268E-04	 1.5793620085E-04
    71   2   6	 5.1829193798E-03	 1.3659290447E-02	 2.0696203268E-04	 3.9779533733E-04
    71   3   3	 6.8648429786E-03	 6.8648429786E-03	 5.3152341462E-07	 5.3152341462E-07
    71   3   4	 6.8648429786E-03	 8.2135236552E-03	 5.3152341462E-07	 1.2223518212E-04
    71   3   5	 6.8648429786E-03	 1.3491098925E-02	 5.3152341462E-07	 1.5793620085E-04
    71   3   6	 6.8648429786E-03	 1.3659290447E-02	 5.3152341462E-07	 3.9779533733E-04
    71   4   4	 8.2135236552E-03	 8.2135236552E-03	 1.2223518212E-04	 1.2223518212E-04
    71   4   5	 8.2135236552E-03	 1.3491098925E-02	 1.2223518212E-04	 1.5793620085E-04
    71   4   6	 8.2135236552E-03	 1.3659290447E-02	 1.2223518212E-04	 3.9779533733E-04
    71   5   5	 1.3491098925E-02	 1.3491098925E-02	 1.5793620085E-04	 1.5793620085E-04
    71   5   6	 1.3491098925E-02	 1.3659290447E-02	 1.5793620085E-04	 3.9779533733E-04
    71   6   6	 1.3659290447E-02	 1.3659290447E-02	 3.9779533733E-04	 3.9779533733E-04
    72   1   1	 2.6153425607E-03	 2.6153425607E-03	 3.0334977055E-08	 3.0334977055E-08
    72   1   2	 2.6153425607E-03	 5.6258775467E-03	 3.0334977055E-08	 2.6845603378E-04
    72   1   3	 2.6153425607E-03	 6.6084500407E-03	 3.0334977055E-08	 5.7090413033E-07
    72   1   4	 2.6153425607E-03	 8.7887499567E-03	 3.0334977055E-08	 1.4578469158E-04
    72   1   5	 2.6153425607E-03	 1.3442811936E-02	 3.0334977055E-08	 1.3482407675E-04
    72   1   6	 2.6153425607E-03	 1.3574020143E-02	 3.0334977055E-08	 3.4115658931E-04
    72   2   2	 5.6258775467E-03	 5.6258775467E-03	 2.6845603378E-04	 2.6845603378E-04
    72   2   3	 5.6258775467E-03	 6.6084500407E-03	 2.6845603378E-04	 5.7090413033E-07
    72   2   4	 5.6258775467E-03	 8.7887499567E-03	 2.6845603378E-04	 1.4578469158E-04
    72   2   5	 5.6258775467E-03	 1.3442811936E-02	 2.6845603378E-04	 1.3482407675E-04
    72   2   6	 5.6258775467E-03	 1.3574020143E-02	 2.6845603378E-04	 3.4115658931E-04
    72   3   3	 6.6084500407E-03	 6.6084500407E-03	 5.7090413033E-07	 5.7090413033E-07
    72   3   4	 6.6084500407E-03	 8.7887499567E-03	 5.7090413033E-07	 1.4578469158E-04
    72   3   5	 6.6084500407E-03	 1.3442811936E-02	 5.7090413033E-07	 1.3482407675E-04
    72   3   6	 6.6084500407E-03	 1.3574020143E-02	 5.7090413033E-07	 3.4115658931E-04
    72   4   4	 8.7887499567E-03	 8.7887499567E-03	 1.4578469158E-04	 1.4578469158E-04
    72   4   5	 8.7887499567E-03	 1.3442811936E-02	 1.4578469158E-04	 1.3482407675E-04
    72   4   6	 8.7887499567E-03	 1.3574020143E-02	 1.4578469158E-04	 3.4115658931E-04
    72   5   5	 1.3442811936E-02	 1.3442811936E-02	 1.3482407675E-04	 1.3482407675E-04
    72   5   6	 1.3442811936E-02	 1.3574020143E-02	 1.3482407675E-04	 3.4115658931E-04
    72   6   6	 1.3574020143E-02	 1.3574020143E-02	 3.4115658931E-04	 3.4115658931E-04
    73   1   1	 2.8516327078E-03	 2.8516327078E-03	 3.2605340398E-08	 3.2605340398E-08
    73   1   2	 2.8516327078E-03	 6.0283948655E-03	 3.2605340398E-08	 2.5969741479E-04
    73   1   3	 2.8516327078E-03	 6.3450169226E-03	 3.2605340398E-08	 4.6380040885E-07
    73   1   4	 2.8516327078E-03	 9.3484319750E-03	 3.2605340398E-08	 2.4850073831E-04
    73   1   5	 2.8516327078E-03	 1.3356640324E-02	 3.2605340398E-08	 1.9705029791E-04
    73   1   6	 2.8516327078E-03	 1.3491903999E-02	 3.2605340398E-08	 2.8132560354E-04
    73   2   2	 6.0283948655E-03	 6.0283948655E-03	 2.5969741479E-04	 2.5969741479E-04
    73   2   3	 6.0283948655E-03	 6.3450169226E-03	 2.5969741479E-04	 4.6380040885E-07
    73   2   4	 6.0283948655E-03	 9.3484319750E-03	 2.5969741479E-04	 2.4850073831E-04
    73   2   5	 6.0283948655E-03	 1.3356640324E-02	 2.5969741479E-04	 1.9705029791E-04
    73   2   6	 6.0283948655E-03	 1.3491903999E-02	 2.5969741479E-04	 2.8132560354E-04
    73   3   3	 6.3450169226E-03	 6.3450169226E-03	 4.6380040885E-07	 4.6380040885E-07
    73   3   4	 6.3450169226E-03	 9.3484319750E-03	 4.6380040885E-07	 2.4850073831E-04
    73   3   5	 6.3450169226E-03	 1.3356640324E-02	 4.6380040885E-07	 1.9705029791E-04
    73   3   6	 6.3450169226E-03	 1.3491903999E-02	 4.6380040885E-07	 2.8132560354E-04
    73   4   4	 9.3484319750E-03	 9.3484319750E-03	 2.4850073831E-04	 2.4850073831E-04
    73   4   5	 9.3484319750E-03	 1.3356640324E-02	 2.4850073831E-04	 1.9705029791E-04
    73   4   6	 9.3484319750E-03	 1.3491903999E-02	 2.4850073831E-04	 2.8132560354E-04
    73   5   5	 1.3356640324E-02	 1.3356640324E-02	 1.9705029791E-04	 1.9705029791E-04
    73   5   6	 1.3356640324E-02	 1.3491903999E-02	 1.9705029791E-04	 2.8132560354E-04
    73   6   6	 1.3491903999E-02	 1.3491903999E-02	 2.8132560354E-04	 2.8132560354E-04
    74   1   1	 3.0808975233E-03	 3.0808975233E-03	 3.4974408851E-08	 3.4974408851E-08
    74   1   2	 3.0808975233E-03	 6.0819937436E-03	 3.4974408851E-08	 3.4663420572E-07
    74   1   3	 3.0808975233E-03	 6.3801935278E-03	 3.4974408851E-08	 1.4196960058E-04
    74   1   4	 3.0808975233E-03	 9.8876142483E-03	 3.4974408851E-08	 3.5546038733E-04
    74   1   5	 3.0808975233E-03	 1.3207085000E-02	 3.4974408851E-08	 2.0011102687E-04
    74   1   6	 3.0808975233E-03	 1.3436744204E-02	 3.4974408851E-08	 9.6262780589E-05
    74   2   2	 6.0819937436E-03	 6.0819937436E-03	 3.4663420572E-07	 3.4663420572E-07
    74   2   3	 6.0819937436E-03	 6.3801935278E-03	 3.4663420572E-07	 1.4196960058E-04
    74   2   4	 6.0819937436E-03	 9.8876142483E-03	 3.4663420572E-07	 3.5546038733E-04
    74   2   5	 6.0819937436E-03	 1.3207085000E-02	 3.4663420572E-07	 2.0011102687E-04
    74   2   6	 6.0819937436E-03	 1.3436744204E-02	 3.4663420572E-07	 9.6262780589E-05
    74   3   3	 6.3801935278E-03	 6.3801935278E-03	 1.4196960058E-04	 1.4196960058E-04
    74   3   4	 6.3801935278E-03	 9.8876142483E-03	 1.4196960058E-04	 3.5546038733E-04
    74   3   5	 6.3801935278E-03	 1.3207085000E-02	 1.4196960058E-04	 2.0011102687E-04
    74   3   6	 6.3801935278E-03	 1.3436744204E-02	 1.4196960058E-04	 9.6262780589E-05
    74   4   4	 9.8876142483E-03	 9.8876142483E-03	 3.5546038733E-04	 3.5546038733E-04
    74   4   5	 9.8876142483E-03	 1.3207085000E-02	 3.5546038733E-04	 2.0011102687E-04
    74   4   6	 9.8876142483E-03	 1.3436744204E-02	 3.5546038733E-04	 9.6262780589E-05
    74   5   5	 1.3207085000E-02	 1.3207085000E-02	 2.0011102687E-04	 2.0011102687E-04
    74   5   6	 1.3207085000E-02	 1.3436744204E-02	 2.0011102687E-04	 9.6262780589E-05
    74   6   6	 1.3436744204E-02	 1.3436744204E-02	 9.6262780589E-05	 9.6262780589E-05
    75   1   1	 3.2988602514E-03	 3.2988602514E-03	 3.7465890565E-08	 3.7465890565E-08
    75   1   2	 3.2988602514E-03	 5.8289859301E-03	 3.7465890565E-08	 3.0979146209E-07
    75   1   3	 3.2988602514E-03	 6.6727322861E-03	 3.7465890565E-08	 4.9212294183E-05
    75   1   4	 3.2988602514E-03	 1.0401588530E-02	 3.7465890565E-08	 3.9505178661E-04
    75   1   5	 3.2988602514E-03	 1.3004718912E-02	 3.7465890565E-08	 1.5384958340E-04
    75   1   6	 3.2988602514E-03	 1.3397572360E-02	 3.7465890565E-08	 7.4489655880E-05
    75   2   2	 5.8289859301E-03	 5.8289859301E-03	 3.0979146209E-07	 3.0979146209E-07
    75   2   3	 5.8289859301E-03	 6.6727322861E-03	 3.0979146209E-07	 4.9212294183E-05
    75   2   4	 5.8289859301E-03	 1.0401588530E-02	 3.0979146209E-07	 3.9505178661E-04
    75   2   5	 5.8289859301E-03	 1.3004718912E-02	 3.0979146209E-07	 1.5384958340E-04
    75   2   6	 5.8289859301E-03	 1.3397572360E-02	 3.0979146209E-07	 7.4489655880E-05
    75   3   3	 6.6727322861E-03	 6.6727322861E-03	 4.9212294183E-05	 4.9212294183E-05
    75   3   4	 6.6727322861E-03	 1.0401588530E-02	 4.9212294183E-05	 3.9505178661E-04
    75   3   5	 6.6727322861E-03	 1.3004718912E-02	 4.9212294183E-05	 1.5384958340E-04
    75   3   6	 6.6727322861E-03	 1.3397572360E-02	 4.9212294183E-05	 7.4489655880E-05
    75   4   4	 1.0401588530E-02	 1.0401588530E-02	 3.9505178661E-04	 3.9505178661E-04
    75   4   5	 1.0401588530E-02	 1.3004718912E-02	 3.9505178661E-04	 1.5384958340E-04
    75   4   6	 1.0401588530E-02	 1.3397572360E-02	 3.9505178661E-04	 7.4489655880E-05
    75   5   5	 1.3004718912E-02	 1.3004718912E-02	 1.5384958340E-04	 1.5384958340E-04
    75   5   6	 1.3004718912E-02	 1.3397572360E-02	 1.5384958340E-04	 7.4489655880E-05
    75   6   6	 1.3397572360E-02	 1.3397572360E-02	 7.4489655880E-05	 7.4489655880E-05
    76   1   1	 3.4967298745E-03	 3.4967298745E-03	 3.9349025938E-08	 3.9349025938E-08
    76   1   2	 3.4967298745E-03	 5.5997532352E-03	 3.9349025938E-08	 1.9488193549E-07
    76   1   3	 3.4967298745E-03	 6.8989189767E-03	 3.9349025938E-08	 2.3858467344E-05
    76   1   4	 3.4967298745E-03	 1.0885875616E-02	 3.9349025938E-08	 2.4707975062E-04
    76   1   5	 3.4967298745E-03	 1.2757289150E-02	 3.9349025938E-08	 1.4737783323E-04
    76   1   6	 3.4967298745E-03	 1.3367507162E-02	 3.9349025938E-08	 7.5272492594E-05
    76   2   2	 5.5997532352E-03	 5.5997532352E-03	 1.9488193549E-07	 1.9488193549E-07
    76   2   3	 5.5997532352E-03	 6.8989189767E-03	 1.9488193549E-07	 2.3858467344E-05
    76   2   4	 5.5997532352E-03	 1.0885875616E-02	 1.9488193549E-07	 2.4707975062E-04
    76   2   5	 5.5997532352E-03	 1.2757289150E-02	 1.9488193549E-07	 1.4737783323E-04
    76   2   6	 5.5997532352E-03	 1.3367507162E-02	 1.9488193549E-07	 7.5272492594E-05
    76   3   3	 6.8989189767E-03	 6.8989189767E-03	 2.3858467344E-05	 2.3858467344E-05
    76   3   4	 6.8989189767E-03	 1.0885875616E-02	 2.3858467344E-05	 2.4707975062E-04
    76   3   5	 6.8989189767E-03	 1.2757289150E-02	 2.3858467344E-05	 1.4737783323E-04
    76   3   6	 6.8989189767E-03	 1.3367507162E-02	 2.3858467344E-05	 7.5272492594E-05
    76   4   4	 1.0885875616E-02	 1.0885875616E-02	 2.4707975062E-04	 2.4707975062E-04
    76   4   5	 1.0885875616E-02	 1.2757289150E-02	 2.4707975062E-04	 1.4737783323E-04
    76   4   6	 1.0885875616E-02	 1.3367507162E-02	 2.4707975062E-04	 7.5272492594E-05
    76   5   5	 1.2757289150E-02	 1.2757289150E-02	 1.4737783323E-04	 1.4737783323E-04
    76   5   6	 1.2757289150E-02	 1.3367507162E-02	 1.4737783323E-04	 7.5272492594E-05
    76   6   6	 1.3367507162E-02	 1.3367507162E-02	 7.5272492594E-05	 7.5272492594E-05
    77   1   1	 3.6572135190E-03	 3.6572135190E-03	 4.2019150063E-08	 4.2019150063E-08
    77   1   2	 3.6572135190E-03	 5.4157891828E-03	 4.2019150063E-08	 1.5001760341E-07
    77   1   3	 3.6572135190E-03	 7.0530971132E-03	 4.2019150063E-08	 1.6778027006E-05
    77   1   4	 3.6572135190E-03	 1.1336058886E-02	 4.2019150063E-08	 2.1198542567E-04
    77   1   5	 3.6572135190E-03	 1.2467111317E-02	 4.2019150063E-08	 9.8799690214E-05
    77   1   6	 3.6572135190E-03	 1.3346362620E-02	 4.2019150063E-08	 7.6658204908E-05
    77   2   2	 5.4157891828E-03	 5.4157891828E-03	 1.5001760341E-07	 1.5001760341E-07
    77   2   3	 5.4157891828E-03	 7.0530971132E-03	 1.5001760341E-07	 1.6778027006E-05
    77   2   4	 5.4157891828E-03	 1.1336058886E-02	 1.5001760341E-07	 2.1198542567E-04
    77   2   5	 5.4157891828E-03	 1.2467111317E-02	 1.5001760341E-07	 9.8799690214E-05
    77   2   6	 5.4157891828E-03	 1.3346362620E-02	 1.5001760341E-07	 7.6658204908E-05
    77   3   3	 7.0530971132E-03	 7.0530971132E-03	 1.6778027006E-05	 1.6778027006E-05
    77   3   4	 7.0530971132E-03	 1.1336058886E-02	 1.6778027006E-05	 2.1198542567E-04
    77   3   5	 7.0530971132E-03	 1.2467111317E-02	 1.6778027006E-05	 9.8799690214E-05
    77   3   6	 7.0530971132E-03	 1.3346362620E-02	 1.6778027006E-05	 7.6658204908E-05
    77   4   4	 1.1336058886E-02	 1.1336058886E-02	 2.1198542567E-04	 2.1198542567E-04
    77   4   5	 1.1336058886E-02	 1.2467111317E-02	 2.1198542567E-04	 9.8799690214E-05
    77   4   6	 1.1336058886E-02	 1.3346362620E-02	 2.1198542567E-04	 7.6658204908E-05
    77   5   5	 1.2467111317E-02	 1.2467111317E-02	 9.8799690214E-05	 9.8799690214E-05
    77   5   6	 1.2467111317E-02	 1.3346362620E-02	 9.8799690214E-05	 7.6658204908E-05
    77   6   6	 1.3346362620E-02	 1.3346362620E-02	 7.6658204908E-05	 7.6658204908E-05
    78   1   1	 3.7516915335E-03	 3.7516915335E-03	 4.3868103918E-08	 4.3868103918E-08
    78   1   2	 3.7516915335E-03	 5.3087666369E-03	 4.3868103918E-08	 1.2428294668E-07
    78   1   3	 3.7516915335E-03	 7.1312422992E-03	 4.3868103918E-08	 1.4583383352E-05
    78   1   4	 3.7516915335E-03	 1.1744426588E-02	 4.3868103918E-08	 1.5228874757E-04
    78   1   5	 3.7516915335E-03	 1.2139449660E-02	 4.3868103918E-08	 1.3323363199E-04
    78   1   6	 3.7516915335E-03	 1.3335344188E-02	 4.3868103918E-08	 9.2174937983E-05
    78   2   2	 5.3087666369E-03	 5.3087666369E-03	 1.2428294668E-07	 1.2428294668E-07
    78   2   3	 5.3087666369E-03	 7.1312422992E-03	 1.2428294668E-07	 1.4583383352E-05
    78   2   4	 5.3087666369E-03	 1.1744426588E-02	 1.2428294668E-07	 1.5228874757E-04
    78   2   5	 5.3087666369E-03	 1.2139449660E-02	 1.2428294668E-07	 1.3323363199E-04
    78   2   6	 5.3087666369E-03	 1.3335344188E-02	 1.2428294668E-07	 9.2174937983E-05
    78   3   3	 7.1312422992E-03	 7.1312422992E-03	 1.4583383352E-05	 1.4583383352E-05
    78   3   4	 7.1312422992E-03	 1.1744426588E-02	 1.4583383352E-05	 1.5228874757E-04
    78   3   5	 7.1312422992E-03	 1.2139449660E-02	 1.4583383352E-05	 1.3323363199E-04
    78   3   6	 7.1312422992E-03	 1.3335344188E-02	 1.4583383352E-05	 9.2174937983E-05
    78   4   4	 1.1744426588E-02	 1.1744426588E-02	 1.5228874757E-04	 1.5228874757E-04
    78   4   5	 1.1744426588E-02	 1.2139449660E-02	 1.5228874757E-04	 1.3323363199E-04
    78   4   6	 1.1744426588E-02	 1.3335344188E-02	 1.5228874757E-04	 9.2174937983E-05
    78   5   5	 1.2139449660E-02	 1.2139449660E-02	 1.3323363199E-04	 1.3323363199E-04
    78   5   6	 1.2139449660E-02	 1.3335344188E-02	 1.3323363199E-04	 9.2174937983E-05
    78   6   6	 1.3335344188E-02	 1.3335344188E-02	 9.2174937983E-05	 9.2174937983E-05
    79   1   1	 2.5881441803E-03	 2.5881441803E-03	 2.6535422616E-08	 2.6535422616E-08
    79   1   2	 2.5881441803E-03	 5.6597270540E-03	 2.6535422616E-08	 2.2865432097E-04
    79   1   3	 2.5881441803E-03	 6.6265195334E-03	 2.6535422616E-08	 6.3263611969E-07
    79   1   4	 2.5881441803E-03	 8.7344667589E-03	 2.6535422616E-08	 1.6997279443E-04
    79   1   5	 2.5881441803E-03	 1.3474071662E-02	 2.6535422616E-08	 1.7529325782E-04
    79   1   6	 2.5881441803E-03	 1.3546481953E-02	 2.6535422616E-08	 3.2173817631E-04
    79   2   2	 5.6597270540E-03	 5.6597270540E-03	 2.2865432097E-04	 2.2865432097E-04
    79   2   3	 5.6597270540E-03	 6.6265195334E-03	 2.2865432097E-04	 6.3263611969E-07
    79   2   4	 5.6597270540E-03	 8.7344667589E-03	 2.2865432097E-04	 1.6997279443E-04
    79   2   5	 5.6597270540E-03	 1.3474071662E-02	 2.2865432097E-04	 1.7529325782E-04
    79   2   6	 5.6597270540E-03	 1.3546481953E-02	 2.2865432097E-04	 3.2173817631E-04
    79   3   3	 6.6265195334E-03	 6.6265195334E-03	 6.3263611969E-07	 6.3263611969E-07
    79   3   4	 6.6265195334E-03	 8.7344667589E-03	 6.3263611969E-07	 1.6997279443E-04
    79   3   5	 6.6265195334E-03	 1.3474071662E-02	 6.3263611969E-07	 1.7529325782E-04
    79   3   6	 6.6265195334E-03	 1.3546481953E-02	 6.3263611969E-07	 3.2173817631E-04
    79   4   4	 8.7344667589E-03	 8.7344667589E-03	 1.6997279443E-04	 1.6997279443E-04
    79   4   5	 8.7344667589E-03	 1.3474071662E-02	 1.6997279443E-04	 1.7529325782E-04
    79   4   6	 8.7344667589E-03	 1.3546481953E-02	 1.6997279443E-04	 3.2173817631E-04
    79   5   5	 1.3474071662E-02	 1.3474071662E-02	 1.7529325782E-04	 1.7529325782E-04
    79   5   6	 1.3474071662E-02	 1.3546481953E-02	 1.7529325782E-04	 3.2173817631E-04
    79   6   6	 1.3546481953E-02	 1.3546481953E-02	 3.2173817631E-04	 3.2173817631E-04
    80   1   1	 2.8260734384E-03	 2.8260734384E-03	 3.2618240950E-08	 3.2618240950E-08
    80   1   2	 2.8260734384E-03	 6.1148013569E-03	 3.2618240950E-08	 3.1439615653E-04
    80   1   3	 2.8260734384E-03	 6.3680254555E-03	 3.2618240950E-08	 4.7703162132E-07
    80   1   4	 2.8260734384E-03	 9.2254734958E-03	 3.2618240950E-08	 2.1503935278E-04
    80   1   5	 2.8260734384E-03	 1.3391233073E-02	 3.2618240950E-08	 1.8326006772E-04
    80   1   6	 2.8260734384E-03	 1.3476800476E-02	 3.2618240950E-08	 1.7980634661E-04
    80   2   2	 6.1148013569E-03	 6.1148013569E-03	 3.1439615653E-04	 3.1439615653E-04
    80   2   3	 6.1148013569E-03	 6.3680254555E-03	 3.1439615653E-04	 4.7703162132E-07
    80   2   4	 6.1148013569E-03	 9.2254734958E-03	 3.1439615653E-04	 2.1503935278E-04
    80   2   5	 6.1148013569E-03	 1.3391233073E-02	 3.1439615653E-04	 1.8326006772E-04
    80   2   6	 6.1148013569E-03	 1.3476800476E-02	 3.1439615653E-04	 1.7980634661E-04
    80   3   3	 6.3680254555E-03	 6.3680254555E-03	 4.7703162132E-07	 4.7703162132E-07
    80   3   4	 6.3680254555E-03	 9.2254734958E-03	 4.7703162132E-07	 2.1503935278E-04
    80   3   5	 6.3680254555E-03	 1.3391233073E-02	 4.7703162132E-07	 1.8326006772E-04
    80   3   6	 6.3680254555E-03	 1.3476800476E-02	 4.7703162132E-07	 1.7980634661E-04
    80   4   4	 9.2254734958E-03	 9.2254734958E-03	 2.1503935278E-04	 2.1503935278E-04
    80   4   5	 9.2254734958E-03	 1.3391233073E-02	 2.1503935278E-04	 1.8326006772E-04
    80   4   6	 9.2254734958E-03	 1.3476800476E-02	 2.1503935278E-04	 1.7980634661E-04
    80   5   5	 1.3391233073E-02	 1.3391233073E-02	 1.8326006772E-04	 1.8326006772E-04
    80   5   6	 1.3391233073E-02	 1.3476800476E-02	 1.8326006772E-04	 1.7980634661E-04
    80   6   6	 1.3476800476E-02	 1.3476800476E-02	 1.7980634661E-04	 1.7980634661E-04
    81   1   1	 3.0588320818E-03	 3.0588320818E-03	 3.2160080585E-08	 3.2160080585E-08
    81   1   2	 3.0588320818E-03	 6.1052038603E-03	 3.2160080585E-08	 3.2816709818E-07
    81   1   3	 3.0588320818E-03	 6.5264100461E-03	 3.2160080585E-08	 3.4059261341E-04
    81   1   4	 3.0588320818E-03	 9.7043611233E-03	 3.2160080585E-08	 2.8785960856E-04
    81   1   5	 3.0588320818E-03	 1.3228315482E-02	 3.2160080585E-08	 1.9212164329E-04
    81   1   6	 3.0588320818E-03	 1.3452560440E-02	 3.2160080585E-08	 1.1025241236E-04
    81   2   2	 6.1052038603E-03	 6.1052038603E-03	 3.2816709818E-07	 3.2816709818E-07
    81   2   3	 6.1052038603E-03	 6.5264100461E-03	 3.2816709818E-07	 3.4059261341E-04
    81   2   4	 6.1052038603E-03	 9.7043611233E-03	 3.2816709818E-07	 2.8785960856E-04
    81   2   5	 6.1052038603E-03	 1.3228315482E-02	 3.2816709818E-07	 1.9212164329E-04
    81   2   6	 6.1052038603E-03	 1.3452560440E-02	 3.2816709818E-07	 1.1025241236E-04
    81   3   3	 6.5264100461E-03	 6.5264100461E-03	 3.4059261341E-04	 3.4059261341E-04
    81   3   4	 6.5264100461E-03	 9.7043611233E-03	 3.4059261341E-04	 2.8785960856E-04
    81   3   5	 6.5264100461E-03	 1.3228315482E-02	 3.4059261341E-04	 1.9212164329E-04
    81   3   6	 6.5264100461E-03	 1.3452560440E-02	 3.4059261341E-04	 1.1025241236E-04
    81   4   4	 9.7043611233E-03	 9.7043611233E-03	 2.8785960856E-04	 2.8785960856E-04
    81   4   5	 9.7043611233E-03	 1.3228315482E-02	 2.8785960856E-04	 1.9212164329E-04
    81   4   6	 9.7043611233E-03	 1.3452560440E-02	 2.8785960856E-04	 1.1025241236E-04
    81   5   5	 1.3228315482E-02	 1.3228315482E-02	 1.9212164329E-04	 1.9212164329E-04
    81   5   6	 1.3228315482E-02	 1.3452560440E-02	 1.9212164329E-04	 1.1025241236E-04
    81   6   6	 1.3452560440E-02	 1.3452560440E-02	 1.1025241236E-04	 1.1025241236E-04
    82   1   1	 3.2840806912E-03	 3.2840806912E-03	 3.6632425667E-08	 3.6632425667E-08
    82   1   2	 3.2840806912E-03	 5.8456815446E-03	 3.6632425667E-08	 3.0016330743E-07
    82   1   3	 3.2840806912E-03	 6.8810097819E-03	 3.6632425667E-08	 2.1104047521E-04
    82   1   4	 3.2840806912E-03	 1.0169185275E-02	 3.6632425667E-08	 4.3557579111E-04
    82   1   5	 3.2840806912E-03	 1.3024601803E-02	 3.6632425667E-08	 1.9434783109E-04
    82   1   6	 3.2840806912E-03	 1.3433560330E-02	 3.6632425667E-08	 7.7714577083E-05
    82   2   2	 5.8456815446E-03	 5.8456815446E-03	 3.0016330743E-07	 3.0016330743E-07
    82   2   3	 5.8456815446E-03	 6.8810097819E-03	 3.0016330743E-07	 2.1104047521E-04
    82   2   4	 5.8456815446E-03	 1.0169185275E-02	 3.0016330743E-07	 4.3557579111E-04
    82   2   5	 5.8456815446E-03	 1.3024601803E-02	 3.0016330743E-07	 1.9434783109E-04
    82   2   6	 5.8456815446E-03	 1.3433560330E-02	 3.0016330743E-07	 7.7714577083E-05
    82   3   3	 6.8810097819E-03	 6.8810097819E-03	 2.1104047521E-04	 2.1104047521E-04
    82   3   4	 6.8810097819E-03	 1.0169185275E-02	 2.1104047521E-04	 4.3557579111E-04
    82   3   5	 6.8810097819E-03	 1.3024601803E-02	 2.1104047521E-04	 1.9434783109E-04
    82   3   6	 6.8810097819E-03	 1.3433560330E-02	 2.1104047521E-04	 7.7714577083E-05
    82   4   4	 1.0169185275E-02	 1.0169185275E-02	 4.3557579111E-04	 4.3557579111E-04
    82   4   5	 1.0169185275E-02	 1.3024601803E-02	 4.3557579111E-04	 1.9434783109E-04
    82   4   6	 1.0169185275E-02	 1.3433560330E-02	 4.3557579111E-04	 7.7714577083E-05
    82   5   5	 1.3024601803E-02	 1.3024601803E-02	 1.9434783109E-04	 1.9434783109E-04
    82   5   6	 1.3024601803E-02	 1.3433560330E-02	 1.9434783109E-04	 7.7714577083E-05
    82   6   6	 1.3433560330E-02	 1.3433560330E-02	 7.7714577083E-05	 7.7714577083E-05
    83   1   1	 3.4967298745E-03	 3.4967298745E-03	 3.6298130131E-08	 3.6298130131E-08
    83   1   2	 3.4967298745E-03	 5.5997532352E-03	 3.6298130131E-08	 1.9430552689E-07
    83   1   3	 3.4967298745E-03	 7.1677231504E-03	 3.6298130131E-08	 6.3338900513E-05
    83   1   4	 3.4967298745E-03	 1.0617406020E-02	 3.6298130131E-08	 3.4704802754E-04
    83   1   5	 3.4967298745E-03	 1.2783182828E-02	 3.6298130131E-08	 1.3916746781E-04
    83   1   6	 3.4967298745E-03	 1.3417179890E-02	 3.6298130131E-08	 7.1507566037E-05
    83   2   2	 5.5997532352E-03	 5.5997532352E-03	 1.9430552689E-07	 1.9430552689E-07
    83   2   3	 5.5997532352E-03	 7.1677231504E-03	 1.9430552689E-07	 6.3338900513E-05
    83   2   4	 5.5997532352E-03	 1.0617406020E-02	 1.9430552689E-07	 3.4704802754E-04
    83   2   5	 5.5997532352E-03	 1.2783182828E-02	 1.9430552689E-07	 1.3916746781E-04
    83   2   6	 5.5997532352E-03	 1.3417179890E-02	 1.9430552689E-07	 7.1507566037E-05
    83   3   3	 7.1677231504E-03	 7.1677231504E-03	 6.3338900513E-05	 6.3338900513E-05
    83   3   4	 7.1677231504E-03	 1.0617406020E-02	 6.3338900513E-05	 3.4704802754E-04
    83   3   5	 7.1677231504E-03	 1.2783182828E-02	 6.3338900513E-05	 1.3916746781E-04
    83   3   6	 7.1677231504E-03	 1.3417179890E-02	 6.3338900513E-05	 7.1507566037E-05
    83   4   4	 1.0617406020E-02	 1.0617406020E-02	 3.4704802754E-04	 3.4704802754E-04
    83   4   5	 1.0617406020E-02	 1.2783182828E-02	 3.4704802754E-04	 1.3916746781E-04
    83   4   6	 1.0617406020E-02	 1.3417179890E-02	 3.4704802754E-04	 7.1507566037E-05
    83   5   5	 1.2783182828E-02	 1.2783182828E-02	 1.3916746781E-04	 1.3916746781E-04
    83   5   6	 1.2783182828E-02	 1.3417179890E-02	 1.3916746781E-04	 7.1507566037E-05
    83   6   6	 1.3417179890E-02	 1.3417179890E-02	 7.1507566037E-05	 7.1507566037E-05
    84   1   1	 3.6853533498E-03	 3.6853533498E-03	 4.0892166053E-08	 4.0892166053E-08
    84   1   2	 3.6853533498E-03	 5.3835330018E-03	 4.0892166053E-08	 1.2508975150E-07
    84   1   3	 3.6853533498E-03	 7.3782695707E-03	 4.0892166053E-08	 2.3616821821E-05
    84   1   4	 3.6853533498E-03	 1.1045473563E-02	 4.0892166053E-08	 2.6504944687E-04
    84   1   5	 3.6853533498E-03	 1.2505252241E-02	 4.0892166053E-08	 1.0153212504E-04
    84   1   6	 3.6853533498E-03	 1.3404217895E-02	 4.0892166053E-08	 1.0674726328E-04
    84   2   2	 5.3835330018E-03	 5.3835330018E-03	 1.2508975150E-07	 1.2508975150E-07
    84   2   3	 5.3835330018E-03	 7.3782695707E-03	 1.2508975150E-07	 2.3616821821E-05
    84   2   4	 5.3835330018E-03	 1.1045473563E-02	 1.2508975150E-07	 2.6504944687E-04
    84   2   5	 5.3835330018E-03	 1.2505252241E-02	 1.2508975150E-07	 1.0153212504E-04
    84   2   6	 5.3835330018E-03	 1.3404217895E-02	 1.2508975150E-07	 1.0674726328E-04
    84   3   3	 7.3782695707E-03	 7.3782695707E-03	 2.3616821821E-05	 2.3616821821E-05
    84   3   4	 7.3782695707E-03	 1.1045473563E-02	 2.3616821821E-05	 2.6504944687E-04
    84   3   5	 7.3782695707E-03	 1.2505252241E-02	 2.3616821821E-05	 1.0153212504E-04
    84   3   6	 7.3782695707E-03	 1.3404217895E-02	 2.3616821821E-05	 1.0674726328E-04
    84   4   4	 1.1045473563E-02	 1.1045473563E-02	 2.6504944687E-04	 2.6504944687E-04
    84   4   5	 1.1045473563E-02	 1.2505252241E-02	 2.6504944687E-04	 1.0153212504E-04
    84   4   6	 1.1045473563E-02	 1.3404217895E-02	 2.6504944687E-04	 1.0674726328E-04
    84   5   5	 1.2505252241E-02	 1.2505252241E-02	 1.0153212504E-04	 1.0153212504E-04
    84   5   6	 1.2505252241E-02	 1.3404217895E-02	 1.0153212504E-04	 1.0674726328E-04
    84   6   6	 1.3404217895E-02	 1.3404217895E-02	 1.0674726328E-04	 1.0674726328E-04
    85   1   1	 3.8259286885E-03	 3.8259286885E-03	 4.1628671472E-08	 4.1628671472E-08
    85   1   2	 3.8259286885E-03	 5.2247825379E-03	 4.1628671472E-08	 8.7363265743E-08
    85   1   3	 3.8259286885E-03	 7.5068662351E-03	 4.1628671472E-08	 1.4775180705E-05
    85   1   4	 3.8259286885E-03	 1.1447491660E-02	 4.1628671472E-08	 3.0064394447E-04
    85   1   5	 3.8259286885E-03	 1.2194406230E-02	 4.1628671472E-08	 1.0288490738E-04
    85   1   6	 3.8259286885E-03	 1.3395829732E-02	 4.1628671472E-08	 1.2022877023E-04
    85   2   2	 5.2247825379E-03	 5.2247825379E-03	 8.7363265743E-08	 8.7363265743E-08
    85   2   3	 5.2247825379E-03	 7.5068662351E-03	 8.7363265743E-08	 1.4775180705E-05
    85   2   4	 5.2247825379E-03	 1.1447491660E-02	 8.7363265743E-08	 3.0064394447E-04
    85   2   5	 5.2247825379E-03	 1.2194406230E-02	 8.7363265743E-08	 1.0288490738E-04
    85   2   6	 5.2247825379E-03	 1.3395829732E-02	 8.7363265743E-08	 1.2022877023E-04
    85   3   3	 7.5068662351E-03	 7.5068662351E-03	 1.4775180705E-05	 1.4775180705E-05
    85   3   4	 7.5068662351E-03	 1.1447491660E-02	 1.4775180705E-05	 3.0064394447E-04
    85   3   5	 7.5068662351E-03	 1.2194406230E-02	 1.4775180705E-05	 1.0288490738E-04
    85   3   6	 7.5068662351E-03	 1.3395829732E-02	 1.4775180705E-05	 1.2022877023E-04
    85   4   4	 1.1447491660E-02	 1.1447491660E-02	 3.0064394447E-04	 3.0064394447E-04
    85   4   5	 1.1447491660E-02	 1.2194406230E-02	 3.0064394447E-04	 1.0288490738E-04
    85   4   6	 1.1447491660E-02	 1.3395829732E-02	 3.0064394447E-04	 1.2022877023E-04
    85   5   5	 1.2194406230E-02	 1.2194406230E-02	 1.0288490738E-04	 1.0288490738E-04
    85   5   6	 1.2194406230E-02	 1.3395829732E-02	 1.0288490738E-04	 1.2022877023E-04
    85   6   6	 1.3395829732E-02	 1.3395829732E-02	 1.2022877023E-04	 1.2022877023E-04
    86   1   1	 3.8804617733E-03	 3.8804617733E-03	 4.5528891931E-08	 4.5528891931E-08
    86   1   2	 3.8804617733E-03	 5.1639123659E-03	 4.5528891931E-08	 8.7806746088E-08
    86   1   3	 3.8804617733E-03	 7.5501065447E-03	 4.5528891931E-08	 1.2765807006E-05
    86   1   4	 3.8804617733E-03	 1.1754075463E-02	 4.5528891931E-08	 6.2031670895E-05
    86   1   5	 3.8804617733E-03	 1.1918407846E-02	 4.5528891931E-08	 2.0486939930E-04
    86   1   6	 3.8804617733E-03	 1.3392920674E-02	 4.5528891931E-08	 1.1524935860E-04
    86   2   2	 5.1639123659E-03	 5.1639123659E-03	 8.7806746088E-08	 8.7806746088E-08
    86   2   3	 5.1639123659E-03	 7.5501065447E-03	 8.7806746088E-08	 1.2765807006E-05
    86   2   4	 5.1639123659E-03	 1.1754075463E-02	 8.7806746088E-08	 6.2031670895E-05
    86   2   5	 5.1639123659E-03	 1.1918407846E-02	 8.7806746088E-08	 2.0486939930E-04
    86   2   6	 5.1639123659E-03	 1.3392920674E-02	 8.7806746088E-08	 1.1524935860E-04
    86   3   3	 7.5501065447E-03	 7.5501065447E-03	 1.2765807006E-05	 1.2765807006E-05
    86   3   4	 7.5501065447E-03	 1.1754075463E-02	 1.2765807006E-05	 6.2031670895E-05
    86   3   5	 7.5501065447E-03	 1.1918407846E-02	 1.2765807006E-05	 2.0486939930E-04
    86   3   6	 7.5501065447E-03	 1.3392920674E-02	 1.2765807006E-05	 1.1524935860E-04
    86   4   4	 1.1754075463E-02	 1.1754075463E-02	 6.2031670895E-05	 6.2031670895E-05
    86   4   5	 1.1754075463E-02	 1.1918407846E-02	 6.2031670895E-05	 2.0486939930E-04
    86   4   6	 1.1754075463E-02	 1.3392920674E-02	 6.2031670895E-05	 1.1524935860E-04
    86   5   5	 1.1918407846E-02	 1.1918407846E-02	 2.0486939930E-04	 2.0486939930E-04
    86   5   6	 1.1918407846E-02	 1.3392920674E-02	 2.0486939930E-04	 1.1524935860E-04
    86   6   6	 1.3392920674E-02	 1.3392920674E-02	 1.1524935860E-04	 1.1524935860E-04
    87   1   1	 3.0473766081E-03	 3.0473766081E-03	 3.1201987783E-08	 3.1201987783E-08
    87   1   2	 3.0473766081E-03	 6.1150005190E-03	 3.1201987783E-08	 3.2816265962E-07
    87   1   3	 3.0473766081E-03	 6.5790195033E-03	 3.1201987783E-08	 3.2381366055E-04
    87   1   4	 3.0473766081E-03	 9.6426020409E-03	 3.1201987783E-08	 2.5161694985E-04
    87   1   5	 3.0473766081E-03	 1.3236151906E-02	 3.1201987783E-08	 2.4271073799E-04
    87   1   6	 3.0473766081E-03	 1.3454642612E-02	 3.1201987783E-08	 1.3007958374E-04
    87   2   2	 6.1150005190E-03	 6.1150005190E-03	 3.2816265962E-07	 3.2816265962E-07
    87   2   3	 6.1150005190E-03	 6.5790195033E-03	 3.2816265962E-07	 3.2381366055E-04
    87   2   4	 6.1150005190E-03	 9.6426020409E-03	 3.2816265962E-07	 2.5161694985E-04
    87   2   5	 6.1150005190E-03	 1.3236151906E-02	 3.2816265962E-07	 2.4271073799E-04
    87   2   6	 6.1150005190E-03	 1.3454642612E-02	 3.2816265962E-07	 1.3007958374E-04
    87   3   3	 6.5790195033E-03	 6.5790195033E-03	 3.2381366055E-04	 3.2381366055E-04
    87   3   4	 6.5790195033E-03	 9.6426020409E-03	 3.2381366055E-04	 2.5161694985E-04
    87   3   5	 6.5790195033E-03	 1.3236151906E-02	 3.2381366055E-04	 2.4271073799E-04
    87   3   6	 6.5790195033E-03	 1.3454642612E-02	 3.2381366055E-04	 1.3007958374E-04
    87   4   4	 9.6426020409E-03	 9.6426020409E-03	 2.5161694985E-04	 2.5161694985E-04
    87   4   5	 9.6426020409E-03	 1.3236151906E-02	 2.5161694985E-04	 2.4271073799E-04
    87   4   6	 9.6426020409E-03	 1.3454642612E-02	 2.5161694985E-04	 1.3007958374E-04
    87   5   5	 1.3236151906E-02	 1.3236151906E-02	 2.4271073799E-04	 2.4271073799E-04
    87   5   6	 1.3236151906E-02	 1.3454642612E-02	 2.4271073799E-04	 1.3007958374E-04
    87   6   6	 1.3454642612E-02	 1.3454642612E-02	 1.3007958374E-04	 1.3007958374E-04
    88   1   1	 3.2757459121E-03	 3.2757459121E-03	 3.6420406106E-08	 3.6420406106E-08
    88   1   2	 3.2757459121E-03	 5.8546080215E-03	 3.6420406106E-08	 2.8956748984E-07
    88   1   3	 3.2757459121E-03	 7.0042067776E-03	 3.6420406106E-08	 3.6848287639E-04
    88   1   4	 3.2757459121E-03	 1.0036698106E-02	 3.6420406106E-08	 3.4608119301E-04
    88   1   5	 3.2757459121E-03	 1.3034566803E-02	 3.6420406106E-08	 1.6972271791E-04
    88   1   6	 3.2757459121E-03	 1.3450847478E-02	 3.6420406106E-08	 9.5141470272E-05
    88   2   2	 5.8546080215E-03	 5.8546080215E-03	 2.8956748984E-07	 2.8956748984E-07
    88   2   3	 5.8546080215E-03	 7.0042067776E-03	 2.8956748984E-07	 3.6848287639E-04
    88   2   4	 5.8546080215E-03	 1.0036698106E-02	 2.8956748984E-07	 3.4608119301E-04
    88   2   5	 5.8546080215E-03	 1.3034566803E-02	 2.8956748984E-07	 1.6972271791E-04
    88   2   6	 5.8546080215E-03	 1.3450847478E-02	 2.8956748984E-07	 9.5141470272E-05
    88   3   3	 7.0042067776E-03	 7.0042067776E-03	 3.6848287639E-04	 3.6848287639E-04
    88   3   4	 7.0042067776E-03	 1.0036698106E-02	 3.6848287639E-04	 3.4608119301E-04
    88   3   5	 7.0042067776E-03	 1.3034566803E-02	 3.6848287639E-04	 1.6972271791E-04
    88   3   6	 7.0042067776E-03	 1.3450847478E-02	 3.6848287639E-04	 9.5141470272E-05
    88   4   4	 1.0036698106E-02	 1.0036698106E-02	 3.4608119301E-04	 3.4608119301E-04
    88   4   5	 1.0036698106E-02	 1.3034566803E-02	 3.4608119301E-04	 1.6972271791E-04
    88   4   6	 1.0036698106E-02	 1.3450847478E-02	 3.4608119301E-04	 9.5141470272E-05
    88   5   5	 1.3034566803E-02	 1.3034566803E-02	 1.6972271791E-04	 1.6972271791E-04
    88   5   6	 1.3034566803E-02	 1.3450847478E-02	 1.6972271791E-04	 9.5141470272E-05
    88   6   6	 1.3450847478E-02	 1.3450847478E-02	 9.5141470272E-05	 9.5141470272E-05
    89   1   1	 3.4967298745E-03	 3.4967298745E-03	 3.4747743788E-08	 3.4747743788E-08
    89   1   2	 3.4967298745E-03	 5.5997532352E-03	 3.4747743788E-08	 2.0047800345E-07
    89   1   3	 3.4967298745E-03	 7.3666864110E-03	 3.4747743788E-08	 2.4299844014E-04
    89   1   4	 3.4967298745E-03	 1.0422489979E-02	 3.4747743788E-08	 4.8518891399E-04
    89   1   5	 3.4967298745E-03	 1.2798224178E-02	 3.4747743788E-08	 1.3923704927E-04
    89   1   6	 3.4967298745E-03	 1.3447867378E-02	 3.4747743788E-08	 9.1196143430E-05
    89   2   2	 5.5997532352E-03	 5.5997532352E-03	 2.0047800345E-07	 2.0047800345E-07
    89   2   3	 5.5997532352E-03	 7.3666864110E-03	 2.0047800345E-07	 2.4299844014E-04
    89   2   4	 5.5997532352E-03	 1.0422489979E-02	 2.0047800345E-07	 4.8518891399E-04
    89   2   5	 5.5997532352E-03	 1.2798224178E-02	 2.0047800345E-07	 1.3923704927E-04
    89   2   6	 5.5997532352E-03	 1.3447867378E-02	 2.0047800345E-07	 9.1196143430E-05
    89   3   3	 7.3666864110E-03	 7.3666864110E-03	 2.4299844014E-04	 2.4299844014E-04
    89   3   4	 7.3666864110E-03	 1.0422489979E-02	 2.4299844014E-04	 4.8518891399E-04
    89   3   5	 7.3666864110E-03	 1.2798224178E-02	 2.4299844014E-04	 1.3923704927E-04
    89   3   6	 7.3666864110E-03	 1.3447867378E-02	 2.4299844014E-04	 9.1196143430E-05
    89   4   4	 1.0422489979E-02	 1.0422489979E-02	 4.8518891399E-04	 4.8518891399E-04
    89   4   5	 1.0422489979E-02	 1.2798224178E-02	 4.8518891399E-04	 1.3923704927E-04
    89   4   6	 1.0422489979E-02	 1.3447867378E-02	 4.8518891399E-04	 9.1196143430E-05
    89   5   5	 1.2798224178E-02	 1.2798224178E-02	 1.3923704927E-04	 1.3923704927E-04
    89   5   6	 1.2798224178E-02	 1.3447867378E-02	 1.3923704927E-04	 9.1196143430E-05
    89   6   6	 1.3447867378E-02	 1.3447867378E-02	 9.1196143430E-05	 9.1196143430E-05
    90   1   1	 3.7045757317E-03	 3.7045757317E-03	 3.9985360416E-08	 3.9985360416E-08
    90   1   2	 3.7045757317E-03	 5.3612267968E-03	 3.9985360416E-08	 1.0971922606E-07
    90   1   3	 3.7045757317E-03	 7.6513351683E-03	 3.9985360416E-08	 6.4278439015E-05
    90   1   4	 3.7045757317E-03	 1.0801247842E-02	 3.9985360416E-08	 3.1629407606E-04
    90   1   5	 3.7045757317E-03	 1.2529081243E-02	 3.9985360416E-08	 9.4574494457E-05
    90   1   6	 3.7045757317E-03	 1.3445542632E-02	 3.9985360416E-08	 1.0890026607E-04
    90   2   2	 5.3612267968E-03	 5.3612267968E-03	 1.0971922606E-07	 1.0971922606E-07
    90   2   3	 5.3612267968E-03	 7.6513351683E-03	 1.0971922606E-07	 6.4278439015E-05
    90   2   4	 5.3612267968E-03	 1.0801247842E-02	 1.0971922606E-07	 3.1629407606E-04
    90   2   5	 5.3612267968E-03	 1.2529081243E-02	 1.0971922606E-07	 9.4574494457E-05
    90   2   6	 5.3612267968E-03	 1.3445542632E-02	 1.0971922606E-07	 1.0890026607E-04
    90   3   3	 7.6513351683E-03	 7.6513351683E-03	 6.4278439015E-05	 6.4278439015E-05
    90   3   4	 7.6513351683E-03	 1.0801247842E-02	 6.4278439015E-05	 3.1629407606E-04
    90   3   5	 7.6513351683E-03	 1.2529081243E-02	 6.4278439015E-05	 9.4574494457E-05
    90   3   6	 7.6513351683E-03	 1.3445542632E-02	 6.4278439015E-05	 1.0890026607E-04
    90   4   4	 1.0801247842E-02	 1.0801247842E-02	 3.1629407606E-04	 3.1629407606E-04
    90   4   5	 1.0801247842E-02	 1.2529081243E-02	 3.1629407606E-04	 9.4574494457E-05
    90   4   6	 1.0801247842E-02	 1.3445542632E-02	 3.1629407606E-04	 1.0890026607E-04
    90   5   5	 1.2529081243E-02	 1.2529081243E-02	 9.4574494457E-05	 9.4574494457E-05
    90   5   6	 1.2529081243E-02	 1.3445542632E-02	 9.4574494457E-05	 1.0890026607E-04
    90   6   6	 1.3445542632E-02	 1.3445542632E-02	 1.0890026607E-04	 1.0890026607E-04
    91   1   1	 3.8841637254E-03	 3.8841637254E-03	 3.9992534285E-08	 3.9992534285E-08
    91   1   2	 3.8841637254E-03	 5.1584887297E-03	 3.9992534285E-08	 7.9035631394E-08
    91   1   3	 3.8841637254E-03	 7.8469025402E-03	 3.9992534285E-08	 1.8901400411E-05
    91   1   4	 3.8841637254E-03	 1.1170935686E-02	 3.9992534285E-08	 3.4151516377E-04
    91   1   5	 3.8841637254E-03	 1.2231576381E-02	 3.9992534285E-08	 7.7224517952E-05
    91   1   6	 3.8841637254E-03	 1.3443900762E-02	 3.9992534285E-08	 1.3016068864E-04
    91   2   2	 5.1584887297E-03	 5.1584887297E-03	 7.9035631394E-08	 7.9035631394E-08
    91   2   3	 5.1584887297E-03	 7.8469025402E-03	 7.9035631394E-08	 1.8901400411E-05
    91   2   4	 5.1584887297E-03	 1.1170935686E-02	 7.9035631394E-08	 3.4151516377E-04
    91   2   5	 5.1584887297E-03	 1.2231576381E-02	 7.9035631394E-08	 7.7224517952E-05
    91   2   6	 5.1584887297E-03	 1.3443900762E-02	 7.9035631394E-08	 1.3016068864E-04
    91   3   3	 7.8469025402E-03	 7.8469025402E-03	 1.8901400411E-05	 1.8901400411E-05
    91   3   4	 7.8469025402E-03	 1.1170935686E-02	 1.8901400411E-05	 3.4151516377E-04
    91   3   5	 7.8469025402E-03	 1.2231576381E-02	 1.8901400411E-05	 7.7224517952E-05
    91   3   6	 7.8469025402E-03	 1.3443900762E-02	 1.8901400411E-05	 1.3016068864E-04
    91   4   4	 1.1170935686E-02	 1.1170935686E-02	 3.4151516377E-04	 3.4151516377E-04
    91   4   5	 1.1170935686E-02	 1.2231576381E-02	 3.4151516377E-04	 7.7224517952E-05
    91   4   6	 1.1170935686E-02	 1.3443900762E-02	 3.4151516377E-04	 1.3016068864E-04
    91   5   5	 1.2231576381E-02	 1.2231576381E-02	 7.7224517952E-05	 7.7224517952E-05
    91   5   6	 1.2231576381E-02	 1.3443900762E-02	 7.7224517952E-05	 1.3016068864E-04
    91   6   6	 1.3443900762E-02	 1.3443900762E-02	 1.3016068864E-04	 1.3016068864E-04
    92   1   1	 3.9994960198E-03	 3.9994960198E-03	 4.5043738288E-08	 4.5043738288E-08
    92   1   2	 3.9994960198E-03	 5.0307329128E-03	 4.5043738288E-08	 6.7711391771E-08
    92   1   3	 3.9994960198E-03	 7.9463229749E-03	 4.5043738288E-08	 1.1332060893E-05
    92   1   4	 3.9994960198E-03	 1.1516426721E-02	 4.5043738288E-08	 1.4781272906E-04
    92   1   5	 3.9994960198E-03	 1.1922014012E-02	 4.5043738288E-08	 1.4203414760E-04
    92   1   6	 3.9994960198E-03	 1.3443040754E-02	 4.5043738288E-08	 1.2492637821E-04
    92   2   2	 5.0307329128E-03	 5.0307329128E-03	 6.7711391771E-08	 6.7711391771E-08
    92   2   3	 5.0307329128E-03	 7.9463229749E-03	 6.7711391771E-08	 1.1332060893E-05
    92   2   4	 5.0307329128E-03	 1.1516426721E-02	 6.7711391771E-08	 1.4781272906E-04
    92   2   5	 5.0307329128E-03	 1.1922014012E-02	 6.7711391771E-08	 1.4203414760E-04
    92   2   6	 5.0307329128E-03	 1.3443040754E-02	 6.7711391771E-08	 1.2492637821E-04
    92   3   3	 7.9463229749E-03	 7.9463229749E-03	 1.1332060893E-05	 1.1332060893E-05
    92   3   4	 7.9463229749E-03	 1.1516426721E-02	 1.1332060893E-05	 1.4781272906E-04
    92   3   5	 7.9463229749E-03	 1.1922014012E-02	 1.1332060893E-05	 1.4203414760E-04
    92   3   6	 7.9463229749E-03	 1.3443040754E-02	 1.1332060893E-05	 1.2492637821E-04
    92   4   4	 1.1516426721E-02	 1.1516426721E-02	 1.4781272906E-04	 1.4781272906E-04
    92   4   5	 1.1516426721E-02	 1.1922014012E-02	 1.4781272906E-04	 1.4203414760E-04
    92   4   6	 1.1516426721E-02	 1.3443040754E-02	 1.4781272906E-04	 1.2492637821E-04
    92   5   5	 1.1922014012E-02	 1.1922014012E-02	 1.4203414760E-04	 1.4203414760E-04
    92   5   6	 1.1922014012E-02	 1.3443040754E-02	 1.4203414760E-04	 1.2492637821E-04
    92   6   6	 1.3443040754E-02	 1.3443040754E-02	 1.2492637821E-04	 1.2492637821E-04
    93   1   1	 3.4967298745E-03	 3.4967298745E-03	 3.4430569145E-08	 3.4430569145E-08
    93   1   2	 3.4967298745E-03	 5.5997532352E-03	 3.4430569145E-08	 2.0151276651E-07
    93   1   3	 3.4967298745E-03	 7.4416251119E-03	 3.4430569145E-08	 3.1324481660E-04
    93   1   4	 3.4967298745E-03	 1.0349551578E-02	 3.4430569145E-08	 3.8952074290E-04
    93   1   5	 3.4967298745E-03	 1.2803188758E-02	 3.4430569145E-08	 1.4196845033E-04
    93   1   6	 3.4967298745E-03	 1.3458209413E-02	 3.4430569145E-08	 1.0162257796E-04
    93   2   2	 5.5997532352E-03	 5.5997532352E-03	 2.0151276651E-07	 2.0151276651E-07
    93   2   3	 5.5997532352E-03	 7.4416251119E-03	 2.0151276651E-07	 3.1324481660E-04
    93   2   4	 5.5997532352E-03	 1.0349551578E-02	 2.0151276651E-07	 3.8952074290E-04
    93   2   5	 5.5997532352E-03	 1.2803188758E-02	 2.0151276651E-07	 1.4196845033E-04
    93   2   6	 5.5997532352E-03	 1.3458209413E-02	 2.0151276651E-07	 1.0162257796E-04
    93   3   3	 7.4416251119E-03	 7.4416251119E-03	 3.1324481660E-04	 3.1324481660E-04
    93   3   4	 7.4416251119E-03	 1.0349551578E-02	 3.1324481660E-04	 3.8952074290E-04
    93   3   5	 7.4416251119E-03	 1.2803188758E-02	 3.1324481660E-04	 1.4196845033E-04
    93   3   6	 7.4416251119E-03	 1.3458209413E-02	 3.1324481660E-04	 1.0162257796E-04
    93   4   4	 1.0349551578E-02	 1.0349551578E-02	 3.8952074290E-04	 3.8952074290E-04
    93   4   5	 1.0349551578E-02	 1.2803188758E-02	 3.8952074290E-04	 1.4196845033E-04
    93   4   6	 1.0349551578E-02	 1.3458209413E-02	 3.8952074290E-04	 1.0162257796E-04
    93   5   5	 1.2803188758E-02	 1.2803188758E-02	 1.4196845033E-04	 1.4196845033E-04
    93   5   6	 1.2803188758E-02	 1.3458209413E-02	 1.4196845033E-04	 1.0162257796E-04
    93   6   6	 1.3458209413E-02	 1.3458209413E-02	 1.0162257796E-04	 1.0162257796E-04
    94   1   1	 3.7133578007E-03	 3.7133578007E-03	 3.9998974867E-08	 3.9998974867E-08
    94   1   2	 3.7133578007E-03	 5.3504990705E-03	 3.9998974867E-08	 1.0952037669E-07
    94   1   3	 3.7133578007E-03	 7.8147299437E-03	 3.9998974867E-08	 1.9000036263E-04
    94   1   4	 3.7133578007E-03	 1.0653729922E-02	 3.9998974867E-08	 5.0243144625E-04
    94   1   5	 3.7133578007E-03	 1.2541223491E-02	 3.9998974867E-08	 1.1221829101E-04
    94   1   6	 3.7133578007E-03	 1.3466925976E-02	 3.9998974867E-08	 1.0737389848E-04
    94   2   2	 5.3504990705E-03	 5.3504990705E-03	 1.0952037669E-07	 1.0952037669E-07
    94   2   3	 5.3504990705E-03	 7.8147299437E-03	 1.0952037669E-07	 1.9000036263E-04
    94   2   4	 5.3504990705E-03	 1.0653729922E-02	 1.0952037669E-07	 5.0243144625E-04
    94   2   5	 5.3504990705E-03	 1.2541223491E-02	 1.0952037669E-07	 1.1221829101E-04
    94   2   6	 5.3504990705E-03	 1.3466925976E-02	 1.0952037669E-07	 1.0737389848E-04
    94   3   3	 7.8147299437E-03	 7.8147299437E-03	 1.9000036263E-04	 1.9000036263E-04
    94   3   4	 7.8147299437E-03	 1.0653729922E-02	 1.9000036263E-04	 5.0243144625E-04
    94   3   5	 7.8147299437E-03	 1.2541223491E-02	 1.9000036263E-04	 1.1221829101E-04
    94   3   6	 7.8147299437E-03	 1.3466925976E-02	 1.9000036263E-04	 1.0737389848E-04
    94   4   4	 1.0653729922E-02	 1.0653729922E-02	 5.0243144625E-04	 5.0243144625E-04
    94   4   5	 1.0653729922E-02	 1.2541223491E-02	 5.0243144625E-04	 1.1221829101E-04
    94   4   6	 1.0653729922E-02	 1.3466925976E-02	 5.0243144625E-04	 1.0737389848E-04
    94   5   5	 1.2541223491E-02	 1.2541223491E-02	 1.1221829101E-04	 1.1221829101E-04
    94   5   6	 1.2541223491E-02	 1.3466925976E-02	 1.1221829101E-04	 1.0737389848E-04
    94   6   6	 1.3466925976E-02	 1.3466925976E-02	 1.0737389848E-04	 1.0737389848E-04
    95   1   1	 3.9183107925E-03	 3.9183107925E-03	 3.9175415931E-08	 3.9175415931E-08
    95   1   2	 3.9183107925E-03	 5.1182207768E-03	 3.9175415931E-08	 7.8225267814E-08
    95   1   3	 3.9183107925E-03	 8.0988449332E-03	 3.9175415931E-08	 3.8775481700E-05
    95   1   4	 3.9183107925E-03	 1.0959979427E-02	 3.9175415931E-08	 4.0583945838E-04
    95   1   5	 3.9183107925E-03	 1.2253911524E-02	 3.9175415931E-08	 8.9658835776E-05
    95   1   6	 3.9183107925E-03	 1.3474399218E-02	 3.9175415931E-08	 1.4767945546E-04
    95   2   2	 5.1182207768E-03	 5.1182207768E-03	 7.8225267814E-08	 7.8225267814E-08
    95   2   3	 5.1182207768E-03	 8.0988449332E-03	 7.8225267814E-08	 3.8775481700E-05
    95   2   4	 5.1182207768E-03	 1.0959979427E-02	 7.8225267814E-08	 4.0583945838E-04
    95   2   5	 5.1182207768E-03	 1.2253911524E-02	 7.8225267814E-08	 8.9658835776E-05
    95   2   6	 5.1182207768E-03	 1.3474399218E-02	 7.8225267814E-08	 1.4767945546E-04
    95   3   3	 8.0988449332E-03	 8.0988449332E-03	 3.8775481700E-05	 3.8775481700E-05
    95   3   4	 8.0988449332E-03	 1.0959979427E-02	 3.8775481700E-05	 4.0583945838E-04
    95   3   5	 8.0988449332E-03	 1.2253911524E-02	 3.8775481700E-05	 8.9658835776E-05
    95   3   6	 8.0988449332E-03	 1.3474399218E-02	 3.8775481700E-05	 1.4767945546E-04
    95   4   4	 1.0959979427E-02	 1.0959979427E-02	 4.0583945838E-04	 4.0583945838E-04
    95   4   5	 1.0959979427E-02	 1.2253911524E-02	 4.0583945838E-04	 8.9658835776E-05
    95   4   6	 1.0959979427E-02	 1.3474399218E-02	 4.0583945838E-04	 1.4767945546E-04
    95   5   5	 1.2253911524E-02	 1.2253911524E-02	 8.9658835776E-05	 8.9658835776E-05
    95   5   6	 1.2253911524E-02	 1.3474399218E-02	 8.9658835776E-05	 1.4767945546E-04
    95   6   6	 1.3474399218E-02	 1.3474399218E-02	 1.4767945546E-04	 1.4767945546E-04
    96   1   1	 4.0913834651E-03	 4.0913834651E-03	 4.4560265372E-08	 4.4560265372E-08
    96   1   2	 4.0913834651E-03	 4.9270383251E-03	 4.4560265372E-08	 5.8225781378E-08
    96   1   3	 4.0913834651E-03	 8.2764744771E-03	 4.4560265372E-08	 1.0635802228E-05
    96   1   4	 4.0913834651E-03	 1.1267359660E-02	 4.4560265372E-08	 2.8046820061E-04
    96   1   5	 4.0913834651E-03	 1.1953240932E-02	 4.4560265372E-08	 7.2447453101E-05
    96   1   6	 4.0913834651E-03	 1.3479398402E-02	 4.4560265372E-08	 1.6215000267E-04
    96   2   2	 4.9270383251E-03	 4.9270383251E-03	 5.8225781378E-08	 5.8225781378E-08
    96   2   3	 4.9270383251E-03	 8.2764744771E-03	 5.8225781378E-08	 1.0635802228E-05
    96   2   4	 4.9270383251E-03	 1.1267359660E-02	 5.8225781378E-08	 2.8046820061E-04
    96   2   5	 4.9270383251E-03	 1.1953240932E-02	 5.8225781378E-08	 7.2447453101E-05
    96   2   6	 4.9270383251E-03	 1.3479398402E-02	 5.8225781378E-08	 1.6215000267E-04
    96   3   3	 8.2764744771E-03	 8.2764744771E-03	 1.0635802228E-05	 1.0635802228E-05
    96   3   4	 8.2764744771E-03	 1.1267359660E-02	 1.0635802228E-05	 2.8046820061E-04
    96   3   5	 8.2764744771E-03	 1.1953240932E-02	 1.0635802228E-05	 7.2447453101E-05
    96   3   6	 8.2764744771E-03	 1.3479398402E-02	 1.0635802228E-05	 1.6215000267E-04
    96   4   4	 1.1267359660E-02	 1.1267359660E-02	 2.8046820061E-04	 2.8046820061E-04
    96   4   5	 1.1267359660E-02	 1.1953240932E-02	 2.8046820061E-04	 7.2447453101E-05
    96   4   6	 1.1267359660E-02	 1.3479398402E-02	 2.8046820061E-04	 1.6215000267E-04
    96   5   5	 1.1953240932E-02	 1.1953240932E-02	 7.2447453101E-05	 7.2447453101E-05
    96   5   6	 1.1953240932E-02	 1.3479398402E-02	 7.2447453101E-05	 1.6215000267E-04
    96   6   6	 1.3479398402E-02	 1.3479398402E-02	 1.6215000267E-04	 1.6215000267E-04
    97   1   1	 4.1699813536E-03	 4.1699813536E-03	 4.2566040550E-08	 4.2566040550E-08
    97   1   2	 4.1699813536E-03	 4.8421067169E-03	 4.2566040550E-08	 4.9250157670E-08
    97   1   3	 4.1699813536E-03	 8.3368556034E-03	 4.2566040550E-08	 7.5830321952E-06
    97   1   4	 4.1699813536E-03	 1.1493805355E-02	 4.2566040550E-08	 5.4229008264E-05
    97   1   5	 4.1699813536E-03	 1.1728272895E-02	 4.2566040550E-08	 1.6278246825E-04
    97   1   6	 4.1699813536E-03	 1.3481152935E-02	 4.2566040550E-08	 1.6565728296E-04
    97   2   2	 4.8421067169E-03	 4.8421067169E-03	 4.9250157670E-08	 4.9250157670E-08
    97   2   3	 4.8421067169E-03	 8.3368556034E-03	 4.9250157670E-08	 7.5830321952E-06
    97   2   4	 4.8421067169E-03	 1.1493805355E-02	 4.9250157670E-08	 5.4229008264E-05
    97   2   5	 4.8421067169E-03	 1.1728272895E-02	 4.9250157670E-08	 1.6278246825E-04
    97   2   6	 4.8421067169E-03	 1.3481152935E-02	 4.9250157670E-08	 1.6565728296E-04
    97   3   3	 8.3368556034E-03	 8.3368556034E-03	 7.5830321952E-06	 7.5830321952E-06
    97   3   4	 8.3368556034E-03	 1.1493805355E-02	 7.5830321952E-06	 5.4229008264E-05
    97   3   5	 8.3368556034E-03	 1.1728272895E-02	 7.5830321952E-06	 1.6278246825E-04
    97   3   6	 8.3368556034E-03	 1.3481152935E-02	 7.5830321952E-06	 1.6565728296E-04
    97   4   4	 1.1493805355E-02	 1.1493805355E-02	 5.4229008264E-05	 5.4229008264E-05
    97   4   5	 1.1493805355E-02	 1.1728272895E-02	 5.4229008264E-05	 1.6278246825E-04
    97   4   6	 1.1493805355E-02	 1.3481152935E-02	 5.4229008264E-05	 1.6565728296E-04
    97   5   5	 1.1728272895E-02	 1.1728272895E-02	 1.6278246825E-04	 1.6278246825E-04
    97   5   6	 1.1728272895E-02	 1.3481152935E-02	 1.6278246825E-04	 1.6565728296E-04
    97   6   6	 1.3481152935E-02	 1.3481152935E-02	 1.6565728296E-04	 1.6565728296E-04
    98   1   1	 3.9220510878E-03	 3.9220510878E-03	 3.9597908924E-08	 3.9597908924E-08
    98   1   2	 3.9220510878E-03	 5.1104883320E-03	 3.9597908924E-08	 7.4710130104E-08
    98   1   3	 3.9220510878E-03	 8.1999366711E-03	 3.9597908924E-08	 7.0305309585E-05
    98   1   4	 3.9220510878E-03	 1.0872461517E-02	 3.9597908924E-08	 5.6492065052E-04
    98   1   5	 3.9220510878E-03	 1.2263530042E-02	 3.9597908924E-08	 1.0561511865E-04
    98   1   6	 3.9220510878E-03	 1.3484385015E-02	 3.9597908924E-08	 1.3386060087E-04
    98   2   2	 5.1104883320E-03	 5.1104883320E-03	 7.4710130104E-08	 7.4710130104E-08
    98   2   3	 5.1104883320E-03	 8.1999366711E-03	 7.4710130104E-08	 7.0305309585E-05
    98   2   4	 5.1104883320E-03	 1.0872461517E-02	 7.4710130104E-08	 5.6492065052E-04
    98   2   5	 5.1104883320E-03	 1.2263530042E-02	 7.4710130104E-08	 1.0561511865E-04
    98   2   6	 5.1104883320E-03	 1.3484385015E-02	 7.4710130104E-08	 1.3386060087E-04
    98   3   3	 8.1999366711E-03	 8.1999366711E-03	 7.0305309585E-05	 7.0305309585E-05
    98   3   4	 8.1999366711E-03	 1.0872461517E-02	 7.0305309585E-05	 5.6492065052E-04
    98   3   5	 8.1999366711E-03	 1.2263530042E-02	 7.0305309585E-05	 1.0561511865E-04
    98   3   6	 8.1999366711E-03	 1.3484385015E-02	 7.0305309585E-05	 1.3386060087E-04
    98   4   4	 1.0872461517E-02	 1.0872461517E-02	 5.6492065052E-04	 5.6492065052E-04
    98   4   5	 1.0872461517E-02	 1.2263530042E-02	 5.6492065052E-04	 1.0561511865E-04
    98   4   6	 1.0872461517E-02	 1.3484385015E-02	 5.6492065052E-04	 1.3386060087E-04
    98   5   5	 1.2263530042E-02	 1.2263530042E-02	 1.0561511865E-04	 1.0561511865E-04
    98   5   6	 1.2263530042E-02	 1.3484385015E-02	 1.0561511865E-04	 1.3386060087E-04
    98   6   6	 1.3484385015E-02	 1.3484385015E-02	 1.3386060087E-04	 1.3386060087E-04
    99   1   1	 4.1277204356E-03	 4.1277204356E-03	 4.5885465620E-08	 4.5885465620E-08
    99   1   2	 4.1277204356E-03	 4.8815631602E-03	 4.5885465620E-08	 5.1661685945E-08
    99   1   3	 4.1277204356E-03	 8.4792765913E-03	 4.5885465620E-08	 1.0693924678E-05
    99   1   4	 4.1277204356E-03	 1.1104546872E-02	 4.5885465620E-08	 4.1228999786E-04
    99   1   5	 4.1277204356E-03	 1.1972756464E-02	 4.5885465620E-08	 9.5787215914E-05
    99   1   6	 4.1277204356E-03	 1.3497710606E-02	 4.5885465620E-08	 1.7185458424E-04
    99   2   2	 4.8815631602E-03	 4.8815631602E-03	 5.1661685945E-08	 5.1661685945E-08
    99   2   3	 4.8815631602E-03	 8.4792765913E-03	 5.1661685945E-08	 1.0693924678E-05
    99   2   4	 4.8815631602E-03	 1.1104546872E-02	 5.1661685945E-08	 4.1228999786E-04
    99   2   5	 4.8815631602E-03	 1.1972756464E-02	 5.1661685945E-08	 9.5787215914E-05
    99   2   6	 4.8815631602E-03	 1.3497710606E-02	 5.1661685945E-08	 1.7185458424E-04
    99   3   3	 8.4792765913E-03	 8.4792765913E-03	 1.0693924678E-05	 1.0693924678E-05
    99   3   4	 8.4792765913E-03	 1.1104546872E-02	 1.0693924678E-05	 4.1228999786E-04
    99   3   5	 8.4792765913E-03	 1.1972756464E-02	 1.0693924678E-05	 9.5787215914E-05
    99   3   6	 8.4792765913E-03	 1.3497710606E-02	 1.0693924678E-05	 1.7185458424E-04
    99   4   4	 1.1104546872E-02	 1.1104546872E-02	 4.1228999786E-04	 4.1228999786E-04
    99   4   5	 1.1104546872E-02	 1.1972756464E-02	 4.1228999786E-04	 9.5787215914E-05
    99   4   6	 1.1104546872E-02	 1.3497710606E-02	 4.1228999786E-04	 1.7185458424E-04
    99   5   5	 1.1972756464E-02	 1.1972756464E-02	 9.5787215914E-05	 9.5787215914E-05
    99   5   6	 1.1972756464E-02	 1.3497710606E-02	 9.5787215914E-05	 1.7185458424E-04
    99   6   6	 1.3497710606E-02	 1.3497710606E-02	 1.7185458424E-04	 1.7185458424E-04
   100   1   1	 4.3048303209E-03	 4.3048303209E-03	 4.4988185635E-08	 4.4988185635E-08
   100   1   2	 4.3048303209E-03	 4.6919144408E-03	 4.4988185635E-08	 4.7522073161E-08
   100   1   3	 4.3048303209E-03	 8.6277111458E-03	 4.4988185635E-08	 5.6017089539E-06
   100   1   4	 4.3048303209E-03	 1.1341281843E-02	 4.4988185635E-08	 9.1093346355E-05
   100   1   5	 4.3048303209E-03	 1.1698985563E-02	 4.4988185635E-08	 8.4923006911E-05
   100   1   6	 4.3048303209E-03	 1.3504885534E-02	 4.4988185635E-08	 1.7426354319E-04
   100   2   2	 4.6919144408E-03	 4.6919144408E-03	 4.7522073161E-08	 4.7522073161E-08
   100   2   3	 4.6919144408E-03	 8.6277111458E-03	 4.7522073161E-08	 5.6017089539E-06
   100   2   4	 4.6919144408E-03	 1.1341281843E-02	 4.7522073161E-08	 9.1093346355E-05
   100   2   5	 4.6919144408E-03	 1.1698985563E-02	 4.7522073161E-08	 8.4923006911E-05
   100   2   6	 4.6919144408E-03	 1.3504885534E-02	 4.7522073161E-08	 1.7426354319E-04
   100   3   3	 8.6277111458E-03	 8.6277111458E-03	 5.6017089539E-06	 5.6017089539E-06
   100   3   4	 8.6277111458E-03	 1.1341281843E-02	 5.6017089539E-06	 9.1093346355E-05
   100   3   5	 8.6277111458E-03	 1.1698985563E-02	 5.6017089539E-06	 8.4923006911E-05
   100   3   6	 8.6277111458E-03	 1.3504885534E-02	 5.6017089539E-06	 1.7426354319E-04
   100   4   4	 1.1341281843E-02	 1.1341281843E-02	 9.1093346355E-05	 9.1093346355E-05
   100   4   5	 1.1341281843E-02	 1.1698985563E-02	 9.1093346355E-05	 8.4923006911E-05
   100   4   6	 1.1341281843E-02	 1.3504885534E-02	 9.1093346355E-05	 1.7426354319E-04
   100   5   5	 1.1698985563E-02	 1.1698985563E-02	 8.4923006911E-05	 8.4923006911E-05
   100   5   6	 1.1698985563E-02	 1.3504885534E-02	 8.4923006911E-05	 1.7426354319E-04
   100   6   6	 1.3504885534E-02	 1.3504885534E-02	 1.7426354319E-04	 1.7426354319E-04
   101   1   1	 4.2842524416E-03	 4.2842524416E-03	 4.4240321241E-08	 4.4240321241E-08
   101   1   2	 4.2842524416E-03	 4.7003386530E-03	 4.4240321241E-08	 4.4474508330E-08
   101   1   3	 4.2842524416E-03	 8.7520525780E-03	 4.4240321241E-08	 4.7529254152E-06
   101   1   4	 4.2842524416E-03	 1.1249148730E-02	 4.4240321241E-08	 1.0180510901E-04
   101   1   5	 4.2842524416E-03	 1.1708874969E-02	 4.4240321241E-08	 9.3606209641E-05
   101   1   6	 4.2842524416E-03	 1.3510935742E-02	 4.4240321241E-08	 2.2150915980E-04
   101   2   2	 4.7003386530E-03	 4.7003386530E-03	 4.4474508330E-08	 4.4474508330E-08
   101   2   3	 4.7003386530E-03	 8.7520525780E-03	 4.4474508330E-08	 4.7529254152E-06
   101   2   4	 4.7003386530E-03	 1.1249148730E-02	 4.4474508330E-08	 1.0180510901E-04
   101   2   5	 4.7003386530E-03	 1.1708874969E-02	 4.4474508330E-08	 9.3606209641E-05
   101   2   6	 4.7003386530E-03	 1.3510935742E-02	 4.4474508330E-08	 2.2150915980E-04
   101   3   3	 8.7520525780E-03	 8.7520525780E-03	 4.7529254152E-06	 4.7529254152E-06
   101   3   4	 8.7520525780E-03	 1.1249148730E-02	 4.7529254152E-06	 1.0180510901E-04
   101   3   5	 8.7520525780E-03	 1.1708874969E-02	 4.7529254152E-06	 9.3606209641E-05
   101   3   6	 8.7520525780E-03	 1.3510935742E-02	 4.7529254152E-06	 2.2150915980E-04
   101   4   4	 1.1249148730E-02	 1.1249148730E-02	 1.0180510901E-04	 1.0180510901E-04
   101   4   5	 1.1249148730E-02	 1.1708874969E-02	 1.0180510901E-04	 9.3606209641E-05
   101   4   6	 1.1249148730E-02	 1.3510935742E-02	 1.0180510901E-04	 2.2150915980E-04
   101   5   5	 1.1708874969E-02	 1.1708874969E-02	 9.3606209641E-05	 9.3606209641E-05
   101   5   6	 1.1708874969E-02	 1.3510935742E-02	 9.3606209641E-05	 2.2150915980E-04
   101   6   6	 1.3510935742E-02	 1.3510935742E-02	 2.2150915980E-04	 2.2150915980E-04
   102   1   1	 4.4497143347E-03	 4.4497143347E-03	 4.4587798280E-08	 4.4587798280E-08
   102   1   2	 4.4497143347E-03	 4.5283902740E-03	 4.4587798280E-08	 4.1229603842E-08
   102   1   3	 4.4497143347E-03	 8.8449981277E-03	 4.4587798280E-08	 4.3761754535E-06
   102   1   4	 4.4497143347E-03	 1.1396695838E-02	 4.4587798280E-08	 3.8195973541E-05
   102   1   5	 4.4497143347E-03	 1.1518127352E-02	 4.4587798280E-08	 1.2643285233E-04
   102   1   6	 4.4497143347E-03	 1.3516214443E-02	 4.4587798280E-08	 2.0218495287E-04
   102   2   2	 4.5283902740E-03	 4.5283902740E-03	 4.1229603842E-08	 4.1229603842E-08
   102   2   3	 4.5283902740E-03	 8.8449981277E-03	 4.1229603842E-08	 4.3761754535E-06
   102   2   4	 4.5283902740E-03	 1.1396695838E-02	 4.1229603842E-08	 3.8195973541E-05
   102   2   5	 4.5283902740E-03	 1.1518127352E-02	 4.1229603842E-08	 1.2643285233E-04
   102   2   6	 4.5283902740E-03	 1.3516214443E-02	 4.1229603842E-08	 2.0218495287E-04
   102   3   3	 8.8449981277E-03	 8.8449981277E-03	 4.3761754535E-06	 4.3761754535E-06
   102   3   4	 8.8449981277E-03	 1.1396695838E-02	 4.3761754535E-06	 3.8195973541E-05
   102   3   5	 8.8449981277E-03	 1.1518127352E-02	 4.3761754535E-06	 1.2643285233E-04
   102   3   6	 8.8449981277E-03	 1.3516214443E-02	 4.3761754535E-06	 2.0218495287E-04
   102   4   4	 1.1396695838E-02	 1.1396695838E-02	 3.8195973541E-05	 3.8195973541E-05
   102   4   5	 1.1396695838E-02	 1.1518127352E-02	 3.8195973541E-05	 1.2643285233E-04
   102   4   6	 1.1396695838E-02	 1.3516214443E-02	 3.8195973541E-05	 2.0218495287E-04
   102   5   5	 1.1518127352E-02	 1.1518127352E-02	 1.2643285233E-04	 1.2643285233E-04
   102   5   6	 1.1518127352E-02	 1.3516214443E-02	 1.2643285233E-04	 2.0218495287E-04
   102   6   6	 1.3516214443E-02	 1.3516214443E-02	 2.0218495287E-04	 2.0218495287E-04
