#  q, mod1, mod2, omega1(Ry),  omega2(Ry),gamma1(Ry),  gamma2(Ry)
     1   4   4	 8.3747823447E-03	 8.3747823447E-03	 1.1164835222E-06	 1.1164835222E-06
     1   4   5	 8.3747823447E-03	 1.3755688509E-02	 1.1164835222E-06	 5.8036822095E-04
     1   4   6	 8.3747823447E-03	 1.3755688509E-02	 1.1164835222E-06	 5.8036822095E-04
     1   5   5	 1.3755688509E-02	 1.3755688509E-02	 5.8036822095E-04	 5.8036822095E-04
     1   5   6	 1.3755688509E-02	 1.3755688509E-02	 5.8036822095E-04	 5.8036822095E-04
     1   6   6	 1.3755688509E-02	 1.3755688509E-02	 5.8036822095E-04	 5.8036822095E-04
     2   1   1	 2.5982512729E-04	 2.5982512729E-04	 4.1419219321E-11	 4.1419219321E-11
     2   1   2	 2.5982512729E-04	 5.3455866006E-04	 4.1419219321E-11	 2.2219995339E-08
     2   1   3	 2.5982512729E-04	 9.6403436070E-04	 4.1419219321E-11	 2.9165324751E-08
     2   1   4	 2.5982512729E-04	 8.3554993639E-03	 4.1419219321E-11	 1.1569079557E-06
     2   1   5	 2.5982512729E-04	 1.3751461033E-02	 4.1419219321E-11	 5.4524270672E-04
     2   1   6	 2.5982512729E-04	 1.3760829516E-02	 4.1419219321E-11	 6.5989780496E-04
     2   2   2	 5.3455866006E-04	 5.3455866006E-04	 2.2219995339E-08	 2.2219995339E-08
     2   2   3	 5.3455866006E-04	 9.6403436070E-04	 2.2219995339E-08	 2.9165324751E-08
     2   2   4	 5.3455866006E-04	 8.3554993639E-03	 2.2219995339E-08	 1.1569079557E-06
     2   2   5	 5.3455866006E-04	 1.3751461033E-02	 2.2219995339E-08	 5.4524270672E-04
     2   2   6	 5.3455866006E-04	 1.3760829516E-02	 2.2219995339E-08	 6.5989780496E-04
     2   3   3	 9.6403436070E-04	 9.6403436070E-04	 2.9165324751E-08	 2.9165324751E-08
     2   3   4	 9.6403436070E-04	 8.3554993639E-03	 2.9165324751E-08	 1.1569079557E-06
     2   3   5	 9.6403436070E-04	 1.3751461033E-02	 2.9165324751E-08	 5.4524270672E-04
     2   3   6	 9.6403436070E-04	 1.3760829516E-02	 2.9165324751E-08	 6.5989780496E-04
     2   4   4	 8.3554993639E-03	 8.3554993639E-03	 1.1569079557E-06	 1.1569079557E-06
     2   4   5	 8.3554993639E-03	 1.3751461033E-02	 1.1569079557E-06	 5.4524270672E-04
     2   4   6	 8.3554993639E-03	 1.3760829516E-02	 1.1569079557E-06	 6.5989780496E-04
     2   5   5	 1.3751461033E-02	 1.3751461033E-02	 5.4524270672E-04	 5.4524270672E-04
     2   5   6	 1.3751461033E-02	 1.3760829516E-02	 5.4524270672E-04	 6.5989780496E-04
     2   6   6	 1.3760829516E-02	 1.3760829516E-02	 6.5989780496E-04	 6.5989780496E-04
     3   1   1	 5.1909447760E-04	 5.1909447760E-04	 1.6785412158E-10	 1.6785412158E-10
     3   1   2	 5.1909447760E-04	 1.0661486360E-03	 1.6785412158E-10	 9.5400745177E-08
     3   1   3	 5.1909447760E-04	 1.9231781699E-03	 1.6785412158E-10	 8.1551710760E-07
     3   1   4	 5.1909447760E-04	 8.2980070619E-03	 1.6785412158E-10	 8.6988319525E-07
     3   1   5	 5.1909447760E-04	 1.3738764482E-02	 1.6785412158E-10	 4.2867159875E-04
     3   1   6	 5.1909447760E-04	 1.3775431041E-02	 1.6785412158E-10	 5.8318323665E-04
     3   2   2	 1.0661486360E-03	 1.0661486360E-03	 9.5400745177E-08	 9.5400745177E-08
     3   2   3	 1.0661486360E-03	 1.9231781699E-03	 9.5400745177E-08	 8.1551710760E-07
     3   2   4	 1.0661486360E-03	 8.2980070619E-03	 9.5400745177E-08	 8.6988319525E-07
     3   2   5	 1.0661486360E-03	 1.3738764482E-02	 9.5400745177E-08	 4.2867159875E-04
     3   2   6	 1.0661486360E-03	 1.3775431041E-02	 9.5400745177E-08	 5.8318323665E-04
     3   3   3	 1.9231781699E-03	 1.9231781699E-03	 8.1551710760E-07	 8.1551710760E-07
     3   3   4	 1.9231781699E-03	 8.2980070619E-03	 8.1551710760E-07	 8.6988319525E-07
     3   3   5	 1.9231781699E-03	 1.3738764482E-02	 8.1551710760E-07	 4.2867159875E-04
     3   3   6	 1.9231781699E-03	 1.3775431041E-02	 8.1551710760E-07	 5.8318323665E-04
     3   4   4	 8.2980070619E-03	 8.2980070619E-03	 8.6988319525E-07	 8.6988319525E-07
     3   4   5	 8.2980070619E-03	 1.3738764482E-02	 8.6988319525E-07	 4.2867159875E-04
     3   4   6	 8.2980070619E-03	 1.3775431041E-02	 8.6988319525E-07	 5.8318323665E-04
     3   5   5	 1.3738764482E-02	 1.3738764482E-02	 4.2867159875E-04	 4.2867159875E-04
     3   5   6	 1.3738764482E-02	 1.3775431041E-02	 4.2867159875E-04	 5.8318323665E-04
     3   6   6	 1.3775431041E-02	 1.3775431041E-02	 5.8318323665E-04	 5.8318323665E-04
     4   1   1	 7.7728017539E-04	 7.7728017539E-04	 3.7393277829E-10	 3.7393277829E-10
     4   1   2	 7.7728017539E-04	 1.5917173279E-03	 3.7393277829E-10	 2.3648431686E-07
     4   1   3	 7.7728017539E-04	 2.8725406909E-03	 3.7393277829E-10	 2.3346560300E-06
     4   1   4	 7.7728017539E-04	 8.2033744830E-03	 3.7393277829E-10	 1.4626614812E-06
     4   1   5	 7.7728017539E-04	 1.3717572006E-02	 3.7393277829E-10	 3.9434472108E-04
     4   1   6	 7.7728017539E-04	 1.3797085720E-02	 3.7393277829E-10	 7.0864773973E-04
     4   2   2	 1.5917173279E-03	 1.5917173279E-03	 2.3648431686E-07	 2.3648431686E-07
     4   2   3	 1.5917173279E-03	 2.8725406909E-03	 2.3648431686E-07	 2.3346560300E-06
     4   2   4	 1.5917173279E-03	 8.2033744830E-03	 2.3648431686E-07	 1.4626614812E-06
     4   2   5	 1.5917173279E-03	 1.3717572006E-02	 2.3648431686E-07	 3.9434472108E-04
     4   2   6	 1.5917173279E-03	 1.3797085720E-02	 2.3648431686E-07	 7.0864773973E-04
     4   3   3	 2.8725406909E-03	 2.8725406909E-03	 2.3346560300E-06	 2.3346560300E-06
     4   3   4	 2.8725406909E-03	 8.2033744830E-03	 2.3346560300E-06	 1.4626614812E-06
     4   3   5	 2.8725406909E-03	 1.3717572006E-02	 2.3346560300E-06	 3.9434472108E-04
     4   3   6	 2.8725406909E-03	 1.3797085720E-02	 2.3346560300E-06	 7.0864773973E-04
     4   4   4	 8.2033744830E-03	 8.2033744830E-03	 1.4626614812E-06	 1.4626614812E-06
     4   4   5	 8.2033744830E-03	 1.3717572006E-02	 1.4626614812E-06	 3.9434472108E-04
     4   4   6	 8.2033744830E-03	 1.3797085720E-02	 1.4626614812E-06	 7.0864773973E-04
     4   5   5	 1.3717572006E-02	 1.3717572006E-02	 3.9434472108E-04	 3.9434472108E-04
     4   5   6	 1.3717572006E-02	 1.3797085720E-02	 3.9434472108E-04	 7.0864773973E-04
     4   6   6	 1.3797085720E-02	 1.3797085720E-02	 7.0864773973E-04	 7.0864773973E-04
     5   1   1	 1.0339055839E-03	 1.0339055839E-03	 6.5065533084E-10	 6.5065533084E-10
     5   1   2	 1.0339055839E-03	 2.1080458364E-03	 6.5065533084E-10	 5.3552155055E-07
     5   1   3	 1.0339055839E-03	 3.8072356682E-03	 6.5065533084E-10	 9.4886429587E-06
     5   1   4	 1.0339055839E-03	 8.0733807618E-03	 6.5065533084E-10	 7.6539622619E-07
     5   1   5	 1.0339055839E-03	 1.3687889738E-02	 6.5065533084E-10	 3.6169389153E-04
     5   1   6	 1.0339055839E-03	 1.3821963948E-02	 6.5065533084E-10	 8.7915718241E-04
     5   2   2	 2.1080458364E-03	 2.1080458364E-03	 5.3552155055E-07	 5.3552155055E-07
     5   2   3	 2.1080458364E-03	 3.8072356682E-03	 5.3552155055E-07	 9.4886429587E-06
     5   2   4	 2.1080458364E-03	 8.0733807618E-03	 5.3552155055E-07	 7.6539622619E-07
     5   2   5	 2.1080458364E-03	 1.3687889738E-02	 5.3552155055E-07	 3.6169389153E-04
     5   2   6	 2.1080458364E-03	 1.3821963948E-02	 5.3552155055E-07	 8.7915718241E-04
     5   3   3	 3.8072356682E-03	 3.8072356682E-03	 9.4886429587E-06	 9.4886429587E-06
     5   3   4	 3.8072356682E-03	 8.0733807618E-03	 9.4886429587E-06	 7.6539622619E-07
     5   3   5	 3.8072356682E-03	 1.3687889738E-02	 9.4886429587E-06	 3.6169389153E-04
     5   3   6	 3.8072356682E-03	 1.3821963948E-02	 9.4886429587E-06	 8.7915718241E-04
     5   4   4	 8.0733807618E-03	 8.0733807618E-03	 7.6539622619E-07	 7.6539622619E-07
     5   4   5	 8.0733807618E-03	 1.3687889738E-02	 7.6539622619E-07	 3.6169389153E-04
     5   4   6	 8.0733807618E-03	 1.3821963948E-02	 7.6539622619E-07	 8.7915718241E-04
     5   5   5	 1.3687889738E-02	 1.3687889738E-02	 3.6169389153E-04	 3.6169389153E-04
     5   5   6	 1.3687889738E-02	 1.3821963948E-02	 3.6169389153E-04	 8.7915718241E-04
     5   6   6	 1.3821963948E-02	 1.3821963948E-02	 8.7915718241E-04	 8.7915718241E-04
     6   1   1	 1.2885584446E-03	 1.2885584446E-03	 9.8602703775E-10	 9.8602703775E-10
     6   1   2	 1.2885584446E-03	 2.6116695464E-03	 9.8602703775E-10	 1.0279112877E-06
     6   1   3	 1.2885584446E-03	 4.7223949764E-03	 9.8602703775E-10	 1.4959876755E-05
     6   1   4	 1.2885584446E-03	 7.9105125234E-03	 9.8602703775E-10	 1.2649641264E-06
     6   1   5	 1.2885584446E-03	 1.3649830204E-02	 9.8602703775E-10	 3.1477135341E-04
     6   1   6	 1.2885584446E-03	 1.3845062586E-02	 9.8602703775E-10	 5.3390739006E-04
     6   2   2	 2.6116695464E-03	 2.6116695464E-03	 1.0279112877E-06	 1.0279112877E-06
     6   2   3	 2.6116695464E-03	 4.7223949764E-03	 1.0279112877E-06	 1.4959876755E-05
     6   2   4	 2.6116695464E-03	 7.9105125234E-03	 1.0279112877E-06	 1.2649641264E-06
     6   2   5	 2.6116695464E-03	 1.3649830204E-02	 1.0279112877E-06	 3.1477135341E-04
     6   2   6	 2.6116695464E-03	 1.3845062586E-02	 1.0279112877E-06	 5.3390739006E-04
     6   3   3	 4.7223949764E-03	 4.7223949764E-03	 1.4959876755E-05	 1.4959876755E-05
     6   3   4	 4.7223949764E-03	 7.9105125234E-03	 1.4959876755E-05	 1.2649641264E-06
     6   3   5	 4.7223949764E-03	 1.3649830204E-02	 1.4959876755E-05	 3.1477135341E-04
     6   3   6	 4.7223949764E-03	 1.3845062586E-02	 1.4959876755E-05	 5.3390739006E-04
     6   4   4	 7.9105125234E-03	 7.9105125234E-03	 1.2649641264E-06	 1.2649641264E-06
     6   4   5	 7.9105125234E-03	 1.3649830204E-02	 1.2649641264E-06	 3.1477135341E-04
     6   4   6	 7.9105125234E-03	 1.3845062586E-02	 1.2649641264E-06	 5.3390739006E-04
     6   5   5	 1.3649830204E-02	 1.3649830204E-02	 3.1477135341E-04	 3.1477135341E-04
     6   5   6	 1.3649830204E-02	 1.3845062586E-02	 3.1477135341E-04	 5.3390739006E-04
     6   6   6	 1.3845062586E-02	 1.3845062586E-02	 5.3390739006E-04	 5.3390739006E-04
     7   1   1	 1.5408857974E-03	 1.5408857974E-03	 1.3660928567E-09	 1.3660928567E-09
     7   1   2	 1.5408857974E-03	 3.0988031456E-03	 1.3660928567E-09	 1.5762007267E-06
     7   1   3	 1.5408857974E-03	 5.6131941088E-03	 1.3660928567E-09	 4.7337457325E-05
     7   1   4	 1.5408857974E-03	 7.7179636673E-03	 1.3660928567E-09	 8.5054956670E-07
     7   1   5	 1.5408857974E-03	 1.3603709162E-02	 1.3660928567E-09	 3.1225666023E-04
     7   1   6	 1.5408857974E-03	 1.3860508740E-02	 1.3660928567E-09	 7.3000436795E-04
     7   2   2	 3.0988031456E-03	 3.0988031456E-03	 1.5762007267E-06	 1.5762007267E-06
     7   2   3	 3.0988031456E-03	 5.6131941088E-03	 1.5762007267E-06	 4.7337457325E-05
     7   2   4	 3.0988031456E-03	 7.7179636673E-03	 1.5762007267E-06	 8.5054956670E-07
     7   2   5	 3.0988031456E-03	 1.3603709162E-02	 1.5762007267E-06	 3.1225666023E-04
     7   2   6	 3.0988031456E-03	 1.3860508740E-02	 1.5762007267E-06	 7.3000436795E-04
     7   3   3	 5.6131941088E-03	 5.6131941088E-03	 4.7337457325E-05	 4.7337457325E-05
     7   3   4	 5.6131941088E-03	 7.7179636673E-03	 4.7337457325E-05	 8.5054956670E-07
     7   3   5	 5.6131941088E-03	 1.3603709162E-02	 4.7337457325E-05	 3.1225666023E-04
     7   3   6	 5.6131941088E-03	 1.3860508740E-02	 4.7337457325E-05	 7.3000436795E-04
     7   4   4	 7.7179636673E-03	 7.7179636673E-03	 8.5054956670E-07	 8.5054956670E-07
     7   4   5	 7.7179636673E-03	 1.3603709162E-02	 8.5054956670E-07	 3.1225666023E-04
     7   4   6	 7.7179636673E-03	 1.3860508740E-02	 8.5054956670E-07	 7.3000436795E-04
     7   5   5	 1.3603709162E-02	 1.3603709162E-02	 3.1225666023E-04	 3.1225666023E-04
     7   5   6	 1.3603709162E-02	 1.3860508740E-02	 3.1225666023E-04	 7.3000436795E-04
     7   6   6	 1.3860508740E-02	 1.3860508740E-02	 7.3000436795E-04	 7.3000436795E-04
     8   1   1	 1.7905583513E-03	 1.7905583513E-03	 1.7759604029E-09	 1.7759604029E-09
     8   1   2	 1.7905583513E-03	 3.5652721689E-03	 1.7759604029E-09	 1.9688275656E-06
     8   1   3	 1.7905583513E-03	 6.4748908062E-03	 1.7759604029E-09	 4.0989421733E-05
     8   1   4	 1.7905583513E-03	 7.4996432190E-03	 1.7759604029E-09	 7.3706430292E-07
     8   1   5	 1.7905583513E-03	 1.3550159567E-02	 1.7759604029E-09	 2.2494406785E-04
     8   1   6	 1.7905583513E-03	 1.3861886304E-02	 1.7759604029E-09	 5.5504517866E-04
     8   2   2	 3.5652721689E-03	 3.5652721689E-03	 1.9688275656E-06	 1.9688275656E-06
     8   2   3	 3.5652721689E-03	 6.4748908062E-03	 1.9688275656E-06	 4.0989421733E-05
     8   2   4	 3.5652721689E-03	 7.4996432190E-03	 1.9688275656E-06	 7.3706430292E-07
     8   2   5	 3.5652721689E-03	 1.3550159567E-02	 1.9688275656E-06	 2.2494406785E-04
     8   2   6	 3.5652721689E-03	 1.3861886304E-02	 1.9688275656E-06	 5.5504517866E-04
     8   3   3	 6.4748908062E-03	 6.4748908062E-03	 4.0989421733E-05	 4.0989421733E-05
     8   3   4	 6.4748908062E-03	 7.4996432190E-03	 4.0989421733E-05	 7.3706430292E-07
     8   3   5	 6.4748908062E-03	 1.3550159567E-02	 4.0989421733E-05	 2.2494406785E-04
     8   3   6	 6.4748908062E-03	 1.3861886304E-02	 4.0989421733E-05	 5.5504517866E-04
     8   4   4	 7.4996432190E-03	 7.4996432190E-03	 7.3706430292E-07	 7.3706430292E-07
     8   4   5	 7.4996432190E-03	 1.3550159567E-02	 7.3706430292E-07	 2.2494406785E-04
     8   4   6	 7.4996432190E-03	 1.3861886304E-02	 7.3706430292E-07	 5.5504517866E-04
     8   5   5	 1.3550159567E-02	 1.3550159567E-02	 2.2494406785E-04	 2.2494406785E-04
     8   5   6	 1.3550159567E-02	 1.3861886304E-02	 2.2494406785E-04	 5.5504517866E-04
     8   6   6	 1.3861886304E-02	 1.3861886304E-02	 5.5504517866E-04	 5.5504517866E-04
     9   1   1	 2.0371845654E-03	 2.0371845654E-03	 2.2007681395E-09	 2.2007681395E-09
     9   1   2	 2.0371845654E-03	 4.0064550880E-03	 2.2007681395E-09	 2.0102269004E-06
     9   1   3	 2.0371845654E-03	 7.2602029422E-03	 2.2007681395E-09	 9.9538369767E-07
     9   1   4	 2.0371845654E-03	 7.3028765771E-03	 2.2007681395E-09	 1.1723268191E-04
     9   1   5	 2.0371845654E-03	 1.3490253384E-02	 2.2007681395E-09	 1.5259506678E-04
     9   1   6	 2.0371845654E-03	 1.3842556263E-02	 2.2007681395E-09	 6.7923538791E-04
     9   2   2	 4.0064550880E-03	 4.0064550880E-03	 2.0102269004E-06	 2.0102269004E-06
     9   2   3	 4.0064550880E-03	 7.2602029422E-03	 2.0102269004E-06	 9.9538369767E-07
     9   2   4	 4.0064550880E-03	 7.3028765771E-03	 2.0102269004E-06	 1.1723268191E-04
     9   2   5	 4.0064550880E-03	 1.3490253384E-02	 2.0102269004E-06	 1.5259506678E-04
     9   2   6	 4.0064550880E-03	 1.3842556263E-02	 2.0102269004E-06	 6.7923538791E-04
     9   3   3	 7.2602029422E-03	 7.2602029422E-03	 9.9538369767E-07	 9.9538369767E-07
     9   3   4	 7.2602029422E-03	 7.3028765771E-03	 9.9538369767E-07	 1.1723268191E-04
     9   3   5	 7.2602029422E-03	 1.3490253384E-02	 9.9538369767E-07	 1.5259506678E-04
     9   3   6	 7.2602029422E-03	 1.3842556263E-02	 9.9538369767E-07	 6.7923538791E-04
     9   4   4	 7.3028765771E-03	 7.3028765771E-03	 1.1723268191E-04	 1.1723268191E-04
     9   4   5	 7.3028765771E-03	 1.3490253384E-02	 1.1723268191E-04	 1.5259506678E-04
     9   4   6	 7.3028765771E-03	 1.3842556263E-02	 1.1723268191E-04	 6.7923538791E-04
     9   5   5	 1.3490253384E-02	 1.3490253384E-02	 1.5259506678E-04	 1.5259506678E-04
     9   5   6	 1.3490253384E-02	 1.3842556263E-02	 1.5259506678E-04	 6.7923538791E-04
     9   6   6	 1.3842556263E-02	 1.3842556263E-02	 6.7923538791E-04	 6.7923538791E-04
    10   1   1	 2.2801418798E-03	 2.2801418798E-03	 2.6265974884E-09	 2.6265974884E-09
    10   1   2	 2.2801418798E-03	 4.4172440627E-03	 2.6265974884E-09	 1.8679152182E-06
    10   1   3	 2.2801418798E-03	 7.0051081946E-03	 2.6265974884E-09	 5.4964537287E-07
    10   1   4	 2.2801418798E-03	 8.0927395556E-03	 2.6265974884E-09	 1.4386870411E-04
    10   1   5	 2.2801418798E-03	 1.3425617396E-02	 2.6265974884E-09	 1.6719204930E-04
    10   1   6	 2.2801418798E-03	 1.3795948826E-02	 2.6265974884E-09	 5.1014394223E-04
    10   2   2	 4.4172440627E-03	 4.4172440627E-03	 1.8679152182E-06	 1.8679152182E-06
    10   2   3	 4.4172440627E-03	 7.0051081946E-03	 1.8679152182E-06	 5.4964537287E-07
    10   2   4	 4.4172440627E-03	 8.0927395556E-03	 1.8679152182E-06	 1.4386870411E-04
    10   2   5	 4.4172440627E-03	 1.3425617396E-02	 1.8679152182E-06	 1.6719204930E-04
    10   2   6	 4.4172440627E-03	 1.3795948826E-02	 1.8679152182E-06	 5.1014394223E-04
    10   3   3	 7.0051081946E-03	 7.0051081946E-03	 5.4964537287E-07	 5.4964537287E-07
    10   3   4	 7.0051081946E-03	 8.0927395556E-03	 5.4964537287E-07	 1.4386870411E-04
    10   3   5	 7.0051081946E-03	 1.3425617396E-02	 5.4964537287E-07	 1.6719204930E-04
    10   3   6	 7.0051081946E-03	 1.3795948826E-02	 5.4964537287E-07	 5.1014394223E-04
    10   4   4	 8.0927395556E-03	 8.0927395556E-03	 1.4386870411E-04	 1.4386870411E-04
    10   4   5	 8.0927395556E-03	 1.3425617396E-02	 1.4386870411E-04	 1.6719204930E-04
    10   4   6	 8.0927395556E-03	 1.3795948826E-02	 1.4386870411E-04	 5.1014394223E-04
    10   5   5	 1.3425617396E-02	 1.3425617396E-02	 1.6719204930E-04	 1.6719204930E-04
    10   5   6	 1.3425617396E-02	 1.3795948826E-02	 1.6719204930E-04	 5.1014394223E-04
    10   6   6	 1.3795948826E-02	 1.3795948826E-02	 5.1014394223E-04	 5.1014394223E-04
    11   1   1	 2.5182700743E-03	 2.5182700743E-03	 3.0412054905E-09	 3.0412054905E-09
    11   1   2	 2.5182700743E-03	 4.7920395704E-03	 3.0412054905E-09	 1.7538994088E-06
    11   1   3	 2.5182700743E-03	 6.7407981022E-03	 3.0412054905E-09	 4.8927205522E-07
    11   1   4	 2.5182700743E-03	 8.8403361672E-03	 3.0412054905E-09	 2.2946390936E-04
    11   1   5	 2.5182700743E-03	 1.3358522012E-02	 3.0412054905E-09	 6.5177163657E-05
    11   1   6	 2.5182700743E-03	 1.3715813727E-02	 3.0412054905E-09	 5.3565252591E-04
    11   2   2	 4.7920395704E-03	 4.7920395704E-03	 1.7538994088E-06	 1.7538994088E-06
    11   2   3	 4.7920395704E-03	 6.7407981022E-03	 1.7538994088E-06	 4.8927205522E-07
    11   2   4	 4.7920395704E-03	 8.8403361672E-03	 1.7538994088E-06	 2.2946390936E-04
    11   2   5	 4.7920395704E-03	 1.3358522012E-02	 1.7538994088E-06	 6.5177163657E-05
    11   2   6	 4.7920395704E-03	 1.3715813727E-02	 1.7538994088E-06	 5.3565252591E-04
    11   3   3	 6.7407981022E-03	 6.7407981022E-03	 4.8927205522E-07	 4.8927205522E-07
    11   3   4	 6.7407981022E-03	 8.8403361672E-03	 4.8927205522E-07	 2.2946390936E-04
    11   3   5	 6.7407981022E-03	 1.3358522012E-02	 4.8927205522E-07	 6.5177163657E-05
    11   3   6	 6.7407981022E-03	 1.3715813727E-02	 4.8927205522E-07	 5.3565252591E-04
    11   4   4	 8.8403361672E-03	 8.8403361672E-03	 2.2946390936E-04	 2.2946390936E-04
    11   4   5	 8.8403361672E-03	 1.3358522012E-02	 2.2946390936E-04	 6.5177163657E-05
    11   4   6	 8.8403361672E-03	 1.3715813727E-02	 2.2946390936E-04	 5.3565252591E-04
    11   5   5	 1.3358522012E-02	 1.3358522012E-02	 6.5177163657E-05	 6.5177163657E-05
    11   5   6	 1.3358522012E-02	 1.3715813727E-02	 6.5177163657E-05	 5.3565252591E-04
    11   6   6	 1.3715813727E-02	 1.3715813727E-02	 5.3565252591E-04	 5.3565252591E-04
    12   1   1	 2.7493329578E-03	 2.7493329578E-03	 3.4344336464E-09	 3.4344336464E-09
    12   1   2	 2.7493329578E-03	 5.1248041751E-03	 3.4344336464E-09	 1.8326212081E-06
    12   1   3	 2.7493329578E-03	 6.4750221985E-03	 3.4344336464E-09	 4.3507821927E-07
    12   1   4	 2.7493329578E-03	 9.5418683631E-03	 3.4344336464E-09	 4.6215715948E-04
    12   1   5	 2.7493329578E-03	 1.3291912475E-02	 3.4344336464E-09	 7.6411704581E-05
    12   1   6	 2.7493329578E-03	 1.3596422920E-02	 3.4344336464E-09	 5.8661313050E-04
    12   2   2	 5.1248041751E-03	 5.1248041751E-03	 1.8326212081E-06	 1.8326212081E-06
    12   2   3	 5.1248041751E-03	 6.4750221985E-03	 1.8326212081E-06	 4.3507821927E-07
    12   2   4	 5.1248041751E-03	 9.5418683631E-03	 1.8326212081E-06	 4.6215715948E-04
    12   2   5	 5.1248041751E-03	 1.3291912475E-02	 1.8326212081E-06	 7.6411704581E-05
    12   2   6	 5.1248041751E-03	 1.3596422920E-02	 1.8326212081E-06	 5.8661313050E-04
    12   3   3	 6.4750221985E-03	 6.4750221985E-03	 4.3507821927E-07	 4.3507821927E-07
    12   3   4	 6.4750221985E-03	 9.5418683631E-03	 4.3507821927E-07	 4.6215715948E-04
    12   3   5	 6.4750221985E-03	 1.3291912475E-02	 4.3507821927E-07	 7.6411704581E-05
    12   3   6	 6.4750221985E-03	 1.3596422920E-02	 4.3507821927E-07	 5.8661313050E-04
    12   4   4	 9.5418683631E-03	 9.5418683631E-03	 4.6215715948E-04	 4.6215715948E-04
    12   4   5	 9.5418683631E-03	 1.3291912475E-02	 4.6215715948E-04	 7.6411704581E-05
    12   4   6	 9.5418683631E-03	 1.3596422920E-02	 4.6215715948E-04	 5.8661313050E-04
    12   5   5	 1.3291912475E-02	 1.3291912475E-02	 7.6411704581E-05	 7.6411704581E-05
    12   5   6	 1.3291912475E-02	 1.3596422920E-02	 7.6411704581E-05	 5.8661313050E-04
    12   6   6	 1.3596422920E-02	 1.3596422920E-02	 5.8661313050E-04	 5.8661313050E-04
    13   1   1	 2.9690958171E-03	 2.9690958171E-03	 3.7980289538E-09	 3.7980289538E-09
    13   1   2	 2.9690958171E-03	 5.4092112369E-03	 3.7980289538E-09	 1.8223690149E-06
    13   1   3	 2.9690958171E-03	 6.2175049481E-03	 3.7980289538E-09	 3.3469494253E-07
    13   1   4	 2.9690958171E-03	 1.0193962272E-02	 3.7980289538E-09	 2.9350561551E-04
    13   1   5	 2.9690958171E-03	 1.3229341955E-02	 3.7980289538E-09	 2.2052100962E-05
    13   1   6	 2.9690958171E-03	 1.3432726557E-02	 3.7980289538E-09	 4.9266262573E-04
    13   2   2	 5.4092112369E-03	 5.4092112369E-03	 1.8223690149E-06	 1.8223690149E-06
    13   2   3	 5.4092112369E-03	 6.2175049481E-03	 1.8223690149E-06	 3.3469494253E-07
    13   2   4	 5.4092112369E-03	 1.0193962272E-02	 1.8223690149E-06	 2.9350561551E-04
    13   2   5	 5.4092112369E-03	 1.3229341955E-02	 1.8223690149E-06	 2.2052100962E-05
    13   2   6	 5.4092112369E-03	 1.3432726557E-02	 1.8223690149E-06	 4.9266262573E-04
    13   3   3	 6.2175049481E-03	 6.2175049481E-03	 3.3469494253E-07	 3.3469494253E-07
    13   3   4	 6.2175049481E-03	 1.0193962272E-02	 3.3469494253E-07	 2.9350561551E-04
    13   3   5	 6.2175049481E-03	 1.3229341955E-02	 3.3469494253E-07	 2.2052100962E-05
    13   3   6	 6.2175049481E-03	 1.3432726557E-02	 3.3469494253E-07	 4.9266262573E-04
    13   4   4	 1.0193962272E-02	 1.0193962272E-02	 2.9350561551E-04	 2.9350561551E-04
    13   4   5	 1.0193962272E-02	 1.3229341955E-02	 2.9350561551E-04	 2.2052100962E-05
    13   4   6	 1.0193962272E-02	 1.3432726557E-02	 2.9350561551E-04	 4.9266262573E-04
    13   5   5	 1.3229341955E-02	 1.3229341955E-02	 2.2052100962E-05	 2.2052100962E-05
    13   5   6	 1.3229341955E-02	 1.3432726557E-02	 2.2052100962E-05	 4.9266262573E-04
    13   6   6	 1.3432726557E-02	 1.3432726557E-02	 4.9266262573E-04	 4.9266262573E-04
    14   1   1	 3.1698262091E-03	 3.1698262091E-03	 4.1242221819E-09	 4.1242221819E-09
    14   1   2	 3.1698262091E-03	 5.6389282215E-03	 4.1242221819E-09	 1.8165845593E-06
    14   1   3	 3.1698262091E-03	 5.9811386756E-03	 4.1242221819E-09	 3.3702245074E-07
    14   1   4	 3.1698262091E-03	 1.0793741081E-02	 4.1242221819E-09	 1.4747593706E-04
    14   1   5	 3.1698262091E-03	 1.3174763004E-02	 4.1242221819E-09	 1.5548039500E-05
    14   1   6	 3.1698262091E-03	 1.3220470093E-02	 4.1242221819E-09	 1.8215870028E-04
    14   2   2	 5.6389282215E-03	 5.6389282215E-03	 1.8165845593E-06	 1.8165845593E-06
    14   2   3	 5.6389282215E-03	 5.9811386756E-03	 1.8165845593E-06	 3.3702245074E-07
    14   2   4	 5.6389282215E-03	 1.0793741081E-02	 1.8165845593E-06	 1.4747593706E-04
    14   2   5	 5.6389282215E-03	 1.3174763004E-02	 1.8165845593E-06	 1.5548039500E-05
    14   2   6	 5.6389282215E-03	 1.3220470093E-02	 1.8165845593E-06	 1.8215870028E-04
    14   3   3	 5.9811386756E-03	 5.9811386756E-03	 3.3702245074E-07	 3.3702245074E-07
    14   3   4	 5.9811386756E-03	 1.0793741081E-02	 3.3702245074E-07	 1.4747593706E-04
    14   3   5	 5.9811386756E-03	 1.3174763004E-02	 3.3702245074E-07	 1.5548039500E-05
    14   3   6	 5.9811386756E-03	 1.3220470093E-02	 3.3702245074E-07	 1.8215870028E-04
    14   4   4	 1.0793741081E-02	 1.0793741081E-02	 1.4747593706E-04	 1.4747593706E-04
    14   4   5	 1.0793741081E-02	 1.3174763004E-02	 1.4747593706E-04	 1.5548039500E-05
    14   4   6	 1.0793741081E-02	 1.3220470093E-02	 1.4747593706E-04	 1.8215870028E-04
    14   5   5	 1.3174763004E-02	 1.3174763004E-02	 1.5548039500E-05	 1.5548039500E-05
    14   5   6	 1.3174763004E-02	 1.3220470093E-02	 1.5548039500E-05	 1.8215870028E-04
    14   6   6	 1.3220470093E-02	 1.3220470093E-02	 1.8215870028E-04	 1.8215870028E-04
    15   1   1	 3.3382637938E-03	 3.3382637938E-03	 4.4011911503E-09	 4.4011911503E-09
    15   1   2	 3.3382637938E-03	 5.7836796245E-03	 4.4011911503E-09	 2.5417330506E-07
    15   1   3	 3.3382637938E-03	 5.8080587523E-03	 4.4011911503E-09	 1.8523770166E-06
    15   1   4	 3.3382637938E-03	 1.1338867916E-02	 4.4011911503E-09	 1.1585034386E-04
    15   1   5	 3.3382637938E-03	 1.2956299631E-02	 4.4011911503E-09	 2.0351714939E-04
    15   1   6	 3.3382637938E-03	 1.3132150189E-02	 4.4011911503E-09	 1.2168305707E-05
    15   2   2	 5.7836796245E-03	 5.7836796245E-03	 2.5417330506E-07	 2.5417330506E-07
    15   2   3	 5.7836796245E-03	 5.8080587523E-03	 2.5417330506E-07	 1.8523770166E-06
    15   2   4	 5.7836796245E-03	 1.1338867916E-02	 2.5417330506E-07	 1.1585034386E-04
    15   2   5	 5.7836796245E-03	 1.2956299631E-02	 2.5417330506E-07	 2.0351714939E-04
    15   2   6	 5.7836796245E-03	 1.3132150189E-02	 2.5417330506E-07	 1.2168305707E-05
    15   3   3	 5.8080587523E-03	 5.8080587523E-03	 1.8523770166E-06	 1.8523770166E-06
    15   3   4	 5.8080587523E-03	 1.1338867916E-02	 1.8523770166E-06	 1.1585034386E-04
    15   3   5	 5.8080587523E-03	 1.2956299631E-02	 1.8523770166E-06	 2.0351714939E-04
    15   3   6	 5.8080587523E-03	 1.3132150189E-02	 1.8523770166E-06	 1.2168305707E-05
    15   4   4	 1.1338867916E-02	 1.1338867916E-02	 1.1585034386E-04	 1.1585034386E-04
    15   4   5	 1.1338867916E-02	 1.2956299631E-02	 1.1585034386E-04	 2.0351714939E-04
    15   4   6	 1.1338867916E-02	 1.3132150189E-02	 1.1585034386E-04	 1.2168305707E-05
    15   5   5	 1.2956299631E-02	 1.2956299631E-02	 2.0351714939E-04	 2.0351714939E-04
    15   5   6	 1.2956299631E-02	 1.3132150189E-02	 2.0351714939E-04	 1.2168305707E-05
    15   6   6	 1.3132150189E-02	 1.3132150189E-02	 1.2168305707E-05	 1.2168305707E-05
    16   1   1	 3.4545258167E-03	 3.4545258167E-03	 4.6017365586E-09	 4.6017365586E-09
    16   1   2	 3.4545258167E-03	 5.6485137954E-03	 4.6017365586E-09	 1.9571119136E-07
    16   1   3	 3.4545258167E-03	 5.9117200026E-03	 4.6017365586E-09	 1.8742386277E-06
    16   1   4	 3.4545258167E-03	 1.1827362793E-02	 4.6017365586E-09	 1.0103864666E-04
    16   1   5	 3.4545258167E-03	 1.2638055172E-02	 4.6017365586E-09	 6.0677936686E-05
    16   1   6	 3.4545258167E-03	 1.3104975032E-02	 4.6017365586E-09	 6.8111204976E-06
    16   2   2	 5.6485137954E-03	 5.6485137954E-03	 1.9571119136E-07	 1.9571119136E-07
    16   2   3	 5.6485137954E-03	 5.9117200026E-03	 1.9571119136E-07	 1.8742386277E-06
    16   2   4	 5.6485137954E-03	 1.1827362793E-02	 1.9571119136E-07	 1.0103864666E-04
    16   2   5	 5.6485137954E-03	 1.2638055172E-02	 1.9571119136E-07	 6.0677936686E-05
    16   2   6	 5.6485137954E-03	 1.3104975032E-02	 1.9571119136E-07	 6.8111204976E-06
    16   3   3	 5.9117200026E-03	 5.9117200026E-03	 1.8742386277E-06	 1.8742386277E-06
    16   3   4	 5.9117200026E-03	 1.1827362793E-02	 1.8742386277E-06	 1.0103864666E-04
    16   3   5	 5.9117200026E-03	 1.2638055172E-02	 1.8742386277E-06	 6.0677936686E-05
    16   3   6	 5.9117200026E-03	 1.3104975032E-02	 1.8742386277E-06	 6.8111204976E-06
    16   4   4	 1.1827362793E-02	 1.1827362793E-02	 1.0103864666E-04	 1.0103864666E-04
    16   4   5	 1.1827362793E-02	 1.2638055172E-02	 1.0103864666E-04	 6.0677936686E-05
    16   4   6	 1.1827362793E-02	 1.3104975032E-02	 1.0103864666E-04	 6.8111204976E-06
    16   5   5	 1.2638055172E-02	 1.2638055172E-02	 6.0677936686E-05	 6.0677936686E-05
    16   5   6	 1.2638055172E-02	 1.3104975032E-02	 6.0677936686E-05	 6.8111204976E-06
    16   6   6	 1.3104975032E-02	 1.3104975032E-02	 6.8111204976E-06	 6.8111204976E-06
    17   1   1	 3.4967298745E-03	 3.4967298745E-03	 4.6744357937E-09	 4.6744357937E-09
    17   1   2	 3.4967298745E-03	 5.5997532352E-03	 4.6744357937E-09	 1.7792049165E-07
    17   1   3	 3.4967298745E-03	 5.9466560185E-03	 4.6744357937E-09	 1.8551949246E-06
    17   1   4	 3.4967298745E-03	 1.2225715256E-02	 4.6744357937E-09	 7.8871613778E-06
    17   1   5	 3.4967298745E-03	 1.2296733733E-02	 4.6744357937E-09	 7.1505288458E-05
    17   1   6	 3.4967298745E-03	 1.3095631078E-02	 4.6744357937E-09	 5.0079875060E-06
    17   2   2	 5.5997532352E-03	 5.5997532352E-03	 1.7792049165E-07	 1.7792049165E-07
    17   2   3	 5.5997532352E-03	 5.9466560185E-03	 1.7792049165E-07	 1.8551949246E-06
    17   2   4	 5.5997532352E-03	 1.2225715256E-02	 1.7792049165E-07	 7.8871613778E-06
    17   2   5	 5.5997532352E-03	 1.2296733733E-02	 1.7792049165E-07	 7.1505288458E-05
    17   2   6	 5.5997532352E-03	 1.3095631078E-02	 1.7792049165E-07	 5.0079875060E-06
    17   3   3	 5.9466560185E-03	 5.9466560185E-03	 1.8551949246E-06	 1.8551949246E-06
    17   3   4	 5.9466560185E-03	 1.2225715256E-02	 1.8551949246E-06	 7.8871613778E-06
    17   3   5	 5.9466560185E-03	 1.2296733733E-02	 1.8551949246E-06	 7.1505288458E-05
    17   3   6	 5.9466560185E-03	 1.3095631078E-02	 1.8551949246E-06	 5.0079875060E-06
    17   4   4	 1.2225715256E-02	 1.2225715256E-02	 7.8871613778E-06	 7.8871613778E-06
    17   4   5	 1.2225715256E-02	 1.2296733733E-02	 7.8871613778E-06	 7.1505288458E-05
    17   4   6	 1.2225715256E-02	 1.3095631078E-02	 7.8871613778E-06	 5.0079875060E-06
    17   5   5	 1.2296733733E-02	 1.2296733733E-02	 7.1505288458E-05	 7.1505288458E-05
    17   5   6	 1.2296733733E-02	 1.3095631078E-02	 7.1505288458E-05	 5.0079875060E-06
    17   6   6	 1.3095631078E-02	 1.3095631078E-02	 5.0079875060E-06	 5.0079875060E-06
    18   1   1	 4.0559899265E-04	 4.0559899265E-04	 1.2170800075E-10	 1.2170800075E-10
    18   1   2	 4.0559899265E-04	 9.2593694585E-04	 1.2170800075E-10	 9.7467945818E-08
    18   1   3	 4.0559899265E-04	 1.6891246492E-03	 1.2170800075E-10	 4.7975585064E-07
    18   1   4	 4.0559899265E-04	 8.3193791025E-03	 1.2170800075E-10	 1.0471354155E-06
    18   1   5	 4.0559899265E-04	 1.3743191119E-02	 1.2170800075E-10	 3.8209570743E-04
    18   1   6	 4.0559899265E-04	 1.3767685842E-02	 1.2170800075E-10	 7.2366409455E-04
    18   2   2	 9.2593694585E-04	 9.2593694585E-04	 9.7467945818E-08	 9.7467945818E-08
    18   2   3	 9.2593694585E-04	 1.6891246492E-03	 9.7467945818E-08	 4.7975585064E-07
    18   2   4	 9.2593694585E-04	 8.3193791025E-03	 9.7467945818E-08	 1.0471354155E-06
    18   2   5	 9.2593694585E-04	 1.3743191119E-02	 9.7467945818E-08	 3.8209570743E-04
    18   2   6	 9.2593694585E-04	 1.3767685842E-02	 9.7467945818E-08	 7.2366409455E-04
    18   3   3	 1.6891246492E-03	 1.6891246492E-03	 4.7975585064E-07	 4.7975585064E-07
    18   3   4	 1.6891246492E-03	 8.3193791025E-03	 4.7975585064E-07	 1.0471354155E-06
    18   3   5	 1.6891246492E-03	 1.3743191119E-02	 4.7975585064E-07	 3.8209570743E-04
    18   3   6	 1.6891246492E-03	 1.3767685842E-02	 4.7975585064E-07	 7.2366409455E-04
    18   4   4	 8.3193791025E-03	 8.3193791025E-03	 1.0471354155E-06	 1.0471354155E-06
    18   4   5	 8.3193791025E-03	 1.3743191119E-02	 1.0471354155E-06	 3.8209570743E-04
    18   4   6	 8.3193791025E-03	 1.3767685842E-02	 1.0471354155E-06	 7.2366409455E-04
    18   5   5	 1.3743191119E-02	 1.3743191119E-02	 3.8209570743E-04	 3.8209570743E-04
    18   5   6	 1.3743191119E-02	 1.3767685842E-02	 3.8209570743E-04	 7.2366409455E-04
    18   6   6	 1.3767685842E-02	 1.3767685842E-02	 7.2366409455E-04	 7.2366409455E-04
    19   1   1	 6.5946878215E-04	 6.5946878215E-04	 2.7534148269E-10	 2.7534148269E-10
    19   1   2	 6.5946878215E-04	 1.4126796835E-03	 2.7534148269E-10	 9.2931054171E-07
    19   1   3	 6.5946878215E-04	 2.5485984210E-03	 2.7534148269E-10	 1.6136052641E-06
    19   1   4	 6.5946878215E-04	 8.2432092931E-03	 2.7534148269E-10	 1.1340294580E-06
    19   1   5	 6.5946878215E-04	 1.3726783119E-02	 2.7534148269E-10	 3.4718923963E-04
    19   1   6	 6.5946878215E-04	 1.3785444390E-02	 2.7534148269E-10	 7.6687376098E-04
    19   2   2	 1.4126796835E-03	 1.4126796835E-03	 9.2931054171E-07	 9.2931054171E-07
    19   2   3	 1.4126796835E-03	 2.5485984210E-03	 9.2931054171E-07	 1.6136052641E-06
    19   2   4	 1.4126796835E-03	 8.2432092931E-03	 9.2931054171E-07	 1.1340294580E-06
    19   2   5	 1.4126796835E-03	 1.3726783119E-02	 9.2931054171E-07	 3.4718923963E-04
    19   2   6	 1.4126796835E-03	 1.3785444390E-02	 9.2931054171E-07	 7.6687376098E-04
    19   3   3	 2.5485984210E-03	 2.5485984210E-03	 1.6136052641E-06	 1.6136052641E-06
    19   3   4	 2.5485984210E-03	 8.2432092931E-03	 1.6136052641E-06	 1.1340294580E-06
    19   3   5	 2.5485984210E-03	 1.3726783119E-02	 1.6136052641E-06	 3.4718923963E-04
    19   3   6	 2.5485984210E-03	 1.3785444390E-02	 1.6136052641E-06	 7.6687376098E-04
    19   4   4	 8.2432092931E-03	 8.2432092931E-03	 1.1340294580E-06	 1.1340294580E-06
    19   4   5	 8.2432092931E-03	 1.3726783119E-02	 1.1340294580E-06	 3.4718923963E-04
    19   4   6	 8.2432092931E-03	 1.3785444390E-02	 1.1340294580E-06	 7.6687376098E-04
    19   5   5	 1.3726783119E-02	 1.3726783119E-02	 3.4718923963E-04	 3.4718923963E-04
    19   5   6	 1.3726783119E-02	 1.3785444390E-02	 3.4718923963E-04	 7.6687376098E-04
    19   6   6	 1.3785444390E-02	 1.3785444390E-02	 7.6687376098E-04	 7.6687376098E-04
    20   1   1	 9.1521079574E-04	 9.1521079574E-04	 5.0395853450E-10	 5.0395853450E-10
    20   1   2	 9.1521079574E-04	 1.9181694576E-03	 5.0395853450E-10	 2.9294142873E-06
    20   1   3	 9.1521079574E-04	 3.4434265332E-03	 5.0395853450E-10	 6.5554014401E-06
    20   1   4	 9.1521079574E-04	 8.1307328346E-03	 5.0395853450E-10	 1.0616275920E-06
    20   1   5	 9.1521079574E-04	 1.3701938913E-02	 5.0395853450E-10	 3.3584374634E-04
    20   1   6	 9.1521079574E-04	 1.3808353180E-02	 5.0395853450E-10	 6.0718196069E-04
    20   2   2	 1.9181694576E-03	 1.9181694576E-03	 2.9294142873E-06	 2.9294142873E-06
    20   2   3	 1.9181694576E-03	 3.4434265332E-03	 2.9294142873E-06	 6.5554014401E-06
    20   2   4	 1.9181694576E-03	 8.1307328346E-03	 2.9294142873E-06	 1.0616275920E-06
    20   2   5	 1.9181694576E-03	 1.3701938913E-02	 2.9294142873E-06	 3.3584374634E-04
    20   2   6	 1.9181694576E-03	 1.3808353180E-02	 2.9294142873E-06	 6.0718196069E-04
    20   3   3	 3.4434265332E-03	 3.4434265332E-03	 6.5554014401E-06	 6.5554014401E-06
    20   3   4	 3.4434265332E-03	 8.1307328346E-03	 6.5554014401E-06	 1.0616275920E-06
    20   3   5	 3.4434265332E-03	 1.3701938913E-02	 6.5554014401E-06	 3.3584374634E-04
    20   3   6	 3.4434265332E-03	 1.3808353180E-02	 6.5554014401E-06	 6.0718196069E-04
    20   4   4	 8.1307328346E-03	 8.1307328346E-03	 1.0616275920E-06	 1.0616275920E-06
    20   4   5	 8.1307328346E-03	 1.3701938913E-02	 1.0616275920E-06	 3.3584374634E-04
    20   4   6	 8.1307328346E-03	 1.3808353180E-02	 1.0616275920E-06	 6.0718196069E-04
    20   5   5	 1.3701938913E-02	 1.3701938913E-02	 3.3584374634E-04	 3.3584374634E-04
    20   5   6	 1.3701938913E-02	 1.3808353180E-02	 3.3584374634E-04	 6.0718196069E-04
    20   6   6	 1.3808353180E-02	 1.3808353180E-02	 6.0718196069E-04	 6.0718196069E-04
    21   1   1	 1.1702313320E-03	 1.1702313320E-03	 7.9927774291E-10	 7.9927774291E-10
    21   1   2	 1.1702313320E-03	 2.4215479925E-03	 7.9927774291E-10	 5.9044650056E-06
    21   1   3	 1.1702313320E-03	 4.3397519271E-03	 7.9927774291E-10	 1.1794699542E-05
    21   1   4	 1.1702313320E-03	 7.9840793328E-03	 7.9927774291E-10	 1.0698162581E-06
    21   1   5	 1.1702313320E-03	 1.3668761385E-02	 7.9927774291E-10	 3.0568480019E-04
    21   1   6	 1.1702313320E-03	 1.3831935905E-02	 7.9927774291E-10	 6.2074787249E-04
    21   2   2	 2.4215479925E-03	 2.4215479925E-03	 5.9044650056E-06	 5.9044650056E-06
    21   2   3	 2.4215479925E-03	 4.3397519271E-03	 5.9044650056E-06	 1.1794699542E-05
    21   2   4	 2.4215479925E-03	 7.9840793328E-03	 5.9044650056E-06	 1.0698162581E-06
    21   2   5	 2.4215479925E-03	 1.3668761385E-02	 5.9044650056E-06	 3.0568480019E-04
    21   2   6	 2.4215479925E-03	 1.3831935905E-02	 5.9044650056E-06	 6.2074787249E-04
    21   3   3	 4.3397519271E-03	 4.3397519271E-03	 1.1794699542E-05	 1.1794699542E-05
    21   3   4	 4.3397519271E-03	 7.9840793328E-03	 1.1794699542E-05	 1.0698162581E-06
    21   3   5	 4.3397519271E-03	 1.3668761385E-02	 1.1794699542E-05	 3.0568480019E-04
    21   3   6	 4.3397519271E-03	 1.3831935905E-02	 1.1794699542E-05	 6.2074787249E-04
    21   4   4	 7.9840793328E-03	 7.9840793328E-03	 1.0698162581E-06	 1.0698162581E-06
    21   4   5	 7.9840793328E-03	 1.3668761385E-02	 1.0698162581E-06	 3.0568480019E-04
    21   4   6	 7.9840793328E-03	 1.3831935905E-02	 1.0698162581E-06	 6.2074787249E-04
    21   5   5	 1.3668761385E-02	 1.3668761385E-02	 3.0568480019E-04	 3.0568480019E-04
    21   5   6	 1.3668761385E-02	 1.3831935905E-02	 3.0568480019E-04	 6.2074787249E-04
    21   6   6	 1.3831935905E-02	 1.3831935905E-02	 6.2074787249E-04	 6.2074787249E-04
    22   1   1	 1.4235349940E-03	 1.4235349940E-03	 1.1490783966E-09	 1.1490783966E-09
    22   1   2	 1.4235349940E-03	 2.9141745395E-03	 1.1490783966E-09	 9.0648489036E-06
    22   1   3	 1.4235349940E-03	 5.2232519010E-03	 1.1490783966E-09	 2.6045124439E-05
    22   1   4	 1.4235349940E-03	 7.8060834961E-03	 1.1490783966E-09	 8.3589993036E-07
    22   1   5	 1.4235349940E-03	 1.3627437489E-02	 1.1490783966E-09	 2.7753606195E-04
    22   1   6	 1.4235349940E-03	 1.3850762234E-02	 1.1490783966E-09	 8.5395350753E-04
    22   2   2	 2.9141745395E-03	 2.9141745395E-03	 9.0648489036E-06	 9.0648489036E-06
    22   2   3	 2.9141745395E-03	 5.2232519010E-03	 9.0648489036E-06	 2.6045124439E-05
    22   2   4	 2.9141745395E-03	 7.8060834961E-03	 9.0648489036E-06	 8.3589993036E-07
    22   2   5	 2.9141745395E-03	 1.3627437489E-02	 9.0648489036E-06	 2.7753606195E-04
    22   2   6	 2.9141745395E-03	 1.3850762234E-02	 9.0648489036E-06	 8.5395350753E-04
    22   3   3	 5.2232519010E-03	 5.2232519010E-03	 2.6045124439E-05	 2.6045124439E-05
    22   3   4	 5.2232519010E-03	 7.8060834961E-03	 2.6045124439E-05	 8.3589993036E-07
    22   3   5	 5.2232519010E-03	 1.3627437489E-02	 2.6045124439E-05	 2.7753606195E-04
    22   3   6	 5.2232519010E-03	 1.3850762234E-02	 2.6045124439E-05	 8.5395350753E-04
    22   4   4	 7.8060834961E-03	 7.8060834961E-03	 8.3589993036E-07	 8.3589993036E-07
    22   4   5	 7.8060834961E-03	 1.3627437489E-02	 8.3589993036E-07	 2.7753606195E-04
    22   4   6	 7.8060834961E-03	 1.3850762234E-02	 8.3589993036E-07	 8.5395350753E-04
    22   5   5	 1.3627437489E-02	 1.3627437489E-02	 2.7753606195E-04	 2.7753606195E-04
    22   5   6	 1.3627437489E-02	 1.3850762234E-02	 2.7753606195E-04	 8.5395350753E-04
    22   6   6	 1.3850762234E-02	 1.3850762234E-02	 8.5395350753E-04	 8.5395350753E-04
    23   1   1	 1.6745452342E-03	 1.6745452342E-03	 1.5391580954E-09	 1.5391580954E-09
    23   1   2	 1.6745452342E-03	 3.3901303849E-03	 1.5391580954E-09	 1.1026329395E-05
    23   1   3	 1.6745452342E-03	 6.0852302286E-03	 1.5391580954E-09	 4.5772694467E-05
    23   1   4	 1.6745452342E-03	 7.6002873546E-03	 1.5391580954E-09	 1.0877516691E-06
    23   1   5	 1.6745452342E-03	 1.3578390778E-02	 1.5391580954E-09	 2.3637789156E-04
    23   1   6	 1.6745452342E-03	 1.3858717567E-02	 1.5391580954E-09	 4.9401053069E-04
    23   2   2	 3.3901303849E-03	 3.3901303849E-03	 1.1026329395E-05	 1.1026329395E-05
    23   2   3	 3.3901303849E-03	 6.0852302286E-03	 1.1026329395E-05	 4.5772694467E-05
    23   2   4	 3.3901303849E-03	 7.6002873546E-03	 1.1026329395E-05	 1.0877516691E-06
    23   2   5	 3.3901303849E-03	 1.3578390778E-02	 1.1026329395E-05	 2.3637789156E-04
    23   2   6	 3.3901303849E-03	 1.3858717567E-02	 1.1026329395E-05	 4.9401053069E-04
    23   3   3	 6.0852302286E-03	 6.0852302286E-03	 4.5772694467E-05	 4.5772694467E-05
    23   3   4	 6.0852302286E-03	 7.6002873546E-03	 4.5772694467E-05	 1.0877516691E-06
    23   3   5	 6.0852302286E-03	 1.3578390778E-02	 4.5772694467E-05	 2.3637789156E-04
    23   3   6	 6.0852302286E-03	 1.3858717567E-02	 4.5772694467E-05	 4.9401053069E-04
    23   4   4	 7.6002873546E-03	 7.6002873546E-03	 1.0877516691E-06	 1.0877516691E-06
    23   4   5	 7.6002873546E-03	 1.3578390778E-02	 1.0877516691E-06	 2.3637789156E-04
    23   4   6	 7.6002873546E-03	 1.3858717567E-02	 1.0877516691E-06	 4.9401053069E-04
    23   5   5	 1.3578390778E-02	 1.3578390778E-02	 2.3637789156E-04	 2.3637789156E-04
    23   5   6	 1.3578390778E-02	 1.3858717567E-02	 2.3637789156E-04	 4.9401053069E-04
    23   6   6	 1.3858717567E-02	 1.3858717567E-02	 4.9401053069E-04	 4.9401053069E-04
    24   1   1	 1.9228050830E-03	 1.9228050830E-03	 1.9544108008E-09	 1.9544108008E-09
    24   1   2	 1.9228050830E-03	 3.8441186315E-03	 1.9544108008E-09	 1.0262000174E-05
    24   1   3	 1.9228050830E-03	 6.9191226311E-03	 1.9544108008E-09	 7.1610031610E-05
    24   1   4	 1.9228050830E-03	 7.3709550249E-03	 1.9544108008E-09	 7.8055443356E-07
    24   1   5	 1.9228050830E-03	 1.3522406184E-02	 1.9544108008E-09	 2.0679466153E-04
    24   1   6	 1.9228050830E-03	 1.3849321710E-02	 1.9544108008E-09	 7.1815974744E-04
    24   2   2	 3.8441186315E-03	 3.8441186315E-03	 1.0262000174E-05	 1.0262000174E-05
    24   2   3	 3.8441186315E-03	 6.9191226311E-03	 1.0262000174E-05	 7.1610031610E-05
    24   2   4	 3.8441186315E-03	 7.3709550249E-03	 1.0262000174E-05	 7.8055443356E-07
    24   2   5	 3.8441186315E-03	 1.3522406184E-02	 1.0262000174E-05	 2.0679466153E-04
    24   2   6	 3.8441186315E-03	 1.3849321710E-02	 1.0262000174E-05	 7.1815974744E-04
    24   3   3	 6.9191226311E-03	 6.9191226311E-03	 7.1610031610E-05	 7.1610031610E-05
    24   3   4	 6.9191226311E-03	 7.3709550249E-03	 7.1610031610E-05	 7.8055443356E-07
    24   3   5	 6.9191226311E-03	 1.3522406184E-02	 7.1610031610E-05	 2.0679466153E-04
    24   3   6	 6.9191226311E-03	 1.3849321710E-02	 7.1610031610E-05	 7.1815974744E-04
    24   4   4	 7.3709550249E-03	 7.3709550249E-03	 7.8055443356E-07	 7.8055443356E-07
    24   4   5	 7.3709550249E-03	 1.3522406184E-02	 7.8055443356E-07	 2.0679466153E-04
    24   4   6	 7.3709550249E-03	 1.3849321710E-02	 7.8055443356E-07	 7.1815974744E-04
    24   5   5	 1.3522406184E-02	 1.3522406184E-02	 2.0679466153E-04	 2.0679466153E-04
    24   5   6	 1.3522406184E-02	 1.3849321710E-02	 2.0679466153E-04	 7.1815974744E-04
    24   6   6	 1.3849321710E-02	 1.3849321710E-02	 7.1815974744E-04	 7.1815974744E-04
    25   1   1	 2.1677842829E-03	 2.1677842829E-03	 2.3798979809E-09	 2.3798979809E-09
    25   1   2	 2.1677842829E-03	 4.2708085424E-03	 2.3798979809E-09	 7.0901645658E-06
    25   1   3	 2.1677842829E-03	 7.1231165063E-03	 2.3798979809E-09	 6.5412591312E-07
    25   1   4	 2.1677842829E-03	 7.7193982448E-03	 2.3798979809E-09	 1.0132134262E-04
    25   1   5	 2.1677842829E-03	 1.3460745026E-02	 2.3798979809E-09	 1.6611492728E-04
    25   1   6	 2.1677842829E-03	 1.3816041817E-02	 2.3798979809E-09	 5.4533334024E-04
    25   2   2	 4.2708085424E-03	 4.2708085424E-03	 7.0901645658E-06	 7.0901645658E-06
    25   2   3	 4.2708085424E-03	 7.1231165063E-03	 7.0901645658E-06	 6.5412591312E-07
    25   2   4	 4.2708085424E-03	 7.7193982448E-03	 7.0901645658E-06	 1.0132134262E-04
    25   2   5	 4.2708085424E-03	 1.3460745026E-02	 7.0901645658E-06	 1.6611492728E-04
    25   2   6	 4.2708085424E-03	 1.3816041817E-02	 7.0901645658E-06	 5.4533334024E-04
    25   3   3	 7.1231165063E-03	 7.1231165063E-03	 6.5412591312E-07	 6.5412591312E-07
    25   3   4	 7.1231165063E-03	 7.7193982448E-03	 6.5412591312E-07	 1.0132134262E-04
    25   3   5	 7.1231165063E-03	 1.3460745026E-02	 6.5412591312E-07	 1.6611492728E-04
    25   3   6	 7.1231165063E-03	 1.3816041817E-02	 6.5412591312E-07	 5.4533334024E-04
    25   4   4	 7.7193982448E-03	 7.7193982448E-03	 1.0132134262E-04	 1.0132134262E-04
    25   4   5	 7.7193982448E-03	 1.3460745026E-02	 1.0132134262E-04	 1.6611492728E-04
    25   4   6	 7.7193982448E-03	 1.3816041817E-02	 1.0132134262E-04	 5.4533334024E-04
    25   5   5	 1.3460745026E-02	 1.3460745026E-02	 1.6611492728E-04	 1.6611492728E-04
    25   5   6	 1.3460745026E-02	 1.3816041817E-02	 1.6611492728E-04	 5.4533334024E-04
    25   6   6	 1.3816041817E-02	 1.3816041817E-02	 5.4533334024E-04	 5.4533334024E-04
    26   1   1	 2.4086258925E-03	 2.4086258925E-03	 2.8018081459E-09	 2.8018081459E-09
    26   1   2	 2.4086258925E-03	 4.6645862502E-03	 2.8018081459E-09	 4.0065655020E-06
    26   1   3	 2.4086258925E-03	 6.8626734239E-03	 2.8018081459E-09	 6.7638432145E-07
    26   1   4	 2.4086258925E-03	 8.4811767371E-03	 2.8018081459E-09	 1.5741534563E-04
    26   1   5	 2.4086258925E-03	 1.3395228367E-02	 2.8018081459E-09	 1.2132630472E-04
    26   1   6	 2.4086258925E-03	 1.3752586792E-02	 2.8018081459E-09	 5.3835155657E-04
    26   2   2	 4.6645862502E-03	 4.6645862502E-03	 4.0065655020E-06	 4.0065655020E-06
    26   2   3	 4.6645862502E-03	 6.8626734239E-03	 4.0065655020E-06	 6.7638432145E-07
    26   2   4	 4.6645862502E-03	 8.4811767371E-03	 4.0065655020E-06	 1.5741534563E-04
    26   2   5	 4.6645862502E-03	 1.3395228367E-02	 4.0065655020E-06	 1.2132630472E-04
    26   2   6	 4.6645862502E-03	 1.3752586792E-02	 4.0065655020E-06	 5.3835155657E-04
    26   3   3	 6.8626734239E-03	 6.8626734239E-03	 6.7638432145E-07	 6.7638432145E-07
    26   3   4	 6.8626734239E-03	 8.4811767371E-03	 6.7638432145E-07	 1.5741534563E-04
    26   3   5	 6.8626734239E-03	 1.3395228367E-02	 6.7638432145E-07	 1.2132630472E-04
    26   3   6	 6.8626734239E-03	 1.3752586792E-02	 6.7638432145E-07	 5.3835155657E-04
    26   4   4	 8.4811767371E-03	 8.4811767371E-03	 1.5741534563E-04	 1.5741534563E-04
    26   4   5	 8.4811767371E-03	 1.3395228367E-02	 1.5741534563E-04	 1.2132630472E-04
    26   4   6	 8.4811767371E-03	 1.3752586792E-02	 1.5741534563E-04	 5.3835155657E-04
    26   5   5	 1.3395228367E-02	 1.3395228367E-02	 1.2132630472E-04	 1.2132630472E-04
    26   5   6	 1.3395228367E-02	 1.3752586792E-02	 1.2132630472E-04	 5.3835155657E-04
    26   6   6	 1.3752586792E-02	 1.3752586792E-02	 5.3835155657E-04	 5.3835155657E-04
    27   1   1	 2.6437297514E-03	 2.6437297514E-03	 3.2081802514E-09	 3.2081802514E-09
    27   1   2	 2.6437297514E-03	 5.0194772219E-03	 3.2081802514E-09	 2.5969897634E-06
    27   1   3	 2.6437297514E-03	 6.5966306856E-03	 3.2081802514E-09	 3.9952212219E-07
    27   1   4	 2.6437297514E-03	 9.2001033311E-03	 3.2081802514E-09	 2.9374592359E-04
    27   1   5	 2.6437297514E-03	 1.3328225133E-02	 3.2081802514E-09	 8.1746072519E-05
    27   1   6	 2.6437297514E-03	 1.3653211752E-02	 3.2081802514E-09	 5.2109867832E-04
    27   2   2	 5.0194772219E-03	 5.0194772219E-03	 2.5969897634E-06	 2.5969897634E-06
    27   2   3	 5.0194772219E-03	 6.5966306856E-03	 2.5969897634E-06	 3.9952212219E-07
    27   2   4	 5.0194772219E-03	 9.2001033311E-03	 2.5969897634E-06	 2.9374592359E-04
    27   2   5	 5.0194772219E-03	 1.3328225133E-02	 2.5969897634E-06	 8.1746072519E-05
    27   2   6	 5.0194772219E-03	 1.3653211752E-02	 2.5969897634E-06	 5.2109867832E-04
    27   3   3	 6.5966306856E-03	 6.5966306856E-03	 3.9952212219E-07	 3.9952212219E-07
    27   3   4	 6.5966306856E-03	 9.2001033311E-03	 3.9952212219E-07	 2.9374592359E-04
    27   3   5	 6.5966306856E-03	 1.3328225133E-02	 3.9952212219E-07	 8.1746072519E-05
    27   3   6	 6.5966306856E-03	 1.3653211752E-02	 3.9952212219E-07	 5.2109867832E-04
    27   4   4	 9.2001033311E-03	 9.2001033311E-03	 2.9374592359E-04	 2.9374592359E-04
    27   4   5	 9.2001033311E-03	 1.3328225133E-02	 2.9374592359E-04	 8.1746072519E-05
    27   4   6	 9.2001033311E-03	 1.3653211752E-02	 2.9374592359E-04	 5.2109867832E-04
    27   5   5	 1.3328225133E-02	 1.3328225133E-02	 8.1746072519E-05	 8.1746072519E-05
    27   5   6	 1.3328225133E-02	 1.3653211752E-02	 8.1746072519E-05	 5.2109867832E-04
    27   6   6	 1.3653211752E-02	 1.3653211752E-02	 5.2109867832E-04	 5.2109867832E-04
    28   1   1	 2.8700408271E-03	 2.8700408271E-03	 3.5892004292E-09	 3.5892004292E-09
    28   1   2	 2.8700408271E-03	 5.3291938566E-03	 3.5892004292E-09	 2.3431014146E-06
    28   1   3	 2.8700408271E-03	 6.3335721607E-03	 3.5892004292E-09	 3.8992336520E-07
    28   1   4	 2.8700408271E-03	 9.8723291371E-03	 3.5892004292E-09	 7.3851967814E-04
    28   1   5	 2.8700408271E-03	 1.3262287789E-02	 3.5892004292E-09	 5.1544743053E-05
    28   1   6	 2.8700408271E-03	 1.3513251740E-02	 3.5892004292E-09	 6.2533907366E-04
    28   2   2	 5.3291938566E-03	 5.3291938566E-03	 2.3431014146E-06	 2.3431014146E-06
    28   2   3	 5.3291938566E-03	 6.3335721607E-03	 2.3431014146E-06	 3.8992336520E-07
    28   2   4	 5.3291938566E-03	 9.8723291371E-03	 2.3431014146E-06	 7.3851967814E-04
    28   2   5	 5.3291938566E-03	 1.3262287789E-02	 2.3431014146E-06	 5.1544743053E-05
    28   2   6	 5.3291938566E-03	 1.3513251740E-02	 2.3431014146E-06	 6.2533907366E-04
    28   3   3	 6.3335721607E-03	 6.3335721607E-03	 3.8992336520E-07	 3.8992336520E-07
    28   3   4	 6.3335721607E-03	 9.8723291371E-03	 3.8992336520E-07	 7.3851967814E-04
    28   3   5	 6.3335721607E-03	 1.3262287789E-02	 3.8992336520E-07	 5.1544743053E-05
    28   3   6	 6.3335721607E-03	 1.3513251740E-02	 3.8992336520E-07	 6.2533907366E-04
    28   4   4	 9.8723291371E-03	 9.8723291371E-03	 7.3851967814E-04	 7.3851967814E-04
    28   4   5	 9.8723291371E-03	 1.3262287789E-02	 7.3851967814E-04	 5.1544743053E-05
    28   4   6	 9.8723291371E-03	 1.3513251740E-02	 7.3851967814E-04	 6.2533907366E-04
    28   5   5	 1.3262287789E-02	 1.3262287789E-02	 5.1544743053E-05	 5.1544743053E-05
    28   5   6	 1.3262287789E-02	 1.3513251740E-02	 5.1544743053E-05	 6.2533907366E-04
    28   6   6	 1.3513251740E-02	 1.3513251740E-02	 6.2533907366E-04	 6.2533907366E-04
    29   1   1	 3.0818519901E-03	 3.0818519901E-03	 3.9366974477E-09	 3.9366974477E-09
    29   1   2	 3.0818519901E-03	 5.5873198717E-03	 3.9366974477E-09	 2.0419057943E-06
    29   1   3	 3.0818519901E-03	 6.0845703143E-03	 3.9366974477E-09	 3.3235896364E-07
    29   1   4	 3.0818519901E-03	 1.0494535112E-02	 3.9366974477E-09	 2.6155268232E-04
    29   1   5	 3.0818519901E-03	 1.3196907801E-02	 3.9366974477E-09	 6.1231485825E-05
    29   1   6	 3.0818519901E-03	 1.3332373229E-02	 3.9366974477E-09	 2.3369746125E-04
    29   2   2	 5.5873198717E-03	 5.5873198717E-03	 2.0419057943E-06	 2.0419057943E-06
    29   2   3	 5.5873198717E-03	 6.0845703143E-03	 2.0419057943E-06	 3.3235896364E-07
    29   2   4	 5.5873198717E-03	 1.0494535112E-02	 2.0419057943E-06	 2.6155268232E-04
    29   2   5	 5.5873198717E-03	 1.3196907801E-02	 2.0419057943E-06	 6.1231485825E-05
    29   2   6	 5.5873198717E-03	 1.3332373229E-02	 2.0419057943E-06	 2.3369746125E-04
    29   3   3	 6.0845703143E-03	 6.0845703143E-03	 3.3235896364E-07	 3.3235896364E-07
    29   3   4	 6.0845703143E-03	 1.0494535112E-02	 3.3235896364E-07	 2.6155268232E-04
    29   3   5	 6.0845703143E-03	 1.3196907801E-02	 3.3235896364E-07	 6.1231485825E-05
    29   3   6	 6.0845703143E-03	 1.3332373229E-02	 3.3235896364E-07	 2.3369746125E-04
    29   4   4	 1.0494535112E-02	 1.0494535112E-02	 2.6155268232E-04	 2.6155268232E-04
    29   4   5	 1.0494535112E-02	 1.3196907801E-02	 2.6155268232E-04	 6.1231485825E-05
    29   4   6	 1.0494535112E-02	 1.3332373229E-02	 2.6155268232E-04	 2.3369746125E-04
    29   5   5	 1.3196907801E-02	 1.3196907801E-02	 6.1231485825E-05	 6.1231485825E-05
    29   5   6	 1.3196907801E-02	 1.3332373229E-02	 6.1231485825E-05	 2.3369746125E-04
    29   6   6	 1.3332373229E-02	 1.3332373229E-02	 2.3369746125E-04	 2.3369746125E-04
    30   1   1	 3.2689621670E-03	 3.2689621670E-03	 4.2418261418E-09	 4.2418261418E-09
    30   1   2	 3.2689621670E-03	 5.7876557948E-03	 4.2418261418E-09	 2.0018323463E-06
    30   1   3	 3.2689621670E-03	 5.8647014121E-03	 4.2418261418E-09	 3.0177047551E-07
    30   1   4	 3.2689621670E-03	 1.1063963015E-02	 4.2418261418E-09	 1.1483449599E-04
    30   1   5	 3.2689621670E-03	 1.3063175149E-02	 4.2418261418E-09	 1.3464090319E-04
    30   1   6	 3.2689621670E-03	 1.3179735130E-02	 4.2418261418E-09	 3.3355984332E-05
    30   2   2	 5.7876557948E-03	 5.7876557948E-03	 2.0018323463E-06	 2.0018323463E-06
    30   2   3	 5.7876557948E-03	 5.8647014121E-03	 2.0018323463E-06	 3.0177047551E-07
    30   2   4	 5.7876557948E-03	 1.1063963015E-02	 2.0018323463E-06	 1.1483449599E-04
    30   2   5	 5.7876557948E-03	 1.3063175149E-02	 2.0018323463E-06	 1.3464090319E-04
    30   2   6	 5.7876557948E-03	 1.3179735130E-02	 2.0018323463E-06	 3.3355984332E-05
    30   3   3	 5.8647014121E-03	 5.8647014121E-03	 3.0177047551E-07	 3.0177047551E-07
    30   3   4	 5.8647014121E-03	 1.1063963015E-02	 3.0177047551E-07	 1.1483449599E-04
    30   3   5	 5.8647014121E-03	 1.3063175149E-02	 3.0177047551E-07	 1.3464090319E-04
    30   3   6	 5.8647014121E-03	 1.3179735130E-02	 3.0177047551E-07	 3.3355984332E-05
    30   4   4	 1.1063963015E-02	 1.1063963015E-02	 1.1483449599E-04	 1.1483449599E-04
    30   4   5	 1.1063963015E-02	 1.3063175149E-02	 1.1483449599E-04	 1.3464090319E-04
    30   4   6	 1.1063963015E-02	 1.3179735130E-02	 1.1483449599E-04	 3.3355984332E-05
    30   5   5	 1.3063175149E-02	 1.3063175149E-02	 1.3464090319E-04	 1.3464090319E-04
    30   5   6	 1.3063175149E-02	 1.3179735130E-02	 1.3464090319E-04	 3.3355984332E-05
    30   6   6	 1.3179735130E-02	 1.3179735130E-02	 3.3355984332E-05	 3.3355984332E-05
    31   1   1	 3.4146849569E-03	 3.4146849569E-03	 4.4879472132E-09	 4.4879472132E-09
    31   1   2	 3.4146849569E-03	 5.6946977337E-03	 4.4879472132E-09	 2.0725482168E-07
    31   1   3	 3.4146849569E-03	 5.9247257714E-03	 4.4879472132E-09	 1.9712838496E-06
    31   1   4	 3.4146849569E-03	 1.1578379893E-02	 4.4879472132E-09	 1.0579774637E-04
    31   1   5	 3.4146849569E-03	 1.2784536146E-02	 4.4879472132E-09	 8.0949670133E-05
    31   1   6	 3.4146849569E-03	 1.3132923213E-02	 4.4879472132E-09	 1.6209395817E-05
    31   2   2	 5.6946977337E-03	 5.6946977337E-03	 2.0725482168E-07	 2.0725482168E-07
    31   2   3	 5.6946977337E-03	 5.9247257714E-03	 2.0725482168E-07	 1.9712838496E-06
    31   2   4	 5.6946977337E-03	 1.1578379893E-02	 2.0725482168E-07	 1.0579774637E-04
    31   2   5	 5.6946977337E-03	 1.2784536146E-02	 2.0725482168E-07	 8.0949670133E-05
    31   2   6	 5.6946977337E-03	 1.3132923213E-02	 2.0725482168E-07	 1.6209395817E-05
    31   3   3	 5.9247257714E-03	 5.9247257714E-03	 1.9712838496E-06	 1.9712838496E-06
    31   3   4	 5.9247257714E-03	 1.1578379893E-02	 1.9712838496E-06	 1.0579774637E-04
    31   3   5	 5.9247257714E-03	 1.2784536146E-02	 1.9712838496E-06	 8.0949670133E-05
    31   3   6	 5.9247257714E-03	 1.3132923213E-02	 1.9712838496E-06	 1.6209395817E-05
    31   4   4	 1.1578379893E-02	 1.1578379893E-02	 1.0579774637E-04	 1.0579774637E-04
    31   4   5	 1.1578379893E-02	 1.2784536146E-02	 1.0579774637E-04	 8.0949670133E-05
    31   4   6	 1.1578379893E-02	 1.3132923213E-02	 1.0579774637E-04	 1.6209395817E-05
    31   5   5	 1.2784536146E-02	 1.2784536146E-02	 8.0949670133E-05	 8.0949670133E-05
    31   5   6	 1.2784536146E-02	 1.3132923213E-02	 8.0949670133E-05	 1.6209395817E-05
    31   6   6	 1.3132923213E-02	 1.3132923213E-02	 1.6209395817E-05	 1.6209395817E-05
    32   1   1	 3.4967298745E-03	 3.4967298745E-03	 4.6363012157E-09	 4.6363012157E-09
    32   1   2	 3.4967298745E-03	 5.5997532352E-03	 4.6363012157E-09	 1.7464177544E-07
    32   1   3	 3.4967298745E-03	 5.9943843798E-03	 4.6363012157E-09	 1.9110752984E-06
    32   1   4	 3.4967298745E-03	 1.2035016109E-02	 4.6363012157E-09	 6.7081970112E-05
    32   1   5	 3.4967298745E-03	 1.2442607528E-02	 4.6363012157E-09	 6.3764099518E-05
    32   1   6	 3.4967298745E-03	 1.3112715440E-02	 4.6363012157E-09	 1.0186861520E-05
    32   2   2	 5.5997532352E-03	 5.5997532352E-03	 1.7464177544E-07	 1.7464177544E-07
    32   2   3	 5.5997532352E-03	 5.9943843798E-03	 1.7464177544E-07	 1.9110752984E-06
    32   2   4	 5.5997532352E-03	 1.2035016109E-02	 1.7464177544E-07	 6.7081970112E-05
    32   2   5	 5.5997532352E-03	 1.2442607528E-02	 1.7464177544E-07	 6.3764099518E-05
    32   2   6	 5.5997532352E-03	 1.3112715440E-02	 1.7464177544E-07	 1.0186861520E-05
    32   3   3	 5.9943843798E-03	 5.9943843798E-03	 1.9110752984E-06	 1.9110752984E-06
    32   3   4	 5.9943843798E-03	 1.2035016109E-02	 1.9110752984E-06	 6.7081970112E-05
    32   3   5	 5.9943843798E-03	 1.2442607528E-02	 1.9110752984E-06	 6.3764099518E-05
    32   3   6	 5.9943843798E-03	 1.3112715440E-02	 1.9110752984E-06	 1.0186861520E-05
    32   4   4	 1.2035016109E-02	 1.2035016109E-02	 6.7081970112E-05	 6.7081970112E-05
    32   4   5	 1.2035016109E-02	 1.2442607528E-02	 6.7081970112E-05	 6.3764099518E-05
    32   4   6	 1.2035016109E-02	 1.3112715440E-02	 6.7081970112E-05	 1.0186861520E-05
    32   5   5	 1.2442607528E-02	 1.2442607528E-02	 6.3764099518E-05	 6.3764099518E-05
    32   5   6	 1.2442607528E-02	 1.3112715440E-02	 6.3764099518E-05	 1.0186861520E-05
    32   6   6	 1.3112715440E-02	 1.3112715440E-02	 1.0186861520E-05	 1.0186861520E-05
    33   1   1	 8.1775298715E-04	 8.1775298715E-04	 4.5903641142E-10	 4.5903641142E-10
    33   1   2	 8.1775298715E-04	 1.8586262165E-03	 4.5903641142E-10	 2.3785314487E-06
    33   1   3	 8.1775298715E-04	 3.3357217607E-03	 4.5903641142E-10	 6.0636740275E-06
    33   1   4	 8.1775298715E-04	 8.1555741372E-03	 4.5903641142E-10	 9.5642601744E-07
    33   1   5	 8.1775298715E-04	 1.3707422594E-02	 4.5903641142E-10	 3.6906558491E-04
    33   1   6	 8.1775298715E-04	 1.3795994427E-02	 4.5903641142E-10	 6.6523850264E-04
    33   2   2	 1.8586262165E-03	 1.8586262165E-03	 2.3785314487E-06	 2.3785314487E-06
    33   2   3	 1.8586262165E-03	 3.3357217607E-03	 2.3785314487E-06	 6.0636740275E-06
    33   2   4	 1.8586262165E-03	 8.1555741372E-03	 2.3785314487E-06	 9.5642601744E-07
    33   2   5	 1.8586262165E-03	 1.3707422594E-02	 2.3785314487E-06	 3.6906558491E-04
    33   2   6	 1.8586262165E-03	 1.3795994427E-02	 2.3785314487E-06	 6.6523850264E-04
    33   3   3	 3.3357217607E-03	 3.3357217607E-03	 6.0636740275E-06	 6.0636740275E-06
    33   3   4	 3.3357217607E-03	 8.1555741372E-03	 6.0636740275E-06	 9.5642601744E-07
    33   3   5	 3.3357217607E-03	 1.3707422594E-02	 6.0636740275E-06	 3.6906558491E-04
    33   3   6	 3.3357217607E-03	 1.3795994427E-02	 6.0636740275E-06	 6.6523850264E-04
    33   4   4	 8.1555741372E-03	 8.1555741372E-03	 9.5642601744E-07	 9.5642601744E-07
    33   4   5	 8.1555741372E-03	 1.3707422594E-02	 9.5642601744E-07	 3.6906558491E-04
    33   4   6	 8.1555741372E-03	 1.3795994427E-02	 9.5642601744E-07	 6.6523850264E-04
    33   5   5	 1.3707422594E-02	 1.3707422594E-02	 3.6906558491E-04	 3.6906558491E-04
    33   5   6	 1.3707422594E-02	 1.3795994427E-02	 3.6906558491E-04	 6.6523850264E-04
    33   6   6	 1.3795994427E-02	 1.3795994427E-02	 6.6523850264E-04	 6.6523850264E-04
    34   1   1	 1.0701152653E-03	 1.0701152653E-03	 7.0441314253E-10	 7.0441314253E-10
    34   1   2	 1.0701152653E-03	 2.3376417491E-03	 7.0441314253E-10	 8.7268761982E-06
    34   1   3	 1.0701152653E-03	 4.1419287774E-03	 7.0441314253E-10	 5.9738476107E-06
    34   1   4	 1.0701152653E-03	 8.0260580679E-03	 7.0441314253E-10	 1.0963672681E-06
    34   1   5	 1.0701152653E-03	 1.3680654524E-02	 7.0441314253E-10	 3.4845944487E-04
    34   1   6	 1.0701152653E-03	 1.3816556498E-02	 7.0441314253E-10	 8.5154499421E-04
    34   2   2	 2.3376417491E-03	 2.3376417491E-03	 8.7268761982E-06	 8.7268761982E-06
    34   2   3	 2.3376417491E-03	 4.1419287774E-03	 8.7268761982E-06	 5.9738476107E-06
    34   2   4	 2.3376417491E-03	 8.0260580679E-03	 8.7268761982E-06	 1.0963672681E-06
    34   2   5	 2.3376417491E-03	 1.3680654524E-02	 8.7268761982E-06	 3.4845944487E-04
    34   2   6	 2.3376417491E-03	 1.3816556498E-02	 8.7268761982E-06	 8.5154499421E-04
    34   3   3	 4.1419287774E-03	 4.1419287774E-03	 5.9738476107E-06	 5.9738476107E-06
    34   3   4	 4.1419287774E-03	 8.0260580679E-03	 5.9738476107E-06	 1.0963672681E-06
    34   3   5	 4.1419287774E-03	 1.3680654524E-02	 5.9738476107E-06	 3.4845944487E-04
    34   3   6	 4.1419287774E-03	 1.3816556498E-02	 5.9738476107E-06	 8.5154499421E-04
    34   4   4	 8.0260580679E-03	 8.0260580679E-03	 1.0963672681E-06	 1.0963672681E-06
    34   4   5	 8.0260580679E-03	 1.3680654524E-02	 1.0963672681E-06	 3.4845944487E-04
    34   4   6	 8.0260580679E-03	 1.3816556498E-02	 1.0963672681E-06	 8.5154499421E-04
    34   5   5	 1.3680654524E-02	 1.3680654524E-02	 3.4845944487E-04	 3.4845944487E-04
    34   5   6	 1.3680654524E-02	 1.3816556498E-02	 3.4845944487E-04	 8.5154499421E-04
    34   6   6	 1.3816556498E-02	 1.3816556498E-02	 8.5154499421E-04	 8.5154499421E-04
    35   1   1	 1.3231006364E-03	 1.3231006364E-03	 1.0085822649E-09	 1.0085822649E-09
    35   1   2	 1.3231006364E-03	 2.8254887299E-03	 1.0085822649E-09	 1.9278006032E-05
    35   1   3	 1.3231006364E-03	 4.9675008153E-03	 1.0085822649E-09	 2.5848981108E-05
    35   1   4	 1.3231006364E-03	 7.8637758188E-03	 1.0085822649E-09	 1.0036512058E-06
    35   1   5	 1.3231006364E-03	 1.3645897426E-02	 1.0085822649E-09	 3.1886906667E-04
    35   1   6	 1.3231006364E-03	 1.3834786183E-02	 1.0085822649E-09	 5.5895647471E-04
    35   2   2	 2.8254887299E-03	 2.8254887299E-03	 1.9278006032E-05	 1.9278006032E-05
    35   2   3	 2.8254887299E-03	 4.9675008153E-03	 1.9278006032E-05	 2.5848981108E-05
    35   2   4	 2.8254887299E-03	 7.8637758188E-03	 1.9278006032E-05	 1.0036512058E-06
    35   2   5	 2.8254887299E-03	 1.3645897426E-02	 1.9278006032E-05	 3.1886906667E-04
    35   2   6	 2.8254887299E-03	 1.3834786183E-02	 1.9278006032E-05	 5.5895647471E-04
    35   3   3	 4.9675008153E-03	 4.9675008153E-03	 2.5848981108E-05	 2.5848981108E-05
    35   3   4	 4.9675008153E-03	 7.8637758188E-03	 2.5848981108E-05	 1.0036512058E-06
    35   3   5	 4.9675008153E-03	 1.3645897426E-02	 2.5848981108E-05	 3.1886906667E-04
    35   3   6	 4.9675008153E-03	 1.3834786183E-02	 2.5848981108E-05	 5.5895647471E-04
    35   4   4	 7.8637758188E-03	 7.8637758188E-03	 1.0036512058E-06	 1.0036512058E-06
    35   4   5	 7.8637758188E-03	 1.3645897426E-02	 1.0036512058E-06	 3.1886906667E-04
    35   4   6	 7.8637758188E-03	 1.3834786183E-02	 1.0036512058E-06	 5.5895647471E-04
    35   5   5	 1.3645897426E-02	 1.3645897426E-02	 3.1886906667E-04	 3.1886906667E-04
    35   5   6	 1.3645897426E-02	 1.3834786183E-02	 3.1886906667E-04	 5.5895647471E-04
    35   6   6	 1.3834786183E-02	 1.3834786183E-02	 5.5895647471E-04	 5.5895647471E-04
    36   1   1	 1.5749217299E-03	 1.5749217299E-03	 1.3607715792E-09	 1.3607715792E-09
    36   1   2	 1.5749217299E-03	 3.3067915593E-03	 1.3607715792E-09	 3.1417685923E-05
    36   1   3	 1.5749217299E-03	 5.7917766658E-03	 1.3607715792E-09	 3.0213074758E-05
    36   1   4	 1.5749217299E-03	 7.6718962100E-03	 1.3607715792E-09	 8.9282336565E-07
    36   1   5	 1.5749217299E-03	 1.3603399805E-02	 1.3607715792E-09	 2.3538653673E-04
    36   1   6	 1.5749217299E-03	 1.3845016876E-02	 1.3607715792E-09	 6.6205491645E-04
    36   2   2	 3.3067915593E-03	 3.3067915593E-03	 3.1417685923E-05	 3.1417685923E-05
    36   2   3	 3.3067915593E-03	 5.7917766658E-03	 3.1417685923E-05	 3.0213074758E-05
    36   2   4	 3.3067915593E-03	 7.6718962100E-03	 3.1417685923E-05	 8.9282336565E-07
    36   2   5	 3.3067915593E-03	 1.3603399805E-02	 3.1417685923E-05	 2.3538653673E-04
    36   2   6	 3.3067915593E-03	 1.3845016876E-02	 3.1417685923E-05	 6.6205491645E-04
    36   3   3	 5.7917766658E-03	 5.7917766658E-03	 3.0213074758E-05	 3.0213074758E-05
    36   3   4	 5.7917766658E-03	 7.6718962100E-03	 3.0213074758E-05	 8.9282336565E-07
    36   3   5	 5.7917766658E-03	 1.3603399805E-02	 3.0213074758E-05	 2.3538653673E-04
    36   3   6	 5.7917766658E-03	 1.3845016876E-02	 3.0213074758E-05	 6.6205491645E-04
    36   4   4	 7.6718962100E-03	 7.6718962100E-03	 8.9282336565E-07	 8.9282336565E-07
    36   4   5	 7.6718962100E-03	 1.3603399805E-02	 8.9282336565E-07	 2.3538653673E-04
    36   4   6	 7.6718962100E-03	 1.3845016876E-02	 8.9282336565E-07	 6.6205491645E-04
    36   5   5	 1.3603399805E-02	 1.3603399805E-02	 2.3538653673E-04	 2.3538653673E-04
    36   5   6	 1.3603399805E-02	 1.3845016876E-02	 2.3538653673E-04	 6.6205491645E-04
    36   6   6	 1.3845016876E-02	 1.3845016876E-02	 6.6205491645E-04	 6.6205491645E-04
    37   1   1	 1.8246118273E-03	 1.8246118273E-03	 1.7475061756E-09	 1.7475061756E-09
    37   1   2	 1.8246118273E-03	 3.7722395353E-03	 1.7475061756E-09	 3.9565281106E-05
    37   1   3	 1.8246118273E-03	 6.6019026530E-03	 1.7475061756E-09	 7.8416209139E-05
    37   1   4	 1.8246118273E-03	 7.4542921944E-03	 1.7475061756E-09	 8.8567958310E-07
    37   1   5	 1.8246118273E-03	 1.3553631767E-02	 1.7475061756E-09	 2.2268337940E-04
    37   1   6	 1.8246118273E-03	 1.3841133265E-02	 1.7475061756E-09	 6.0957813865E-04
    37   2   2	 3.7722395353E-03	 3.7722395353E-03	 3.9565281106E-05	 3.9565281106E-05
    37   2   3	 3.7722395353E-03	 6.6019026530E-03	 3.9565281106E-05	 7.8416209139E-05
    37   2   4	 3.7722395353E-03	 7.4542921944E-03	 3.9565281106E-05	 8.8567958310E-07
    37   2   5	 3.7722395353E-03	 1.3553631767E-02	 3.9565281106E-05	 2.2268337940E-04
    37   2   6	 3.7722395353E-03	 1.3841133265E-02	 3.9565281106E-05	 6.0957813865E-04
    37   3   3	 6.6019026530E-03	 6.6019026530E-03	 7.8416209139E-05	 7.8416209139E-05
    37   3   4	 6.6019026530E-03	 7.4542921944E-03	 7.8416209139E-05	 8.8567958310E-07
    37   3   5	 6.6019026530E-03	 1.3553631767E-02	 7.8416209139E-05	 2.2268337940E-04
    37   3   6	 6.6019026530E-03	 1.3841133265E-02	 7.8416209139E-05	 6.0957813865E-04
    37   4   4	 7.4542921944E-03	 7.4542921944E-03	 8.8567958310E-07	 8.8567958310E-07
    37   4   5	 7.4542921944E-03	 1.3553631767E-02	 8.8567958310E-07	 2.2268337940E-04
    37   4   6	 7.4542921944E-03	 1.3841133265E-02	 8.8567958310E-07	 6.0957813865E-04
    37   5   5	 1.3553631767E-02	 1.3553631767E-02	 2.2268337940E-04	 2.2268337940E-04
    37   5   6	 1.3553631767E-02	 1.3841133265E-02	 2.2268337940E-04	 6.0957813865E-04
    37   6   6	 1.3841133265E-02	 1.3841133265E-02	 6.0957813865E-04	 6.0957813865E-04
    38   1   1	 2.0714749084E-03	 2.0714749084E-03	 2.1542384270E-09	 2.1542384270E-09
    38   1   2	 2.0714749084E-03	 4.2146903178E-03	 2.1542384270E-09	 3.7003566408E-05
    38   1   3	 2.0714749084E-03	 7.2155637269E-03	 2.1542384270E-09	 7.8726796306E-07
    38   1   4	 2.0714749084E-03	 7.3887665180E-03	 2.1542384270E-09	 5.7007151990E-05
    38   1   5	 2.0714749084E-03	 1.3497411742E-02	 2.1542384270E-09	 2.1902960286E-04
    38   1   6	 2.0714749084E-03	 1.3816878528E-02	 2.1542384270E-09	 6.0352335619E-04
    38   2   2	 4.2146903178E-03	 4.2146903178E-03	 3.7003566408E-05	 3.7003566408E-05
    38   2   3	 4.2146903178E-03	 7.2155637269E-03	 3.7003566408E-05	 7.8726796306E-07
    38   2   4	 4.2146903178E-03	 7.3887665180E-03	 3.7003566408E-05	 5.7007151990E-05
    38   2   5	 4.2146903178E-03	 1.3497411742E-02	 3.7003566408E-05	 2.1902960286E-04
    38   2   6	 4.2146903178E-03	 1.3816878528E-02	 3.7003566408E-05	 6.0352335619E-04
    38   3   3	 7.2155637269E-03	 7.2155637269E-03	 7.8726796306E-07	 7.8726796306E-07
    38   3   4	 7.2155637269E-03	 7.3887665180E-03	 7.8726796306E-07	 5.7007151990E-05
    38   3   5	 7.2155637269E-03	 1.3497411742E-02	 7.8726796306E-07	 2.1902960286E-04
    38   3   6	 7.2155637269E-03	 1.3816878528E-02	 7.8726796306E-07	 6.0352335619E-04
    38   4   4	 7.3887665180E-03	 7.3887665180E-03	 5.7007151990E-05	 5.7007151990E-05
    38   4   5	 7.3887665180E-03	 1.3497411742E-02	 5.7007151990E-05	 2.1902960286E-04
    38   4   6	 7.3887665180E-03	 1.3816878528E-02	 5.7007151990E-05	 6.0352335619E-04
    38   5   5	 1.3497411742E-02	 1.3497411742E-02	 2.1902960286E-04	 2.1902960286E-04
    38   5   6	 1.3497411742E-02	 1.3816878528E-02	 2.1902960286E-04	 6.0352335619E-04
    38   6   6	 1.3816878528E-02	 1.3816878528E-02	 6.0352335619E-04	 6.0352335619E-04
    39   1   1	 2.3147612169E-03	 2.3147612169E-03	 2.5666117036E-09	 2.5666117036E-09
    39   1   2	 2.3147612169E-03	 4.6277106169E-03	 2.5666117036E-09	 2.3877087559E-05
    39   1   3	 2.3147612169E-03	 6.9611016696E-03	 2.5666117036E-09	 5.9341648935E-07
    39   1   4	 2.3147612169E-03	 8.1452773121E-03	 2.5666117036E-09	 1.3282039522E-04
    39   1   5	 2.3147612169E-03	 1.3435968785E-02	 2.5666117036E-09	 1.2388865216E-04
    39   1   6	 2.3147612169E-03	 1.3766196391E-02	 2.5666117036E-09	 5.2270026693E-04
    39   2   2	 4.6277106169E-03	 4.6277106169E-03	 2.3877087559E-05	 2.3877087559E-05
    39   2   3	 4.6277106169E-03	 6.9611016696E-03	 2.3877087559E-05	 5.9341648935E-07
    39   2   4	 4.6277106169E-03	 8.1452773121E-03	 2.3877087559E-05	 1.3282039522E-04
    39   2   5	 4.6277106169E-03	 1.3435968785E-02	 2.3877087559E-05	 1.2388865216E-04
    39   2   6	 4.6277106169E-03	 1.3766196391E-02	 2.3877087559E-05	 5.2270026693E-04
    39   3   3	 6.9611016696E-03	 6.9611016696E-03	 5.9341648935E-07	 5.9341648935E-07
    39   3   4	 6.9611016696E-03	 8.1452773121E-03	 5.9341648935E-07	 1.3282039522E-04
    39   3   5	 6.9611016696E-03	 1.3435968785E-02	 5.9341648935E-07	 1.2388865216E-04
    39   3   6	 6.9611016696E-03	 1.3766196391E-02	 5.9341648935E-07	 5.2270026693E-04
    39   4   4	 8.1452773121E-03	 8.1452773121E-03	 1.3282039522E-04	 1.3282039522E-04
    39   4   5	 8.1452773121E-03	 1.3435968785E-02	 1.3282039522E-04	 1.2388865216E-04
    39   4   6	 8.1452773121E-03	 1.3766196391E-02	 1.3282039522E-04	 5.2270026693E-04
    39   5   5	 1.3435968785E-02	 1.3435968785E-02	 1.2388865216E-04	 1.2388865216E-04
    39   5   6	 1.3435968785E-02	 1.3766196391E-02	 1.2388865216E-04	 5.2270026693E-04
    39   6   6	 1.3766196391E-02	 1.3766196391E-02	 5.2270026693E-04	 5.2270026693E-04
    40   1   1	 2.5533037130E-03	 2.5533037130E-03	 2.9714897588E-09	 2.9714897588E-09
    40   1   2	 2.5533037130E-03	 5.0049825704E-03	 2.9714897588E-09	 1.1186386374E-05
    40   1   3	 2.5533037130E-03	 6.6972387312E-03	 2.9714897588E-09	 4.9944899667E-07
    40   1   4	 2.5533037130E-03	 8.8655959492E-03	 2.9714897588E-09	 2.3677090587E-04
    40   1   5	 2.5533037130E-03	 1.3370836444E-02	 2.9714897588E-09	 1.4652933594E-04
    40   1   6	 2.5533037130E-03	 1.3683678125E-02	 2.9714897588E-09	 4.8093219706E-04
    40   2   2	 5.0049825704E-03	 5.0049825704E-03	 1.1186386374E-05	 1.1186386374E-05
    40   2   3	 5.0049825704E-03	 6.6972387312E-03	 1.1186386374E-05	 4.9944899667E-07
    40   2   4	 5.0049825704E-03	 8.8655959492E-03	 1.1186386374E-05	 2.3677090587E-04
    40   2   5	 5.0049825704E-03	 1.3370836444E-02	 1.1186386374E-05	 1.4652933594E-04
    40   2   6	 5.0049825704E-03	 1.3683678125E-02	 1.1186386374E-05	 4.8093219706E-04
    40   3   3	 6.6972387312E-03	 6.6972387312E-03	 4.9944899667E-07	 4.9944899667E-07
    40   3   4	 6.6972387312E-03	 8.8655959492E-03	 4.9944899667E-07	 2.3677090587E-04
    40   3   5	 6.6972387312E-03	 1.3370836444E-02	 4.9944899667E-07	 1.4652933594E-04
    40   3   6	 6.6972387312E-03	 1.3683678125E-02	 4.9944899667E-07	 4.8093219706E-04
    40   4   4	 8.8655959492E-03	 8.8655959492E-03	 2.3677090587E-04	 2.3677090587E-04
    40   4   5	 8.8655959492E-03	 1.3370836444E-02	 2.3677090587E-04	 1.4652933594E-04
    40   4   6	 8.8655959492E-03	 1.3683678125E-02	 2.3677090587E-04	 4.8093219706E-04
    40   5   5	 1.3370836444E-02	 1.3370836444E-02	 1.4652933594E-04	 1.4652933594E-04
    40   5   6	 1.3370836444E-02	 1.3683678125E-02	 1.4652933594E-04	 4.8093219706E-04
    40   6   6	 1.3683678125E-02	 1.3683678125E-02	 4.8093219706E-04	 4.8093219706E-04
    41   1   1	 2.7849579862E-03	 2.7849579862E-03	 3.3576532880E-09	 3.3576532880E-09
    41   1   2	 2.7849579862E-03	 5.3400836136E-03	 3.3576532880E-09	 5.8486300096E-06
    41   1   3	 2.7849579862E-03	 6.4315767879E-03	 3.3576532880E-09	 3.9412628930E-07
    41   1   4	 2.7849579862E-03	 9.5447850355E-03	 3.3576532880E-09	 3.9399392195E-04
    41   1   5	 2.7849579862E-03	 1.3303104348E-02	 3.3576532880E-09	 7.6499570082E-05
    41   1   6	 2.7849579862E-03	 1.3565552194E-02	 3.3576532880E-09	 5.5362385317E-04
    41   2   2	 5.3400836136E-03	 5.3400836136E-03	 5.8486300096E-06	 5.8486300096E-06
    41   2   3	 5.3400836136E-03	 6.4315767879E-03	 5.8486300096E-06	 3.9412628930E-07
    41   2   4	 5.3400836136E-03	 9.5447850355E-03	 5.8486300096E-06	 3.9399392195E-04
    41   2   5	 5.3400836136E-03	 1.3303104348E-02	 5.8486300096E-06	 7.6499570082E-05
    41   2   6	 5.3400836136E-03	 1.3565552194E-02	 5.8486300096E-06	 5.5362385317E-04
    41   3   3	 6.4315767879E-03	 6.4315767879E-03	 3.9412628930E-07	 3.9412628930E-07
    41   3   4	 6.4315767879E-03	 9.5447850355E-03	 3.9412628930E-07	 3.9399392195E-04
    41   3   5	 6.4315767879E-03	 1.3303104348E-02	 3.9412628930E-07	 7.6499570082E-05
    41   3   6	 6.4315767879E-03	 1.3565552194E-02	 3.9412628930E-07	 5.5362385317E-04
    41   4   4	 9.5447850355E-03	 9.5447850355E-03	 3.9399392195E-04	 3.9399392195E-04
    41   4   5	 9.5447850355E-03	 1.3303104348E-02	 3.9399392195E-04	 7.6499570082E-05
    41   4   6	 9.5447850355E-03	 1.3565552194E-02	 3.9399392195E-04	 5.5362385317E-04
    41   5   5	 1.3303104348E-02	 1.3303104348E-02	 7.6499570082E-05	 7.6499570082E-05
    41   5   6	 1.3303104348E-02	 1.3565552194E-02	 7.6499570082E-05	 5.5362385317E-04
    41   6   6	 1.3565552194E-02	 1.3565552194E-02	 5.5362385317E-04	 5.5362385317E-04
    42   1   1	 3.0056610400E-03	 3.0056610400E-03	 3.7159270289E-09	 3.7159270289E-09
    42   1   2	 3.0056610400E-03	 5.6264924369E-03	 3.7159270289E-09	 3.5155184192E-06
    42   1   3	 3.0056610400E-03	 6.1736523475E-03	 3.7159270289E-09	 3.3934562558E-07
    42   1   4	 3.0056610400E-03	 1.0178654714E-02	 3.7159270289E-09	 3.6102289074E-04
    42   1   5	 3.0056610400E-03	 1.3228902787E-02	 3.7159270289E-09	 1.3166447321E-04
    42   1   6	 3.0056610400E-03	 1.3414302059E-02	 3.7159270289E-09	 2.9697747262E-04
    42   2   2	 5.6264924369E-03	 5.6264924369E-03	 3.5155184192E-06	 3.5155184192E-06
    42   2   3	 5.6264924369E-03	 6.1736523475E-03	 3.5155184192E-06	 3.3934562558E-07
    42   2   4	 5.6264924369E-03	 1.0178654714E-02	 3.5155184192E-06	 3.6102289074E-04
    42   2   5	 5.6264924369E-03	 1.3228902787E-02	 3.5155184192E-06	 1.3166447321E-04
    42   2   6	 5.6264924369E-03	 1.3414302059E-02	 3.5155184192E-06	 2.9697747262E-04
    42   3   3	 6.1736523475E-03	 6.1736523475E-03	 3.3934562558E-07	 3.3934562558E-07
    42   3   4	 6.1736523475E-03	 1.0178654714E-02	 3.3934562558E-07	 3.6102289074E-04
    42   3   5	 6.1736523475E-03	 1.3228902787E-02	 3.3934562558E-07	 1.3166447321E-04
    42   3   6	 6.1736523475E-03	 1.3414302059E-02	 3.3934562558E-07	 2.9697747262E-04
    42   4   4	 1.0178654714E-02	 1.0178654714E-02	 3.6102289074E-04	 3.6102289074E-04
    42   4   5	 1.0178654714E-02	 1.3228902787E-02	 3.6102289074E-04	 1.3166447321E-04
    42   4   6	 1.0178654714E-02	 1.3414302059E-02	 3.6102289074E-04	 2.9697747262E-04
    42   5   5	 1.3228902787E-02	 1.3228902787E-02	 1.3166447321E-04	 1.3166447321E-04
    42   5   6	 1.3228902787E-02	 1.3414302059E-02	 1.3166447321E-04	 2.9697747262E-04
    42   6   6	 1.3414302059E-02	 1.3414302059E-02	 2.9697747262E-04	 2.9697747262E-04
    43   1   1	 3.2078733700E-03	 3.2078733700E-03	 4.0381955685E-09	 4.0381955685E-09
    43   1   2	 3.2078733700E-03	 5.8577899549E-03	 4.0381955685E-09	 2.6403836548E-06
    43   1   3	 3.2078733700E-03	 5.9361751467E-03	 4.0381955685E-09	 3.1909539057E-07
    43   1   4	 3.2078733700E-03	 1.0763697876E-02	 4.0381955685E-09	 1.7824504061E-04
    43   1   5	 3.2078733700E-03	 1.3109061145E-02	 4.0381955685E-09	 1.3474380867E-04
    43   1   6	 3.2078733700E-03	 1.3268936487E-02	 4.0381955685E-09	 6.5803638006E-05
    43   2   2	 5.8577899549E-03	 5.8577899549E-03	 2.6403836548E-06	 2.6403836548E-06
    43   2   3	 5.8577899549E-03	 5.9361751467E-03	 2.6403836548E-06	 3.1909539057E-07
    43   2   4	 5.8577899549E-03	 1.0763697876E-02	 2.6403836548E-06	 1.7824504061E-04
    43   2   5	 5.8577899549E-03	 1.3109061145E-02	 2.6403836548E-06	 1.3474380867E-04
    43   2   6	 5.8577899549E-03	 1.3268936487E-02	 2.6403836548E-06	 6.5803638006E-05
    43   3   3	 5.9361751467E-03	 5.9361751467E-03	 3.1909539057E-07	 3.1909539057E-07
    43   3   4	 5.9361751467E-03	 1.0763697876E-02	 3.1909539057E-07	 1.7824504061E-04
    43   3   5	 5.9361751467E-03	 1.3109061145E-02	 3.1909539057E-07	 1.3474380867E-04
    43   3   6	 5.9361751467E-03	 1.3268936487E-02	 3.1909539057E-07	 6.5803638006E-05
    43   4   4	 1.0763697876E-02	 1.0763697876E-02	 1.7824504061E-04	 1.7824504061E-04
    43   4   5	 1.0763697876E-02	 1.3109061145E-02	 1.7824504061E-04	 1.3474380867E-04
    43   4   6	 1.0763697876E-02	 1.3268936487E-02	 1.7824504061E-04	 6.5803638006E-05
    43   5   5	 1.3109061145E-02	 1.3109061145E-02	 1.3474380867E-04	 1.3474380867E-04
    43   5   6	 1.3109061145E-02	 1.3268936487E-02	 1.3474380867E-04	 6.5803638006E-05
    43   6   6	 1.3268936487E-02	 1.3268936487E-02	 6.5803638006E-05	 6.5803638006E-05
    44   1   1	 3.3783628682E-03	 3.3783628682E-03	 4.3136377087E-09	 4.3136377087E-09
    44   1   2	 3.3783628682E-03	 5.7368983076E-03	 4.3136377087E-09	 2.2258941484E-07
    44   1   3	 3.3783628682E-03	 6.0280504436E-03	 4.3136377087E-09	 2.3237742715E-06
    44   1   4	 3.3783628682E-03	 1.1297039461E-02	 4.3136377087E-09	 1.3308699029E-04
    44   1   5	 3.3783628682E-03	 1.2878887136E-02	 4.3136377087E-09	 1.4884585178E-04
    44   1   6	 3.3783628682E-03	 1.3194968207E-02	 4.3136377087E-09	 4.8698856237E-05
    44   2   2	 5.7368983076E-03	 5.7368983076E-03	 2.2258941484E-07	 2.2258941484E-07
    44   2   3	 5.7368983076E-03	 6.0280504436E-03	 2.2258941484E-07	 2.3237742715E-06
    44   2   4	 5.7368983076E-03	 1.1297039461E-02	 2.2258941484E-07	 1.3308699029E-04
    44   2   5	 5.7368983076E-03	 1.2878887136E-02	 2.2258941484E-07	 1.4884585178E-04
    44   2   6	 5.7368983076E-03	 1.3194968207E-02	 2.2258941484E-07	 4.8698856237E-05
    44   3   3	 6.0280504436E-03	 6.0280504436E-03	 2.3237742715E-06	 2.3237742715E-06
    44   3   4	 6.0280504436E-03	 1.1297039461E-02	 2.3237742715E-06	 1.3308699029E-04
    44   3   5	 6.0280504436E-03	 1.2878887136E-02	 2.3237742715E-06	 1.4884585178E-04
    44   3   6	 6.0280504436E-03	 1.3194968207E-02	 2.3237742715E-06	 4.8698856237E-05
    44   4   4	 1.1297039461E-02	 1.1297039461E-02	 1.3308699029E-04	 1.3308699029E-04
    44   4   5	 1.1297039461E-02	 1.2878887136E-02	 1.3308699029E-04	 1.4884585178E-04
    44   4   6	 1.1297039461E-02	 1.3194968207E-02	 1.3308699029E-04	 4.8698856237E-05
    44   5   5	 1.2878887136E-02	 1.2878887136E-02	 1.4884585178E-04	 1.4884585178E-04
    44   5   6	 1.2878887136E-02	 1.3194968207E-02	 1.4884585178E-04	 4.8698856237E-05
    44   6   6	 1.3194968207E-02	 1.3194968207E-02	 4.8698856237E-05	 4.8698856237E-05
    45   1   1	 3.4967298745E-03	 3.4967298745E-03	 4.5177601392E-09	 4.5177601392E-09
    45   1   2	 3.4967298745E-03	 5.5997532352E-03	 4.5177601392E-09	 1.6834500520E-07
    45   1   3	 3.4967298745E-03	 6.1323872298E-03	 4.5177601392E-09	 2.1663811839E-06
    45   1   4	 3.4967298745E-03	 1.1776175390E-02	 4.5177601392E-09	 1.0200442619E-04
    45   1   5	 3.4967298745E-03	 1.2571598666E-02	 4.5177601392E-09	 6.8153656410E-05
    45   1   6	 3.4967298745E-03	 1.3160792993E-02	 4.5177601392E-09	 4.2175261005E-05
    45   2   2	 5.5997532352E-03	 5.5997532352E-03	 1.6834500520E-07	 1.6834500520E-07
    45   2   3	 5.5997532352E-03	 6.1323872298E-03	 1.6834500520E-07	 2.1663811839E-06
    45   2   4	 5.5997532352E-03	 1.1776175390E-02	 1.6834500520E-07	 1.0200442619E-04
    45   2   5	 5.5997532352E-03	 1.2571598666E-02	 1.6834500520E-07	 6.8153656410E-05
    45   2   6	 5.5997532352E-03	 1.3160792993E-02	 1.6834500520E-07	 4.2175261005E-05
    45   3   3	 6.1323872298E-03	 6.1323872298E-03	 2.1663811839E-06	 2.1663811839E-06
    45   3   4	 6.1323872298E-03	 1.1776175390E-02	 2.1663811839E-06	 1.0200442619E-04
    45   3   5	 6.1323872298E-03	 1.2571598666E-02	 2.1663811839E-06	 6.8153656410E-05
    45   3   6	 6.1323872298E-03	 1.3160792993E-02	 2.1663811839E-06	 4.2175261005E-05
    45   4   4	 1.1776175390E-02	 1.1776175390E-02	 1.0200442619E-04	 1.0200442619E-04
    45   4   5	 1.1776175390E-02	 1.2571598666E-02	 1.0200442619E-04	 6.8153656410E-05
    45   4   6	 1.1776175390E-02	 1.3160792993E-02	 1.0200442619E-04	 4.2175261005E-05
    45   5   5	 1.2571598666E-02	 1.2571598666E-02	 6.8153656410E-05	 6.8153656410E-05
    45   5   6	 1.2571598666E-02	 1.3160792993E-02	 6.8153656410E-05	 4.2175261005E-05
    45   6   6	 1.3160792993E-02	 1.3160792993E-02	 4.2175261005E-05	 4.2175261005E-05
    46   1   1	 3.5398913698E-03	 3.5398913698E-03	 4.6001098943E-09	 4.6001098943E-09
    46   1   2	 3.5398913698E-03	 5.5500744394E-03	 4.6001098943E-09	 1.4871538576E-07
    46   1   3	 3.5398913698E-03	 6.1675477733E-03	 4.6001098943E-09	 2.0747012190E-06
    46   1   4	 3.5398913698E-03	 1.2168102575E-02	 4.6001098943E-09	 1.4457828808E-05
    46   1   5	 3.5398913698E-03	 1.2236345833E-02	 4.6001098943E-09	 1.4666492244E-04
    46   1   6	 3.5398913698E-03	 1.3150018258E-02	 4.6001098943E-09	 3.7198196627E-05
    46   2   2	 5.5500744394E-03	 5.5500744394E-03	 1.4871538576E-07	 1.4871538576E-07
    46   2   3	 5.5500744394E-03	 6.1675477733E-03	 1.4871538576E-07	 2.0747012190E-06
    46   2   4	 5.5500744394E-03	 1.2168102575E-02	 1.4871538576E-07	 1.4457828808E-05
    46   2   5	 5.5500744394E-03	 1.2236345833E-02	 1.4871538576E-07	 1.4666492244E-04
    46   2   6	 5.5500744394E-03	 1.3150018258E-02	 1.4871538576E-07	 3.7198196627E-05
    46   3   3	 6.1675477733E-03	 6.1675477733E-03	 2.0747012190E-06	 2.0747012190E-06
    46   3   4	 6.1675477733E-03	 1.2168102575E-02	 2.0747012190E-06	 1.4457828808E-05
    46   3   5	 6.1675477733E-03	 1.2236345833E-02	 2.0747012190E-06	 1.4666492244E-04
    46   3   6	 6.1675477733E-03	 1.3150018258E-02	 2.0747012190E-06	 3.7198196627E-05
    46   4   4	 1.2168102575E-02	 1.2168102575E-02	 1.4457828808E-05	 1.4457828808E-05
    46   4   5	 1.2168102575E-02	 1.2236345833E-02	 1.4457828808E-05	 1.4666492244E-04
    46   4   6	 1.2168102575E-02	 1.3150018258E-02	 1.4457828808E-05	 3.7198196627E-05
    46   5   5	 1.2236345833E-02	 1.2236345833E-02	 1.4666492244E-04	 1.4666492244E-04
    46   5   6	 1.2236345833E-02	 1.3150018258E-02	 1.4666492244E-04	 3.7198196627E-05
    46   6   6	 1.3150018258E-02	 1.3150018258E-02	 3.7198196627E-05	 3.7198196627E-05
    47   1   1	 1.2414836076E-03	 1.2414836076E-03	 9.4993856784E-10	 9.4993856784E-10
    47   1   2	 1.2414836076E-03	 2.8020411480E-03	 9.4993856784E-10	 1.4847994725E-05
    47   1   3	 1.2414836076E-03	 4.8988462693E-03	 9.4993856784E-10	 1.8669726398E-05
    47   1   4	 1.2414836076E-03	 7.8905254753E-03	 9.4993856784E-10	 7.7115758859E-07
    47   1   5	 1.2414836076E-03	 1.3653481355E-02	 9.4993856784E-10	 3.6353421296E-04
    47   1   6	 1.2414836076E-03	 1.3819273809E-02	 9.4993856784E-10	 4.6842574524E-04
    47   2   2	 2.8020411480E-03	 2.8020411480E-03	 1.4847994725E-05	 1.4847994725E-05
    47   2   3	 2.8020411480E-03	 4.8988462693E-03	 1.4847994725E-05	 1.8669726398E-05
    47   2   4	 2.8020411480E-03	 7.8905254753E-03	 1.4847994725E-05	 7.7115758859E-07
    47   2   5	 2.8020411480E-03	 1.3653481355E-02	 1.4847994725E-05	 3.6353421296E-04
    47   2   6	 2.8020411480E-03	 1.3819273809E-02	 1.4847994725E-05	 4.6842574524E-04
    47   3   3	 4.8988462693E-03	 4.8988462693E-03	 1.8669726398E-05	 1.8669726398E-05
    47   3   4	 4.8988462693E-03	 7.8905254753E-03	 1.8669726398E-05	 7.7115758859E-07
    47   3   5	 4.8988462693E-03	 1.3653481355E-02	 1.8669726398E-05	 3.6353421296E-04
    47   3   6	 4.8988462693E-03	 1.3819273809E-02	 1.8669726398E-05	 4.6842574524E-04
    47   4   4	 7.8905254753E-03	 7.8905254753E-03	 7.7115758859E-07	 7.7115758859E-07
    47   4   5	 7.8905254753E-03	 1.3653481355E-02	 7.7115758859E-07	 3.6353421296E-04
    47   4   6	 7.8905254753E-03	 1.3819273809E-02	 7.7115758859E-07	 4.6842574524E-04
    47   5   5	 1.3653481355E-02	 1.3653481355E-02	 3.6353421296E-04	 3.6353421296E-04
    47   5   6	 1.3653481355E-02	 1.3819273809E-02	 3.6353421296E-04	 4.6842574524E-04
    47   6   6	 1.3819273809E-02	 1.3819273809E-02	 4.6842574524E-04	 4.6842574524E-04
    48   1   1	 1.4926095102E-03	 1.4926095102E-03	 1.2534292182E-09	 1.2534292182E-09
    48   1   2	 1.4926095102E-03	 3.2803456051E-03	 1.2534292182E-09	 3.5631039868E-05
    48   1   3	 1.4926095102E-03	 5.6440569181E-03	 1.2534292182E-09	 2.4811881499E-05
    48   1   4	 1.4926095102E-03	 7.7138173773E-03	 1.2534292182E-09	 1.0353263404E-06
    48   1   5	 1.4926095102E-03	 1.3619567511E-02	 1.2534292182E-09	 3.2936134391E-04
    48   1   6	 1.4926095102E-03	 1.3827493516E-02	 1.2534292182E-09	 6.4498103690E-04
    48   2   2	 3.2803456051E-03	 3.2803456051E-03	 3.5631039868E-05	 3.5631039868E-05
    48   2   3	 3.2803456051E-03	 5.6440569181E-03	 3.5631039868E-05	 2.4811881499E-05
    48   2   4	 3.2803456051E-03	 7.7138173773E-03	 3.5631039868E-05	 1.0353263404E-06
    48   2   5	 3.2803456051E-03	 1.3619567511E-02	 3.5631039868E-05	 3.2936134391E-04
    48   2   6	 3.2803456051E-03	 1.3827493516E-02	 3.5631039868E-05	 6.4498103690E-04
    48   3   3	 5.6440569181E-03	 5.6440569181E-03	 2.4811881499E-05	 2.4811881499E-05
    48   3   4	 5.6440569181E-03	 7.7138173773E-03	 2.4811881499E-05	 1.0353263404E-06
    48   3   5	 5.6440569181E-03	 1.3619567511E-02	 2.4811881499E-05	 3.2936134391E-04
    48   3   6	 5.6440569181E-03	 1.3827493516E-02	 2.4811881499E-05	 6.4498103690E-04
    48   4   4	 7.7138173773E-03	 7.7138173773E-03	 1.0353263404E-06	 1.0353263404E-06
    48   4   5	 7.7138173773E-03	 1.3619567511E-02	 1.0353263404E-06	 3.2936134391E-04
    48   4   6	 7.7138173773E-03	 1.3827493516E-02	 1.0353263404E-06	 6.4498103690E-04
    48   5   5	 1.3619567511E-02	 1.3619567511E-02	 3.2936134391E-04	 3.2936134391E-04
    48   5   6	 1.3619567511E-02	 1.3827493516E-02	 3.2936134391E-04	 6.4498103690E-04
    48   6   6	 1.3827493516E-02	 1.3827493516E-02	 6.4498103690E-04	 6.4498103690E-04
    49   1   1	 1.7430020275E-03	 1.7430020275E-03	 1.5973075139E-09	 1.5973075139E-09
    49   1   2	 1.7430020275E-03	 3.7562789881E-03	 1.5973075139E-09	 6.3301214294E-05
    49   1   3	 1.7430020275E-03	 6.3951072647E-03	 1.5973075139E-09	 6.4385161793E-05
    49   1   4	 1.7430020275E-03	 7.5094502091E-03	 1.5973075139E-09	 8.3509441684E-07
    49   1   5	 1.7430020275E-03	 1.3578503237E-02	 1.5973075139E-09	 3.0476178508E-04
    49   1   6	 1.7430020275E-03	 1.3824351039E-02	 1.5973075139E-09	 5.6344155418E-04
    49   2   2	 3.7562789881E-03	 3.7562789881E-03	 6.3301214294E-05	 6.3301214294E-05
    49   2   3	 3.7562789881E-03	 6.3951072647E-03	 6.3301214294E-05	 6.4385161793E-05
    49   2   4	 3.7562789881E-03	 7.5094502091E-03	 6.3301214294E-05	 8.3509441684E-07
    49   2   5	 3.7562789881E-03	 1.3578503237E-02	 6.3301214294E-05	 3.0476178508E-04
    49   2   6	 3.7562789881E-03	 1.3824351039E-02	 6.3301214294E-05	 5.6344155418E-04
    49   3   3	 6.3951072647E-03	 6.3951072647E-03	 6.4385161793E-05	 6.4385161793E-05
    49   3   4	 6.3951072647E-03	 7.5094502091E-03	 6.4385161793E-05	 8.3509441684E-07
    49   3   5	 6.3951072647E-03	 1.3578503237E-02	 6.4385161793E-05	 3.0476178508E-04
    49   3   6	 6.3951072647E-03	 1.3824351039E-02	 6.4385161793E-05	 5.6344155418E-04
    49   4   4	 7.5094502091E-03	 7.5094502091E-03	 8.3509441684E-07	 8.3509441684E-07
    49   4   5	 7.5094502091E-03	 1.3578503237E-02	 8.3509441684E-07	 3.0476178508E-04
    49   4   6	 7.5094502091E-03	 1.3824351039E-02	 8.3509441684E-07	 5.6344155418E-04
    49   5   5	 1.3578503237E-02	 1.3578503237E-02	 3.0476178508E-04	 3.0476178508E-04
    49   5   6	 1.3578503237E-02	 1.3824351039E-02	 3.0476178508E-04	 5.6344155418E-04
    49   6   6	 1.3824351039E-02	 1.3824351039E-02	 5.6344155418E-04	 5.6344155418E-04
    50   1   1	 1.9913487707E-03	 1.9913487707E-03	 1.9694828900E-09	 1.9694828900E-09
    50   1   2	 1.9913487707E-03	 4.2168498520E-03	 1.9694828900E-09	 8.8176732714E-05
    50   1   3	 1.9913487707E-03	 7.1385925514E-03	 1.9694828900E-09	 6.6814734474E-05
    50   1   4	 1.9913487707E-03	 7.2816027846E-03	 1.9694828900E-09	 6.8986825449E-07
    50   1   5	 1.9913487707E-03	 1.3530592412E-02	 1.9694828900E-09	 2.1671622675E-04
    50   1   6	 1.9913487707E-03	 1.3804111390E-02	 1.9694828900E-09	 5.5989439734E-04
    50   2   2	 4.2168498520E-03	 4.2168498520E-03	 8.8176732714E-05	 8.8176732714E-05
    50   2   3	 4.2168498520E-03	 7.1385925514E-03	 8.8176732714E-05	 6.6814734474E-05
    50   2   4	 4.2168498520E-03	 7.2816027846E-03	 8.8176732714E-05	 6.8986825449E-07
    50   2   5	 4.2168498520E-03	 1.3530592412E-02	 8.8176732714E-05	 2.1671622675E-04
    50   2   6	 4.2168498520E-03	 1.3804111390E-02	 8.8176732714E-05	 5.5989439734E-04
    50   3   3	 7.1385925514E-03	 7.1385925514E-03	 6.6814734474E-05	 6.6814734474E-05
    50   3   4	 7.1385925514E-03	 7.2816027846E-03	 6.6814734474E-05	 6.8986825449E-07
    50   3   5	 7.1385925514E-03	 1.3530592412E-02	 6.6814734474E-05	 2.1671622675E-04
    50   3   6	 7.1385925514E-03	 1.3804111390E-02	 6.6814734474E-05	 5.5989439734E-04
    50   4   4	 7.2816027846E-03	 7.2816027846E-03	 6.8986825449E-07	 6.8986825449E-07
    50   4   5	 7.2816027846E-03	 1.3530592412E-02	 6.8986825449E-07	 2.1671622675E-04
    50   4   6	 7.2816027846E-03	 1.3804111390E-02	 6.8986825449E-07	 5.5989439734E-04
    50   5   5	 1.3530592412E-02	 1.3530592412E-02	 2.1671622675E-04	 2.1671622675E-04
    50   5   6	 1.3530592412E-02	 1.3804111390E-02	 2.1671622675E-04	 5.5989439734E-04
    50   6   6	 1.3804111390E-02	 1.3804111390E-02	 5.5989439734E-04	 5.5989439734E-04
    51   1   1	 2.2367128076E-03	 2.2367128076E-03	 2.3565508170E-09	 2.3565508170E-09
    51   1   2	 2.2367128076E-03	 4.6526713825E-03	 2.3565508170E-09	 9.2267001336E-05
    51   1   3	 2.2367128076E-03	 7.0351816087E-03	 2.3565508170E-09	 7.5423165597E-07
    51   1   4	 2.2367128076E-03	 7.8644767335E-03	 2.3565508170E-09	 1.0830849173E-04
    51   1   5	 2.2367128076E-03	 1.3476357931E-02	 2.3565508170E-09	 1.7061667152E-04
    51   1   6	 2.2367128076E-03	 1.3761218638E-02	 2.3565508170E-09	 4.9861372934E-04
    51   2   2	 4.6526713825E-03	 4.6526713825E-03	 9.2267001336E-05	 9.2267001336E-05
    51   2   3	 4.6526713825E-03	 7.0351816087E-03	 9.2267001336E-05	 7.5423165597E-07
    51   2   4	 4.6526713825E-03	 7.8644767335E-03	 9.2267001336E-05	 1.0830849173E-04
    51   2   5	 4.6526713825E-03	 1.3476357931E-02	 9.2267001336E-05	 1.7061667152E-04
    51   2   6	 4.6526713825E-03	 1.3761218638E-02	 9.2267001336E-05	 4.9861372934E-04
    51   3   3	 7.0351816087E-03	 7.0351816087E-03	 7.5423165597E-07	 7.5423165597E-07
    51   3   4	 7.0351816087E-03	 7.8644767335E-03	 7.5423165597E-07	 1.0830849173E-04
    51   3   5	 7.0351816087E-03	 1.3476357931E-02	 7.5423165597E-07	 1.7061667152E-04
    51   3   6	 7.0351816087E-03	 1.3761218638E-02	 7.5423165597E-07	 4.9861372934E-04
    51   4   4	 7.8644767335E-03	 7.8644767335E-03	 1.0830849173E-04	 1.0830849173E-04
    51   4   5	 7.8644767335E-03	 1.3476357931E-02	 1.0830849173E-04	 1.7061667152E-04
    51   4   6	 7.8644767335E-03	 1.3761218638E-02	 1.0830849173E-04	 4.9861372934E-04
    51   5   5	 1.3476357931E-02	 1.3476357931E-02	 1.7061667152E-04	 1.7061667152E-04
    51   5   6	 1.3476357931E-02	 1.3761218638E-02	 1.7061667152E-04	 4.9861372934E-04
    51   6   6	 1.3761218638E-02	 1.3761218638E-02	 4.9861372934E-04	 4.9861372934E-04
    52   1   1	 2.4781095074E-03	 2.4781095074E-03	 2.7452079469E-09	 2.7452079469E-09
    52   1   2	 2.4781095074E-03	 5.0559738391E-03	 2.7452079469E-09	 6.3811252110E-05
    52   1   3	 2.4781095074E-03	 6.7759094038E-03	 2.7452079469E-09	 5.6070078811E-07
    52   1   4	 2.4781095074E-03	 8.5648089596E-03	 2.7452079469E-09	 1.7075730682E-04
    52   1   5	 2.4781095074E-03	 1.3416303757E-02	 2.7452079469E-09	 1.1632396412E-04
    52   1   6	 2.4781095074E-03	 1.3690908089E-02	 2.7452079469E-09	 4.6983981991E-04
    52   2   2	 5.0559738391E-03	 5.0559738391E-03	 6.3811252110E-05	 6.3811252110E-05
    52   2   3	 5.0559738391E-03	 6.7759094038E-03	 6.3811252110E-05	 5.6070078811E-07
    52   2   4	 5.0559738391E-03	 8.5648089596E-03	 6.3811252110E-05	 1.7075730682E-04
    52   2   5	 5.0559738391E-03	 1.3416303757E-02	 6.3811252110E-05	 1.1632396412E-04
    52   2   6	 5.0559738391E-03	 1.3690908089E-02	 6.3811252110E-05	 4.6983981991E-04
    52   3   3	 6.7759094038E-03	 6.7759094038E-03	 5.6070078811E-07	 5.6070078811E-07
    52   3   4	 6.7759094038E-03	 8.5648089596E-03	 5.6070078811E-07	 1.7075730682E-04
    52   3   5	 6.7759094038E-03	 1.3416303757E-02	 5.6070078811E-07	 1.1632396412E-04
    52   3   6	 6.7759094038E-03	 1.3690908089E-02	 5.6070078811E-07	 4.6983981991E-04
    52   4   4	 8.5648089596E-03	 8.5648089596E-03	 1.7075730682E-04	 1.7075730682E-04
    52   4   5	 8.5648089596E-03	 1.3416303757E-02	 1.7075730682E-04	 1.1632396412E-04
    52   4   6	 8.5648089596E-03	 1.3690908089E-02	 1.7075730682E-04	 4.6983981991E-04
    52   5   5	 1.3416303757E-02	 1.3416303757E-02	 1.1632396412E-04	 1.1632396412E-04
    52   5   6	 1.3416303757E-02	 1.3690908089E-02	 1.1632396412E-04	 4.6983981991E-04
    52   6   6	 1.3690908089E-02	 1.3690908089E-02	 4.6983981991E-04	 4.6983981991E-04
    53   1   1	 2.7140273387E-03	 2.7140273387E-03	 3.1233591188E-09	 3.1233591188E-09
    53   1   2	 2.7140273387E-03	 5.4196577069E-03	 3.1233591188E-09	 2.7892198609E-05
    53   1   3	 2.7140273387E-03	 6.5105351096E-03	 3.1233591188E-09	 3.7406819929E-07
    53   1   4	 2.7140273387E-03	 9.2330583809E-03	 3.1233591188E-09	 2.7637886234E-04
    53   1   5	 2.7140273387E-03	 1.3349735911E-02	 3.1233591188E-09	 1.4136094944E-04
    53   1   6	 2.7140273387E-03	 1.3590684597E-02	 3.1233591188E-09	 4.3420314244E-04
    53   2   2	 5.4196577069E-03	 5.4196577069E-03	 2.7892198609E-05	 2.7892198609E-05
    53   2   3	 5.4196577069E-03	 6.5105351096E-03	 2.7892198609E-05	 3.7406819929E-07
    53   2   4	 5.4196577069E-03	 9.2330583809E-03	 2.7892198609E-05	 2.7637886234E-04
    53   2   5	 5.4196577069E-03	 1.3349735911E-02	 2.7892198609E-05	 1.4136094944E-04
    53   2   6	 5.4196577069E-03	 1.3590684597E-02	 2.7892198609E-05	 4.3420314244E-04
    53   3   3	 6.5105351096E-03	 6.5105351096E-03	 3.7406819929E-07	 3.7406819929E-07
    53   3   4	 6.5105351096E-03	 9.2330583809E-03	 3.7406819929E-07	 2.7637886234E-04
    53   3   5	 6.5105351096E-03	 1.3349735911E-02	 3.7406819929E-07	 1.4136094944E-04
    53   3   6	 6.5105351096E-03	 1.3590684597E-02	 3.7406819929E-07	 4.3420314244E-04
    53   4   4	 9.2330583809E-03	 9.2330583809E-03	 2.7637886234E-04	 2.7637886234E-04
    53   4   5	 9.2330583809E-03	 1.3349735911E-02	 2.7637886234E-04	 1.4136094944E-04
    53   4   6	 9.2330583809E-03	 1.3590684597E-02	 2.7637886234E-04	 4.3420314244E-04
    53   5   5	 1.3349735911E-02	 1.3349735911E-02	 1.4136094944E-04	 1.4136094944E-04
    53   5   6	 1.3349735911E-02	 1.3590684597E-02	 1.4136094944E-04	 4.3420314244E-04
    53   6   6	 1.3590684597E-02	 1.3590684597E-02	 4.3420314244E-04	 4.3420314244E-04
    54   1   1	 2.9416889552E-03	 2.9416889552E-03	 3.4807781698E-09	 3.4807781698E-09
    54   1   2	 2.9416889552E-03	 5.7368878493E-03	 3.4807781698E-09	 1.0959798881E-05
    54   1   3	 2.9416889552E-03	 6.2472926742E-03	 3.4807781698E-09	 3.7263620440E-07
    54   1   4	 2.9416889552E-03	 9.8637653042E-03	 3.4807781698E-09	 6.2069394161E-04
    54   1   5	 2.9416889552E-03	 1.3269341631E-02	 3.4807781698E-09	 1.9401641367E-04
    54   1   6	 2.9416889552E-03	 1.3465929925E-02	 3.4807781698E-09	 3.4186265146E-04
    54   2   2	 5.7368878493E-03	 5.7368878493E-03	 1.0959798881E-05	 1.0959798881E-05
    54   2   3	 5.7368878493E-03	 6.2472926742E-03	 1.0959798881E-05	 3.7263620440E-07
    54   2   4	 5.7368878493E-03	 9.8637653042E-03	 1.0959798881E-05	 6.2069394161E-04
    54   2   5	 5.7368878493E-03	 1.3269341631E-02	 1.0959798881E-05	 1.9401641367E-04
    54   2   6	 5.7368878493E-03	 1.3465929925E-02	 1.0959798881E-05	 3.4186265146E-04
    54   3   3	 6.2472926742E-03	 6.2472926742E-03	 3.7263620440E-07	 3.7263620440E-07
    54   3   4	 6.2472926742E-03	 9.8637653042E-03	 3.7263620440E-07	 6.2069394161E-04
    54   3   5	 6.2472926742E-03	 1.3269341631E-02	 3.7263620440E-07	 1.9401641367E-04
    54   3   6	 6.2472926742E-03	 1.3465929925E-02	 3.7263620440E-07	 3.4186265146E-04
    54   4   4	 9.8637653042E-03	 9.8637653042E-03	 6.2069394161E-04	 6.2069394161E-04
    54   4   5	 9.8637653042E-03	 1.3269341631E-02	 6.2069394161E-04	 1.9401641367E-04
    54   4   6	 9.8637653042E-03	 1.3465929925E-02	 6.2069394161E-04	 3.4186265146E-04
    54   5   5	 1.3269341631E-02	 1.3269341631E-02	 1.9401641367E-04	 1.9401641367E-04
    54   5   6	 1.3269341631E-02	 1.3465929925E-02	 1.9401641367E-04	 3.4186265146E-04
    54   6   6	 1.3465929925E-02	 1.3465929925E-02	 3.4186265146E-04	 3.4186265146E-04
    55   1   1	 3.1557989757E-03	 3.1557989757E-03	 3.8090042779E-09	 3.8090042779E-09
    55   1   2	 3.1557989757E-03	 5.9968367932E-03	 3.8090042779E-09	 3.0939927481E-07
    55   1   3	 3.1557989757E-03	 6.0010248478E-03	 3.8090042779E-09	 5.7939944665E-06
    55   1   4	 3.1557989757E-03	 1.0452357929E-02	 3.8090042779E-09	 2.4915331680E-04
    55   1   5	 3.1557989757E-03	 1.3143602256E-02	 3.8090042779E-09	 1.8295932128E-04
    55   1   6	 3.1557989757E-03	 1.3347524301E-02	 3.8090042779E-09	 1.1513302513E-04
    55   2   2	 5.9968367932E-03	 5.9968367932E-03	 3.0939927481E-07	 3.0939927481E-07
    55   2   3	 5.9968367932E-03	 6.0010248478E-03	 3.0939927481E-07	 5.7939944665E-06
    55   2   4	 5.9968367932E-03	 1.0452357929E-02	 3.0939927481E-07	 2.4915331680E-04
    55   2   5	 5.9968367932E-03	 1.3143602256E-02	 3.0939927481E-07	 1.8295932128E-04
    55   2   6	 5.9968367932E-03	 1.3347524301E-02	 3.0939927481E-07	 1.1513302513E-04
    55   3   3	 6.0010248478E-03	 6.0010248478E-03	 5.7939944665E-06	 5.7939944665E-06
    55   3   4	 6.0010248478E-03	 1.0452357929E-02	 5.7939944665E-06	 2.4915331680E-04
    55   3   5	 6.0010248478E-03	 1.3143602256E-02	 5.7939944665E-06	 1.8295932128E-04
    55   3   6	 6.0010248478E-03	 1.3347524301E-02	 5.7939944665E-06	 1.1513302513E-04
    55   4   4	 1.0452357929E-02	 1.0452357929E-02	 2.4915331680E-04	 2.4915331680E-04
    55   4   5	 1.0452357929E-02	 1.3143602256E-02	 2.4915331680E-04	 1.8295932128E-04
    55   4   6	 1.0452357929E-02	 1.3347524301E-02	 2.4915331680E-04	 1.1513302513E-04
    55   5   5	 1.3143602256E-02	 1.3143602256E-02	 1.8295932128E-04	 1.8295932128E-04
    55   5   6	 1.3143602256E-02	 1.3347524301E-02	 1.8295932128E-04	 1.1513302513E-04
    55   6   6	 1.3347524301E-02	 1.3347524301E-02	 1.1513302513E-04	 1.1513302513E-04
    56   1   1	 3.3464904171E-03	 3.3464904171E-03	 4.0996277788E-09	 4.0996277788E-09
    56   1   2	 3.3464904171E-03	 5.7739456310E-03	 4.0996277788E-09	 2.3167742722E-07
    56   1   3	 3.3464904171E-03	 6.2058187921E-03	 4.0996277788E-09	 3.8933701928E-06
    56   1   4	 3.3464904171E-03	 1.0995043863E-02	 4.0996277788E-09	 1.5613129719E-04
    56   1   5	 3.3464904171E-03	 1.2936525419E-02	 4.0996277788E-09	 1.3485000482E-04
    56   1   6	 3.3464904171E-03	 1.3271973520E-02	 4.0996277788E-09	 8.3363142903E-05
    56   2   2	 5.7739456310E-03	 5.7739456310E-03	 2.3167742722E-07	 2.3167742722E-07
    56   2   3	 5.7739456310E-03	 6.2058187921E-03	 2.3167742722E-07	 3.8933701928E-06
    56   2   4	 5.7739456310E-03	 1.0995043863E-02	 2.3167742722E-07	 1.5613129719E-04
    56   2   5	 5.7739456310E-03	 1.2936525419E-02	 2.3167742722E-07	 1.3485000482E-04
    56   2   6	 5.7739456310E-03	 1.3271973520E-02	 2.3167742722E-07	 8.3363142903E-05
    56   3   3	 6.2058187921E-03	 6.2058187921E-03	 3.8933701928E-06	 3.8933701928E-06
    56   3   4	 6.2058187921E-03	 1.0995043863E-02	 3.8933701928E-06	 1.5613129719E-04
    56   3   5	 6.2058187921E-03	 1.2936525419E-02	 3.8933701928E-06	 1.3485000482E-04
    56   3   6	 6.2058187921E-03	 1.3271973520E-02	 3.8933701928E-06	 8.3363142903E-05
    56   4   4	 1.0995043863E-02	 1.0995043863E-02	 1.5613129719E-04	 1.5613129719E-04
    56   4   5	 1.0995043863E-02	 1.2936525419E-02	 1.5613129719E-04	 1.3485000482E-04
    56   4   6	 1.0995043863E-02	 1.3271973520E-02	 1.5613129719E-04	 8.3363142903E-05
    56   5   5	 1.2936525419E-02	 1.2936525419E-02	 1.3485000482E-04	 1.3485000482E-04
    56   5   6	 1.2936525419E-02	 1.3271973520E-02	 1.3485000482E-04	 8.3363142903E-05
    56   6   6	 1.3271973520E-02	 1.3271973520E-02	 8.3363142903E-05	 8.3363142903E-05
    57   1   1	 3.4967298745E-03	 3.4967298745E-03	 4.3380854300E-09	 4.3380854300E-09
    57   1   2	 3.4967298745E-03	 5.5997532352E-03	 4.3380854300E-09	 1.6149440462E-07
    57   1   3	 3.4967298745E-03	 6.3458207724E-03	 4.3380854300E-09	 3.1479272502E-06
    57   1   4	 3.4967298745E-03	 1.1488659942E-02	 4.3380854300E-09	 1.3071336262E-04
    57   1   5	 3.4967298745E-03	 1.2659664319E-02	 4.3380854300E-09	 8.7799320197E-05
    57   1   6	 3.4967298745E-03	 1.3229141921E-02	 4.3380854300E-09	 8.4629784104E-05
    57   2   2	 5.5997532352E-03	 5.5997532352E-03	 1.6149440462E-07	 1.6149440462E-07
    57   2   3	 5.5997532352E-03	 6.3458207724E-03	 1.6149440462E-07	 3.1479272502E-06
    57   2   4	 5.5997532352E-03	 1.1488659942E-02	 1.6149440462E-07	 1.3071336262E-04
    57   2   5	 5.5997532352E-03	 1.2659664319E-02	 1.6149440462E-07	 8.7799320197E-05
    57   2   6	 5.5997532352E-03	 1.3229141921E-02	 1.6149440462E-07	 8.4629784104E-05
    57   3   3	 6.3458207724E-03	 6.3458207724E-03	 3.1479272502E-06	 3.1479272502E-06
    57   3   4	 6.3458207724E-03	 1.1488659942E-02	 3.1479272502E-06	 1.3071336262E-04
    57   3   5	 6.3458207724E-03	 1.2659664319E-02	 3.1479272502E-06	 8.7799320197E-05
    57   3   6	 6.3458207724E-03	 1.3229141921E-02	 3.1479272502E-06	 8.4629784104E-05
    57   4   4	 1.1488659942E-02	 1.1488659942E-02	 1.3071336262E-04	 1.3071336262E-04
    57   4   5	 1.1488659942E-02	 1.2659664319E-02	 1.3071336262E-04	 8.7799320197E-05
    57   4   6	 1.1488659942E-02	 1.3229141921E-02	 1.3071336262E-04	 8.4629784104E-05
    57   5   5	 1.2659664319E-02	 1.2659664319E-02	 8.7799320197E-05	 8.7799320197E-05
    57   5   6	 1.2659664319E-02	 1.3229141921E-02	 8.7799320197E-05	 8.4629784104E-05
    57   6   6	 1.3229141921E-02	 1.3229141921E-02	 8.4629784104E-05	 8.4629784104E-05
    58   1   1	 3.5823399333E-03	 3.5823399333E-03	 4.4882396091E-09	 4.4882396091E-09
    58   1   2	 3.5823399333E-03	 5.5013921481E-03	 4.4882396091E-09	 1.2957115194E-07
    58   1   3	 3.5823399333E-03	 6.4169304685E-03	 4.4882396091E-09	 2.8146709933E-06
    58   1   4	 3.5823399333E-03	 1.1929345242E-02	 4.4882396091E-09	 1.0342341320E-04
    58   1   5	 3.5823399333E-03	 1.2326413581E-02	 4.4882396091E-09	 1.1784930292E-04
    58   1   6	 3.5823399333E-03	 1.3208771305E-02	 4.4882396091E-09	 7.3755508970E-05
    58   2   2	 5.5013921481E-03	 5.5013921481E-03	 1.2957115194E-07	 1.2957115194E-07
    58   2   3	 5.5013921481E-03	 6.4169304685E-03	 1.2957115194E-07	 2.8146709933E-06
    58   2   4	 5.5013921481E-03	 1.1929345242E-02	 1.2957115194E-07	 1.0342341320E-04
    58   2   5	 5.5013921481E-03	 1.2326413581E-02	 1.2957115194E-07	 1.1784930292E-04
    58   2   6	 5.5013921481E-03	 1.3208771305E-02	 1.2957115194E-07	 7.3755508970E-05
    58   3   3	 6.4169304685E-03	 6.4169304685E-03	 2.8146709933E-06	 2.8146709933E-06
    58   3   4	 6.4169304685E-03	 1.1929345242E-02	 2.8146709933E-06	 1.0342341320E-04
    58   3   5	 6.4169304685E-03	 1.2326413581E-02	 2.8146709933E-06	 1.1784930292E-04
    58   3   6	 6.4169304685E-03	 1.3208771305E-02	 2.8146709933E-06	 7.3755508970E-05
    58   4   4	 1.1929345242E-02	 1.1929345242E-02	 1.0342341320E-04	 1.0342341320E-04
    58   4   5	 1.1929345242E-02	 1.2326413581E-02	 1.0342341320E-04	 1.1784930292E-04
    58   4   6	 1.1929345242E-02	 1.3208771305E-02	 1.0342341320E-04	 7.3755508970E-05
    58   5   5	 1.2326413581E-02	 1.2326413581E-02	 1.1784930292E-04	 1.1784930292E-04
    58   5   6	 1.2326413581E-02	 1.3208771305E-02	 1.1784930292E-04	 7.3755508970E-05
    58   6   6	 1.3208771305E-02	 1.3208771305E-02	 7.3755508970E-05	 7.3755508970E-05
    59   1   1	 1.6790869785E-03	 1.6790869785E-03	 1.5137853408E-09	 1.5137853408E-09
    59   1   2	 1.6790869785E-03	 3.7553840123E-03	 1.5137853408E-09	 4.9865077968E-05
    59   1   3	 1.6790869785E-03	 6.3406809364E-03	 1.5137853408E-09	 4.7177823820E-05
    59   1   4	 1.6790869785E-03	 7.5359769637E-03	 1.5137853408E-09	 7.4233338272E-07
    59   1   5	 1.6790869785E-03	 1.3589586235E-02	 1.5137853408E-09	 3.5062605140E-04
    59   1   6	 1.6790869785E-03	 1.3807043268E-02	 1.5137853408E-09	 4.6547894320E-04
    59   2   2	 3.7553840123E-03	 3.7553840123E-03	 4.9865077968E-05	 4.9865077968E-05
    59   2   3	 3.7553840123E-03	 6.3406809364E-03	 4.9865077968E-05	 4.7177823820E-05
    59   2   4	 3.7553840123E-03	 7.5359769637E-03	 4.9865077968E-05	 7.4233338272E-07
    59   2   5	 3.7553840123E-03	 1.3589586235E-02	 4.9865077968E-05	 3.5062605140E-04
    59   2   6	 3.7553840123E-03	 1.3807043268E-02	 4.9865077968E-05	 4.6547894320E-04
    59   3   3	 6.3406809364E-03	 6.3406809364E-03	 4.7177823820E-05	 4.7177823820E-05
    59   3   4	 6.3406809364E-03	 7.5359769637E-03	 4.7177823820E-05	 7.4233338272E-07
    59   3   5	 6.3406809364E-03	 1.3589586235E-02	 4.7177823820E-05	 3.5062605140E-04
    59   3   6	 6.3406809364E-03	 1.3807043268E-02	 4.7177823820E-05	 4.6547894320E-04
    59   4   4	 7.5359769637E-03	 7.5359769637E-03	 7.4233338272E-07	 7.4233338272E-07
    59   4   5	 7.5359769637E-03	 1.3589586235E-02	 7.4233338272E-07	 3.5062605140E-04
    59   4   6	 7.5359769637E-03	 1.3807043268E-02	 7.4233338272E-07	 4.6547894320E-04
    59   5   5	 1.3589586235E-02	 1.3589586235E-02	 3.5062605140E-04	 3.5062605140E-04
    59   5   6	 1.3589586235E-02	 1.3807043268E-02	 3.5062605140E-04	 4.6547894320E-04
    59   6   6	 1.3807043268E-02	 1.3807043268E-02	 4.6547894320E-04	 4.6547894320E-04
    60   1   1	 1.9279684727E-03	 1.9279684727E-03	 1.8404835265E-09	 1.8404835265E-09
    60   1   2	 1.9279684727E-03	 4.2325198689E-03	 1.8404835265E-09	 9.3902943821E-05
    60   1   3	 1.9279684727E-03	 7.0119890412E-03	 1.8404835265E-09	 5.0901251926E-05
    60   1   4	 1.9279684727E-03	 7.3206732120E-03	 1.8404835265E-09	 7.8580218161E-07
    60   1   5	 1.9279684727E-03	 1.3552928826E-02	 1.8404835265E-09	 2.7780446999E-04
    60   1   6	 1.9279684727E-03	 1.3785556421E-02	 1.8404835265E-09	 4.7520024686E-04
    60   2   2	 4.2325198689E-03	 4.2325198689E-03	 9.3902943821E-05	 9.3902943821E-05
    60   2   3	 4.2325198689E-03	 7.0119890412E-03	 9.3902943821E-05	 5.0901251926E-05
    60   2   4	 4.2325198689E-03	 7.3206732120E-03	 9.3902943821E-05	 7.8580218161E-07
    60   2   5	 4.2325198689E-03	 1.3552928826E-02	 9.3902943821E-05	 2.7780446999E-04
    60   2   6	 4.2325198689E-03	 1.3785556421E-02	 9.3902943821E-05	 4.7520024686E-04
    60   3   3	 7.0119890412E-03	 7.0119890412E-03	 5.0901251926E-05	 5.0901251926E-05
    60   3   4	 7.0119890412E-03	 7.3206732120E-03	 5.0901251926E-05	 7.8580218161E-07
    60   3   5	 7.0119890412E-03	 1.3552928826E-02	 5.0901251926E-05	 2.7780446999E-04
    60   3   6	 7.0119890412E-03	 1.3785556421E-02	 5.0901251926E-05	 4.7520024686E-04
    60   4   4	 7.3206732120E-03	 7.3206732120E-03	 7.8580218161E-07	 7.8580218161E-07
    60   4   5	 7.3206732120E-03	 1.3552928826E-02	 7.8580218161E-07	 2.7780446999E-04
    60   4   6	 7.3206732120E-03	 1.3785556421E-02	 7.8580218161E-07	 4.7520024686E-04
    60   5   5	 1.3552928826E-02	 1.3552928826E-02	 2.7780446999E-04	 2.7780446999E-04
    60   5   6	 1.3552928826E-02	 1.3785556421E-02	 2.7780446999E-04	 4.7520024686E-04
    60   6   6	 1.3785556421E-02	 1.3785556421E-02	 4.7520024686E-04	 4.7520024686E-04
    61   1   1	 2.1747465705E-03	 2.1747465705E-03	 2.1895361492E-09	 2.1895361492E-09
    61   1   2	 2.1747465705E-03	 4.6952677363E-03	 2.1895361492E-09	 1.4293233174E-04
    61   1   3	 2.1747465705E-03	 7.0842694930E-03	 2.1895361492E-09	 8.3740035295E-07
    61   1   4	 2.1747465705E-03	 7.6792893429E-03	 2.1895361492E-09	 1.1212098080E-04
    61   1   5	 2.1747465705E-03	 1.3509754708E-02	 2.1895361492E-09	 1.8908557610E-04
    61   1   6	 2.1747465705E-03	 1.3744434625E-02	 2.1895361492E-09	 4.7165529374E-04
    61   2   2	 4.6952677363E-03	 4.6952677363E-03	 1.4293233174E-04	 1.4293233174E-04
    61   2   3	 4.6952677363E-03	 7.0842694930E-03	 1.4293233174E-04	 8.3740035295E-07
    61   2   4	 4.6952677363E-03	 7.6792893429E-03	 1.4293233174E-04	 1.1212098080E-04
    61   2   5	 4.6952677363E-03	 1.3509754708E-02	 1.4293233174E-04	 1.8908557610E-04
    61   2   6	 4.6952677363E-03	 1.3744434625E-02	 1.4293233174E-04	 4.7165529374E-04
    61   3   3	 7.0842694930E-03	 7.0842694930E-03	 8.3740035295E-07	 8.3740035295E-07
    61   3   4	 7.0842694930E-03	 7.6792893429E-03	 8.3740035295E-07	 1.1212098080E-04
    61   3   5	 7.0842694930E-03	 1.3509754708E-02	 8.3740035295E-07	 1.8908557610E-04
    61   3   6	 7.0842694930E-03	 1.3744434625E-02	 8.3740035295E-07	 4.7165529374E-04
    61   4   4	 7.6792893429E-03	 7.6792893429E-03	 1.1212098080E-04	 1.1212098080E-04
    61   4   5	 7.6792893429E-03	 1.3509754708E-02	 1.1212098080E-04	 1.8908557610E-04
    61   4   6	 7.6792893429E-03	 1.3744434625E-02	 1.1212098080E-04	 4.7165529374E-04
    61   5   5	 1.3509754708E-02	 1.3509754708E-02	 1.8908557610E-04	 1.8908557610E-04
    61   5   6	 1.3509754708E-02	 1.3744434625E-02	 1.8908557610E-04	 4.7165529374E-04
    61   6   6	 1.3744434625E-02	 1.3744434625E-02	 4.7165529374E-04	 4.7165529374E-04
    62   1   1	 2.4182923850E-03	 2.4182923850E-03	 2.5489284945E-09	 2.5489284945E-09
    62   1   2	 2.4182923850E-03	 5.1312917949E-03	 2.5489284945E-09	 1.7163527577E-04
    62   1   3	 2.4182923850E-03	 6.8319350863E-03	 2.5489284945E-09	 4.8053420206E-07
    62   1   4	 2.4182923850E-03	 8.3337139148E-03	 2.5489284945E-09	 1.1828378371E-04
    62   1   5	 2.4182923850E-03	 1.3459226264E-02	 2.5489284945E-09	 1.4015710255E-04
    62   1   6	 2.4182923850E-03	 1.3680006712E-02	 2.5489284945E-09	 4.2820712958E-04
    62   2   2	 5.1312917949E-03	 5.1312917949E-03	 1.7163527577E-04	 1.7163527577E-04
    62   2   3	 5.1312917949E-03	 6.8319350863E-03	 1.7163527577E-04	 4.8053420206E-07
    62   2   4	 5.1312917949E-03	 8.3337139148E-03	 1.7163527577E-04	 1.1828378371E-04
    62   2   5	 5.1312917949E-03	 1.3459226264E-02	 1.7163527577E-04	 1.4015710255E-04
    62   2   6	 5.1312917949E-03	 1.3680006712E-02	 1.7163527577E-04	 4.2820712958E-04
    62   3   3	 6.8319350863E-03	 6.8319350863E-03	 4.8053420206E-07	 4.8053420206E-07
    62   3   4	 6.8319350863E-03	 8.3337139148E-03	 4.8053420206E-07	 1.1828378371E-04
    62   3   5	 6.8319350863E-03	 1.3459226264E-02	 4.8053420206E-07	 1.4015710255E-04
    62   3   6	 6.8319350863E-03	 1.3680006712E-02	 4.8053420206E-07	 4.2820712958E-04
    62   4   4	 8.3337139148E-03	 8.3337139148E-03	 1.1828378371E-04	 1.1828378371E-04
    62   4   5	 8.3337139148E-03	 1.3459226264E-02	 1.1828378371E-04	 1.4015710255E-04
    62   4   6	 8.3337139148E-03	 1.3680006712E-02	 1.1828378371E-04	 4.2820712958E-04
    62   5   5	 1.3459226264E-02	 1.3459226264E-02	 1.4015710255E-04	 1.4015710255E-04
    62   5   6	 1.3459226264E-02	 1.3680006712E-02	 1.4015710255E-04	 4.2820712958E-04
    62   6   6	 1.3680006712E-02	 1.3680006712E-02	 4.2820712958E-04	 4.2820712958E-04
    63   1   1	 2.6574147018E-03	 2.6574147018E-03	 2.9066127150E-09	 2.9066127150E-09
    63   1   2	 2.6574147018E-03	 5.5308701005E-03	 2.9066127150E-09	 1.4021679966E-04
    63   1   3	 2.6574147018E-03	 6.5696772383E-03	 2.9066127150E-09	 4.2503562247E-07
    63   1   4	 2.6574147018E-03	 8.9678272520E-03	 2.9066127150E-09	 1.7601141284E-04
    63   1   5	 2.6574147018E-03	 1.3398101407E-02	 2.9066127150E-09	 1.3054095269E-04
    63   1   6	 2.6574147018E-03	 1.3591907374E-02	 2.9066127150E-09	 3.5411338545E-04
    63   2   2	 5.5308701005E-03	 5.5308701005E-03	 1.4021679966E-04	 1.4021679966E-04
    63   2   3	 5.5308701005E-03	 6.5696772383E-03	 1.4021679966E-04	 4.2503562247E-07
    63   2   4	 5.5308701005E-03	 8.9678272520E-03	 1.4021679966E-04	 1.7601141284E-04
    63   2   5	 5.5308701005E-03	 1.3398101407E-02	 1.4021679966E-04	 1.3054095269E-04
    63   2   6	 5.5308701005E-03	 1.3591907374E-02	 1.4021679966E-04	 3.5411338545E-04
    63   3   3	 6.5696772383E-03	 6.5696772383E-03	 4.2503562247E-07	 4.2503562247E-07
    63   3   4	 6.5696772383E-03	 8.9678272520E-03	 4.2503562247E-07	 1.7601141284E-04
    63   3   5	 6.5696772383E-03	 1.3398101407E-02	 4.2503562247E-07	 1.3054095269E-04
    63   3   6	 6.5696772383E-03	 1.3591907374E-02	 4.2503562247E-07	 3.5411338545E-04
    63   4   4	 8.9678272520E-03	 8.9678272520E-03	 1.7601141284E-04	 1.7601141284E-04
    63   4   5	 8.9678272520E-03	 1.3398101407E-02	 1.7601141284E-04	 1.3054095269E-04
    63   4   6	 8.9678272520E-03	 1.3591907374E-02	 1.7601141284E-04	 3.5411338545E-04
    63   5   5	 1.3398101407E-02	 1.3398101407E-02	 1.3054095269E-04	 1.3054095269E-04
    63   5   6	 1.3398101407E-02	 1.3591907374E-02	 1.3054095269E-04	 3.5411338545E-04
    63   6   6	 1.3591907374E-02	 1.3591907374E-02	 3.5411338545E-04	 3.5411338545E-04
    64   1   1	 2.8902572383E-03	 2.8902572383E-03	 3.2516695329E-09	 3.2516695329E-09
    64   1   2	 2.8902572383E-03	 5.8857418079E-03	 3.2516695329E-09	 6.3486005086E-05
    64   1   3	 2.8902572383E-03	 6.3046288715E-03	 3.2516695329E-09	 3.9969164764E-07
    64   1   4	 2.8902572383E-03	 9.5752378481E-03	 3.2516695329E-09	 2.8560677353E-04
    64   1   5	 2.8902572383E-03	 1.3313679745E-02	 3.2516695329E-09	 1.4956054129E-04
    64   1   6	 2.8902572383E-03	 1.3490385910E-02	 3.2516695329E-09	 3.3728924609E-04
    64   2   2	 5.8857418079E-03	 5.8857418079E-03	 6.3486005086E-05	 6.3486005086E-05
    64   2   3	 5.8857418079E-03	 6.3046288715E-03	 6.3486005086E-05	 3.9969164764E-07
    64   2   4	 5.8857418079E-03	 9.5752378481E-03	 6.3486005086E-05	 2.8560677353E-04
    64   2   5	 5.8857418079E-03	 1.3313679745E-02	 6.3486005086E-05	 1.4956054129E-04
    64   2   6	 5.8857418079E-03	 1.3490385910E-02	 6.3486005086E-05	 3.3728924609E-04
    64   3   3	 6.3046288715E-03	 6.3046288715E-03	 3.9969164764E-07	 3.9969164764E-07
    64   3   4	 6.3046288715E-03	 9.5752378481E-03	 3.9969164764E-07	 2.8560677353E-04
    64   3   5	 6.3046288715E-03	 1.3313679745E-02	 3.9969164764E-07	 1.4956054129E-04
    64   3   6	 6.3046288715E-03	 1.3490385910E-02	 3.9969164764E-07	 3.3728924609E-04
    64   4   4	 9.5752378481E-03	 9.5752378481E-03	 2.8560677353E-04	 2.8560677353E-04
    64   4   5	 9.5752378481E-03	 1.3313679745E-02	 2.8560677353E-04	 1.4956054129E-04
    64   4   6	 9.5752378481E-03	 1.3490385910E-02	 2.8560677353E-04	 3.3728924609E-04
    64   5   5	 1.3313679745E-02	 1.3313679745E-02	 1.4956054129E-04	 1.4956054129E-04
    64   5   6	 1.3313679745E-02	 1.3490385910E-02	 1.4956054129E-04	 3.3728924609E-04
    64   6   6	 1.3490385910E-02	 1.3490385910E-02	 3.3728924609E-04	 3.3728924609E-04
    65   1   1	 3.1133283688E-03	 3.1133283688E-03	 3.5749183184E-09	 3.5749183184E-09
    65   1   2	 3.1133283688E-03	 6.0456939086E-03	 3.5749183184E-09	 2.8864623427E-07
    65   1   3	 3.1133283688E-03	 6.1885084827E-03	 3.5749183184E-09	 2.0919469924E-05
    65   1   4	 3.1133283688E-03	 1.0150416784E-02	 3.5749183184E-09	 5.5015994375E-04
    65   1   5	 3.1133283688E-03	 1.3177188324E-02	 3.5749183184E-09	 2.4059717175E-04
    65   1   6	 3.1133283688E-03	 1.3403051602E-02	 3.5749183184E-09	 1.0423567152E-04
    65   2   2	 6.0456939086E-03	 6.0456939086E-03	 2.8864623427E-07	 2.8864623427E-07
    65   2   3	 6.0456939086E-03	 6.1885084827E-03	 2.8864623427E-07	 2.0919469924E-05
    65   2   4	 6.0456939086E-03	 1.0150416784E-02	 2.8864623427E-07	 5.5015994375E-04
    65   2   5	 6.0456939086E-03	 1.3177188324E-02	 2.8864623427E-07	 2.4059717175E-04
    65   2   6	 6.0456939086E-03	 1.3403051602E-02	 2.8864623427E-07	 1.0423567152E-04
    65   3   3	 6.1885084827E-03	 6.1885084827E-03	 2.0919469924E-05	 2.0919469924E-05
    65   3   4	 6.1885084827E-03	 1.0150416784E-02	 2.0919469924E-05	 5.5015994375E-04
    65   3   5	 6.1885084827E-03	 1.3177188324E-02	 2.0919469924E-05	 2.4059717175E-04
    65   3   6	 6.1885084827E-03	 1.3403051602E-02	 2.0919469924E-05	 1.0423567152E-04
    65   4   4	 1.0150416784E-02	 1.0150416784E-02	 5.5015994375E-04	 5.5015994375E-04
    65   4   5	 1.0150416784E-02	 1.3177188324E-02	 5.5015994375E-04	 2.4059717175E-04
    65   4   6	 1.0150416784E-02	 1.3403051602E-02	 5.5015994375E-04	 1.0423567152E-04
    65   5   5	 1.3177188324E-02	 1.3177188324E-02	 2.4059717175E-04	 2.4059717175E-04
    65   5   6	 1.3177188324E-02	 1.3403051602E-02	 2.4059717175E-04	 1.0423567152E-04
    65   6   6	 1.3403051602E-02	 1.3403051602E-02	 1.0423567152E-04	 1.0423567152E-04
    66   1   1	 3.3198017327E-03	 3.3198017327E-03	 3.8684925441E-09	 3.8684925441E-09
    66   1   2	 3.3198017327E-03	 5.8048898426E-03	 3.8684925441E-09	 2.4265991195E-07
    66   1   3	 3.3198017327E-03	 6.4324389920E-03	 3.8684925441E-09	 8.9922425960E-06
    66   1   4	 3.3198017327E-03	 1.0688610865E-02	 3.8684925441E-09	 2.4781741208E-04
    66   1   5	 3.3198017327E-03	 1.2975801606E-02	 3.8684925441E-09	 1.5006326571E-04
    66   1   6	 3.3198017327E-03	 1.3342826823E-02	 3.8684925441E-09	 8.5995692097E-05
    66   2   2	 5.8048898426E-03	 5.8048898426E-03	 2.4265991195E-07	 2.4265991195E-07
    66   2   3	 5.8048898426E-03	 6.4324389920E-03	 2.4265991195E-07	 8.9922425960E-06
    66   2   4	 5.8048898426E-03	 1.0688610865E-02	 2.4265991195E-07	 2.4781741208E-04
    66   2   5	 5.8048898426E-03	 1.2975801606E-02	 2.4265991195E-07	 1.5006326571E-04
    66   2   6	 5.8048898426E-03	 1.3342826823E-02	 2.4265991195E-07	 8.5995692097E-05
    66   3   3	 6.4324389920E-03	 6.4324389920E-03	 8.9922425960E-06	 8.9922425960E-06
    66   3   4	 6.4324389920E-03	 1.0688610865E-02	 8.9922425960E-06	 2.4781741208E-04
    66   3   5	 6.4324389920E-03	 1.2975801606E-02	 8.9922425960E-06	 1.5006326571E-04
    66   3   6	 6.4324389920E-03	 1.3342826823E-02	 8.9922425960E-06	 8.5995692097E-05
    66   4   4	 1.0688610865E-02	 1.0688610865E-02	 2.4781741208E-04	 2.4781741208E-04
    66   4   5	 1.0688610865E-02	 1.2975801606E-02	 2.4781741208E-04	 1.5006326571E-04
    66   4   6	 1.0688610865E-02	 1.3342826823E-02	 2.4781741208E-04	 8.5995692097E-05
    66   5   5	 1.2975801606E-02	 1.2975801606E-02	 1.5006326571E-04	 1.5006326571E-04
    66   5   6	 1.2975801606E-02	 1.3342826823E-02	 1.5006326571E-04	 8.5995692097E-05
    66   6   6	 1.3342826823E-02	 1.3342826823E-02	 8.5995692097E-05	 8.5995692097E-05
    67   1   1	 3.4967298745E-03	 3.4967298745E-03	 4.1229293454E-09	 4.1229293454E-09
    67   1   2	 3.4967298745E-03	 5.5997532352E-03	 4.1229293454E-09	 1.5325868937E-07
    67   1   3	 3.4967298745E-03	 6.6115947645E-03	 4.1229293454E-09	 5.3879389910E-06
    67   1   4	 3.4967298745E-03	 1.1185756226E-02	 4.1229293454E-09	 1.8047320096E-04
    67   1   5	 3.4967298745E-03	 1.2718081056E-02	 4.1229293454E-09	 1.1939752394E-04
    67   1   6	 3.4967298745E-03	 1.3302335574E-02	 4.1229293454E-09	 1.6179390110E-04
    67   2   2	 5.5997532352E-03	 5.5997532352E-03	 1.5325868937E-07	 1.5325868937E-07
    67   2   3	 5.5997532352E-03	 6.6115947645E-03	 1.5325868937E-07	 5.3879389910E-06
    67   2   4	 5.5997532352E-03	 1.1185756226E-02	 1.5325868937E-07	 1.8047320096E-04
    67   2   5	 5.5997532352E-03	 1.2718081056E-02	 1.5325868937E-07	 1.1939752394E-04
    67   2   6	 5.5997532352E-03	 1.3302335574E-02	 1.5325868937E-07	 1.6179390110E-04
    67   3   3	 6.6115947645E-03	 6.6115947645E-03	 5.3879389910E-06	 5.3879389910E-06
    67   3   4	 6.6115947645E-03	 1.1185756226E-02	 5.3879389910E-06	 1.8047320096E-04
    67   3   5	 6.6115947645E-03	 1.2718081056E-02	 5.3879389910E-06	 1.1939752394E-04
    67   3   6	 6.6115947645E-03	 1.3302335574E-02	 5.3879389910E-06	 1.6179390110E-04
    67   4   4	 1.1185756226E-02	 1.1185756226E-02	 1.8047320096E-04	 1.8047320096E-04
    67   4   5	 1.1185756226E-02	 1.2718081056E-02	 1.8047320096E-04	 1.1939752394E-04
    67   4   6	 1.1185756226E-02	 1.3302335574E-02	 1.8047320096E-04	 1.6179390110E-04
    67   5   5	 1.2718081056E-02	 1.2718081056E-02	 1.1939752394E-04	 1.1939752394E-04
    67   5   6	 1.2718081056E-02	 1.3302335574E-02	 1.1939752394E-04	 1.6179390110E-04
    67   6   6	 1.3302335574E-02	 1.3302335574E-02	 1.6179390110E-04	 1.6179390110E-04
    68   1   1	 3.6221523572E-03	 3.6221523572E-03	 4.3168628673E-09	 4.3168628673E-09
    68   1   2	 3.6221523572E-03	 5.4558572988E-03	 4.3168628673E-09	 1.1158227893E-07
    68   1   3	 3.6221523572E-03	 6.7211953638E-03	 4.3168628673E-09	 4.2267892474E-06
    68   1   4	 3.6221523572E-03	 1.1638021184E-02	 4.3168628673E-09	 1.7554312540E-04
    68   1   5	 3.6221523572E-03	 1.2409831410E-02	 4.3168628673E-09	 1.1091305108E-04
    68   1   6	 3.6221523572E-03	 1.3278092146E-02	 4.3168628673E-09	 1.7239100064E-04
    68   2   2	 5.4558572988E-03	 5.4558572988E-03	 1.1158227893E-07	 1.1158227893E-07
    68   2   3	 5.4558572988E-03	 6.7211953638E-03	 1.1158227893E-07	 4.2267892474E-06
    68   2   4	 5.4558572988E-03	 1.1638021184E-02	 1.1158227893E-07	 1.7554312540E-04
    68   2   5	 5.4558572988E-03	 1.2409831410E-02	 1.1158227893E-07	 1.1091305108E-04
    68   2   6	 5.4558572988E-03	 1.3278092146E-02	 1.1158227893E-07	 1.7239100064E-04
    68   3   3	 6.7211953638E-03	 6.7211953638E-03	 4.2267892474E-06	 4.2267892474E-06
    68   3   4	 6.7211953638E-03	 1.1638021184E-02	 4.2267892474E-06	 1.7554312540E-04
    68   3   5	 6.7211953638E-03	 1.2409831410E-02	 4.2267892474E-06	 1.1091305108E-04
    68   3   6	 6.7211953638E-03	 1.3278092146E-02	 4.2267892474E-06	 1.7239100064E-04
    68   4   4	 1.1638021184E-02	 1.1638021184E-02	 1.7554312540E-04	 1.7554312540E-04
    68   4   5	 1.1638021184E-02	 1.2409831410E-02	 1.7554312540E-04	 1.1091305108E-04
    68   4   6	 1.1638021184E-02	 1.3278092146E-02	 1.7554312540E-04	 1.7239100064E-04
    68   5   5	 1.2409831410E-02	 1.2409831410E-02	 1.1091305108E-04	 1.1091305108E-04
    68   5   6	 1.2409831410E-02	 1.3278092146E-02	 1.1091305108E-04	 1.7239100064E-04
    68   6   6	 1.3278092146E-02	 1.3278092146E-02	 1.7239100064E-04	 1.7239100064E-04
    69   1   1	 3.6686574103E-03	 3.6686574103E-03	 4.3999758674E-09	 4.3999758674E-09
    69   1   2	 3.6686574103E-03	 5.4029285709E-03	 4.3999758674E-09	 9.9107082138E-08
    69   1   3	 3.6686574103E-03	 6.7580961392E-03	 4.3999758674E-09	 3.9539746808E-06
    69   1   4	 3.6686574103E-03	 1.2002186324E-02	 4.3999758674E-09	 3.3365540580E-05
    69   1   5	 3.6686574103E-03	 1.2093794326E-02	 4.3999758674E-09	 1.8699086298E-04
    69   1   6	 3.6686574103E-03	 1.3269940847E-02	 4.3999758674E-09	 1.6590214262E-04
    69   2   2	 5.4029285709E-03	 5.4029285709E-03	 9.9107082138E-08	 9.9107082138E-08
    69   2   3	 5.4029285709E-03	 6.7580961392E-03	 9.9107082138E-08	 3.9539746808E-06
    69   2   4	 5.4029285709E-03	 1.2002186324E-02	 9.9107082138E-08	 3.3365540580E-05
    69   2   5	 5.4029285709E-03	 1.2093794326E-02	 9.9107082138E-08	 1.8699086298E-04
    69   2   6	 5.4029285709E-03	 1.3269940847E-02	 9.9107082138E-08	 1.6590214262E-04
    69   3   3	 6.7580961392E-03	 6.7580961392E-03	 3.9539746808E-06	 3.9539746808E-06
    69   3   4	 6.7580961392E-03	 1.2002186324E-02	 3.9539746808E-06	 3.3365540580E-05
    69   3   5	 6.7580961392E-03	 1.2093794326E-02	 3.9539746808E-06	 1.8699086298E-04
    69   3   6	 6.7580961392E-03	 1.3269940847E-02	 3.9539746808E-06	 1.6590214262E-04
    69   4   4	 1.2002186324E-02	 1.2002186324E-02	 3.3365540580E-05	 3.3365540580E-05
    69   4   5	 1.2002186324E-02	 1.2093794326E-02	 3.3365540580E-05	 1.8699086298E-04
    69   4   6	 1.2002186324E-02	 1.3269940847E-02	 3.3365540580E-05	 1.6590214262E-04
    69   5   5	 1.2093794326E-02	 1.2093794326E-02	 1.8699086298E-04	 1.8699086298E-04
    69   5   6	 1.2093794326E-02	 1.3269940847E-02	 1.8699086298E-04	 1.6590214262E-04
    69   6   6	 1.3269940847E-02	 1.3269940847E-02	 1.6590214262E-04	 1.6590214262E-04
    70   1   1	 2.1294865750E-03	 2.1294865750E-03	 2.0778905401E-09	 2.0778905401E-09
    70   1   2	 2.1294865750E-03	 4.7121313212E-03	 2.0778905401E-09	 1.1606903470E-04
    70   1   3	 2.1294865750E-03	 7.1079821416E-03	 2.0778905401E-09	 7.1450318347E-07
    70   1   4	 2.1294865750E-03	 7.6280904766E-03	 2.0778905401E-09	 9.0539170510E-05
    70   1   5	 2.1294865750E-03	 1.3526446375E-02	 2.0778905401E-09	 2.2456133886E-04
    70   1   6	 2.1294865750E-03	 1.3725677127E-02	 2.0778905401E-09	 4.0809933499E-04
    70   2   2	 4.7121313212E-03	 4.7121313212E-03	 1.1606903470E-04	 1.1606903470E-04
    70   2   3	 4.7121313212E-03	 7.1079821416E-03	 1.1606903470E-04	 7.1450318347E-07
    70   2   4	 4.7121313212E-03	 7.6280904766E-03	 1.1606903470E-04	 9.0539170510E-05
    70   2   5	 4.7121313212E-03	 1.3526446375E-02	 1.1606903470E-04	 2.2456133886E-04
    70   2   6	 4.7121313212E-03	 1.3725677127E-02	 1.1606903470E-04	 4.0809933499E-04
    70   3   3	 7.1079821416E-03	 7.1079821416E-03	 7.1450318347E-07	 7.1450318347E-07
    70   3   4	 7.1079821416E-03	 7.6280904766E-03	 7.1450318347E-07	 9.0539170510E-05
    70   3   5	 7.1079821416E-03	 1.3526446375E-02	 7.1450318347E-07	 2.2456133886E-04
    70   3   6	 7.1079821416E-03	 1.3725677127E-02	 7.1450318347E-07	 4.0809933499E-04
    70   4   4	 7.6280904766E-03	 7.6280904766E-03	 9.0539170510E-05	 9.0539170510E-05
    70   4   5	 7.6280904766E-03	 1.3526446375E-02	 9.0539170510E-05	 2.2456133886E-04
    70   4   6	 7.6280904766E-03	 1.3725677127E-02	 9.0539170510E-05	 4.0809933499E-04
    70   5   5	 1.3526446375E-02	 1.3526446375E-02	 2.2456133886E-04	 2.2456133886E-04
    70   5   6	 1.3526446375E-02	 1.3725677127E-02	 2.2456133886E-04	 4.0809933499E-04
    70   6   6	 1.3725677127E-02	 1.3725677127E-02	 4.0809933499E-04	 4.0809933499E-04
    71   1   1	 2.3741851317E-03	 2.3741851317E-03	 2.3981923601E-09	 2.3981923601E-09
    71   1   2	 2.3741851317E-03	 5.1829193798E-03	 2.3981923601E-09	 1.8555315376E-04
    71   1   3	 2.3741851317E-03	 6.8648429786E-03	 2.3981923601E-09	 4.8419780515E-07
    71   1   4	 2.3741851317E-03	 8.2135236552E-03	 2.3981923601E-09	 1.1239939682E-04
    71   1   5	 2.3741851317E-03	 1.3491098925E-02	 2.3981923601E-09	 1.4903111619E-04
    71   1   6	 2.3741851317E-03	 1.3659290447E-02	 2.3981923601E-09	 3.9053225767E-04
    71   2   2	 5.1829193798E-03	 5.1829193798E-03	 1.8555315376E-04	 1.8555315376E-04
    71   2   3	 5.1829193798E-03	 6.8648429786E-03	 1.8555315376E-04	 4.8419780515E-07
    71   2   4	 5.1829193798E-03	 8.2135236552E-03	 1.8555315376E-04	 1.1239939682E-04
    71   2   5	 5.1829193798E-03	 1.3491098925E-02	 1.8555315376E-04	 1.4903111619E-04
    71   2   6	 5.1829193798E-03	 1.3659290447E-02	 1.8555315376E-04	 3.9053225767E-04
    71   3   3	 6.8648429786E-03	 6.8648429786E-03	 4.8419780515E-07	 4.8419780515E-07
    71   3   4	 6.8648429786E-03	 8.2135236552E-03	 4.8419780515E-07	 1.1239939682E-04
    71   3   5	 6.8648429786E-03	 1.3491098925E-02	 4.8419780515E-07	 1.4903111619E-04
    71   3   6	 6.8648429786E-03	 1.3659290447E-02	 4.8419780515E-07	 3.9053225767E-04
    71   4   4	 8.2135236552E-03	 8.2135236552E-03	 1.1239939682E-04	 1.1239939682E-04
    71   4   5	 8.2135236552E-03	 1.3491098925E-02	 1.1239939682E-04	 1.4903111619E-04
    71   4   6	 8.2135236552E-03	 1.3659290447E-02	 1.1239939682E-04	 3.9053225767E-04
    71   5   5	 1.3491098925E-02	 1.3491098925E-02	 1.4903111619E-04	 1.4903111619E-04
    71   5   6	 1.3491098925E-02	 1.3659290447E-02	 1.4903111619E-04	 3.9053225767E-04
    71   6   6	 1.3659290447E-02	 1.3659290447E-02	 3.9053225767E-04	 3.9053225767E-04
    72   1   1	 2.6153425607E-03	 2.6153425607E-03	 2.7250631272E-09	 2.7250631272E-09
    72   1   2	 2.6153425607E-03	 5.6258775467E-03	 2.7250631272E-09	 2.4739129190E-04
    72   1   3	 2.6153425607E-03	 6.6084500407E-03	 2.7250631272E-09	 5.1153576753E-07
    72   1   4	 2.6153425607E-03	 8.7887499567E-03	 2.7250631272E-09	 1.3630608087E-04
    72   1   5	 2.6153425607E-03	 1.3442811936E-02	 2.7250631272E-09	 1.2930732476E-04
    72   1   6	 2.6153425607E-03	 1.3574020143E-02	 2.7250631272E-09	 3.3699622566E-04
    72   2   2	 5.6258775467E-03	 5.6258775467E-03	 2.4739129190E-04	 2.4739129190E-04
    72   2   3	 5.6258775467E-03	 6.6084500407E-03	 2.4739129190E-04	 5.1153576753E-07
    72   2   4	 5.6258775467E-03	 8.7887499567E-03	 2.4739129190E-04	 1.3630608087E-04
    72   2   5	 5.6258775467E-03	 1.3442811936E-02	 2.4739129190E-04	 1.2930732476E-04
    72   2   6	 5.6258775467E-03	 1.3574020143E-02	 2.4739129190E-04	 3.3699622566E-04
    72   3   3	 6.6084500407E-03	 6.6084500407E-03	 5.1153576753E-07	 5.1153576753E-07
    72   3   4	 6.6084500407E-03	 8.7887499567E-03	 5.1153576753E-07	 1.3630608087E-04
    72   3   5	 6.6084500407E-03	 1.3442811936E-02	 5.1153576753E-07	 1.2930732476E-04
    72   3   6	 6.6084500407E-03	 1.3574020143E-02	 5.1153576753E-07	 3.3699622566E-04
    72   4   4	 8.7887499567E-03	 8.7887499567E-03	 1.3630608087E-04	 1.3630608087E-04
    72   4   5	 8.7887499567E-03	 1.3442811936E-02	 1.3630608087E-04	 1.2930732476E-04
    72   4   6	 8.7887499567E-03	 1.3574020143E-02	 1.3630608087E-04	 3.3699622566E-04
    72   5   5	 1.3442811936E-02	 1.3442811936E-02	 1.2930732476E-04	 1.2930732476E-04
    72   5   6	 1.3442811936E-02	 1.3574020143E-02	 1.2930732476E-04	 3.3699622566E-04
    72   6   6	 1.3574020143E-02	 1.3574020143E-02	 3.3699622566E-04	 3.3699622566E-04
    73   1   1	 2.8516327078E-03	 2.8516327078E-03	 3.0476610103E-09	 3.0476610103E-09
    73   1   2	 2.8516327078E-03	 6.0283948655E-03	 3.0476610103E-09	 2.4075398151E-04
    73   1   3	 2.8516327078E-03	 6.3450169226E-03	 3.0476610103E-09	 3.9926323649E-07
    73   1   4	 2.8516327078E-03	 9.3484319750E-03	 3.0476610103E-09	 2.3955292227E-04
    73   1   5	 2.8516327078E-03	 1.3356640324E-02	 3.0476610103E-09	 1.9445240488E-04
    73   1   6	 2.8516327078E-03	 1.3491903999E-02	 3.0476610103E-09	 2.7933527801E-04
    73   2   2	 6.0283948655E-03	 6.0283948655E-03	 2.4075398151E-04	 2.4075398151E-04
    73   2   3	 6.0283948655E-03	 6.3450169226E-03	 2.4075398151E-04	 3.9926323649E-07
    73   2   4	 6.0283948655E-03	 9.3484319750E-03	 2.4075398151E-04	 2.3955292227E-04
    73   2   5	 6.0283948655E-03	 1.3356640324E-02	 2.4075398151E-04	 1.9445240488E-04
    73   2   6	 6.0283948655E-03	 1.3491903999E-02	 2.4075398151E-04	 2.7933527801E-04
    73   3   3	 6.3450169226E-03	 6.3450169226E-03	 3.9926323649E-07	 3.9926323649E-07
    73   3   4	 6.3450169226E-03	 9.3484319750E-03	 3.9926323649E-07	 2.3955292227E-04
    73   3   5	 6.3450169226E-03	 1.3356640324E-02	 3.9926323649E-07	 1.9445240488E-04
    73   3   6	 6.3450169226E-03	 1.3491903999E-02	 3.9926323649E-07	 2.7933527801E-04
    73   4   4	 9.3484319750E-03	 9.3484319750E-03	 2.3955292227E-04	 2.3955292227E-04
    73   4   5	 9.3484319750E-03	 1.3356640324E-02	 2.3955292227E-04	 1.9445240488E-04
    73   4   6	 9.3484319750E-03	 1.3491903999E-02	 2.3955292227E-04	 2.7933527801E-04
    73   5   5	 1.3356640324E-02	 1.3356640324E-02	 1.9445240488E-04	 1.9445240488E-04
    73   5   6	 1.3356640324E-02	 1.3491903999E-02	 1.9445240488E-04	 2.7933527801E-04
    73   6   6	 1.3491903999E-02	 1.3491903999E-02	 2.7933527801E-04	 2.7933527801E-04
    74   1   1	 3.0808975233E-03	 3.0808975233E-03	 3.3561661069E-09	 3.3561661069E-09
    74   1   2	 3.0808975233E-03	 6.0819937436E-03	 3.3561661069E-09	 2.7144604297E-07
    74   1   3	 3.0808975233E-03	 6.3801935278E-03	 3.3561661069E-09	 1.2618157257E-04
    74   1   4	 3.0808975233E-03	 9.8876142483E-03	 3.3561661069E-09	 3.4758771432E-04
    74   1   5	 3.0808975233E-03	 1.3207085000E-02	 3.3561661069E-09	 1.9878724610E-04
    74   1   6	 3.0808975233E-03	 1.3436744204E-02	 3.3561661069E-09	 9.4907222488E-05
    74   2   2	 6.0819937436E-03	 6.0819937436E-03	 2.7144604297E-07	 2.7144604297E-07
    74   2   3	 6.0819937436E-03	 6.3801935278E-03	 2.7144604297E-07	 1.2618157257E-04
    74   2   4	 6.0819937436E-03	 9.8876142483E-03	 2.7144604297E-07	 3.4758771432E-04
    74   2   5	 6.0819937436E-03	 1.3207085000E-02	 2.7144604297E-07	 1.9878724610E-04
    74   2   6	 6.0819937436E-03	 1.3436744204E-02	 2.7144604297E-07	 9.4907222488E-05
    74   3   3	 6.3801935278E-03	 6.3801935278E-03	 1.2618157257E-04	 1.2618157257E-04
    74   3   4	 6.3801935278E-03	 9.8876142483E-03	 1.2618157257E-04	 3.4758771432E-04
    74   3   5	 6.3801935278E-03	 1.3207085000E-02	 1.2618157257E-04	 1.9878724610E-04
    74   3   6	 6.3801935278E-03	 1.3436744204E-02	 1.2618157257E-04	 9.4907222488E-05
    74   4   4	 9.8876142483E-03	 9.8876142483E-03	 3.4758771432E-04	 3.4758771432E-04
    74   4   5	 9.8876142483E-03	 1.3207085000E-02	 3.4758771432E-04	 1.9878724610E-04
    74   4   6	 9.8876142483E-03	 1.3436744204E-02	 3.4758771432E-04	 9.4907222488E-05
    74   5   5	 1.3207085000E-02	 1.3207085000E-02	 1.9878724610E-04	 1.9878724610E-04
    74   5   6	 1.3207085000E-02	 1.3436744204E-02	 1.9878724610E-04	 9.4907222488E-05
    74   6   6	 1.3436744204E-02	 1.3436744204E-02	 9.4907222488E-05	 9.4907222488E-05
    75   1   1	 3.2988602514E-03	 3.2988602514E-03	 3.6423217432E-09	 3.6423217432E-09
    75   1   2	 3.2988602514E-03	 5.8289859301E-03	 3.6423217432E-09	 2.4641366552E-07
    75   1   3	 3.2988602514E-03	 6.6727322861E-03	 3.6423217432E-09	 3.6273312205E-05
    75   1   4	 3.2988602514E-03	 1.0401588530E-02	 3.6423217432E-09	 3.8847024039E-04
    75   1   5	 3.2988602514E-03	 1.3004718912E-02	 3.6423217432E-09	 1.5278537304E-04
    75   1   6	 3.2988602514E-03	 1.3397572360E-02	 3.6423217432E-09	 7.3405103349E-05
    75   2   2	 5.8289859301E-03	 5.8289859301E-03	 2.4641366552E-07	 2.4641366552E-07
    75   2   3	 5.8289859301E-03	 6.6727322861E-03	 2.4641366552E-07	 3.6273312205E-05
    75   2   4	 5.8289859301E-03	 1.0401588530E-02	 2.4641366552E-07	 3.8847024039E-04
    75   2   5	 5.8289859301E-03	 1.3004718912E-02	 2.4641366552E-07	 1.5278537304E-04
    75   2   6	 5.8289859301E-03	 1.3397572360E-02	 2.4641366552E-07	 7.3405103349E-05
    75   3   3	 6.6727322861E-03	 6.6727322861E-03	 3.6273312205E-05	 3.6273312205E-05
    75   3   4	 6.6727322861E-03	 1.0401588530E-02	 3.6273312205E-05	 3.8847024039E-04
    75   3   5	 6.6727322861E-03	 1.3004718912E-02	 3.6273312205E-05	 1.5278537304E-04
    75   3   6	 6.6727322861E-03	 1.3397572360E-02	 3.6273312205E-05	 7.3405103349E-05
    75   4   4	 1.0401588530E-02	 1.0401588530E-02	 3.8847024039E-04	 3.8847024039E-04
    75   4   5	 1.0401588530E-02	 1.3004718912E-02	 3.8847024039E-04	 1.5278537304E-04
    75   4   6	 1.0401588530E-02	 1.3397572360E-02	 3.8847024039E-04	 7.3405103349E-05
    75   5   5	 1.3004718912E-02	 1.3004718912E-02	 1.5278537304E-04	 1.5278537304E-04
    75   5   6	 1.3004718912E-02	 1.3397572360E-02	 1.5278537304E-04	 7.3405103349E-05
    75   6   6	 1.3397572360E-02	 1.3397572360E-02	 7.3405103349E-05	 7.3405103349E-05
    76   1   1	 3.4967298745E-03	 3.4967298745E-03	 3.8985410732E-09	 3.8985410732E-09
    76   1   2	 3.4967298745E-03	 5.5997532352E-03	 3.8985410732E-09	 1.4148615891E-07
    76   1   3	 3.4967298745E-03	 6.8989189767E-03	 3.8985410732E-09	 1.2786089361E-05
    76   1   4	 3.4967298745E-03	 1.0885875616E-02	 3.8985410732E-09	 2.4202425406E-04
    76   1   5	 3.4967298745E-03	 1.2757289150E-02	 3.8985410732E-09	 1.4656858197E-04
    76   1   6	 3.4967298745E-03	 1.3367507162E-02	 3.8985410732E-09	 7.4218003174E-05
    76   2   2	 5.5997532352E-03	 5.5997532352E-03	 1.4148615891E-07	 1.4148615891E-07
    76   2   3	 5.5997532352E-03	 6.8989189767E-03	 1.4148615891E-07	 1.2786089361E-05
    76   2   4	 5.5997532352E-03	 1.0885875616E-02	 1.4148615891E-07	 2.4202425406E-04
    76   2   5	 5.5997532352E-03	 1.2757289150E-02	 1.4148615891E-07	 1.4656858197E-04
    76   2   6	 5.5997532352E-03	 1.3367507162E-02	 1.4148615891E-07	 7.4218003174E-05
    76   3   3	 6.8989189767E-03	 6.8989189767E-03	 1.2786089361E-05	 1.2786089361E-05
    76   3   4	 6.8989189767E-03	 1.0885875616E-02	 1.2786089361E-05	 2.4202425406E-04
    76   3   5	 6.8989189767E-03	 1.2757289150E-02	 1.2786089361E-05	 1.4656858197E-04
    76   3   6	 6.8989189767E-03	 1.3367507162E-02	 1.2786089361E-05	 7.4218003174E-05
    76   4   4	 1.0885875616E-02	 1.0885875616E-02	 2.4202425406E-04	 2.4202425406E-04
    76   4   5	 1.0885875616E-02	 1.2757289150E-02	 2.4202425406E-04	 1.4656858197E-04
    76   4   6	 1.0885875616E-02	 1.3367507162E-02	 2.4202425406E-04	 7.4218003174E-05
    76   5   5	 1.2757289150E-02	 1.2757289150E-02	 1.4656858197E-04	 1.4656858197E-04
    76   5   6	 1.2757289150E-02	 1.3367507162E-02	 1.4656858197E-04	 7.4218003174E-05
    76   6   6	 1.3367507162E-02	 1.3367507162E-02	 7.4218003174E-05	 7.4218003174E-05
    77   1   1	 3.6572135190E-03	 3.6572135190E-03	 4.1128815183E-09	 4.1128815183E-09
    77   1   2	 3.6572135190E-03	 5.4157891828E-03	 4.1128815183E-09	 9.2453730673E-08
    77   1   3	 3.6572135190E-03	 7.0530971132E-03	 4.1128815183E-09	 6.7552133152E-06
    77   1   4	 3.6572135190E-03	 1.1336058886E-02	 4.1128815183E-09	 2.0835878113E-04
    77   1   5	 3.6572135190E-03	 1.2467111317E-02	 4.1128815183E-09	 9.7953703567E-05
    77   1   6	 3.6572135190E-03	 1.3346362620E-02	 4.1128815183E-09	 7.5763194185E-05
    77   2   2	 5.4157891828E-03	 5.4157891828E-03	 9.2453730673E-08	 9.2453730673E-08
    77   2   3	 5.4157891828E-03	 7.0530971132E-03	 9.2453730673E-08	 6.7552133152E-06
    77   2   4	 5.4157891828E-03	 1.1336058886E-02	 9.2453730673E-08	 2.0835878113E-04
    77   2   5	 5.4157891828E-03	 1.2467111317E-02	 9.2453730673E-08	 9.7953703567E-05
    77   2   6	 5.4157891828E-03	 1.3346362620E-02	 9.2453730673E-08	 7.5763194185E-05
    77   3   3	 7.0530971132E-03	 7.0530971132E-03	 6.7552133152E-06	 6.7552133152E-06
    77   3   4	 7.0530971132E-03	 1.1336058886E-02	 6.7552133152E-06	 2.0835878113E-04
    77   3   5	 7.0530971132E-03	 1.2467111317E-02	 6.7552133152E-06	 9.7953703567E-05
    77   3   6	 7.0530971132E-03	 1.3346362620E-02	 6.7552133152E-06	 7.5763194185E-05
    77   4   4	 1.1336058886E-02	 1.1336058886E-02	 2.0835878113E-04	 2.0835878113E-04
    77   4   5	 1.1336058886E-02	 1.2467111317E-02	 2.0835878113E-04	 9.7953703567E-05
    77   4   6	 1.1336058886E-02	 1.3346362620E-02	 2.0835878113E-04	 7.5763194185E-05
    77   5   5	 1.2467111317E-02	 1.2467111317E-02	 9.7953703567E-05	 9.7953703567E-05
    77   5   6	 1.2467111317E-02	 1.3346362620E-02	 9.7953703567E-05	 7.5763194185E-05
    77   6   6	 1.3346362620E-02	 1.3346362620E-02	 7.5763194185E-05	 7.5763194185E-05
    78   1   1	 3.7516915335E-03	 3.7516915335E-03	 4.2521940147E-09	 4.2521940147E-09
    78   1   2	 3.7516915335E-03	 5.3087666369E-03	 4.2521940147E-09	 6.6906476479E-08
    78   1   3	 3.7516915335E-03	 7.1312422992E-03	 4.2521940147E-09	 5.2448799919E-06
    78   1   4	 3.7516915335E-03	 1.1744426588E-02	 4.2521940147E-09	 1.5009598092E-04
    78   1   5	 3.7516915335E-03	 1.2139449660E-02	 4.2521940147E-09	 1.3208302349E-04
    78   1   6	 3.7516915335E-03	 1.3335344188E-02	 4.2521940147E-09	 9.1184367789E-05
    78   2   2	 5.3087666369E-03	 5.3087666369E-03	 6.6906476479E-08	 6.6906476479E-08
    78   2   3	 5.3087666369E-03	 7.1312422992E-03	 6.6906476479E-08	 5.2448799919E-06
    78   2   4	 5.3087666369E-03	 1.1744426588E-02	 6.6906476479E-08	 1.5009598092E-04
    78   2   5	 5.3087666369E-03	 1.2139449660E-02	 6.6906476479E-08	 1.3208302349E-04
    78   2   6	 5.3087666369E-03	 1.3335344188E-02	 6.6906476479E-08	 9.1184367789E-05
    78   3   3	 7.1312422992E-03	 7.1312422992E-03	 5.2448799919E-06	 5.2448799919E-06
    78   3   4	 7.1312422992E-03	 1.1744426588E-02	 5.2448799919E-06	 1.5009598092E-04
    78   3   5	 7.1312422992E-03	 1.2139449660E-02	 5.2448799919E-06	 1.3208302349E-04
    78   3   6	 7.1312422992E-03	 1.3335344188E-02	 5.2448799919E-06	 9.1184367789E-05
    78   4   4	 1.1744426588E-02	 1.1744426588E-02	 1.5009598092E-04	 1.5009598092E-04
    78   4   5	 1.1744426588E-02	 1.2139449660E-02	 1.5009598092E-04	 1.3208302349E-04
    78   4   6	 1.1744426588E-02	 1.3335344188E-02	 1.5009598092E-04	 9.1184367789E-05
    78   5   5	 1.2139449660E-02	 1.2139449660E-02	 1.3208302349E-04	 1.3208302349E-04
    78   5   6	 1.2139449660E-02	 1.3335344188E-02	 1.3208302349E-04	 9.1184367789E-05
    78   6   6	 1.3335344188E-02	 1.3335344188E-02	 9.1184367789E-05	 9.1184367789E-05
    79   1   1	 2.5881441803E-03	 2.5881441803E-03	 2.5913495027E-09	 2.5913495027E-09
    79   1   2	 2.5881441803E-03	 5.6597270540E-03	 2.5913495027E-09	 2.1020113431E-04
    79   1   3	 2.5881441803E-03	 6.6265195334E-03	 2.5913495027E-09	 5.7023324370E-07
    79   1   4	 2.5881441803E-03	 8.7344667589E-03	 2.5913495027E-09	 1.6098716143E-04
    79   1   5	 2.5881441803E-03	 1.3474071662E-02	 2.5913495027E-09	 1.6831548131E-04
    79   1   6	 2.5881441803E-03	 1.3546481953E-02	 2.5913495027E-09	 3.1577226319E-04
    79   2   2	 5.6597270540E-03	 5.6597270540E-03	 2.1020113431E-04	 2.1020113431E-04
    79   2   3	 5.6597270540E-03	 6.6265195334E-03	 2.1020113431E-04	 5.7023324370E-07
    79   2   4	 5.6597270540E-03	 8.7344667589E-03	 2.1020113431E-04	 1.6098716143E-04
    79   2   5	 5.6597270540E-03	 1.3474071662E-02	 2.1020113431E-04	 1.6831548131E-04
    79   2   6	 5.6597270540E-03	 1.3546481953E-02	 2.1020113431E-04	 3.1577226319E-04
    79   3   3	 6.6265195334E-03	 6.6265195334E-03	 5.7023324370E-07	 5.7023324370E-07
    79   3   4	 6.6265195334E-03	 8.7344667589E-03	 5.7023324370E-07	 1.6098716143E-04
    79   3   5	 6.6265195334E-03	 1.3474071662E-02	 5.7023324370E-07	 1.6831548131E-04
    79   3   6	 6.6265195334E-03	 1.3546481953E-02	 5.7023324370E-07	 3.1577226319E-04
    79   4   4	 8.7344667589E-03	 8.7344667589E-03	 1.6098716143E-04	 1.6098716143E-04
    79   4   5	 8.7344667589E-03	 1.3474071662E-02	 1.6098716143E-04	 1.6831548131E-04
    79   4   6	 8.7344667589E-03	 1.3546481953E-02	 1.6098716143E-04	 3.1577226319E-04
    79   5   5	 1.3474071662E-02	 1.3474071662E-02	 1.6831548131E-04	 1.6831548131E-04
    79   5   6	 1.3474071662E-02	 1.3546481953E-02	 1.6831548131E-04	 3.1577226319E-04
    79   6   6	 1.3546481953E-02	 1.3546481953E-02	 3.1577226319E-04	 3.1577226319E-04
    80   1   1	 2.8260734384E-03	 2.8260734384E-03	 2.8838678813E-09	 2.8838678813E-09
    80   1   2	 2.8260734384E-03	 6.1148013569E-03	 2.8838678813E-09	 2.9631107907E-04
    80   1   3	 2.8260734384E-03	 6.3680254555E-03	 2.8838678813E-09	 4.0535619962E-07
    80   1   4	 2.8260734384E-03	 9.2254734958E-03	 2.8838678813E-09	 2.0645487039E-04
    80   1   5	 2.8260734384E-03	 1.3391233073E-02	 2.8838678813E-09	 1.7940795471E-04
    80   1   6	 2.8260734384E-03	 1.3476800476E-02	 2.8838678813E-09	 1.7640956899E-04
    80   2   2	 6.1148013569E-03	 6.1148013569E-03	 2.9631107907E-04	 2.9631107907E-04
    80   2   3	 6.1148013569E-03	 6.3680254555E-03	 2.9631107907E-04	 4.0535619962E-07
    80   2   4	 6.1148013569E-03	 9.2254734958E-03	 2.9631107907E-04	 2.0645487039E-04
    80   2   5	 6.1148013569E-03	 1.3391233073E-02	 2.9631107907E-04	 1.7940795471E-04
    80   2   6	 6.1148013569E-03	 1.3476800476E-02	 2.9631107907E-04	 1.7640956899E-04
    80   3   3	 6.3680254555E-03	 6.3680254555E-03	 4.0535619962E-07	 4.0535619962E-07
    80   3   4	 6.3680254555E-03	 9.2254734958E-03	 4.0535619962E-07	 2.0645487039E-04
    80   3   5	 6.3680254555E-03	 1.3391233073E-02	 4.0535619962E-07	 1.7940795471E-04
    80   3   6	 6.3680254555E-03	 1.3476800476E-02	 4.0535619962E-07	 1.7640956899E-04
    80   4   4	 9.2254734958E-03	 9.2254734958E-03	 2.0645487039E-04	 2.0645487039E-04
    80   4   5	 9.2254734958E-03	 1.3391233073E-02	 2.0645487039E-04	 1.7940795471E-04
    80   4   6	 9.2254734958E-03	 1.3476800476E-02	 2.0645487039E-04	 1.7640956899E-04
    80   5   5	 1.3391233073E-02	 1.3391233073E-02	 1.7940795471E-04	 1.7940795471E-04
    80   5   6	 1.3391233073E-02	 1.3476800476E-02	 1.7940795471E-04	 1.7640956899E-04
    80   6   6	 1.3476800476E-02	 1.3476800476E-02	 1.7640956899E-04	 1.7640956899E-04
    81   1   1	 3.0588320818E-03	 3.0588320818E-03	 3.1700665896E-09	 3.1700665896E-09
    81   1   2	 3.0588320818E-03	 6.1052038603E-03	 3.1700665896E-09	 2.6025664815E-07
    81   1   3	 3.0588320818E-03	 6.5264100461E-03	 3.1700665896E-09	 3.2452739379E-04
    81   1   4	 3.0588320818E-03	 9.7043611233E-03	 3.1700665896E-09	 2.7969660148E-04
    81   1   5	 3.0588320818E-03	 1.3228315482E-02	 3.1700665896E-09	 1.9009696183E-04
    81   1   6	 3.0588320818E-03	 1.3452560440E-02	 3.1700665896E-09	 1.0831728289E-04
    81   2   2	 6.1052038603E-03	 6.1052038603E-03	 2.6025664815E-07	 2.6025664815E-07
    81   2   3	 6.1052038603E-03	 6.5264100461E-03	 2.6025664815E-07	 3.2452739379E-04
    81   2   4	 6.1052038603E-03	 9.7043611233E-03	 2.6025664815E-07	 2.7969660148E-04
    81   2   5	 6.1052038603E-03	 1.3228315482E-02	 2.6025664815E-07	 1.9009696183E-04
    81   2   6	 6.1052038603E-03	 1.3452560440E-02	 2.6025664815E-07	 1.0831728289E-04
    81   3   3	 6.5264100461E-03	 6.5264100461E-03	 3.2452739379E-04	 3.2452739379E-04
    81   3   4	 6.5264100461E-03	 9.7043611233E-03	 3.2452739379E-04	 2.7969660148E-04
    81   3   5	 6.5264100461E-03	 1.3228315482E-02	 3.2452739379E-04	 1.9009696183E-04
    81   3   6	 6.5264100461E-03	 1.3452560440E-02	 3.2452739379E-04	 1.0831728289E-04
    81   4   4	 9.7043611233E-03	 9.7043611233E-03	 2.7969660148E-04	 2.7969660148E-04
    81   4   5	 9.7043611233E-03	 1.3228315482E-02	 2.7969660148E-04	 1.9009696183E-04
    81   4   6	 9.7043611233E-03	 1.3452560440E-02	 2.7969660148E-04	 1.0831728289E-04
    81   5   5	 1.3228315482E-02	 1.3228315482E-02	 1.9009696183E-04	 1.9009696183E-04
    81   5   6	 1.3228315482E-02	 1.3452560440E-02	 1.9009696183E-04	 1.0831728289E-04
    81   6   6	 1.3452560440E-02	 1.3452560440E-02	 1.0831728289E-04	 1.0831728289E-04
    82   1   1	 3.2840806912E-03	 3.2840806912E-03	 3.4409369265E-09	 3.4409369265E-09
    82   1   2	 3.2840806912E-03	 5.8456815446E-03	 3.4409369265E-09	 2.4000858435E-07
    82   1   3	 3.2840806912E-03	 6.8810097819E-03	 3.4409369265E-09	 1.9805898170E-04
    82   1   4	 3.2840806912E-03	 1.0169185275E-02	 3.4409369265E-09	 4.2865593863E-04
    82   1   5	 3.2840806912E-03	 1.3024601803E-02	 3.4409369265E-09	 1.9281611089E-04
    82   1   6	 3.2840806912E-03	 1.3433560330E-02	 3.4409369265E-09	 7.6296140365E-05
    82   2   2	 5.8456815446E-03	 5.8456815446E-03	 2.4000858435E-07	 2.4000858435E-07
    82   2   3	 5.8456815446E-03	 6.8810097819E-03	 2.4000858435E-07	 1.9805898170E-04
    82   2   4	 5.8456815446E-03	 1.0169185275E-02	 2.4000858435E-07	 4.2865593863E-04
    82   2   5	 5.8456815446E-03	 1.3024601803E-02	 2.4000858435E-07	 1.9281611089E-04
    82   2   6	 5.8456815446E-03	 1.3433560330E-02	 2.4000858435E-07	 7.6296140365E-05
    82   3   3	 6.8810097819E-03	 6.8810097819E-03	 1.9805898170E-04	 1.9805898170E-04
    82   3   4	 6.8810097819E-03	 1.0169185275E-02	 1.9805898170E-04	 4.2865593863E-04
    82   3   5	 6.8810097819E-03	 1.3024601803E-02	 1.9805898170E-04	 1.9281611089E-04
    82   3   6	 6.8810097819E-03	 1.3433560330E-02	 1.9805898170E-04	 7.6296140365E-05
    82   4   4	 1.0169185275E-02	 1.0169185275E-02	 4.2865593863E-04	 4.2865593863E-04
    82   4   5	 1.0169185275E-02	 1.3024601803E-02	 4.2865593863E-04	 1.9281611089E-04
    82   4   6	 1.0169185275E-02	 1.3433560330E-02	 4.2865593863E-04	 7.6296140365E-05
    82   5   5	 1.3024601803E-02	 1.3024601803E-02	 1.9281611089E-04	 1.9281611089E-04
    82   5   6	 1.3024601803E-02	 1.3433560330E-02	 1.9281611089E-04	 7.6296140365E-05
    82   6   6	 1.3433560330E-02	 1.3433560330E-02	 7.6296140365E-05	 7.6296140365E-05
    83   1   1	 3.4967298745E-03	 3.4967298745E-03	 3.6888184254E-09	 3.6888184254E-09
    83   1   2	 3.4967298745E-03	 5.5997532352E-03	 3.6888184254E-09	 1.4305232744E-07
    83   1   3	 3.4967298745E-03	 7.1677231504E-03	 3.6888184254E-09	 5.3132064745E-05
    83   1   4	 3.4967298745E-03	 1.0617406020E-02	 3.6888184254E-09	 3.4166981004E-04
    83   1   5	 3.4967298745E-03	 1.2783182828E-02	 3.6888184254E-09	 1.3804336563E-04
    83   1   6	 3.4967298745E-03	 1.3417179890E-02	 3.6888184254E-09	 7.0451614455E-05
    83   2   2	 5.5997532352E-03	 5.5997532352E-03	 1.4305232744E-07	 1.4305232744E-07
    83   2   3	 5.5997532352E-03	 7.1677231504E-03	 1.4305232744E-07	 5.3132064745E-05
    83   2   4	 5.5997532352E-03	 1.0617406020E-02	 1.4305232744E-07	 3.4166981004E-04
    83   2   5	 5.5997532352E-03	 1.2783182828E-02	 1.4305232744E-07	 1.3804336563E-04
    83   2   6	 5.5997532352E-03	 1.3417179890E-02	 1.4305232744E-07	 7.0451614455E-05
    83   3   3	 7.1677231504E-03	 7.1677231504E-03	 5.3132064745E-05	 5.3132064745E-05
    83   3   4	 7.1677231504E-03	 1.0617406020E-02	 5.3132064745E-05	 3.4166981004E-04
    83   3   5	 7.1677231504E-03	 1.2783182828E-02	 5.3132064745E-05	 1.3804336563E-04
    83   3   6	 7.1677231504E-03	 1.3417179890E-02	 5.3132064745E-05	 7.0451614455E-05
    83   4   4	 1.0617406020E-02	 1.0617406020E-02	 3.4166981004E-04	 3.4166981004E-04
    83   4   5	 1.0617406020E-02	 1.2783182828E-02	 3.4166981004E-04	 1.3804336563E-04
    83   4   6	 1.0617406020E-02	 1.3417179890E-02	 3.4166981004E-04	 7.0451614455E-05
    83   5   5	 1.2783182828E-02	 1.2783182828E-02	 1.3804336563E-04	 1.3804336563E-04
    83   5   6	 1.2783182828E-02	 1.3417179890E-02	 1.3804336563E-04	 7.0451614455E-05
    83   6   6	 1.3417179890E-02	 1.3417179890E-02	 7.0451614455E-05	 7.0451614455E-05
    84   1   1	 3.6853533498E-03	 3.6853533498E-03	 3.9057746848E-09	 3.9057746848E-09
    84   1   2	 3.6853533498E-03	 5.3835330018E-03	 3.9057746848E-09	 7.6617971792E-08
    84   1   3	 3.6853533498E-03	 7.3782695707E-03	 3.9057746848E-09	 1.5200215210E-05
    84   1   4	 3.6853533498E-03	 1.1045473563E-02	 3.9057746848E-09	 2.6105609016E-04
    84   1   5	 3.6853533498E-03	 1.2505252241E-02	 3.9057746848E-09	 1.0052543548E-04
    84   1   6	 3.6853533498E-03	 1.3404217895E-02	 3.9057746848E-09	 1.0583088200E-04
    84   2   2	 5.3835330018E-03	 5.3835330018E-03	 7.6617971792E-08	 7.6617971792E-08
    84   2   3	 5.3835330018E-03	 7.3782695707E-03	 7.6617971792E-08	 1.5200215210E-05
    84   2   4	 5.3835330018E-03	 1.1045473563E-02	 7.6617971792E-08	 2.6105609016E-04
    84   2   5	 5.3835330018E-03	 1.2505252241E-02	 7.6617971792E-08	 1.0052543548E-04
    84   2   6	 5.3835330018E-03	 1.3404217895E-02	 7.6617971792E-08	 1.0583088200E-04
    84   3   3	 7.3782695707E-03	 7.3782695707E-03	 1.5200215210E-05	 1.5200215210E-05
    84   3   4	 7.3782695707E-03	 1.1045473563E-02	 1.5200215210E-05	 2.6105609016E-04
    84   3   5	 7.3782695707E-03	 1.2505252241E-02	 1.5200215210E-05	 1.0052543548E-04
    84   3   6	 7.3782695707E-03	 1.3404217895E-02	 1.5200215210E-05	 1.0583088200E-04
    84   4   4	 1.1045473563E-02	 1.1045473563E-02	 2.6105609016E-04	 2.6105609016E-04
    84   4   5	 1.1045473563E-02	 1.2505252241E-02	 2.6105609016E-04	 1.0052543548E-04
    84   4   6	 1.1045473563E-02	 1.3404217895E-02	 2.6105609016E-04	 1.0583088200E-04
    84   5   5	 1.2505252241E-02	 1.2505252241E-02	 1.0052543548E-04	 1.0052543548E-04
    84   5   6	 1.2505252241E-02	 1.3404217895E-02	 1.0052543548E-04	 1.0583088200E-04
    84   6   6	 1.3404217895E-02	 1.3404217895E-02	 1.0583088200E-04	 1.0583088200E-04
    85   1   1	 3.8259286885E-03	 3.8259286885E-03	 4.0745405662E-09	 4.0745405662E-09
    85   1   2	 3.8259286885E-03	 5.2247825379E-03	 4.0745405662E-09	 3.9833534466E-08
    85   1   3	 3.8259286885E-03	 7.5068662351E-03	 4.0745405662E-09	 7.3925133739E-06
    85   1   4	 3.8259286885E-03	 1.1447491660E-02	 4.0745405662E-09	 2.9780369309E-04
    85   1   5	 3.8259286885E-03	 1.2194406230E-02	 4.0745405662E-09	 1.0183142589E-04
    85   1   6	 3.8259286885E-03	 1.3395829732E-02	 4.0745405662E-09	 1.1932013773E-04
    85   2   2	 5.2247825379E-03	 5.2247825379E-03	 3.9833534466E-08	 3.9833534466E-08
    85   2   3	 5.2247825379E-03	 7.5068662351E-03	 3.9833534466E-08	 7.3925133739E-06
    85   2   4	 5.2247825379E-03	 1.1447491660E-02	 3.9833534466E-08	 2.9780369309E-04
    85   2   5	 5.2247825379E-03	 1.2194406230E-02	 3.9833534466E-08	 1.0183142589E-04
    85   2   6	 5.2247825379E-03	 1.3395829732E-02	 3.9833534466E-08	 1.1932013773E-04
    85   3   3	 7.5068662351E-03	 7.5068662351E-03	 7.3925133739E-06	 7.3925133739E-06
    85   3   4	 7.5068662351E-03	 1.1447491660E-02	 7.3925133739E-06	 2.9780369309E-04
    85   3   5	 7.5068662351E-03	 1.2194406230E-02	 7.3925133739E-06	 1.0183142589E-04
    85   3   6	 7.5068662351E-03	 1.3395829732E-02	 7.3925133739E-06	 1.1932013773E-04
    85   4   4	 1.1447491660E-02	 1.1447491660E-02	 2.9780369309E-04	 2.9780369309E-04
    85   4   5	 1.1447491660E-02	 1.2194406230E-02	 2.9780369309E-04	 1.0183142589E-04
    85   4   6	 1.1447491660E-02	 1.3395829732E-02	 2.9780369309E-04	 1.1932013773E-04
    85   5   5	 1.2194406230E-02	 1.2194406230E-02	 1.0183142589E-04	 1.0183142589E-04
    85   5   6	 1.2194406230E-02	 1.3395829732E-02	 1.0183142589E-04	 1.1932013773E-04
    85   6   6	 1.3395829732E-02	 1.3395829732E-02	 1.1932013773E-04	 1.1932013773E-04
    86   1   1	 3.8804617733E-03	 3.8804617733E-03	 4.1424262018E-09	 4.1424262018E-09
    86   1   2	 3.8804617733E-03	 5.1639123659E-03	 4.1424262018E-09	 3.2340350416E-08
    86   1   3	 3.8804617733E-03	 7.5501065447E-03	 4.1424262018E-09	 6.0304307583E-06
    86   1   4	 3.8804617733E-03	 1.1754075463E-02	 4.1424262018E-09	 6.1129160179E-05
    86   1   5	 3.8804617733E-03	 1.1918407846E-02	 4.1424262018E-09	 2.0261679600E-04
    86   1   6	 3.8804617733E-03	 1.3392920674E-02	 4.1424262018E-09	 1.1427678878E-04
    86   2   2	 5.1639123659E-03	 5.1639123659E-03	 3.2340350416E-08	 3.2340350416E-08
    86   2   3	 5.1639123659E-03	 7.5501065447E-03	 3.2340350416E-08	 6.0304307583E-06
    86   2   4	 5.1639123659E-03	 1.1754075463E-02	 3.2340350416E-08	 6.1129160179E-05
    86   2   5	 5.1639123659E-03	 1.1918407846E-02	 3.2340350416E-08	 2.0261679600E-04
    86   2   6	 5.1639123659E-03	 1.3392920674E-02	 3.2340350416E-08	 1.1427678878E-04
    86   3   3	 7.5501065447E-03	 7.5501065447E-03	 6.0304307583E-06	 6.0304307583E-06
    86   3   4	 7.5501065447E-03	 1.1754075463E-02	 6.0304307583E-06	 6.1129160179E-05
    86   3   5	 7.5501065447E-03	 1.1918407846E-02	 6.0304307583E-06	 2.0261679600E-04
    86   3   6	 7.5501065447E-03	 1.3392920674E-02	 6.0304307583E-06	 1.1427678878E-04
    86   4   4	 1.1754075463E-02	 1.1754075463E-02	 6.1129160179E-05	 6.1129160179E-05
    86   4   5	 1.1754075463E-02	 1.1918407846E-02	 6.1129160179E-05	 2.0261679600E-04
    86   4   6	 1.1754075463E-02	 1.3392920674E-02	 6.1129160179E-05	 1.1427678878E-04
    86   5   5	 1.1918407846E-02	 1.1918407846E-02	 2.0261679600E-04	 2.0261679600E-04
    86   5   6	 1.1918407846E-02	 1.3392920674E-02	 2.0261679600E-04	 1.1427678878E-04
    86   6   6	 1.3392920674E-02	 1.3392920674E-02	 1.1427678878E-04	 1.1427678878E-04
    87   1   1	 3.0473766081E-03	 3.0473766081E-03	 3.0290206749E-09	 3.0290206749E-09
    87   1   2	 3.0473766081E-03	 6.1150005190E-03	 3.0290206749E-09	 2.6195456362E-07
    87   1   3	 3.0473766081E-03	 6.5790195033E-03	 3.0290206749E-09	 3.0950238108E-04
    87   1   4	 3.0473766081E-03	 9.6426020409E-03	 3.0290206749E-09	 2.4471902929E-04
    87   1   5	 3.0473766081E-03	 1.3236151906E-02	 3.0290206749E-09	 2.3964102303E-04
    87   1   6	 3.0473766081E-03	 1.3454642612E-02	 3.0290206749E-09	 1.2711878967E-04
    87   2   2	 6.1150005190E-03	 6.1150005190E-03	 2.6195456362E-07	 2.6195456362E-07
    87   2   3	 6.1150005190E-03	 6.5790195033E-03	 2.6195456362E-07	 3.0950238108E-04
    87   2   4	 6.1150005190E-03	 9.6426020409E-03	 2.6195456362E-07	 2.4471902929E-04
    87   2   5	 6.1150005190E-03	 1.3236151906E-02	 2.6195456362E-07	 2.3964102303E-04
    87   2   6	 6.1150005190E-03	 1.3454642612E-02	 2.6195456362E-07	 1.2711878967E-04
    87   3   3	 6.5790195033E-03	 6.5790195033E-03	 3.0950238108E-04	 3.0950238108E-04
    87   3   4	 6.5790195033E-03	 9.6426020409E-03	 3.0950238108E-04	 2.4471902929E-04
    87   3   5	 6.5790195033E-03	 1.3236151906E-02	 3.0950238108E-04	 2.3964102303E-04
    87   3   6	 6.5790195033E-03	 1.3454642612E-02	 3.0950238108E-04	 1.2711878967E-04
    87   4   4	 9.6426020409E-03	 9.6426020409E-03	 2.4471902929E-04	 2.4471902929E-04
    87   4   5	 9.6426020409E-03	 1.3236151906E-02	 2.4471902929E-04	 2.3964102303E-04
    87   4   6	 9.6426020409E-03	 1.3454642612E-02	 2.4471902929E-04	 1.2711878967E-04
    87   5   5	 1.3236151906E-02	 1.3236151906E-02	 2.3964102303E-04	 2.3964102303E-04
    87   5   6	 1.3236151906E-02	 1.3454642612E-02	 2.3964102303E-04	 1.2711878967E-04
    87   6   6	 1.3454642612E-02	 1.3454642612E-02	 1.2711878967E-04	 1.2711878967E-04
    88   1   1	 3.2757459121E-03	 3.2757459121E-03	 3.2800554138E-09	 3.2800554138E-09
    88   1   2	 3.2757459121E-03	 5.8546080215E-03	 3.2800554138E-09	 2.3023825753E-07
    88   1   3	 3.2757459121E-03	 7.0042067776E-03	 3.2800554138E-09	 3.5597207825E-04
    88   1   4	 3.2757459121E-03	 1.0036698106E-02	 3.2800554138E-09	 3.3989100180E-04
    88   1   5	 3.2757459121E-03	 1.3034566803E-02	 3.2800554138E-09	 1.6744295438E-04
    88   1   6	 3.2757459121E-03	 1.3450847478E-02	 3.2800554138E-09	 9.3368818582E-05
    88   2   2	 5.8546080215E-03	 5.8546080215E-03	 2.3023825753E-07	 2.3023825753E-07
    88   2   3	 5.8546080215E-03	 7.0042067776E-03	 2.3023825753E-07	 3.5597207825E-04
    88   2   4	 5.8546080215E-03	 1.0036698106E-02	 2.3023825753E-07	 3.3989100180E-04
    88   2   5	 5.8546080215E-03	 1.3034566803E-02	 2.3023825753E-07	 1.6744295438E-04
    88   2   6	 5.8546080215E-03	 1.3450847478E-02	 2.3023825753E-07	 9.3368818582E-05
    88   3   3	 7.0042067776E-03	 7.0042067776E-03	 3.5597207825E-04	 3.5597207825E-04
    88   3   4	 7.0042067776E-03	 1.0036698106E-02	 3.5597207825E-04	 3.3989100180E-04
    88   3   5	 7.0042067776E-03	 1.3034566803E-02	 3.5597207825E-04	 1.6744295438E-04
    88   3   6	 7.0042067776E-03	 1.3450847478E-02	 3.5597207825E-04	 9.3368818582E-05
    88   4   4	 1.0036698106E-02	 1.0036698106E-02	 3.3989100180E-04	 3.3989100180E-04
    88   4   5	 1.0036698106E-02	 1.3034566803E-02	 3.3989100180E-04	 1.6744295438E-04
    88   4   6	 1.0036698106E-02	 1.3450847478E-02	 3.3989100180E-04	 9.3368818582E-05
    88   5   5	 1.3034566803E-02	 1.3034566803E-02	 1.6744295438E-04	 1.6744295438E-04
    88   5   6	 1.3034566803E-02	 1.3450847478E-02	 1.6744295438E-04	 9.3368818582E-05
    88   6   6	 1.3450847478E-02	 1.3450847478E-02	 9.3368818582E-05	 9.3368818582E-05
    89   1   1	 3.4967298745E-03	 3.4967298745E-03	 3.5141366391E-09	 3.5141366391E-09
    89   1   2	 3.4967298745E-03	 5.5997532352E-03	 3.5141366391E-09	 1.5023266292E-07
    89   1   3	 3.4967298745E-03	 7.3666864110E-03	 3.5141366391E-09	 2.3327490708E-04
    89   1   4	 3.4967298745E-03	 1.0422489979E-02	 3.5141366391E-09	 4.8017044460E-04
    89   1   5	 3.4967298745E-03	 1.2798224178E-02	 3.5141366391E-09	 1.3752394556E-04
    89   1   6	 3.4967298745E-03	 1.3447867378E-02	 3.5141366391E-09	 8.9934677967E-05
    89   2   2	 5.5997532352E-03	 5.5997532352E-03	 1.5023266292E-07	 1.5023266292E-07
    89   2   3	 5.5997532352E-03	 7.3666864110E-03	 1.5023266292E-07	 2.3327490708E-04
    89   2   4	 5.5997532352E-03	 1.0422489979E-02	 1.5023266292E-07	 4.8017044460E-04
    89   2   5	 5.5997532352E-03	 1.2798224178E-02	 1.5023266292E-07	 1.3752394556E-04
    89   2   6	 5.5997532352E-03	 1.3447867378E-02	 1.5023266292E-07	 8.9934677967E-05
    89   3   3	 7.3666864110E-03	 7.3666864110E-03	 2.3327490708E-04	 2.3327490708E-04
    89   3   4	 7.3666864110E-03	 1.0422489979E-02	 2.3327490708E-04	 4.8017044460E-04
    89   3   5	 7.3666864110E-03	 1.2798224178E-02	 2.3327490708E-04	 1.3752394556E-04
    89   3   6	 7.3666864110E-03	 1.3447867378E-02	 2.3327490708E-04	 8.9934677967E-05
    89   4   4	 1.0422489979E-02	 1.0422489979E-02	 4.8017044460E-04	 4.8017044460E-04
    89   4   5	 1.0422489979E-02	 1.2798224178E-02	 4.8017044460E-04	 1.3752394556E-04
    89   4   6	 1.0422489979E-02	 1.3447867378E-02	 4.8017044460E-04	 8.9934677967E-05
    89   5   5	 1.2798224178E-02	 1.2798224178E-02	 1.3752394556E-04	 1.3752394556E-04
    89   5   6	 1.2798224178E-02	 1.3447867378E-02	 1.3752394556E-04	 8.9934677967E-05
    89   6   6	 1.3447867378E-02	 1.3447867378E-02	 8.9934677967E-05	 8.9934677967E-05
    90   1   1	 3.7045757317E-03	 3.7045757317E-03	 3.7234532518E-09	 3.7234532518E-09
    90   1   2	 3.7045757317E-03	 5.3612267968E-03	 3.7234532518E-09	 6.1633863838E-08
    90   1   3	 3.7045757317E-03	 7.6513351683E-03	 3.7234532518E-09	 5.7005288771E-05
    90   1   4	 3.7045757317E-03	 1.0801247842E-02	 3.7234532518E-09	 3.1225633210E-04
    90   1   5	 3.7045757317E-03	 1.2529081243E-02	 3.7234532518E-09	 9.3159574218E-05
    90   1   6	 3.7045757317E-03	 1.3445542632E-02	 3.7234532518E-09	 1.0793085194E-04
    90   2   2	 5.3612267968E-03	 5.3612267968E-03	 6.1633863838E-08	 6.1633863838E-08
    90   2   3	 5.3612267968E-03	 7.6513351683E-03	 6.1633863838E-08	 5.7005288771E-05
    90   2   4	 5.3612267968E-03	 1.0801247842E-02	 6.1633863838E-08	 3.1225633210E-04
    90   2   5	 5.3612267968E-03	 1.2529081243E-02	 6.1633863838E-08	 9.3159574218E-05
    90   2   6	 5.3612267968E-03	 1.3445542632E-02	 6.1633863838E-08	 1.0793085194E-04
    90   3   3	 7.6513351683E-03	 7.6513351683E-03	 5.7005288771E-05	 5.7005288771E-05
    90   3   4	 7.6513351683E-03	 1.0801247842E-02	 5.7005288771E-05	 3.1225633210E-04
    90   3   5	 7.6513351683E-03	 1.2529081243E-02	 5.7005288771E-05	 9.3159574218E-05
    90   3   6	 7.6513351683E-03	 1.3445542632E-02	 5.7005288771E-05	 1.0793085194E-04
    90   4   4	 1.0801247842E-02	 1.0801247842E-02	 3.1225633210E-04	 3.1225633210E-04
    90   4   5	 1.0801247842E-02	 1.2529081243E-02	 3.1225633210E-04	 9.3159574218E-05
    90   4   6	 1.0801247842E-02	 1.3445542632E-02	 3.1225633210E-04	 1.0793085194E-04
    90   5   5	 1.2529081243E-02	 1.2529081243E-02	 9.3159574218E-05	 9.3159574218E-05
    90   5   6	 1.2529081243E-02	 1.3445542632E-02	 9.3159574218E-05	 1.0793085194E-04
    90   6   6	 1.3445542632E-02	 1.3445542632E-02	 1.0793085194E-04	 1.0793085194E-04
    91   1   1	 3.8841637254E-03	 3.8841637254E-03	 3.8981612035E-09	 3.8981612035E-09
    91   1   2	 3.8841637254E-03	 5.1584887297E-03	 3.8981612035E-09	 3.0406719672E-08
    91   1   3	 3.8841637254E-03	 7.8469025402E-03	 3.8981612035E-09	 1.3160634281E-05
    91   1   4	 3.8841637254E-03	 1.1170935686E-02	 3.8981612035E-09	 3.3822386230E-04
    91   1   5	 3.8841637254E-03	 1.2231576381E-02	 3.8981612035E-09	 7.5951063966E-05
    91   1   6	 3.8841637254E-03	 1.3443900762E-02	 3.8981612035E-09	 1.2928220809E-04
    91   2   2	 5.1584887297E-03	 5.1584887297E-03	 3.0406719672E-08	 3.0406719672E-08
    91   2   3	 5.1584887297E-03	 7.8469025402E-03	 3.0406719672E-08	 1.3160634281E-05
    91   2   4	 5.1584887297E-03	 1.1170935686E-02	 3.0406719672E-08	 3.3822386230E-04
    91   2   5	 5.1584887297E-03	 1.2231576381E-02	 3.0406719672E-08	 7.5951063966E-05
    91   2   6	 5.1584887297E-03	 1.3443900762E-02	 3.0406719672E-08	 1.2928220809E-04
    91   3   3	 7.8469025402E-03	 7.8469025402E-03	 1.3160634281E-05	 1.3160634281E-05
    91   3   4	 7.8469025402E-03	 1.1170935686E-02	 1.3160634281E-05	 3.3822386230E-04
    91   3   5	 7.8469025402E-03	 1.2231576381E-02	 1.3160634281E-05	 7.5951063966E-05
    91   3   6	 7.8469025402E-03	 1.3443900762E-02	 1.3160634281E-05	 1.2928220809E-04
    91   4   4	 1.1170935686E-02	 1.1170935686E-02	 3.3822386230E-04	 3.3822386230E-04
    91   4   5	 1.1170935686E-02	 1.2231576381E-02	 3.3822386230E-04	 7.5951063966E-05
    91   4   6	 1.1170935686E-02	 1.3443900762E-02	 3.3822386230E-04	 1.2928220809E-04
    91   5   5	 1.2231576381E-02	 1.2231576381E-02	 7.5951063966E-05	 7.5951063966E-05
    91   5   6	 1.2231576381E-02	 1.3443900762E-02	 7.5951063966E-05	 1.2928220809E-04
    91   6   6	 1.3443900762E-02	 1.3443900762E-02	 1.2928220809E-04	 1.2928220809E-04
    92   1   1	 3.9994960198E-03	 3.9994960198E-03	 4.0087659177E-09	 4.0087659177E-09
    92   1   2	 3.9994960198E-03	 5.0307329128E-03	 4.0087659177E-09	 1.9668816667E-08
    92   1   3	 3.9994960198E-03	 7.9463229749E-03	 4.0087659177E-09	 6.4986110894E-06
    92   1   4	 3.9994960198E-03	 1.1516426721E-02	 4.0087659177E-09	 1.4548520687E-04
    92   1   5	 3.9994960198E-03	 1.1922014012E-02	 4.0087659177E-09	 1.4050051081E-04
    92   1   6	 3.9994960198E-03	 1.3443040754E-02	 4.0087659177E-09	 1.2409570268E-04
    92   2   2	 5.0307329128E-03	 5.0307329128E-03	 1.9668816667E-08	 1.9668816667E-08
    92   2   3	 5.0307329128E-03	 7.9463229749E-03	 1.9668816667E-08	 6.4986110894E-06
    92   2   4	 5.0307329128E-03	 1.1516426721E-02	 1.9668816667E-08	 1.4548520687E-04
    92   2   5	 5.0307329128E-03	 1.1922014012E-02	 1.9668816667E-08	 1.4050051081E-04
    92   2   6	 5.0307329128E-03	 1.3443040754E-02	 1.9668816667E-08	 1.2409570268E-04
    92   3   3	 7.9463229749E-03	 7.9463229749E-03	 6.4986110894E-06	 6.4986110894E-06
    92   3   4	 7.9463229749E-03	 1.1516426721E-02	 6.4986110894E-06	 1.4548520687E-04
    92   3   5	 7.9463229749E-03	 1.1922014012E-02	 6.4986110894E-06	 1.4050051081E-04
    92   3   6	 7.9463229749E-03	 1.3443040754E-02	 6.4986110894E-06	 1.2409570268E-04
    92   4   4	 1.1516426721E-02	 1.1516426721E-02	 1.4548520687E-04	 1.4548520687E-04
    92   4   5	 1.1516426721E-02	 1.1922014012E-02	 1.4548520687E-04	 1.4050051081E-04
    92   4   6	 1.1516426721E-02	 1.3443040754E-02	 1.4548520687E-04	 1.2409570268E-04
    92   5   5	 1.1922014012E-02	 1.1922014012E-02	 1.4050051081E-04	 1.4050051081E-04
    92   5   6	 1.1922014012E-02	 1.3443040754E-02	 1.4050051081E-04	 1.2409570268E-04
    92   6   6	 1.3443040754E-02	 1.3443040754E-02	 1.2409570268E-04	 1.2409570268E-04
    93   1   1	 3.4967298745E-03	 3.4967298745E-03	 3.3894062772E-09	 3.3894062772E-09
    93   1   2	 3.4967298745E-03	 5.5997532352E-03	 3.3894062772E-09	 1.5348038611E-07
    93   1   3	 3.4967298745E-03	 7.4416251119E-03	 3.3894062772E-09	 3.0447804967E-04
    93   1   4	 3.4967298745E-03	 1.0349551578E-02	 3.3894062772E-09	 3.8503472792E-04
    93   1   5	 3.4967298745E-03	 1.2803188758E-02	 3.3894062772E-09	 1.3949798314E-04
    93   1   6	 3.4967298745E-03	 1.3458209413E-02	 3.3894062772E-09	 9.9866223706E-05
    93   2   2	 5.5997532352E-03	 5.5997532352E-03	 1.5348038611E-07	 1.5348038611E-07
    93   2   3	 5.5997532352E-03	 7.4416251119E-03	 1.5348038611E-07	 3.0447804967E-04
    93   2   4	 5.5997532352E-03	 1.0349551578E-02	 1.5348038611E-07	 3.8503472792E-04
    93   2   5	 5.5997532352E-03	 1.2803188758E-02	 1.5348038611E-07	 1.3949798314E-04
    93   2   6	 5.5997532352E-03	 1.3458209413E-02	 1.5348038611E-07	 9.9866223706E-05
    93   3   3	 7.4416251119E-03	 7.4416251119E-03	 3.0447804967E-04	 3.0447804967E-04
    93   3   4	 7.4416251119E-03	 1.0349551578E-02	 3.0447804967E-04	 3.8503472792E-04
    93   3   5	 7.4416251119E-03	 1.2803188758E-02	 3.0447804967E-04	 1.3949798314E-04
    93   3   6	 7.4416251119E-03	 1.3458209413E-02	 3.0447804967E-04	 9.9866223706E-05
    93   4   4	 1.0349551578E-02	 1.0349551578E-02	 3.8503472792E-04	 3.8503472792E-04
    93   4   5	 1.0349551578E-02	 1.2803188758E-02	 3.8503472792E-04	 1.3949798314E-04
    93   4   6	 1.0349551578E-02	 1.3458209413E-02	 3.8503472792E-04	 9.9866223706E-05
    93   5   5	 1.2803188758E-02	 1.2803188758E-02	 1.3949798314E-04	 1.3949798314E-04
    93   5   6	 1.2803188758E-02	 1.3458209413E-02	 1.3949798314E-04	 9.9866223706E-05
    93   6   6	 1.3458209413E-02	 1.3458209413E-02	 9.9866223706E-05	 9.9866223706E-05
    94   1   1	 3.7133578007E-03	 3.7133578007E-03	 3.5897319490E-09	 3.5897319490E-09
    94   1   2	 3.7133578007E-03	 5.3504990705E-03	 3.5897319490E-09	 6.1188241376E-08
    94   1   3	 3.7133578007E-03	 7.8147299437E-03	 3.5897319490E-09	 1.8352917028E-04
    94   1   4	 3.7133578007E-03	 1.0653729922E-02	 3.5897319490E-09	 4.9846775270E-04
    94   1   5	 3.7133578007E-03	 1.2541223491E-02	 3.5897319490E-09	 1.1018880252E-04
    94   1   6	 3.7133578007E-03	 1.3466925976E-02	 3.5897319490E-09	 1.0624290358E-04
    94   2   2	 5.3504990705E-03	 5.3504990705E-03	 6.1188241376E-08	 6.1188241376E-08
    94   2   3	 5.3504990705E-03	 7.8147299437E-03	 6.1188241376E-08	 1.8352917028E-04
    94   2   4	 5.3504990705E-03	 1.0653729922E-02	 6.1188241376E-08	 4.9846775270E-04
    94   2   5	 5.3504990705E-03	 1.2541223491E-02	 6.1188241376E-08	 1.1018880252E-04
    94   2   6	 5.3504990705E-03	 1.3466925976E-02	 6.1188241376E-08	 1.0624290358E-04
    94   3   3	 7.8147299437E-03	 7.8147299437E-03	 1.8352917028E-04	 1.8352917028E-04
    94   3   4	 7.8147299437E-03	 1.0653729922E-02	 1.8352917028E-04	 4.9846775270E-04
    94   3   5	 7.8147299437E-03	 1.2541223491E-02	 1.8352917028E-04	 1.1018880252E-04
    94   3   6	 7.8147299437E-03	 1.3466925976E-02	 1.8352917028E-04	 1.0624290358E-04
    94   4   4	 1.0653729922E-02	 1.0653729922E-02	 4.9846775270E-04	 4.9846775270E-04
    94   4   5	 1.0653729922E-02	 1.2541223491E-02	 4.9846775270E-04	 1.1018880252E-04
    94   4   6	 1.0653729922E-02	 1.3466925976E-02	 4.9846775270E-04	 1.0624290358E-04
    94   5   5	 1.2541223491E-02	 1.2541223491E-02	 1.1018880252E-04	 1.1018880252E-04
    94   5   6	 1.2541223491E-02	 1.3466925976E-02	 1.1018880252E-04	 1.0624290358E-04
    94   6   6	 1.3466925976E-02	 1.3466925976E-02	 1.0624290358E-04	 1.0624290358E-04
    95   1   1	 3.9183107925E-03	 3.9183107925E-03	 3.7607906703E-09	 3.7607906703E-09
    95   1   2	 3.9183107925E-03	 5.1182207768E-03	 3.7607906703E-09	 2.5375820186E-08
    95   1   3	 3.9183107925E-03	 8.0988449332E-03	 3.7607906703E-09	 3.4207018130E-05
    95   1   4	 3.9183107925E-03	 1.0959979427E-02	 3.7607906703E-09	 4.0225666107E-04
    95   1   5	 3.9183107925E-03	 1.2253911524E-02	 3.7607906703E-09	 8.7820194626E-05
    95   1   6	 3.9183107925E-03	 1.3474399218E-02	 3.7607906703E-09	 1.4672399711E-04
    95   2   2	 5.1182207768E-03	 5.1182207768E-03	 2.5375820186E-08	 2.5375820186E-08
    95   2   3	 5.1182207768E-03	 8.0988449332E-03	 2.5375820186E-08	 3.4207018130E-05
    95   2   4	 5.1182207768E-03	 1.0959979427E-02	 2.5375820186E-08	 4.0225666107E-04
    95   2   5	 5.1182207768E-03	 1.2253911524E-02	 2.5375820186E-08	 8.7820194626E-05
    95   2   6	 5.1182207768E-03	 1.3474399218E-02	 2.5375820186E-08	 1.4672399711E-04
    95   3   3	 8.0988449332E-03	 8.0988449332E-03	 3.4207018130E-05	 3.4207018130E-05
    95   3   4	 8.0988449332E-03	 1.0959979427E-02	 3.4207018130E-05	 4.0225666107E-04
    95   3   5	 8.0988449332E-03	 1.2253911524E-02	 3.4207018130E-05	 8.7820194626E-05
    95   3   6	 8.0988449332E-03	 1.3474399218E-02	 3.4207018130E-05	 1.4672399711E-04
    95   4   4	 1.0959979427E-02	 1.0959979427E-02	 4.0225666107E-04	 4.0225666107E-04
    95   4   5	 1.0959979427E-02	 1.2253911524E-02	 4.0225666107E-04	 8.7820194626E-05
    95   4   6	 1.0959979427E-02	 1.3474399218E-02	 4.0225666107E-04	 1.4672399711E-04
    95   5   5	 1.2253911524E-02	 1.2253911524E-02	 8.7820194626E-05	 8.7820194626E-05
    95   5   6	 1.2253911524E-02	 1.3474399218E-02	 8.7820194626E-05	 1.4672399711E-04
    95   6   6	 1.3474399218E-02	 1.3474399218E-02	 1.4672399711E-04	 1.4672399711E-04
    96   1   1	 4.0913834651E-03	 4.0913834651E-03	 3.8851209779E-09	 3.8851209779E-09
    96   1   2	 4.0913834651E-03	 4.9270383251E-03	 3.8851209779E-09	 1.1497882927E-08
    96   1   3	 4.0913834651E-03	 8.2764744771E-03	 3.8851209779E-09	 7.1918737258E-06
    96   1   4	 4.0913834651E-03	 1.1267359660E-02	 3.8851209779E-09	 2.7730649128E-04
    96   1   5	 4.0913834651E-03	 1.1953240932E-02	 3.8851209779E-09	 7.0602457282E-05
    96   1   6	 4.0913834651E-03	 1.3479398402E-02	 3.8851209779E-09	 1.6137817728E-04
    96   2   2	 4.9270383251E-03	 4.9270383251E-03	 1.1497882927E-08	 1.1497882927E-08
    96   2   3	 4.9270383251E-03	 8.2764744771E-03	 1.1497882927E-08	 7.1918737258E-06
    96   2   4	 4.9270383251E-03	 1.1267359660E-02	 1.1497882927E-08	 2.7730649128E-04
    96   2   5	 4.9270383251E-03	 1.1953240932E-02	 1.1497882927E-08	 7.0602457282E-05
    96   2   6	 4.9270383251E-03	 1.3479398402E-02	 1.1497882927E-08	 1.6137817728E-04
    96   3   3	 8.2764744771E-03	 8.2764744771E-03	 7.1918737258E-06	 7.1918737258E-06
    96   3   4	 8.2764744771E-03	 1.1267359660E-02	 7.1918737258E-06	 2.7730649128E-04
    96   3   5	 8.2764744771E-03	 1.1953240932E-02	 7.1918737258E-06	 7.0602457282E-05
    96   3   6	 8.2764744771E-03	 1.3479398402E-02	 7.1918737258E-06	 1.6137817728E-04
    96   4   4	 1.1267359660E-02	 1.1267359660E-02	 2.7730649128E-04	 2.7730649128E-04
    96   4   5	 1.1267359660E-02	 1.1953240932E-02	 2.7730649128E-04	 7.0602457282E-05
    96   4   6	 1.1267359660E-02	 1.3479398402E-02	 2.7730649128E-04	 1.6137817728E-04
    96   5   5	 1.1953240932E-02	 1.1953240932E-02	 7.0602457282E-05	 7.0602457282E-05
    96   5   6	 1.1953240932E-02	 1.3479398402E-02	 7.0602457282E-05	 1.6137817728E-04
    96   6   6	 1.3479398402E-02	 1.3479398402E-02	 1.6137817728E-04	 1.6137817728E-04
    97   1   1	 4.1699813536E-03	 4.1699813536E-03	 3.8952477779E-09	 3.8952477779E-09
    97   1   2	 4.1699813536E-03	 4.8421067169E-03	 3.8952477779E-09	 8.5889397252E-09
    97   1   3	 4.1699813536E-03	 8.3368556034E-03	 3.8952477779E-09	 4.7991471204E-06
    97   1   4	 4.1699813536E-03	 1.1493805355E-02	 3.8952477779E-09	 5.2838044604E-05
    97   1   5	 4.1699813536E-03	 1.1728272895E-02	 3.8952477779E-09	 1.6086534289E-04
    97   1   6	 4.1699813536E-03	 1.3481152935E-02	 3.8952477779E-09	 1.6490163441E-04
    97   2   2	 4.8421067169E-03	 4.8421067169E-03	 8.5889397252E-09	 8.5889397252E-09
    97   2   3	 4.8421067169E-03	 8.3368556034E-03	 8.5889397252E-09	 4.7991471204E-06
    97   2   4	 4.8421067169E-03	 1.1493805355E-02	 8.5889397252E-09	 5.2838044604E-05
    97   2   5	 4.8421067169E-03	 1.1728272895E-02	 8.5889397252E-09	 1.6086534289E-04
    97   2   6	 4.8421067169E-03	 1.3481152935E-02	 8.5889397252E-09	 1.6490163441E-04
    97   3   3	 8.3368556034E-03	 8.3368556034E-03	 4.7991471204E-06	 4.7991471204E-06
    97   3   4	 8.3368556034E-03	 1.1493805355E-02	 4.7991471204E-06	 5.2838044604E-05
    97   3   5	 8.3368556034E-03	 1.1728272895E-02	 4.7991471204E-06	 1.6086534289E-04
    97   3   6	 8.3368556034E-03	 1.3481152935E-02	 4.7991471204E-06	 1.6490163441E-04
    97   4   4	 1.1493805355E-02	 1.1493805355E-02	 5.2838044604E-05	 5.2838044604E-05
    97   4   5	 1.1493805355E-02	 1.1728272895E-02	 5.2838044604E-05	 1.6086534289E-04
    97   4   6	 1.1493805355E-02	 1.3481152935E-02	 5.2838044604E-05	 1.6490163441E-04
    97   5   5	 1.1728272895E-02	 1.1728272895E-02	 1.6086534289E-04	 1.6086534289E-04
    97   5   6	 1.1728272895E-02	 1.3481152935E-02	 1.6086534289E-04	 1.6490163441E-04
    97   6   6	 1.3481152935E-02	 1.3481152935E-02	 1.6490163441E-04	 1.6490163441E-04
    98   1   1	 3.9220510878E-03	 3.9220510878E-03	 3.6928391196E-09	 3.6928391196E-09
    98   1   2	 3.9220510878E-03	 5.1104883320E-03	 3.6928391196E-09	 2.3835400716E-08
    98   1   3	 3.9220510878E-03	 8.1999366711E-03	 3.6928391196E-09	 6.6541836968E-05
    98   1   4	 3.9220510878E-03	 1.0872461517E-02	 3.6928391196E-09	 5.6117770500E-04
    98   1   5	 3.9220510878E-03	 1.2263530042E-02	 3.6928391196E-09	 1.0292638455E-04
    98   1   6	 3.9220510878E-03	 1.3484385015E-02	 3.6928391196E-09	 1.3284033080E-04
    98   2   2	 5.1104883320E-03	 5.1104883320E-03	 2.3835400716E-08	 2.3835400716E-08
    98   2   3	 5.1104883320E-03	 8.1999366711E-03	 2.3835400716E-08	 6.6541836968E-05
    98   2   4	 5.1104883320E-03	 1.0872461517E-02	 2.3835400716E-08	 5.6117770500E-04
    98   2   5	 5.1104883320E-03	 1.2263530042E-02	 2.3835400716E-08	 1.0292638455E-04
    98   2   6	 5.1104883320E-03	 1.3484385015E-02	 2.3835400716E-08	 1.3284033080E-04
    98   3   3	 8.1999366711E-03	 8.1999366711E-03	 6.6541836968E-05	 6.6541836968E-05
    98   3   4	 8.1999366711E-03	 1.0872461517E-02	 6.6541836968E-05	 5.6117770500E-04
    98   3   5	 8.1999366711E-03	 1.2263530042E-02	 6.6541836968E-05	 1.0292638455E-04
    98   3   6	 8.1999366711E-03	 1.3484385015E-02	 6.6541836968E-05	 1.3284033080E-04
    98   4   4	 1.0872461517E-02	 1.0872461517E-02	 5.6117770500E-04	 5.6117770500E-04
    98   4   5	 1.0872461517E-02	 1.2263530042E-02	 5.6117770500E-04	 1.0292638455E-04
    98   4   6	 1.0872461517E-02	 1.3484385015E-02	 5.6117770500E-04	 1.3284033080E-04
    98   5   5	 1.2263530042E-02	 1.2263530042E-02	 1.0292638455E-04	 1.0292638455E-04
    98   5   6	 1.2263530042E-02	 1.3484385015E-02	 1.0292638455E-04	 1.3284033080E-04
    98   6   6	 1.3484385015E-02	 1.3484385015E-02	 1.3284033080E-04	 1.3284033080E-04
    99   1   1	 4.1277204356E-03	 4.1277204356E-03	 3.8327734591E-09	 3.8327734591E-09
    99   1   2	 4.1277204356E-03	 4.8815631602E-03	 3.8327734591E-09	 8.0774115920E-09
    99   1   3	 4.1277204356E-03	 8.4792765913E-03	 3.8327734591E-09	 8.0390752425E-06
    99   1   4	 4.1277204356E-03	 1.1104546872E-02	 3.8327734591E-09	 4.0891339618E-04
    99   1   5	 4.1277204356E-03	 1.1972756464E-02	 3.8327734591E-09	 9.3294588480E-05
    99   1   6	 4.1277204356E-03	 1.3497710606E-02	 3.8327734591E-09	 1.7104533396E-04
    99   2   2	 4.8815631602E-03	 4.8815631602E-03	 8.0774115920E-09	 8.0774115920E-09
    99   2   3	 4.8815631602E-03	 8.4792765913E-03	 8.0774115920E-09	 8.0390752425E-06
    99   2   4	 4.8815631602E-03	 1.1104546872E-02	 8.0774115920E-09	 4.0891339618E-04
    99   2   5	 4.8815631602E-03	 1.1972756464E-02	 8.0774115920E-09	 9.3294588480E-05
    99   2   6	 4.8815631602E-03	 1.3497710606E-02	 8.0774115920E-09	 1.7104533396E-04
    99   3   3	 8.4792765913E-03	 8.4792765913E-03	 8.0390752425E-06	 8.0390752425E-06
    99   3   4	 8.4792765913E-03	 1.1104546872E-02	 8.0390752425E-06	 4.0891339618E-04
    99   3   5	 8.4792765913E-03	 1.1972756464E-02	 8.0390752425E-06	 9.3294588480E-05
    99   3   6	 8.4792765913E-03	 1.3497710606E-02	 8.0390752425E-06	 1.7104533396E-04
    99   4   4	 1.1104546872E-02	 1.1104546872E-02	 4.0891339618E-04	 4.0891339618E-04
    99   4   5	 1.1104546872E-02	 1.1972756464E-02	 4.0891339618E-04	 9.3294588480E-05
    99   4   6	 1.1104546872E-02	 1.3497710606E-02	 4.0891339618E-04	 1.7104533396E-04
    99   5   5	 1.1972756464E-02	 1.1972756464E-02	 9.3294588480E-05	 9.3294588480E-05
    99   5   6	 1.1972756464E-02	 1.3497710606E-02	 9.3294588480E-05	 1.7104533396E-04
    99   6   6	 1.3497710606E-02	 1.3497710606E-02	 1.7104533396E-04	 1.7104533396E-04
   100   1   1	 4.3048303209E-03	 4.3048303209E-03	 3.8856043802E-09	 3.8856043802E-09
   100   1   2	 4.3048303209E-03	 4.6919144408E-03	 3.8856043802E-09	 4.2538723694E-09
   100   1   3	 4.3048303209E-03	 8.6277111458E-03	 3.8856043802E-09	 3.5924485558E-06
   100   1   4	 4.3048303209E-03	 1.1341281843E-02	 3.8856043802E-09	 8.7993564008E-05
   100   1   5	 4.3048303209E-03	 1.1698985563E-02	 3.8856043802E-09	 8.2434934343E-05
   100   1   6	 4.3048303209E-03	 1.3504885534E-02	 3.8856043802E-09	 1.7360848433E-04
   100   2   2	 4.6919144408E-03	 4.6919144408E-03	 4.2538723694E-09	 4.2538723694E-09
   100   2   3	 4.6919144408E-03	 8.6277111458E-03	 4.2538723694E-09	 3.5924485558E-06
   100   2   4	 4.6919144408E-03	 1.1341281843E-02	 4.2538723694E-09	 8.7993564008E-05
   100   2   5	 4.6919144408E-03	 1.1698985563E-02	 4.2538723694E-09	 8.2434934343E-05
   100   2   6	 4.6919144408E-03	 1.3504885534E-02	 4.2538723694E-09	 1.7360848433E-04
   100   3   3	 8.6277111458E-03	 8.6277111458E-03	 3.5924485558E-06	 3.5924485558E-06
   100   3   4	 8.6277111458E-03	 1.1341281843E-02	 3.5924485558E-06	 8.7993564008E-05
   100   3   5	 8.6277111458E-03	 1.1698985563E-02	 3.5924485558E-06	 8.2434934343E-05
   100   3   6	 8.6277111458E-03	 1.3504885534E-02	 3.5924485558E-06	 1.7360848433E-04
   100   4   4	 1.1341281843E-02	 1.1341281843E-02	 8.7993564008E-05	 8.7993564008E-05
   100   4   5	 1.1341281843E-02	 1.1698985563E-02	 8.7993564008E-05	 8.2434934343E-05
   100   4   6	 1.1341281843E-02	 1.3504885534E-02	 8.7993564008E-05	 1.7360848433E-04
   100   5   5	 1.1698985563E-02	 1.1698985563E-02	 8.2434934343E-05	 8.2434934343E-05
   100   5   6	 1.1698985563E-02	 1.3504885534E-02	 8.2434934343E-05	 1.7360848433E-04
   100   6   6	 1.3504885534E-02	 1.3504885534E-02	 1.7360848433E-04	 1.7360848433E-04
   101   1   1	 4.2842524416E-03	 4.2842524416E-03	 3.9829265310E-09	 3.9829265310E-09
   101   1   2	 4.2842524416E-03	 4.7003386530E-03	 3.9829265310E-09	 4.0260526809E-09
   101   1   3	 4.2842524416E-03	 8.7520525780E-03	 3.9829265310E-09	 3.0271734283E-06
   101   1   4	 4.2842524416E-03	 1.1249148730E-02	 3.9829265310E-09	 9.8186034421E-05
   101   1   5	 4.2842524416E-03	 1.1708874969E-02	 3.9829265310E-09	 9.0610648275E-05
   101   1   6	 4.2842524416E-03	 1.3510935742E-02	 3.9829265310E-09	 2.2082676824E-04
   101   2   2	 4.7003386530E-03	 4.7003386530E-03	 4.0260526809E-09	 4.0260526809E-09
   101   2   3	 4.7003386530E-03	 8.7520525780E-03	 4.0260526809E-09	 3.0271734283E-06
   101   2   4	 4.7003386530E-03	 1.1249148730E-02	 4.0260526809E-09	 9.8186034421E-05
   101   2   5	 4.7003386530E-03	 1.1708874969E-02	 4.0260526809E-09	 9.0610648275E-05
   101   2   6	 4.7003386530E-03	 1.3510935742E-02	 4.0260526809E-09	 2.2082676824E-04
   101   3   3	 8.7520525780E-03	 8.7520525780E-03	 3.0271734283E-06	 3.0271734283E-06
   101   3   4	 8.7520525780E-03	 1.1249148730E-02	 3.0271734283E-06	 9.8186034421E-05
   101   3   5	 8.7520525780E-03	 1.1708874969E-02	 3.0271734283E-06	 9.0610648275E-05
   101   3   6	 8.7520525780E-03	 1.3510935742E-02	 3.0271734283E-06	 2.2082676824E-04
   101   4   4	 1.1249148730E-02	 1.1249148730E-02	 9.8186034421E-05	 9.8186034421E-05
   101   4   5	 1.1249148730E-02	 1.1708874969E-02	 9.8186034421E-05	 9.0610648275E-05
   101   4   6	 1.1249148730E-02	 1.3510935742E-02	 9.8186034421E-05	 2.2082676824E-04
   101   5   5	 1.1708874969E-02	 1.1708874969E-02	 9.0610648275E-05	 9.0610648275E-05
   101   5   6	 1.1708874969E-02	 1.3510935742E-02	 9.0610648275E-05	 2.2082676824E-04
   101   6   6	 1.3510935742E-02	 1.3510935742E-02	 2.2082676824E-04	 2.2082676824E-04
   102   1   1	 4.4497143347E-03	 4.4497143347E-03	 3.5538289018E-09	 3.5538289018E-09
   102   1   2	 4.4497143347E-03	 4.5283902740E-03	 3.5538289018E-09	 3.7803251220E-09
   102   1   3	 4.4497143347E-03	 8.8449981277E-03	 3.5538289018E-09	 2.8617418818E-06
   102   1   4	 4.4497143347E-03	 1.1396695838E-02	 3.5538289018E-09	 3.5609896244E-05
   102   1   5	 4.4497143347E-03	 1.1518127352E-02	 3.5538289018E-09	 1.2384894543E-04
   102   1   6	 4.4497143347E-03	 1.3516214443E-02	 3.5538289018E-09	 2.0157262830E-04
   102   2   2	 4.5283902740E-03	 4.5283902740E-03	 3.7803251220E-09	 3.7803251220E-09
   102   2   3	 4.5283902740E-03	 8.8449981277E-03	 3.7803251220E-09	 2.8617418818E-06
   102   2   4	 4.5283902740E-03	 1.1396695838E-02	 3.7803251220E-09	 3.5609896244E-05
   102   2   5	 4.5283902740E-03	 1.1518127352E-02	 3.7803251220E-09	 1.2384894543E-04
   102   2   6	 4.5283902740E-03	 1.3516214443E-02	 3.7803251220E-09	 2.0157262830E-04
   102   3   3	 8.8449981277E-03	 8.8449981277E-03	 2.8617418818E-06	 2.8617418818E-06
   102   3   4	 8.8449981277E-03	 1.1396695838E-02	 2.8617418818E-06	 3.5609896244E-05
   102   3   5	 8.8449981277E-03	 1.1518127352E-02	 2.8617418818E-06	 1.2384894543E-04
   102   3   6	 8.8449981277E-03	 1.3516214443E-02	 2.8617418818E-06	 2.0157262830E-04
   102   4   4	 1.1396695838E-02	 1.1396695838E-02	 3.5609896244E-05	 3.5609896244E-05
   102   4   5	 1.1396695838E-02	 1.1518127352E-02	 3.5609896244E-05	 1.2384894543E-04
   102   4   6	 1.1396695838E-02	 1.3516214443E-02	 3.5609896244E-05	 2.0157262830E-04
   102   5   5	 1.1518127352E-02	 1.1518127352E-02	 1.2384894543E-04	 1.2384894543E-04
   102   5   6	 1.1518127352E-02	 1.3516214443E-02	 1.2384894543E-04	 2.0157262830E-04
   102   6   6	 1.3516214443E-02	 1.3516214443E-02	 2.0157262830E-04	 2.0157262830E-04
