#  q, mod1, mod2, omega1(Ry),  omega2(Ry),gamma1(Ry),  gamma2(Ry)
     1   4   4	 8.3747823447E-03	 8.3747823447E-03	 1.1176032078E-06	 1.1176032078E-06
     1   4   5	 8.3747823447E-03	 1.3755688509E-02	 1.1176032078E-06	 5.8332000666E-04
     1   4   6	 8.3747823447E-03	 1.3755688509E-02	 1.1176032078E-06	 5.8332000666E-04
     1   5   5	 1.3755688509E-02	 1.3755688509E-02	 5.8332000666E-04	 5.8332000666E-04
     1   5   6	 1.3755688509E-02	 1.3755688509E-02	 5.8332000666E-04	 5.8332000666E-04
     1   6   6	 1.3755688509E-02	 1.3755688509E-02	 5.8332000666E-04	 5.8332000666E-04
     2   1   1	 2.5982512729E-04	 2.5982512729E-04	 5.7678309082E-11	 5.7678309082E-11
     2   1   2	 2.5982512729E-04	 5.3455866006E-04	 5.7678309082E-11	 3.6324332043E-08
     2   1   3	 2.5982512729E-04	 9.6403436070E-04	 5.7678309082E-11	 3.0828669659E-08
     2   1   4	 2.5982512729E-04	 8.3554993639E-03	 5.7678309082E-11	 1.1580139675E-06
     2   1   5	 2.5982512729E-04	 1.3751461033E-02	 5.7678309082E-11	 5.4823787260E-04
     2   1   6	 2.5982512729E-04	 1.3760829516E-02	 5.7678309082E-11	 6.6268076572E-04
     2   2   2	 5.3455866006E-04	 5.3455866006E-04	 3.6324332043E-08	 3.6324332043E-08
     2   2   3	 5.3455866006E-04	 9.6403436070E-04	 3.6324332043E-08	 3.0828669659E-08
     2   2   4	 5.3455866006E-04	 8.3554993639E-03	 3.6324332043E-08	 1.1580139675E-06
     2   2   5	 5.3455866006E-04	 1.3751461033E-02	 3.6324332043E-08	 5.4823787260E-04
     2   2   6	 5.3455866006E-04	 1.3760829516E-02	 3.6324332043E-08	 6.6268076572E-04
     2   3   3	 9.6403436070E-04	 9.6403436070E-04	 3.0828669659E-08	 3.0828669659E-08
     2   3   4	 9.6403436070E-04	 8.3554993639E-03	 3.0828669659E-08	 1.1580139675E-06
     2   3   5	 9.6403436070E-04	 1.3751461033E-02	 3.0828669659E-08	 5.4823787260E-04
     2   3   6	 9.6403436070E-04	 1.3760829516E-02	 3.0828669659E-08	 6.6268076572E-04
     2   4   4	 8.3554993639E-03	 8.3554993639E-03	 1.1580139675E-06	 1.1580139675E-06
     2   4   5	 8.3554993639E-03	 1.3751461033E-02	 1.1580139675E-06	 5.4823787260E-04
     2   4   6	 8.3554993639E-03	 1.3760829516E-02	 1.1580139675E-06	 6.6268076572E-04
     2   5   5	 1.3751461033E-02	 1.3751461033E-02	 5.4823787260E-04	 5.4823787260E-04
     2   5   6	 1.3751461033E-02	 1.3760829516E-02	 5.4823787260E-04	 6.6268076572E-04
     2   6   6	 1.3760829516E-02	 1.3760829516E-02	 6.6268076572E-04	 6.6268076572E-04
     3   1   1	 5.1909447760E-04	 5.1909447760E-04	 2.3036838964E-10	 2.3036838964E-10
     3   1   2	 5.1909447760E-04	 1.0661486360E-03	 2.3036838964E-10	 1.4900111429E-07
     3   1   3	 5.1909447760E-04	 1.9231781699E-03	 2.3036838964E-10	 8.2105684807E-07
     3   1   4	 5.1909447760E-04	 8.2980070619E-03	 2.3036838964E-10	 8.7097588686E-07
     3   1   5	 5.1909447760E-04	 1.3738764482E-02	 2.3036838964E-10	 4.3149073923E-04
     3   1   6	 5.1909447760E-04	 1.3775431041E-02	 2.3036838964E-10	 5.8577493389E-04
     3   2   2	 1.0661486360E-03	 1.0661486360E-03	 1.4900111429E-07	 1.4900111429E-07
     3   2   3	 1.0661486360E-03	 1.9231781699E-03	 1.4900111429E-07	 8.2105684807E-07
     3   2   4	 1.0661486360E-03	 8.2980070619E-03	 1.4900111429E-07	 8.7097588686E-07
     3   2   5	 1.0661486360E-03	 1.3738764482E-02	 1.4900111429E-07	 4.3149073923E-04
     3   2   6	 1.0661486360E-03	 1.3775431041E-02	 1.4900111429E-07	 5.8577493389E-04
     3   3   3	 1.9231781699E-03	 1.9231781699E-03	 8.2105684807E-07	 8.2105684807E-07
     3   3   4	 1.9231781699E-03	 8.2980070619E-03	 8.2105684807E-07	 8.7097588686E-07
     3   3   5	 1.9231781699E-03	 1.3738764482E-02	 8.2105684807E-07	 4.3149073923E-04
     3   3   6	 1.9231781699E-03	 1.3775431041E-02	 8.2105684807E-07	 5.8577493389E-04
     3   4   4	 8.2980070619E-03	 8.2980070619E-03	 8.7097588686E-07	 8.7097588686E-07
     3   4   5	 8.2980070619E-03	 1.3738764482E-02	 8.7097588686E-07	 4.3149073923E-04
     3   4   6	 8.2980070619E-03	 1.3775431041E-02	 8.7097588686E-07	 5.8577493389E-04
     3   5   5	 1.3738764482E-02	 1.3738764482E-02	 4.3149073923E-04	 4.3149073923E-04
     3   5   6	 1.3738764482E-02	 1.3775431041E-02	 4.3149073923E-04	 5.8577493389E-04
     3   6   6	 1.3775431041E-02	 1.3775431041E-02	 5.8577493389E-04	 5.8577493389E-04
     4   1   1	 7.7728017539E-04	 7.7728017539E-04	 5.0112122831E-10	 5.0112122831E-10
     4   1   2	 7.7728017539E-04	 1.5917173279E-03	 5.0112122831E-10	 3.5344390045E-07
     4   1   3	 7.7728017539E-04	 2.8725406909E-03	 5.0112122831E-10	 2.3466675083E-06
     4   1   4	 7.7728017539E-04	 8.2033744830E-03	 5.0112122831E-10	 1.4637417363E-06
     4   1   5	 7.7728017539E-04	 1.3717572006E-02	 5.0112122831E-10	 3.9687868483E-04
     4   1   6	 7.7728017539E-04	 1.3797085720E-02	 5.0112122831E-10	 7.1092685696E-04
     4   2   2	 1.5917173279E-03	 1.5917173279E-03	 3.5344390045E-07	 3.5344390045E-07
     4   2   3	 1.5917173279E-03	 2.8725406909E-03	 3.5344390045E-07	 2.3466675083E-06
     4   2   4	 1.5917173279E-03	 8.2033744830E-03	 3.5344390045E-07	 1.4637417363E-06
     4   2   5	 1.5917173279E-03	 1.3717572006E-02	 3.5344390045E-07	 3.9687868483E-04
     4   2   6	 1.5917173279E-03	 1.3797085720E-02	 3.5344390045E-07	 7.1092685696E-04
     4   3   3	 2.8725406909E-03	 2.8725406909E-03	 2.3466675083E-06	 2.3466675083E-06
     4   3   4	 2.8725406909E-03	 8.2033744830E-03	 2.3466675083E-06	 1.4637417363E-06
     4   3   5	 2.8725406909E-03	 1.3717572006E-02	 2.3466675083E-06	 3.9687868483E-04
     4   3   6	 2.8725406909E-03	 1.3797085720E-02	 2.3466675083E-06	 7.1092685696E-04
     4   4   4	 8.2033744830E-03	 8.2033744830E-03	 1.4637417363E-06	 1.4637417363E-06
     4   4   5	 8.2033744830E-03	 1.3717572006E-02	 1.4637417363E-06	 3.9687868483E-04
     4   4   6	 8.2033744830E-03	 1.3797085720E-02	 1.4637417363E-06	 7.1092685696E-04
     4   5   5	 1.3717572006E-02	 1.3717572006E-02	 3.9687868483E-04	 3.9687868483E-04
     4   5   6	 1.3717572006E-02	 1.3797085720E-02	 3.9687868483E-04	 7.1092685696E-04
     4   6   6	 1.3797085720E-02	 1.3797085720E-02	 7.1092685696E-04	 7.1092685696E-04
     5   1   1	 1.0339055839E-03	 1.0339055839E-03	 8.6834232147E-10	 8.6834232147E-10
     5   1   2	 1.0339055839E-03	 2.1080458364E-03	 8.6834232147E-10	 7.3492287056E-07
     5   1   3	 1.0339055839E-03	 3.8072356682E-03	 8.6834232147E-10	 9.5099870138E-06
     5   1   4	 1.0339055839E-03	 8.0733807618E-03	 8.6834232147E-10	 7.6646556927E-07
     5   1   5	 1.0339055839E-03	 1.3687889738E-02	 8.6834232147E-10	 3.6385897007E-04
     5   1   6	 1.0339055839E-03	 1.3821963948E-02	 8.6834232147E-10	 8.8103640431E-04
     5   2   2	 2.1080458364E-03	 2.1080458364E-03	 7.3492287056E-07	 7.3492287056E-07
     5   2   3	 2.1080458364E-03	 3.8072356682E-03	 7.3492287056E-07	 9.5099870138E-06
     5   2   4	 2.1080458364E-03	 8.0733807618E-03	 7.3492287056E-07	 7.6646556927E-07
     5   2   5	 2.1080458364E-03	 1.3687889738E-02	 7.3492287056E-07	 3.6385897007E-04
     5   2   6	 2.1080458364E-03	 1.3821963948E-02	 7.3492287056E-07	 8.8103640431E-04
     5   3   3	 3.8072356682E-03	 3.8072356682E-03	 9.5099870138E-06	 9.5099870138E-06
     5   3   4	 3.8072356682E-03	 8.0733807618E-03	 9.5099870138E-06	 7.6646556927E-07
     5   3   5	 3.8072356682E-03	 1.3687889738E-02	 9.5099870138E-06	 3.6385897007E-04
     5   3   6	 3.8072356682E-03	 1.3821963948E-02	 9.5099870138E-06	 8.8103640431E-04
     5   4   4	 8.0733807618E-03	 8.0733807618E-03	 7.6646556927E-07	 7.6646556927E-07
     5   4   5	 8.0733807618E-03	 1.3687889738E-02	 7.6646556927E-07	 3.6385897007E-04
     5   4   6	 8.0733807618E-03	 1.3821963948E-02	 7.6646556927E-07	 8.8103640431E-04
     5   5   5	 1.3687889738E-02	 1.3687889738E-02	 3.6385897007E-04	 3.6385897007E-04
     5   5   6	 1.3687889738E-02	 1.3821963948E-02	 3.6385897007E-04	 8.8103640431E-04
     5   6   6	 1.3821963948E-02	 1.3821963948E-02	 8.8103640431E-04	 8.8103640431E-04
     6   1   1	 1.2885584446E-03	 1.2885584446E-03	 1.3133847619E-09	 1.3133847619E-09
     6   1   2	 1.2885584446E-03	 2.6116695464E-03	 1.3133847619E-09	 1.3258545024E-06
     6   1   3	 1.2885584446E-03	 4.7223949764E-03	 1.3133847619E-09	 1.4993659084E-05
     6   1   4	 1.2885584446E-03	 7.9105125234E-03	 1.3133847619E-09	 1.2660248366E-06
     6   1   5	 1.2885584446E-03	 1.3649830204E-02	 1.3133847619E-09	 3.1653587039E-04
     6   1   6	 1.2885584446E-03	 1.3845062586E-02	 1.3133847619E-09	 5.3536150150E-04
     6   2   2	 2.6116695464E-03	 2.6116695464E-03	 1.3258545024E-06	 1.3258545024E-06
     6   2   3	 2.6116695464E-03	 4.7223949764E-03	 1.3258545024E-06	 1.4993659084E-05
     6   2   4	 2.6116695464E-03	 7.9105125234E-03	 1.3258545024E-06	 1.2660248366E-06
     6   2   5	 2.6116695464E-03	 1.3649830204E-02	 1.3258545024E-06	 3.1653587039E-04
     6   2   6	 2.6116695464E-03	 1.3845062586E-02	 1.3258545024E-06	 5.3536150150E-04
     6   3   3	 4.7223949764E-03	 4.7223949764E-03	 1.4993659084E-05	 1.4993659084E-05
     6   3   4	 4.7223949764E-03	 7.9105125234E-03	 1.4993659084E-05	 1.2660248366E-06
     6   3   5	 4.7223949764E-03	 1.3649830204E-02	 1.4993659084E-05	 3.1653587039E-04
     6   3   6	 4.7223949764E-03	 1.3845062586E-02	 1.4993659084E-05	 5.3536150150E-04
     6   4   4	 7.9105125234E-03	 7.9105125234E-03	 1.2660248366E-06	 1.2660248366E-06
     6   4   5	 7.9105125234E-03	 1.3649830204E-02	 1.2660248366E-06	 3.1653587039E-04
     6   4   6	 7.9105125234E-03	 1.3845062586E-02	 1.2660248366E-06	 5.3536150150E-04
     6   5   5	 1.3649830204E-02	 1.3649830204E-02	 3.1653587039E-04	 3.1653587039E-04
     6   5   6	 1.3649830204E-02	 1.3845062586E-02	 3.1653587039E-04	 5.3536150150E-04
     6   6   6	 1.3845062586E-02	 1.3845062586E-02	 5.3536150150E-04	 5.3536150150E-04
     7   1   1	 1.5408857974E-03	 1.5408857974E-03	 1.8193710394E-09	 1.8193710394E-09
     7   1   2	 1.5408857974E-03	 3.0988031456E-03	 1.8193710394E-09	 1.9829099449E-06
     7   1   3	 1.5408857974E-03	 5.6131941088E-03	 1.8193710394E-09	 4.7386645638E-05
     7   1   4	 1.5408857974E-03	 7.7179636673E-03	 1.8193710394E-09	 8.5160671014E-07
     7   1   5	 1.5408857974E-03	 1.3603709162E-02	 1.8193710394E-09	 3.1363861531E-04
     7   1   6	 1.5408857974E-03	 1.3860508740E-02	 1.8193710394E-09	 7.3106706301E-04
     7   2   2	 3.0988031456E-03	 3.0988031456E-03	 1.9829099449E-06	 1.9829099449E-06
     7   2   3	 3.0988031456E-03	 5.6131941088E-03	 1.9829099449E-06	 4.7386645638E-05
     7   2   4	 3.0988031456E-03	 7.7179636673E-03	 1.9829099449E-06	 8.5160671014E-07
     7   2   5	 3.0988031456E-03	 1.3603709162E-02	 1.9829099449E-06	 3.1363861531E-04
     7   2   6	 3.0988031456E-03	 1.3860508740E-02	 1.9829099449E-06	 7.3106706301E-04
     7   3   3	 5.6131941088E-03	 5.6131941088E-03	 4.7386645638E-05	 4.7386645638E-05
     7   3   4	 5.6131941088E-03	 7.7179636673E-03	 4.7386645638E-05	 8.5160671014E-07
     7   3   5	 5.6131941088E-03	 1.3603709162E-02	 4.7386645638E-05	 3.1363861531E-04
     7   3   6	 5.6131941088E-03	 1.3860508740E-02	 4.7386645638E-05	 7.3106706301E-04
     7   4   4	 7.7179636673E-03	 7.7179636673E-03	 8.5160671014E-07	 8.5160671014E-07
     7   4   5	 7.7179636673E-03	 1.3603709162E-02	 8.5160671014E-07	 3.1363861531E-04
     7   4   6	 7.7179636673E-03	 1.3860508740E-02	 8.5160671014E-07	 7.3106706301E-04
     7   5   5	 1.3603709162E-02	 1.3603709162E-02	 3.1363861531E-04	 3.1363861531E-04
     7   5   6	 1.3603709162E-02	 1.3860508740E-02	 3.1363861531E-04	 7.3106706301E-04
     7   6   6	 1.3860508740E-02	 1.3860508740E-02	 7.3106706301E-04	 7.3106706301E-04
     8   1   1	 1.7905583513E-03	 1.7905583513E-03	 2.3662697890E-09	 2.3662697890E-09
     8   1   2	 1.7905583513E-03	 3.5652721689E-03	 2.3662697890E-09	 2.4884919258E-06
     8   1   3	 1.7905583513E-03	 6.4748908062E-03	 2.3662697890E-09	 4.1056618205E-05
     8   1   4	 1.7905583513E-03	 7.4996432190E-03	 2.3662697890E-09	 7.3816608495E-07
     8   1   5	 1.7905583513E-03	 1.3550159567E-02	 2.3662697890E-09	 2.2598437375E-04
     8   1   6	 1.7905583513E-03	 1.3861886304E-02	 2.3662697890E-09	 5.5577760819E-04
     8   2   2	 3.5652721689E-03	 3.5652721689E-03	 2.4884919258E-06	 2.4884919258E-06
     8   2   3	 3.5652721689E-03	 6.4748908062E-03	 2.4884919258E-06	 4.1056618205E-05
     8   2   4	 3.5652721689E-03	 7.4996432190E-03	 2.4884919258E-06	 7.3816608495E-07
     8   2   5	 3.5652721689E-03	 1.3550159567E-02	 2.4884919258E-06	 2.2598437375E-04
     8   2   6	 3.5652721689E-03	 1.3861886304E-02	 2.4884919258E-06	 5.5577760819E-04
     8   3   3	 6.4748908062E-03	 6.4748908062E-03	 4.1056618205E-05	 4.1056618205E-05
     8   3   4	 6.4748908062E-03	 7.4996432190E-03	 4.1056618205E-05	 7.3816608495E-07
     8   3   5	 6.4748908062E-03	 1.3550159567E-02	 4.1056618205E-05	 2.2598437375E-04
     8   3   6	 6.4748908062E-03	 1.3861886304E-02	 4.1056618205E-05	 5.5577760819E-04
     8   4   4	 7.4996432190E-03	 7.4996432190E-03	 7.3816608495E-07	 7.3816608495E-07
     8   4   5	 7.4996432190E-03	 1.3550159567E-02	 7.3816608495E-07	 2.2598437375E-04
     8   4   6	 7.4996432190E-03	 1.3861886304E-02	 7.3816608495E-07	 5.5577760819E-04
     8   5   5	 1.3550159567E-02	 1.3550159567E-02	 2.2598437375E-04	 2.2598437375E-04
     8   5   6	 1.3550159567E-02	 1.3861886304E-02	 2.2598437375E-04	 5.5577760819E-04
     8   6   6	 1.3861886304E-02	 1.3861886304E-02	 5.5577760819E-04	 5.5577760819E-04
     9   1   1	 2.0371845654E-03	 2.0371845654E-03	 2.9350074578E-09	 2.9350074578E-09
     9   1   2	 2.0371845654E-03	 4.0064550880E-03	 2.9350074578E-09	 2.6407733518E-06
     9   1   3	 2.0371845654E-03	 7.2602029422E-03	 2.9350074578E-09	 9.9687369405E-07
     9   1   4	 2.0371845654E-03	 7.3028765771E-03	 2.9350074578E-09	 1.1732036223E-04
     9   1   5	 2.0371845654E-03	 1.3490253384E-02	 2.9350074578E-09	 1.5334088913E-04
     9   1   6	 2.0371845654E-03	 1.3842556263E-02	 2.9350074578E-09	 6.7970367679E-04
     9   2   2	 4.0064550880E-03	 4.0064550880E-03	 2.6407733518E-06	 2.6407733518E-06
     9   2   3	 4.0064550880E-03	 7.2602029422E-03	 2.6407733518E-06	 9.9687369405E-07
     9   2   4	 4.0064550880E-03	 7.3028765771E-03	 2.6407733518E-06	 1.1732036223E-04
     9   2   5	 4.0064550880E-03	 1.3490253384E-02	 2.6407733518E-06	 1.5334088913E-04
     9   2   6	 4.0064550880E-03	 1.3842556263E-02	 2.6407733518E-06	 6.7970367679E-04
     9   3   3	 7.2602029422E-03	 7.2602029422E-03	 9.9687369405E-07	 9.9687369405E-07
     9   3   4	 7.2602029422E-03	 7.3028765771E-03	 9.9687369405E-07	 1.1732036223E-04
     9   3   5	 7.2602029422E-03	 1.3490253384E-02	 9.9687369405E-07	 1.5334088913E-04
     9   3   6	 7.2602029422E-03	 1.3842556263E-02	 9.9687369405E-07	 6.7970367679E-04
     9   4   4	 7.3028765771E-03	 7.3028765771E-03	 1.1732036223E-04	 1.1732036223E-04
     9   4   5	 7.3028765771E-03	 1.3490253384E-02	 1.1732036223E-04	 1.5334088913E-04
     9   4   6	 7.3028765771E-03	 1.3842556263E-02	 1.1732036223E-04	 6.7970367679E-04
     9   5   5	 1.3490253384E-02	 1.3490253384E-02	 1.5334088913E-04	 1.5334088913E-04
     9   5   6	 1.3490253384E-02	 1.3842556263E-02	 1.5334088913E-04	 6.7970367679E-04
     9   6   6	 1.3842556263E-02	 1.3842556263E-02	 6.7970367679E-04	 6.7970367679E-04
    10   1   1	 2.2801418798E-03	 2.2801418798E-03	 3.5077876822E-09	 3.5077876822E-09
    10   1   2	 2.2801418798E-03	 4.4172440627E-03	 3.5077876822E-09	 2.6013180660E-06
    10   1   3	 2.2801418798E-03	 7.0051081946E-03	 3.5077876822E-09	 5.5073966579E-07
    10   1   4	 2.2801418798E-03	 8.0927395556E-03	 3.5077876822E-09	 1.4397580703E-04
    10   1   5	 2.2801418798E-03	 1.3425617396E-02	 3.5077876822E-09	 1.6769495571E-04
    10   1   6	 2.2801418798E-03	 1.3795948826E-02	 3.5077876822E-09	 5.1041361546E-04
    10   2   2	 4.4172440627E-03	 4.4172440627E-03	 2.6013180660E-06	 2.6013180660E-06
    10   2   3	 4.4172440627E-03	 7.0051081946E-03	 2.6013180660E-06	 5.5073966579E-07
    10   2   4	 4.4172440627E-03	 8.0927395556E-03	 2.6013180660E-06	 1.4397580703E-04
    10   2   5	 4.4172440627E-03	 1.3425617396E-02	 2.6013180660E-06	 1.6769495571E-04
    10   2   6	 4.4172440627E-03	 1.3795948826E-02	 2.6013180660E-06	 5.1041361546E-04
    10   3   3	 7.0051081946E-03	 7.0051081946E-03	 5.5073966579E-07	 5.5073966579E-07
    10   3   4	 7.0051081946E-03	 8.0927395556E-03	 5.5073966579E-07	 1.4397580703E-04
    10   3   5	 7.0051081946E-03	 1.3425617396E-02	 5.5073966579E-07	 1.6769495571E-04
    10   3   6	 7.0051081946E-03	 1.3795948826E-02	 5.5073966579E-07	 5.1041361546E-04
    10   4   4	 8.0927395556E-03	 8.0927395556E-03	 1.4397580703E-04	 1.4397580703E-04
    10   4   5	 8.0927395556E-03	 1.3425617396E-02	 1.4397580703E-04	 1.6769495571E-04
    10   4   6	 8.0927395556E-03	 1.3795948826E-02	 1.4397580703E-04	 5.1041361546E-04
    10   5   5	 1.3425617396E-02	 1.3425617396E-02	 1.6769495571E-04	 1.6769495571E-04
    10   5   6	 1.3425617396E-02	 1.3795948826E-02	 1.6769495571E-04	 5.1041361546E-04
    10   6   6	 1.3795948826E-02	 1.3795948826E-02	 5.1041361546E-04	 5.1041361546E-04
    11   1   1	 2.5182700743E-03	 2.5182700743E-03	 4.0690248402E-09	 4.0690248402E-09
    11   1   2	 2.5182700743E-03	 4.7920395704E-03	 4.0690248402E-09	 2.5770522150E-06
    11   1   3	 2.5182700743E-03	 6.7407981022E-03	 4.0690248402E-09	 4.9033196647E-07
    11   1   4	 2.5182700743E-03	 8.8403361672E-03	 4.0690248402E-09	 2.2958953671E-04
    11   1   5	 2.5182700743E-03	 1.3358522012E-02	 4.0690248402E-09	 6.5492395336E-05
    11   1   6	 2.5182700743E-03	 1.3715813727E-02	 4.0690248402E-09	 5.3578621016E-04
    11   2   2	 4.7920395704E-03	 4.7920395704E-03	 2.5770522150E-06	 2.5770522150E-06
    11   2   3	 4.7920395704E-03	 6.7407981022E-03	 2.5770522150E-06	 4.9033196647E-07
    11   2   4	 4.7920395704E-03	 8.8403361672E-03	 2.5770522150E-06	 2.2958953671E-04
    11   2   5	 4.7920395704E-03	 1.3358522012E-02	 2.5770522150E-06	 6.5492395336E-05
    11   2   6	 4.7920395704E-03	 1.3715813727E-02	 2.5770522150E-06	 5.3578621016E-04
    11   3   3	 6.7407981022E-03	 6.7407981022E-03	 4.9033196647E-07	 4.9033196647E-07
    11   3   4	 6.7407981022E-03	 8.8403361672E-03	 4.9033196647E-07	 2.2958953671E-04
    11   3   5	 6.7407981022E-03	 1.3358522012E-02	 4.9033196647E-07	 6.5492395336E-05
    11   3   6	 6.7407981022E-03	 1.3715813727E-02	 4.9033196647E-07	 5.3578621016E-04
    11   4   4	 8.8403361672E-03	 8.8403361672E-03	 2.2958953671E-04	 2.2958953671E-04
    11   4   5	 8.8403361672E-03	 1.3358522012E-02	 2.2958953671E-04	 6.5492395336E-05
    11   4   6	 8.8403361672E-03	 1.3715813727E-02	 2.2958953671E-04	 5.3578621016E-04
    11   5   5	 1.3358522012E-02	 1.3358522012E-02	 6.5492395336E-05	 6.5492395336E-05
    11   5   6	 1.3358522012E-02	 1.3715813727E-02	 6.5492395336E-05	 5.3578621016E-04
    11   6   6	 1.3715813727E-02	 1.3715813727E-02	 5.3578621016E-04	 5.3578621016E-04
    12   1   1	 2.7493329578E-03	 2.7493329578E-03	 4.6058326436E-09	 4.6058326436E-09
    12   1   2	 2.7493329578E-03	 5.1248041751E-03	 4.6058326436E-09	 2.7287469495E-06
    12   1   3	 2.7493329578E-03	 6.4750221985E-03	 4.6058326436E-09	 4.3614692764E-07
    12   1   4	 2.7493329578E-03	 9.5418683631E-03	 4.6058326436E-09	 4.6229727865E-04
    12   1   5	 2.7493329578E-03	 1.3291912475E-02	 4.6058326436E-09	 7.6594421696E-05
    12   1   6	 2.7493329578E-03	 1.3596422920E-02	 4.6058326436E-09	 5.8666700357E-04
    12   2   2	 5.1248041751E-03	 5.1248041751E-03	 2.7287469495E-06	 2.7287469495E-06
    12   2   3	 5.1248041751E-03	 6.4750221985E-03	 2.7287469495E-06	 4.3614692764E-07
    12   2   4	 5.1248041751E-03	 9.5418683631E-03	 2.7287469495E-06	 4.6229727865E-04
    12   2   5	 5.1248041751E-03	 1.3291912475E-02	 2.7287469495E-06	 7.6594421696E-05
    12   2   6	 5.1248041751E-03	 1.3596422920E-02	 2.7287469495E-06	 5.8666700357E-04
    12   3   3	 6.4750221985E-03	 6.4750221985E-03	 4.3614692764E-07	 4.3614692764E-07
    12   3   4	 6.4750221985E-03	 9.5418683631E-03	 4.3614692764E-07	 4.6229727865E-04
    12   3   5	 6.4750221985E-03	 1.3291912475E-02	 4.3614692764E-07	 7.6594421696E-05
    12   3   6	 6.4750221985E-03	 1.3596422920E-02	 4.3614692764E-07	 5.8666700357E-04
    12   4   4	 9.5418683631E-03	 9.5418683631E-03	 4.6229727865E-04	 4.6229727865E-04
    12   4   5	 9.5418683631E-03	 1.3291912475E-02	 4.6229727865E-04	 7.6594421696E-05
    12   4   6	 9.5418683631E-03	 1.3596422920E-02	 4.6229727865E-04	 5.8666700357E-04
    12   5   5	 1.3291912475E-02	 1.3291912475E-02	 7.6594421696E-05	 7.6594421696E-05
    12   5   6	 1.3291912475E-02	 1.3596422920E-02	 7.6594421696E-05	 5.8666700357E-04
    12   6   6	 1.3596422920E-02	 1.3596422920E-02	 5.8666700357E-04	 5.8666700357E-04
    13   1   1	 2.9690958171E-03	 2.9690958171E-03	 5.1073745881E-09	 5.1073745881E-09
    13   1   2	 2.9690958171E-03	 5.4092112369E-03	 5.1073745881E-09	 2.7728249851E-06
    13   1   3	 2.9690958171E-03	 6.2175049481E-03	 5.1073745881E-09	 3.3580118282E-07
    13   1   4	 2.9690958171E-03	 1.0193962272E-02	 5.1073745881E-09	 2.9365354535E-04
    13   1   5	 2.9690958171E-03	 1.3229341955E-02	 5.1073745881E-09	 2.2152343605E-05
    13   1   6	 2.9690958171E-03	 1.3432726557E-02	 5.1073745881E-09	 4.9268328747E-04
    13   2   2	 5.4092112369E-03	 5.4092112369E-03	 2.7728249851E-06	 2.7728249851E-06
    13   2   3	 5.4092112369E-03	 6.2175049481E-03	 2.7728249851E-06	 3.3580118282E-07
    13   2   4	 5.4092112369E-03	 1.0193962272E-02	 2.7728249851E-06	 2.9365354535E-04
    13   2   5	 5.4092112369E-03	 1.3229341955E-02	 2.7728249851E-06	 2.2152343605E-05
    13   2   6	 5.4092112369E-03	 1.3432726557E-02	 2.7728249851E-06	 4.9268328747E-04
    13   3   3	 6.2175049481E-03	 6.2175049481E-03	 3.3580118282E-07	 3.3580118282E-07
    13   3   4	 6.2175049481E-03	 1.0193962272E-02	 3.3580118282E-07	 2.9365354535E-04
    13   3   5	 6.2175049481E-03	 1.3229341955E-02	 3.3580118282E-07	 2.2152343605E-05
    13   3   6	 6.2175049481E-03	 1.3432726557E-02	 3.3580118282E-07	 4.9268328747E-04
    13   4   4	 1.0193962272E-02	 1.0193962272E-02	 2.9365354535E-04	 2.9365354535E-04
    13   4   5	 1.0193962272E-02	 1.3229341955E-02	 2.9365354535E-04	 2.2152343605E-05
    13   4   6	 1.0193962272E-02	 1.3432726557E-02	 2.9365354535E-04	 4.9268328747E-04
    13   5   5	 1.3229341955E-02	 1.3229341955E-02	 2.2152343605E-05	 2.2152343605E-05
    13   5   6	 1.3229341955E-02	 1.3432726557E-02	 2.2152343605E-05	 4.9268328747E-04
    13   6   6	 1.3432726557E-02	 1.3432726557E-02	 4.9268328747E-04	 4.9268328747E-04
    14   1   1	 3.1698262091E-03	 3.1698262091E-03	 5.5618787645E-09	 5.5618787645E-09
    14   1   2	 3.1698262091E-03	 5.6389282215E-03	 5.5618787645E-09	 2.8028639531E-06
    14   1   3	 3.1698262091E-03	 5.9811386756E-03	 5.5618787645E-09	 3.3830581234E-07
    14   1   4	 3.1698262091E-03	 1.0793741081E-02	 5.5618787645E-09	 1.4762247551E-04
    14   1   5	 3.1698262091E-03	 1.3174763004E-02	 5.5618787645E-09	 1.5602551807E-05
    14   1   6	 3.1698262091E-03	 1.3220470093E-02	 5.5618787645E-09	 1.8217837885E-04
    14   2   2	 5.6389282215E-03	 5.6389282215E-03	 2.8028639531E-06	 2.8028639531E-06
    14   2   3	 5.6389282215E-03	 5.9811386756E-03	 2.8028639531E-06	 3.3830581234E-07
    14   2   4	 5.6389282215E-03	 1.0793741081E-02	 2.8028639531E-06	 1.4762247551E-04
    14   2   5	 5.6389282215E-03	 1.3174763004E-02	 2.8028639531E-06	 1.5602551807E-05
    14   2   6	 5.6389282215E-03	 1.3220470093E-02	 2.8028639531E-06	 1.8217837885E-04
    14   3   3	 5.9811386756E-03	 5.9811386756E-03	 3.3830581234E-07	 3.3830581234E-07
    14   3   4	 5.9811386756E-03	 1.0793741081E-02	 3.3830581234E-07	 1.4762247551E-04
    14   3   5	 5.9811386756E-03	 1.3174763004E-02	 3.3830581234E-07	 1.5602551807E-05
    14   3   6	 5.9811386756E-03	 1.3220470093E-02	 3.3830581234E-07	 1.8217837885E-04
    14   4   4	 1.0793741081E-02	 1.0793741081E-02	 1.4762247551E-04	 1.4762247551E-04
    14   4   5	 1.0793741081E-02	 1.3174763004E-02	 1.4762247551E-04	 1.5602551807E-05
    14   4   6	 1.0793741081E-02	 1.3220470093E-02	 1.4762247551E-04	 1.8217837885E-04
    14   5   5	 1.3174763004E-02	 1.3174763004E-02	 1.5602551807E-05	 1.5602551807E-05
    14   5   6	 1.3174763004E-02	 1.3220470093E-02	 1.5602551807E-05	 1.8217837885E-04
    14   6   6	 1.3220470093E-02	 1.3220470093E-02	 1.8217837885E-04	 1.8217837885E-04
    15   1   1	 3.3382637938E-03	 3.3382637938E-03	 5.9479846623E-09	 5.9479846623E-09
    15   1   2	 3.3382637938E-03	 5.7836796245E-03	 5.9479846623E-09	 2.5551741305E-07
    15   1   3	 3.3382637938E-03	 5.8080587523E-03	 5.9479846623E-09	 2.8571475543E-06
    15   1   4	 3.3382637938E-03	 1.1338867916E-02	 5.9479846623E-09	 1.1598408993E-04
    15   1   5	 3.3382637938E-03	 1.2956299631E-02	 5.9479846623E-09	 2.0355068802E-04
    15   1   6	 3.3382637938E-03	 1.3132150189E-02	 5.9479846623E-09	 1.2197393545E-05
    15   2   2	 5.7836796245E-03	 5.7836796245E-03	 2.5551741305E-07	 2.5551741305E-07
    15   2   3	 5.7836796245E-03	 5.8080587523E-03	 2.5551741305E-07	 2.8571475543E-06
    15   2   4	 5.7836796245E-03	 1.1338867916E-02	 2.5551741305E-07	 1.1598408993E-04
    15   2   5	 5.7836796245E-03	 1.2956299631E-02	 2.5551741305E-07	 2.0355068802E-04
    15   2   6	 5.7836796245E-03	 1.3132150189E-02	 2.5551741305E-07	 1.2197393545E-05
    15   3   3	 5.8080587523E-03	 5.8080587523E-03	 2.8571475543E-06	 2.8571475543E-06
    15   3   4	 5.8080587523E-03	 1.1338867916E-02	 2.8571475543E-06	 1.1598408993E-04
    15   3   5	 5.8080587523E-03	 1.2956299631E-02	 2.8571475543E-06	 2.0355068802E-04
    15   3   6	 5.8080587523E-03	 1.3132150189E-02	 2.8571475543E-06	 1.2197393545E-05
    15   4   4	 1.1338867916E-02	 1.1338867916E-02	 1.1598408993E-04	 1.1598408993E-04
    15   4   5	 1.1338867916E-02	 1.2956299631E-02	 1.1598408993E-04	 2.0355068802E-04
    15   4   6	 1.1338867916E-02	 1.3132150189E-02	 1.1598408993E-04	 1.2197393545E-05
    15   5   5	 1.2956299631E-02	 1.2956299631E-02	 2.0355068802E-04	 2.0355068802E-04
    15   5   6	 1.2956299631E-02	 1.3132150189E-02	 2.0355068802E-04	 1.2197393545E-05
    15   6   6	 1.3132150189E-02	 1.3132150189E-02	 1.2197393545E-05	 1.2197393545E-05
    16   1   1	 3.4545258167E-03	 3.4545258167E-03	 6.2170210982E-09	 6.2170210982E-09
    16   1   2	 3.4545258167E-03	 5.6485137954E-03	 6.2170210982E-09	 1.9692810171E-07
    16   1   3	 3.4545258167E-03	 5.9117200026E-03	 6.2170210982E-09	 2.8827233384E-06
    16   1   4	 3.4545258167E-03	 1.1827362793E-02	 6.2170210982E-09	 1.0114472216E-04
    16   1   5	 3.4545258167E-03	 1.2638055172E-02	 6.2170210982E-09	 6.0742372946E-05
    16   1   6	 3.4545258167E-03	 1.3104975032E-02	 6.2170210982E-09	 6.8318580972E-06
    16   2   2	 5.6485137954E-03	 5.6485137954E-03	 1.9692810171E-07	 1.9692810171E-07
    16   2   3	 5.6485137954E-03	 5.9117200026E-03	 1.9692810171E-07	 2.8827233384E-06
    16   2   4	 5.6485137954E-03	 1.1827362793E-02	 1.9692810171E-07	 1.0114472216E-04
    16   2   5	 5.6485137954E-03	 1.2638055172E-02	 1.9692810171E-07	 6.0742372946E-05
    16   2   6	 5.6485137954E-03	 1.3104975032E-02	 1.9692810171E-07	 6.8318580972E-06
    16   3   3	 5.9117200026E-03	 5.9117200026E-03	 2.8827233384E-06	 2.8827233384E-06
    16   3   4	 5.9117200026E-03	 1.1827362793E-02	 2.8827233384E-06	 1.0114472216E-04
    16   3   5	 5.9117200026E-03	 1.2638055172E-02	 2.8827233384E-06	 6.0742372946E-05
    16   3   6	 5.9117200026E-03	 1.3104975032E-02	 2.8827233384E-06	 6.8318580972E-06
    16   4   4	 1.1827362793E-02	 1.1827362793E-02	 1.0114472216E-04	 1.0114472216E-04
    16   4   5	 1.1827362793E-02	 1.2638055172E-02	 1.0114472216E-04	 6.0742372946E-05
    16   4   6	 1.1827362793E-02	 1.3104975032E-02	 1.0114472216E-04	 6.8318580972E-06
    16   5   5	 1.2638055172E-02	 1.2638055172E-02	 6.0742372946E-05	 6.0742372946E-05
    16   5   6	 1.2638055172E-02	 1.3104975032E-02	 6.0742372946E-05	 6.8318580972E-06
    16   6   6	 1.3104975032E-02	 1.3104975032E-02	 6.8318580972E-06	 6.8318580972E-06
    17   1   1	 3.4967298745E-03	 3.4967298745E-03	 6.2882364845E-09	 6.2882364845E-09
    17   1   2	 3.4967298745E-03	 5.5997532352E-03	 6.2882364845E-09	 1.7909618220E-07
    17   1   3	 3.4967298745E-03	 5.9466560185E-03	 6.2882364845E-09	 2.8551074369E-06
    17   1   4	 3.4967298745E-03	 1.2225715256E-02	 6.2882364845E-09	 7.8898665897E-06
    17   1   5	 3.4967298745E-03	 1.2296733733E-02	 6.2882364845E-09	 7.1817785072E-05
    17   1   6	 3.4967298745E-03	 1.3095631078E-02	 6.2882364845E-09	 5.0277065376E-06
    17   2   2	 5.5997532352E-03	 5.5997532352E-03	 1.7909618220E-07	 1.7909618220E-07
    17   2   3	 5.5997532352E-03	 5.9466560185E-03	 1.7909618220E-07	 2.8551074369E-06
    17   2   4	 5.5997532352E-03	 1.2225715256E-02	 1.7909618220E-07	 7.8898665897E-06
    17   2   5	 5.5997532352E-03	 1.2296733733E-02	 1.7909618220E-07	 7.1817785072E-05
    17   2   6	 5.5997532352E-03	 1.3095631078E-02	 1.7909618220E-07	 5.0277065376E-06
    17   3   3	 5.9466560185E-03	 5.9466560185E-03	 2.8551074369E-06	 2.8551074369E-06
    17   3   4	 5.9466560185E-03	 1.2225715256E-02	 2.8551074369E-06	 7.8898665897E-06
    17   3   5	 5.9466560185E-03	 1.2296733733E-02	 2.8551074369E-06	 7.1817785072E-05
    17   3   6	 5.9466560185E-03	 1.3095631078E-02	 2.8551074369E-06	 5.0277065376E-06
    17   4   4	 1.2225715256E-02	 1.2225715256E-02	 7.8898665897E-06	 7.8898665897E-06
    17   4   5	 1.2225715256E-02	 1.2296733733E-02	 7.8898665897E-06	 7.1817785072E-05
    17   4   6	 1.2225715256E-02	 1.3095631078E-02	 7.8898665897E-06	 5.0277065376E-06
    17   5   5	 1.2296733733E-02	 1.2296733733E-02	 7.1817785072E-05	 7.1817785072E-05
    17   5   6	 1.2296733733E-02	 1.3095631078E-02	 7.1817785072E-05	 5.0277065376E-06
    17   6   6	 1.3095631078E-02	 1.3095631078E-02	 5.0277065376E-06	 5.0277065376E-06
    18   1   1	 4.0559899265E-04	 4.0559899265E-04	 1.7313511809E-10	 1.7313511809E-10
    18   1   2	 4.0559899265E-04	 9.2593694585E-04	 1.7313511809E-10	 1.4601039091E-07
    18   1   3	 4.0559899265E-04	 1.6891246492E-03	 1.7313511809E-10	 4.8879775266E-07
    18   1   4	 4.0559899265E-04	 8.3193791025E-03	 1.7313511809E-10	 1.0482247946E-06
    18   1   5	 4.0559899265E-04	 1.3743191119E-02	 1.7313511809E-10	 3.8497233804E-04
    18   1   6	 4.0559899265E-04	 1.3767685842E-02	 1.7313511809E-10	 7.2635846296E-04
    18   2   2	 9.2593694585E-04	 9.2593694585E-04	 1.4601039091E-07	 1.4601039091E-07
    18   2   3	 9.2593694585E-04	 1.6891246492E-03	 1.4601039091E-07	 4.8879775266E-07
    18   2   4	 9.2593694585E-04	 8.3193791025E-03	 1.4601039091E-07	 1.0482247946E-06
    18   2   5	 9.2593694585E-04	 1.3743191119E-02	 1.4601039091E-07	 3.8497233804E-04
    18   2   6	 9.2593694585E-04	 1.3767685842E-02	 1.4601039091E-07	 7.2635846296E-04
    18   3   3	 1.6891246492E-03	 1.6891246492E-03	 4.8879775266E-07	 4.8879775266E-07
    18   3   4	 1.6891246492E-03	 8.3193791025E-03	 4.8879775266E-07	 1.0482247946E-06
    18   3   5	 1.6891246492E-03	 1.3743191119E-02	 4.8879775266E-07	 3.8497233804E-04
    18   3   6	 1.6891246492E-03	 1.3767685842E-02	 4.8879775266E-07	 7.2635846296E-04
    18   4   4	 8.3193791025E-03	 8.3193791025E-03	 1.0482247946E-06	 1.0482247946E-06
    18   4   5	 8.3193791025E-03	 1.3743191119E-02	 1.0482247946E-06	 3.8497233804E-04
    18   4   6	 8.3193791025E-03	 1.3767685842E-02	 1.0482247946E-06	 7.2635846296E-04
    18   5   5	 1.3743191119E-02	 1.3743191119E-02	 3.8497233804E-04	 3.8497233804E-04
    18   5   6	 1.3743191119E-02	 1.3767685842E-02	 3.8497233804E-04	 7.2635846296E-04
    18   6   6	 1.3767685842E-02	 1.3767685842E-02	 7.2635846296E-04	 7.2635846296E-04
    19   1   1	 6.5946878215E-04	 6.5946878215E-04	 3.8277730208E-10	 3.8277730208E-10
    19   1   2	 6.5946878215E-04	 1.4126796835E-03	 3.8277730208E-10	 1.0621683434E-06
    19   1   3	 6.5946878215E-04	 2.5485984210E-03	 3.8277730208E-10	 1.6397502658E-06
    19   1   4	 6.5946878215E-04	 8.2432092931E-03	 3.8277730208E-10	 1.1351054501E-06
    19   1   5	 6.5946878215E-04	 1.3726783119E-02	 3.8277730208E-10	 3.4986852094E-04
    19   1   6	 6.5946878215E-04	 1.3785444390E-02	 3.8277730208E-10	 7.6932729621E-04
    19   2   2	 1.4126796835E-03	 1.4126796835E-03	 1.0621683434E-06	 1.0621683434E-06
    19   2   3	 1.4126796835E-03	 2.5485984210E-03	 1.0621683434E-06	 1.6397502658E-06
    19   2   4	 1.4126796835E-03	 8.2432092931E-03	 1.0621683434E-06	 1.1351054501E-06
    19   2   5	 1.4126796835E-03	 1.3726783119E-02	 1.0621683434E-06	 3.4986852094E-04
    19   2   6	 1.4126796835E-03	 1.3785444390E-02	 1.0621683434E-06	 7.6932729621E-04
    19   3   3	 2.5485984210E-03	 2.5485984210E-03	 1.6397502658E-06	 1.6397502658E-06
    19   3   4	 2.5485984210E-03	 8.2432092931E-03	 1.6397502658E-06	 1.1351054501E-06
    19   3   5	 2.5485984210E-03	 1.3726783119E-02	 1.6397502658E-06	 3.4986852094E-04
    19   3   6	 2.5485984210E-03	 1.3785444390E-02	 1.6397502658E-06	 7.6932729621E-04
    19   4   4	 8.2432092931E-03	 8.2432092931E-03	 1.1351054501E-06	 1.1351054501E-06
    19   4   5	 8.2432092931E-03	 1.3726783119E-02	 1.1351054501E-06	 3.4986852094E-04
    19   4   6	 8.2432092931E-03	 1.3785444390E-02	 1.1351054501E-06	 7.6932729621E-04
    19   5   5	 1.3726783119E-02	 1.3726783119E-02	 3.4986852094E-04	 3.4986852094E-04
    19   5   6	 1.3726783119E-02	 1.3785444390E-02	 3.4986852094E-04	 7.6932729621E-04
    19   6   6	 1.3785444390E-02	 1.3785444390E-02	 7.6932729621E-04	 7.6932729621E-04
    20   1   1	 9.1521079574E-04	 9.1521079574E-04	 6.8316889112E-10	 6.8316889112E-10
    20   1   2	 9.1521079574E-04	 1.9181694576E-03	 6.8316889112E-10	 3.1563477094E-06
    20   1   3	 9.1521079574E-04	 3.4434265332E-03	 6.8316889112E-10	 6.5985128223E-06
    20   1   4	 9.1521079574E-04	 8.1307328346E-03	 6.8316889112E-10	 1.0626917715E-06
    20   1   5	 9.1521079574E-04	 1.3701938913E-02	 6.8316889112E-10	 3.3823929969E-04
    20   1   6	 9.1521079574E-04	 1.3808353180E-02	 6.8316889112E-10	 6.0932531310E-04
    20   2   2	 1.9181694576E-03	 1.9181694576E-03	 3.1563477094E-06	 3.1563477094E-06
    20   2   3	 1.9181694576E-03	 3.4434265332E-03	 3.1563477094E-06	 6.5985128223E-06
    20   2   4	 1.9181694576E-03	 8.1307328346E-03	 3.1563477094E-06	 1.0626917715E-06
    20   2   5	 1.9181694576E-03	 1.3701938913E-02	 3.1563477094E-06	 3.3823929969E-04
    20   2   6	 1.9181694576E-03	 1.3808353180E-02	 3.1563477094E-06	 6.0932531310E-04
    20   3   3	 3.4434265332E-03	 3.4434265332E-03	 6.5985128223E-06	 6.5985128223E-06
    20   3   4	 3.4434265332E-03	 8.1307328346E-03	 6.5985128223E-06	 1.0626917715E-06
    20   3   5	 3.4434265332E-03	 1.3701938913E-02	 6.5985128223E-06	 3.3823929969E-04
    20   3   6	 3.4434265332E-03	 1.3808353180E-02	 6.5985128223E-06	 6.0932531310E-04
    20   4   4	 8.1307328346E-03	 8.1307328346E-03	 1.0626917715E-06	 1.0626917715E-06
    20   4   5	 8.1307328346E-03	 1.3701938913E-02	 1.0626917715E-06	 3.3823929969E-04
    20   4   6	 8.1307328346E-03	 1.3808353180E-02	 1.0626917715E-06	 6.0932531310E-04
    20   5   5	 1.3701938913E-02	 1.3701938913E-02	 3.3823929969E-04	 3.3823929969E-04
    20   5   6	 1.3701938913E-02	 1.3808353180E-02	 3.3823929969E-04	 6.0932531310E-04
    20   6   6	 1.3808353180E-02	 1.3808353180E-02	 6.0932531310E-04	 6.0932531310E-04
    21   1   1	 1.1702313320E-03	 1.1702313320E-03	 1.0785311474E-09	 1.0785311474E-09
    21   1   2	 1.1702313320E-03	 2.4215479925E-03	 1.0785311474E-09	 6.2333630487E-06
    21   1   3	 1.1702313320E-03	 4.3397519271E-03	 1.0785311474E-09	 1.1855787712E-05
    21   1   4	 1.1702313320E-03	 7.9840793328E-03	 1.0785311474E-09	 1.0708709465E-06
    21   1   5	 1.1702313320E-03	 1.3668761385E-02	 1.0785311474E-09	 3.0772938223E-04
    21   1   6	 1.1702313320E-03	 1.3831935905E-02	 1.0785311474E-09	 6.2251876432E-04
    21   2   2	 2.4215479925E-03	 2.4215479925E-03	 6.2333630487E-06	 6.2333630487E-06
    21   2   3	 2.4215479925E-03	 4.3397519271E-03	 6.2333630487E-06	 1.1855787712E-05
    21   2   4	 2.4215479925E-03	 7.9840793328E-03	 6.2333630487E-06	 1.0708709465E-06
    21   2   5	 2.4215479925E-03	 1.3668761385E-02	 6.2333630487E-06	 3.0772938223E-04
    21   2   6	 2.4215479925E-03	 1.3831935905E-02	 6.2333630487E-06	 6.2251876432E-04
    21   3   3	 4.3397519271E-03	 4.3397519271E-03	 1.1855787712E-05	 1.1855787712E-05
    21   3   4	 4.3397519271E-03	 7.9840793328E-03	 1.1855787712E-05	 1.0708709465E-06
    21   3   5	 4.3397519271E-03	 1.3668761385E-02	 1.1855787712E-05	 3.0772938223E-04
    21   3   6	 4.3397519271E-03	 1.3831935905E-02	 1.1855787712E-05	 6.2251876432E-04
    21   4   4	 7.9840793328E-03	 7.9840793328E-03	 1.0708709465E-06	 1.0708709465E-06
    21   4   5	 7.9840793328E-03	 1.3668761385E-02	 1.0708709465E-06	 3.0772938223E-04
    21   4   6	 7.9840793328E-03	 1.3831935905E-02	 1.0708709465E-06	 6.2251876432E-04
    21   5   5	 1.3668761385E-02	 1.3668761385E-02	 3.0772938223E-04	 3.0772938223E-04
    21   5   6	 1.3668761385E-02	 1.3831935905E-02	 3.0772938223E-04	 6.2251876432E-04
    21   6   6	 1.3831935905E-02	 1.3831935905E-02	 6.2251876432E-04	 6.2251876432E-04
    22   1   1	 1.4235349940E-03	 1.4235349940E-03	 1.5462152001E-09	 1.5462152001E-09
    22   1   2	 1.4235349940E-03	 2.9141745395E-03	 1.5462152001E-09	 9.5008819638E-06
    22   1   3	 1.4235349940E-03	 5.2232519010E-03	 1.5462152001E-09	 2.6125744732E-05
    22   1   4	 1.4235349940E-03	 7.8060834961E-03	 1.5462152001E-09	 8.3694876257E-07
    22   1   5	 1.4235349940E-03	 1.3627437489E-02	 1.5462152001E-09	 2.7919024596E-04
    22   1   6	 1.4235349940E-03	 1.3850762234E-02	 1.5462152001E-09	 8.5532314159E-04
    22   2   2	 2.9141745395E-03	 2.9141745395E-03	 9.5008819638E-06	 9.5008819638E-06
    22   2   3	 2.9141745395E-03	 5.2232519010E-03	 9.5008819638E-06	 2.6125744732E-05
    22   2   4	 2.9141745395E-03	 7.8060834961E-03	 9.5008819638E-06	 8.3694876257E-07
    22   2   5	 2.9141745395E-03	 1.3627437489E-02	 9.5008819638E-06	 2.7919024596E-04
    22   2   6	 2.9141745395E-03	 1.3850762234E-02	 9.5008819638E-06	 8.5532314159E-04
    22   3   3	 5.2232519010E-03	 5.2232519010E-03	 2.6125744732E-05	 2.6125744732E-05
    22   3   4	 5.2232519010E-03	 7.8060834961E-03	 2.6125744732E-05	 8.3694876257E-07
    22   3   5	 5.2232519010E-03	 1.3627437489E-02	 2.6125744732E-05	 2.7919024596E-04
    22   3   6	 5.2232519010E-03	 1.3850762234E-02	 2.6125744732E-05	 8.5532314159E-04
    22   4   4	 7.8060834961E-03	 7.8060834961E-03	 8.3694876257E-07	 8.3694876257E-07
    22   4   5	 7.8060834961E-03	 1.3627437489E-02	 8.3694876257E-07	 2.7919024596E-04
    22   4   6	 7.8060834961E-03	 1.3850762234E-02	 8.3694876257E-07	 8.5532314159E-04
    22   5   5	 1.3627437489E-02	 1.3627437489E-02	 2.7919024596E-04	 2.7919024596E-04
    22   5   6	 1.3627437489E-02	 1.3850762234E-02	 2.7919024596E-04	 8.5532314159E-04
    22   6   6	 1.3850762234E-02	 1.3850762234E-02	 8.5532314159E-04	 8.5532314159E-04
    23   1   1	 1.6745452342E-03	 1.6745452342E-03	 2.0678793845E-09	 2.0678793845E-09
    23   1   2	 1.6745452342E-03	 3.3901303849E-03	 2.0678793845E-09	 1.1570316336E-05
    23   1   3	 1.6745452342E-03	 6.0852302286E-03	 2.0678793845E-09	 4.5874359155E-05
    23   1   4	 1.6745452342E-03	 7.6002873546E-03	 2.0678793845E-09	 1.0888095197E-06
    23   1   5	 1.6745452342E-03	 1.3578390778E-02	 2.0678793845E-09	 2.3764377701E-04
    23   1   6	 1.6745452342E-03	 1.3858717567E-02	 2.0678793845E-09	 4.9499696670E-04
    23   2   2	 3.3901303849E-03	 3.3901303849E-03	 1.1570316336E-05	 1.1570316336E-05
    23   2   3	 3.3901303849E-03	 6.0852302286E-03	 1.1570316336E-05	 4.5874359155E-05
    23   2   4	 3.3901303849E-03	 7.6002873546E-03	 1.1570316336E-05	 1.0888095197E-06
    23   2   5	 3.3901303849E-03	 1.3578390778E-02	 1.1570316336E-05	 2.3764377701E-04
    23   2   6	 3.3901303849E-03	 1.3858717567E-02	 1.1570316336E-05	 4.9499696670E-04
    23   3   3	 6.0852302286E-03	 6.0852302286E-03	 4.5874359155E-05	 4.5874359155E-05
    23   3   4	 6.0852302286E-03	 7.6002873546E-03	 4.5874359155E-05	 1.0888095197E-06
    23   3   5	 6.0852302286E-03	 1.3578390778E-02	 4.5874359155E-05	 2.3764377701E-04
    23   3   6	 6.0852302286E-03	 1.3858717567E-02	 4.5874359155E-05	 4.9499696670E-04
    23   4   4	 7.6002873546E-03	 7.6002873546E-03	 1.0888095197E-06	 1.0888095197E-06
    23   4   5	 7.6002873546E-03	 1.3578390778E-02	 1.0888095197E-06	 2.3764377701E-04
    23   4   6	 7.6002873546E-03	 1.3858717567E-02	 1.0888095197E-06	 4.9499696670E-04
    23   5   5	 1.3578390778E-02	 1.3578390778E-02	 2.3764377701E-04	 2.3764377701E-04
    23   5   6	 1.3578390778E-02	 1.3858717567E-02	 2.3764377701E-04	 4.9499696670E-04
    23   6   6	 1.3858717567E-02	 1.3858717567E-02	 4.9499696670E-04	 4.9499696670E-04
    24   1   1	 1.9228050830E-03	 1.9228050830E-03	 2.6237781377E-09	 2.6237781377E-09
    24   1   2	 1.9228050830E-03	 3.8441186315E-03	 2.6237781377E-09	 1.0909955819E-05
    24   1   3	 1.9228050830E-03	 6.9191226311E-03	 2.6237781377E-09	 7.1733671619E-05
    24   1   4	 1.9228050830E-03	 7.3709550249E-03	 2.6237781377E-09	 7.8177019584E-07
    24   1   5	 1.9228050830E-03	 1.3522406184E-02	 2.6237781377E-09	 2.0770891303E-04
    24   1   6	 1.9228050830E-03	 1.3849321710E-02	 2.6237781377E-09	 7.1881681771E-04
    24   2   2	 3.8441186315E-03	 3.8441186315E-03	 1.0909955819E-05	 1.0909955819E-05
    24   2   3	 3.8441186315E-03	 6.9191226311E-03	 1.0909955819E-05	 7.1733671619E-05
    24   2   4	 3.8441186315E-03	 7.3709550249E-03	 1.0909955819E-05	 7.8177019584E-07
    24   2   5	 3.8441186315E-03	 1.3522406184E-02	 1.0909955819E-05	 2.0770891303E-04
    24   2   6	 3.8441186315E-03	 1.3849321710E-02	 1.0909955819E-05	 7.1881681771E-04
    24   3   3	 6.9191226311E-03	 6.9191226311E-03	 7.1733671619E-05	 7.1733671619E-05
    24   3   4	 6.9191226311E-03	 7.3709550249E-03	 7.1733671619E-05	 7.8177019584E-07
    24   3   5	 6.9191226311E-03	 1.3522406184E-02	 7.1733671619E-05	 2.0770891303E-04
    24   3   6	 6.9191226311E-03	 1.3849321710E-02	 7.1733671619E-05	 7.1881681771E-04
    24   4   4	 7.3709550249E-03	 7.3709550249E-03	 7.8177019584E-07	 7.8177019584E-07
    24   4   5	 7.3709550249E-03	 1.3522406184E-02	 7.8177019584E-07	 2.0770891303E-04
    24   4   6	 7.3709550249E-03	 1.3849321710E-02	 7.8177019584E-07	 7.1881681771E-04
    24   5   5	 1.3522406184E-02	 1.3522406184E-02	 2.0770891303E-04	 2.0770891303E-04
    24   5   6	 1.3522406184E-02	 1.3849321710E-02	 2.0770891303E-04	 7.1881681771E-04
    24   6   6	 1.3849321710E-02	 1.3849321710E-02	 7.1881681771E-04	 7.1881681771E-04
    25   1   1	 2.1677842829E-03	 2.1677842829E-03	 3.1946866759E-09	 3.1946866759E-09
    25   1   2	 2.1677842829E-03	 4.2708085424E-03	 3.1946866759E-09	 7.8334020663E-06
    25   1   3	 2.1677842829E-03	 7.1231165063E-03	 3.1946866759E-09	 6.5529517462E-07
    25   1   4	 2.1677842829E-03	 7.7193982448E-03	 3.1946866759E-09	 1.0146635009E-04
    25   1   5	 2.1677842829E-03	 1.3460745026E-02	 3.1946866759E-09	 1.6673353764E-04
    25   1   6	 2.1677842829E-03	 1.3816041817E-02	 3.1946866759E-09	 5.4573115955E-04
    25   2   2	 4.2708085424E-03	 4.2708085424E-03	 7.8334020663E-06	 7.8334020663E-06
    25   2   3	 4.2708085424E-03	 7.1231165063E-03	 7.8334020663E-06	 6.5529517462E-07
    25   2   4	 4.2708085424E-03	 7.7193982448E-03	 7.8334020663E-06	 1.0146635009E-04
    25   2   5	 4.2708085424E-03	 1.3460745026E-02	 7.8334020663E-06	 1.6673353764E-04
    25   2   6	 4.2708085424E-03	 1.3816041817E-02	 7.8334020663E-06	 5.4573115955E-04
    25   3   3	 7.1231165063E-03	 7.1231165063E-03	 6.5529517462E-07	 6.5529517462E-07
    25   3   4	 7.1231165063E-03	 7.7193982448E-03	 6.5529517462E-07	 1.0146635009E-04
    25   3   5	 7.1231165063E-03	 1.3460745026E-02	 6.5529517462E-07	 1.6673353764E-04
    25   3   6	 7.1231165063E-03	 1.3816041817E-02	 6.5529517462E-07	 5.4573115955E-04
    25   4   4	 7.7193982448E-03	 7.7193982448E-03	 1.0146635009E-04	 1.0146635009E-04
    25   4   5	 7.7193982448E-03	 1.3460745026E-02	 1.0146635009E-04	 1.6673353764E-04
    25   4   6	 7.7193982448E-03	 1.3816041817E-02	 1.0146635009E-04	 5.4573115955E-04
    25   5   5	 1.3460745026E-02	 1.3460745026E-02	 1.6673353764E-04	 1.6673353764E-04
    25   5   6	 1.3460745026E-02	 1.3816041817E-02	 1.6673353764E-04	 5.4573115955E-04
    25   6   6	 1.3816041817E-02	 1.3816041817E-02	 5.4573115955E-04	 5.4573115955E-04
    26   1   1	 2.4086258925E-03	 2.4086258925E-03	 3.7629497740E-09	 3.7629497740E-09
    26   1   2	 2.4086258925E-03	 4.6645862502E-03	 3.7629497740E-09	 4.8323531587E-06
    26   1   3	 2.4086258925E-03	 6.8626734239E-03	 3.7629497740E-09	 6.7744104845E-07
    26   1   4	 2.4086258925E-03	 8.4811767371E-03	 3.7629497740E-09	 1.5757934845E-04
    26   1   5	 2.4086258925E-03	 1.3395228367E-02	 3.7629497740E-09	 1.2171354650E-04
    26   1   6	 2.4086258925E-03	 1.3752586792E-02	 3.7629497740E-09	 5.3856295644E-04
    26   2   2	 4.6645862502E-03	 4.6645862502E-03	 4.8323531587E-06	 4.8323531587E-06
    26   2   3	 4.6645862502E-03	 6.8626734239E-03	 4.8323531587E-06	 6.7744104845E-07
    26   2   4	 4.6645862502E-03	 8.4811767371E-03	 4.8323531587E-06	 1.5757934845E-04
    26   2   5	 4.6645862502E-03	 1.3395228367E-02	 4.8323531587E-06	 1.2171354650E-04
    26   2   6	 4.6645862502E-03	 1.3752586792E-02	 4.8323531587E-06	 5.3856295644E-04
    26   3   3	 6.8626734239E-03	 6.8626734239E-03	 6.7744104845E-07	 6.7744104845E-07
    26   3   4	 6.8626734239E-03	 8.4811767371E-03	 6.7744104845E-07	 1.5757934845E-04
    26   3   5	 6.8626734239E-03	 1.3395228367E-02	 6.7744104845E-07	 1.2171354650E-04
    26   3   6	 6.8626734239E-03	 1.3752586792E-02	 6.7744104845E-07	 5.3856295644E-04
    26   4   4	 8.4811767371E-03	 8.4811767371E-03	 1.5757934845E-04	 1.5757934845E-04
    26   4   5	 8.4811767371E-03	 1.3395228367E-02	 1.5757934845E-04	 1.2171354650E-04
    26   4   6	 8.4811767371E-03	 1.3752586792E-02	 1.5757934845E-04	 5.3856295644E-04
    26   5   5	 1.3395228367E-02	 1.3395228367E-02	 1.2171354650E-04	 1.2171354650E-04
    26   5   6	 1.3395228367E-02	 1.3752586792E-02	 1.2171354650E-04	 5.3856295644E-04
    26   6   6	 1.3752586792E-02	 1.3752586792E-02	 5.3856295644E-04	 5.3856295644E-04
    27   1   1	 2.6437297514E-03	 2.6437297514E-03	 4.3133961351E-09	 4.3133961351E-09
    27   1   2	 2.6437297514E-03	 5.0194772219E-03	 4.3133961351E-09	 3.4896801299E-06
    27   1   3	 2.6437297514E-03	 6.5966306856E-03	 4.3133961351E-09	 4.0058115162E-07
    27   1   4	 2.6437297514E-03	 9.2001033311E-03	 4.3133961351E-09	 2.9392440571E-04
    27   1   5	 2.6437297514E-03	 1.3328225133E-02	 4.3133961351E-09	 8.1967089378E-05
    27   1   6	 2.6437297514E-03	 1.3653211752E-02	 4.3133961351E-09	 5.2119143148E-04
    27   2   2	 5.0194772219E-03	 5.0194772219E-03	 3.4896801299E-06	 3.4896801299E-06
    27   2   3	 5.0194772219E-03	 6.5966306856E-03	 3.4896801299E-06	 4.0058115162E-07
    27   2   4	 5.0194772219E-03	 9.2001033311E-03	 3.4896801299E-06	 2.9392440571E-04
    27   2   5	 5.0194772219E-03	 1.3328225133E-02	 3.4896801299E-06	 8.1967089378E-05
    27   2   6	 5.0194772219E-03	 1.3653211752E-02	 3.4896801299E-06	 5.2119143148E-04
    27   3   3	 6.5966306856E-03	 6.5966306856E-03	 4.0058115162E-07	 4.0058115162E-07
    27   3   4	 6.5966306856E-03	 9.2001033311E-03	 4.0058115162E-07	 2.9392440571E-04
    27   3   5	 6.5966306856E-03	 1.3328225133E-02	 4.0058115162E-07	 8.1967089378E-05
    27   3   6	 6.5966306856E-03	 1.3653211752E-02	 4.0058115162E-07	 5.2119143148E-04
    27   4   4	 9.2001033311E-03	 9.2001033311E-03	 2.9392440571E-04	 2.9392440571E-04
    27   4   5	 9.2001033311E-03	 1.3328225133E-02	 2.9392440571E-04	 8.1967089378E-05
    27   4   6	 9.2001033311E-03	 1.3653211752E-02	 2.9392440571E-04	 5.2119143148E-04
    27   5   5	 1.3328225133E-02	 1.3328225133E-02	 8.1967089378E-05	 8.1967089378E-05
    27   5   6	 1.3328225133E-02	 1.3653211752E-02	 8.1967089378E-05	 5.2119143148E-04
    27   6   6	 1.3653211752E-02	 1.3653211752E-02	 5.2119143148E-04	 5.2119143148E-04
    28   1   1	 2.8700408271E-03	 2.8700408271E-03	 4.8335794892E-09	 4.8335794892E-09
    28   1   2	 2.8700408271E-03	 5.3291938566E-03	 4.8335794892E-09	 3.2855897636E-06
    28   1   3	 2.8700408271E-03	 6.3335721607E-03	 4.8335794892E-09	 3.9100667261E-07
    28   1   4	 2.8700408271E-03	 9.8723291371E-03	 4.8335794892E-09	 7.3870558895E-04
    28   1   5	 2.8700408271E-03	 1.3262287789E-02	 4.8335794892E-09	 5.1660163624E-05
    28   1   6	 2.8700408271E-03	 1.3513251740E-02	 4.8335794892E-09	 6.2537253801E-04
    28   2   2	 5.3291938566E-03	 5.3291938566E-03	 3.2855897636E-06	 3.2855897636E-06
    28   2   3	 5.3291938566E-03	 6.3335721607E-03	 3.2855897636E-06	 3.9100667261E-07
    28   2   4	 5.3291938566E-03	 9.8723291371E-03	 3.2855897636E-06	 7.3870558895E-04
    28   2   5	 5.3291938566E-03	 1.3262287789E-02	 3.2855897636E-06	 5.1660163624E-05
    28   2   6	 5.3291938566E-03	 1.3513251740E-02	 3.2855897636E-06	 6.2537253801E-04
    28   3   3	 6.3335721607E-03	 6.3335721607E-03	 3.9100667261E-07	 3.9100667261E-07
    28   3   4	 6.3335721607E-03	 9.8723291371E-03	 3.9100667261E-07	 7.3870558895E-04
    28   3   5	 6.3335721607E-03	 1.3262287789E-02	 3.9100667261E-07	 5.1660163624E-05
    28   3   6	 6.3335721607E-03	 1.3513251740E-02	 3.9100667261E-07	 6.2537253801E-04
    28   4   4	 9.8723291371E-03	 9.8723291371E-03	 7.3870558895E-04	 7.3870558895E-04
    28   4   5	 9.8723291371E-03	 1.3262287789E-02	 7.3870558895E-04	 5.1660163624E-05
    28   4   6	 9.8723291371E-03	 1.3513251740E-02	 7.3870558895E-04	 6.2537253801E-04
    28   5   5	 1.3262287789E-02	 1.3262287789E-02	 5.1660163624E-05	 5.1660163624E-05
    28   5   6	 1.3262287789E-02	 1.3513251740E-02	 5.1660163624E-05	 6.2537253801E-04
    28   6   6	 1.3513251740E-02	 1.3513251740E-02	 6.2537253801E-04	 6.2537253801E-04
    29   1   1	 3.0818519901E-03	 3.0818519901E-03	 5.3125558094E-09	 5.3125558094E-09
    29   1   2	 3.0818519901E-03	 5.5873198717E-03	 5.3125558094E-09	 3.0172550659E-06
    29   1   3	 3.0818519901E-03	 6.0845703143E-03	 5.3125558094E-09	 3.3356209778E-07
    29   1   4	 3.0818519901E-03	 1.0494535112E-02	 5.3125558094E-09	 2.6173666112E-04
    29   1   5	 3.0818519901E-03	 1.3196907801E-02	 5.3125558094E-09	 6.1288904171E-05
    29   1   6	 3.0818519901E-03	 1.3332373229E-02	 5.3125558094E-09	 2.3372395529E-04
    29   2   2	 5.5873198717E-03	 5.5873198717E-03	 3.0172550659E-06	 3.0172550659E-06
    29   2   3	 5.5873198717E-03	 6.0845703143E-03	 3.0172550659E-06	 3.3356209778E-07
    29   2   4	 5.5873198717E-03	 1.0494535112E-02	 3.0172550659E-06	 2.6173666112E-04
    29   2   5	 5.5873198717E-03	 1.3196907801E-02	 3.0172550659E-06	 6.1288904171E-05
    29   2   6	 5.5873198717E-03	 1.3332373229E-02	 3.0172550659E-06	 2.3372395529E-04
    29   3   3	 6.0845703143E-03	 6.0845703143E-03	 3.3356209778E-07	 3.3356209778E-07
    29   3   4	 6.0845703143E-03	 1.0494535112E-02	 3.3356209778E-07	 2.6173666112E-04
    29   3   5	 6.0845703143E-03	 1.3196907801E-02	 3.3356209778E-07	 6.1288904171E-05
    29   3   6	 6.0845703143E-03	 1.3332373229E-02	 3.3356209778E-07	 2.3372395529E-04
    29   4   4	 1.0494535112E-02	 1.0494535112E-02	 2.6173666112E-04	 2.6173666112E-04
    29   4   5	 1.0494535112E-02	 1.3196907801E-02	 2.6173666112E-04	 6.1288904171E-05
    29   4   6	 1.0494535112E-02	 1.3332373229E-02	 2.6173666112E-04	 2.3372395529E-04
    29   5   5	 1.3196907801E-02	 1.3196907801E-02	 6.1288904171E-05	 6.1288904171E-05
    29   5   6	 1.3196907801E-02	 1.3332373229E-02	 6.1288904171E-05	 2.3372395529E-04
    29   6   6	 1.3332373229E-02	 1.3332373229E-02	 2.3372395529E-04	 2.3372395529E-04
    30   1   1	 3.2689621670E-03	 3.2689621670E-03	 5.7360733176E-09	 5.7360733176E-09
    30   1   2	 3.2689621670E-03	 5.7876557948E-03	 5.7360733176E-09	 2.9943844164E-06
    30   1   3	 3.2689621670E-03	 5.8647014121E-03	 5.7360733176E-09	 3.0319882029E-07
    30   1   4	 3.2689621670E-03	 1.1063963015E-02	 5.7360733176E-09	 1.1500532804E-04
    30   1   5	 3.2689621670E-03	 1.3063175149E-02	 5.7360733176E-09	 1.3465977980E-04
    30   1   6	 3.2689621670E-03	 1.3179735130E-02	 5.7360733176E-09	 3.3401906556E-05
    30   2   2	 5.7876557948E-03	 5.7876557948E-03	 2.9943844164E-06	 2.9943844164E-06
    30   2   3	 5.7876557948E-03	 5.8647014121E-03	 2.9943844164E-06	 3.0319882029E-07
    30   2   4	 5.7876557948E-03	 1.1063963015E-02	 2.9943844164E-06	 1.1500532804E-04
    30   2   5	 5.7876557948E-03	 1.3063175149E-02	 2.9943844164E-06	 1.3465977980E-04
    30   2   6	 5.7876557948E-03	 1.3179735130E-02	 2.9943844164E-06	 3.3401906556E-05
    30   3   3	 5.8647014121E-03	 5.8647014121E-03	 3.0319882029E-07	 3.0319882029E-07
    30   3   4	 5.8647014121E-03	 1.1063963015E-02	 3.0319882029E-07	 1.1500532804E-04
    30   3   5	 5.8647014121E-03	 1.3063175149E-02	 3.0319882029E-07	 1.3465977980E-04
    30   3   6	 5.8647014121E-03	 1.3179735130E-02	 3.0319882029E-07	 3.3401906556E-05
    30   4   4	 1.1063963015E-02	 1.1063963015E-02	 1.1500532804E-04	 1.1500532804E-04
    30   4   5	 1.1063963015E-02	 1.3063175149E-02	 1.1500532804E-04	 1.3465977980E-04
    30   4   6	 1.1063963015E-02	 1.3179735130E-02	 1.1500532804E-04	 3.3401906556E-05
    30   5   5	 1.3063175149E-02	 1.3063175149E-02	 1.3465977980E-04	 1.3465977980E-04
    30   5   6	 1.3063175149E-02	 1.3179735130E-02	 1.3465977980E-04	 3.3401906556E-05
    30   6   6	 1.3179735130E-02	 1.3179735130E-02	 3.3401906556E-05	 3.3401906556E-05
    31   1   1	 3.4146849569E-03	 3.4146849569E-03	 6.0736610355E-09	 6.0736610355E-09
    31   1   2	 3.4146849569E-03	 5.6946977337E-03	 6.0736610355E-09	 2.0848477237E-07
    31   1   3	 3.4146849569E-03	 5.9247257714E-03	 6.0736610355E-09	 2.9671173985E-06
    31   1   4	 3.4146849569E-03	 1.1578379893E-02	 6.0736610355E-09	 1.0594249679E-04
    31   1   5	 3.4146849569E-03	 1.2784536146E-02	 6.0736610355E-09	 8.0981557281E-05
    31   1   6	 3.4146849569E-03	 1.3132923213E-02	 6.0736610355E-09	 1.6234035317E-05
    31   2   2	 5.6946977337E-03	 5.6946977337E-03	 2.0848477237E-07	 2.0848477237E-07
    31   2   3	 5.6946977337E-03	 5.9247257714E-03	 2.0848477237E-07	 2.9671173985E-06
    31   2   4	 5.6946977337E-03	 1.1578379893E-02	 2.0848477237E-07	 1.0594249679E-04
    31   2   5	 5.6946977337E-03	 1.2784536146E-02	 2.0848477237E-07	 8.0981557281E-05
    31   2   6	 5.6946977337E-03	 1.3132923213E-02	 2.0848477237E-07	 1.6234035317E-05
    31   3   3	 5.9247257714E-03	 5.9247257714E-03	 2.9671173985E-06	 2.9671173985E-06
    31   3   4	 5.9247257714E-03	 1.1578379893E-02	 2.9671173985E-06	 1.0594249679E-04
    31   3   5	 5.9247257714E-03	 1.2784536146E-02	 2.9671173985E-06	 8.0981557281E-05
    31   3   6	 5.9247257714E-03	 1.3132923213E-02	 2.9671173985E-06	 1.6234035317E-05
    31   4   4	 1.1578379893E-02	 1.1578379893E-02	 1.0594249679E-04	 1.0594249679E-04
    31   4   5	 1.1578379893E-02	 1.2784536146E-02	 1.0594249679E-04	 8.0981557281E-05
    31   4   6	 1.1578379893E-02	 1.3132923213E-02	 1.0594249679E-04	 1.6234035317E-05
    31   5   5	 1.2784536146E-02	 1.2784536146E-02	 8.0981557281E-05	 8.0981557281E-05
    31   5   6	 1.2784536146E-02	 1.3132923213E-02	 8.0981557281E-05	 1.6234035317E-05
    31   6   6	 1.3132923213E-02	 1.3132923213E-02	 1.6234035317E-05	 1.6234035317E-05
    32   1   1	 3.4967298745E-03	 3.4967298745E-03	 6.2593627309E-09	 6.2593627309E-09
    32   1   2	 3.4967298745E-03	 5.5997532352E-03	 6.2593627309E-09	 1.7579527566E-07
    32   1   3	 3.4967298745E-03	 5.9943843798E-03	 6.2593627309E-09	 2.8983417955E-06
    32   1   4	 3.4967298745E-03	 1.2035016109E-02	 6.2593627309E-09	 6.7179438738E-05
    32   1   5	 3.4967298745E-03	 1.2442607528E-02	 6.2593627309E-09	 6.3836830631E-05
    32   1   6	 3.4967298745E-03	 1.3112715440E-02	 6.2593627309E-09	 1.0207081031E-05
    32   2   2	 5.5997532352E-03	 5.5997532352E-03	 1.7579527566E-07	 1.7579527566E-07
    32   2   3	 5.5997532352E-03	 5.9943843798E-03	 1.7579527566E-07	 2.8983417955E-06
    32   2   4	 5.5997532352E-03	 1.2035016109E-02	 1.7579527566E-07	 6.7179438738E-05
    32   2   5	 5.5997532352E-03	 1.2442607528E-02	 1.7579527566E-07	 6.3836830631E-05
    32   2   6	 5.5997532352E-03	 1.3112715440E-02	 1.7579527566E-07	 1.0207081031E-05
    32   3   3	 5.9943843798E-03	 5.9943843798E-03	 2.8983417955E-06	 2.8983417955E-06
    32   3   4	 5.9943843798E-03	 1.2035016109E-02	 2.8983417955E-06	 6.7179438738E-05
    32   3   5	 5.9943843798E-03	 1.2442607528E-02	 2.8983417955E-06	 6.3836830631E-05
    32   3   6	 5.9943843798E-03	 1.3112715440E-02	 2.8983417955E-06	 1.0207081031E-05
    32   4   4	 1.2035016109E-02	 1.2035016109E-02	 6.7179438738E-05	 6.7179438738E-05
    32   4   5	 1.2035016109E-02	 1.2442607528E-02	 6.7179438738E-05	 6.3836830631E-05
    32   4   6	 1.2035016109E-02	 1.3112715440E-02	 6.7179438738E-05	 1.0207081031E-05
    32   5   5	 1.2442607528E-02	 1.2442607528E-02	 6.3836830631E-05	 6.3836830631E-05
    32   5   6	 1.2442607528E-02	 1.3112715440E-02	 6.3836830631E-05	 1.0207081031E-05
    32   6   6	 1.3112715440E-02	 1.3112715440E-02	 1.0207081031E-05	 1.0207081031E-05
    33   1   1	 8.1775298715E-04	 8.1775298715E-04	 6.2721002332E-10	 6.2721002332E-10
    33   1   2	 8.1775298715E-04	 1.8586262165E-03	 6.2721002332E-10	 2.5497187100E-06
    33   1   3	 8.1775298715E-04	 3.3357217607E-03	 6.2721002332E-10	 6.0982524649E-06
    33   1   4	 8.1775298715E-04	 8.1555741372E-03	 6.2721002332E-10	 9.5748472922E-07
    33   1   5	 8.1775298715E-04	 1.3707422594E-02	 6.2721002332E-10	 3.7143272712E-04
    33   1   6	 8.1775298715E-04	 1.3795994427E-02	 6.2721002332E-10	 6.6742137506E-04
    33   2   2	 1.8586262165E-03	 1.8586262165E-03	 2.5497187100E-06	 2.5497187100E-06
    33   2   3	 1.8586262165E-03	 3.3357217607E-03	 2.5497187100E-06	 6.0982524649E-06
    33   2   4	 1.8586262165E-03	 8.1555741372E-03	 2.5497187100E-06	 9.5748472922E-07
    33   2   5	 1.8586262165E-03	 1.3707422594E-02	 2.5497187100E-06	 3.7143272712E-04
    33   2   6	 1.8586262165E-03	 1.3795994427E-02	 2.5497187100E-06	 6.6742137506E-04
    33   3   3	 3.3357217607E-03	 3.3357217607E-03	 6.0982524649E-06	 6.0982524649E-06
    33   3   4	 3.3357217607E-03	 8.1555741372E-03	 6.0982524649E-06	 9.5748472922E-07
    33   3   5	 3.3357217607E-03	 1.3707422594E-02	 6.0982524649E-06	 3.7143272712E-04
    33   3   6	 3.3357217607E-03	 1.3795994427E-02	 6.0982524649E-06	 6.6742137506E-04
    33   4   4	 8.1555741372E-03	 8.1555741372E-03	 9.5748472922E-07	 9.5748472922E-07
    33   4   5	 8.1555741372E-03	 1.3707422594E-02	 9.5748472922E-07	 3.7143272712E-04
    33   4   6	 8.1555741372E-03	 1.3795994427E-02	 9.5748472922E-07	 6.6742137506E-04
    33   5   5	 1.3707422594E-02	 1.3707422594E-02	 3.7143272712E-04	 3.7143272712E-04
    33   5   6	 1.3707422594E-02	 1.3795994427E-02	 3.7143272712E-04	 6.6742137506E-04
    33   6   6	 1.3795994427E-02	 1.3795994427E-02	 6.6742137506E-04	 6.6742137506E-04
    34   1   1	 1.0701152653E-03	 1.0701152653E-03	 9.5895847999E-10	 9.5895847999E-10
    34   1   2	 1.0701152653E-03	 2.3376417491E-03	 9.5895847999E-10	 9.0241865747E-06
    34   1   3	 1.0701152653E-03	 4.1419287774E-03	 9.5895847999E-10	 6.0406837435E-06
    34   1   4	 1.0701152653E-03	 8.0260580679E-03	 9.5895847999E-10	 1.0974155984E-06
    34   1   5	 1.0701152653E-03	 1.3680654524E-02	 9.5895847999E-10	 3.5056207203E-04
    34   1   6	 1.0701152653E-03	 1.3816556498E-02	 9.5895847999E-10	 8.5342874586E-04
    34   2   2	 2.3376417491E-03	 2.3376417491E-03	 9.0241865747E-06	 9.0241865747E-06
    34   2   3	 2.3376417491E-03	 4.1419287774E-03	 9.0241865747E-06	 6.0406837435E-06
    34   2   4	 2.3376417491E-03	 8.0260580679E-03	 9.0241865747E-06	 1.0974155984E-06
    34   2   5	 2.3376417491E-03	 1.3680654524E-02	 9.0241865747E-06	 3.5056207203E-04
    34   2   6	 2.3376417491E-03	 1.3816556498E-02	 9.0241865747E-06	 8.5342874586E-04
    34   3   3	 4.1419287774E-03	 4.1419287774E-03	 6.0406837435E-06	 6.0406837435E-06
    34   3   4	 4.1419287774E-03	 8.0260580679E-03	 6.0406837435E-06	 1.0974155984E-06
    34   3   5	 4.1419287774E-03	 1.3680654524E-02	 6.0406837435E-06	 3.5056207203E-04
    34   3   6	 4.1419287774E-03	 1.3816556498E-02	 6.0406837435E-06	 8.5342874586E-04
    34   4   4	 8.0260580679E-03	 8.0260580679E-03	 1.0974155984E-06	 1.0974155984E-06
    34   4   5	 8.0260580679E-03	 1.3680654524E-02	 1.0974155984E-06	 3.5056207203E-04
    34   4   6	 8.0260580679E-03	 1.3816556498E-02	 1.0974155984E-06	 8.5342874586E-04
    34   5   5	 1.3680654524E-02	 1.3680654524E-02	 3.5056207203E-04	 3.5056207203E-04
    34   5   6	 1.3680654524E-02	 1.3816556498E-02	 3.5056207203E-04	 8.5342874586E-04
    34   6   6	 1.3816556498E-02	 1.3816556498E-02	 8.5342874586E-04	 8.5342874586E-04
    35   1   1	 1.3231006364E-03	 1.3231006364E-03	 1.3680994598E-09	 1.3680994598E-09
    35   1   2	 1.3231006364E-03	 2.8254887299E-03	 1.3680994598E-09	 1.9694887312E-05
    35   1   3	 1.3231006364E-03	 4.9675008153E-03	 1.3680994598E-09	 2.5947270775E-05
    35   1   4	 1.3231006364E-03	 7.8637758188E-03	 1.3680994598E-09	 1.0046928576E-06
    35   1   5	 1.3231006364E-03	 1.3645897426E-02	 1.3680994598E-09	 3.2066672821E-04
    35   1   6	 1.3231006364E-03	 1.3834786183E-02	 1.3680994598E-09	 5.6051584835E-04
    35   2   2	 2.8254887299E-03	 2.8254887299E-03	 1.9694887312E-05	 1.9694887312E-05
    35   2   3	 2.8254887299E-03	 4.9675008153E-03	 1.9694887312E-05	 2.5947270775E-05
    35   2   4	 2.8254887299E-03	 7.8637758188E-03	 1.9694887312E-05	 1.0046928576E-06
    35   2   5	 2.8254887299E-03	 1.3645897426E-02	 1.9694887312E-05	 3.2066672821E-04
    35   2   6	 2.8254887299E-03	 1.3834786183E-02	 1.9694887312E-05	 5.6051584835E-04
    35   3   3	 4.9675008153E-03	 4.9675008153E-03	 2.5947270775E-05	 2.5947270775E-05
    35   3   4	 4.9675008153E-03	 7.8637758188E-03	 2.5947270775E-05	 1.0046928576E-06
    35   3   5	 4.9675008153E-03	 1.3645897426E-02	 2.5947270775E-05	 3.2066672821E-04
    35   3   6	 4.9675008153E-03	 1.3834786183E-02	 2.5947270775E-05	 5.6051584835E-04
    35   4   4	 7.8637758188E-03	 7.8637758188E-03	 1.0046928576E-06	 1.0046928576E-06
    35   4   5	 7.8637758188E-03	 1.3645897426E-02	 1.0046928576E-06	 3.2066672821E-04
    35   4   6	 7.8637758188E-03	 1.3834786183E-02	 1.0046928576E-06	 5.6051584835E-04
    35   5   5	 1.3645897426E-02	 1.3645897426E-02	 3.2066672821E-04	 3.2066672821E-04
    35   5   6	 1.3645897426E-02	 1.3834786183E-02	 3.2066672821E-04	 5.6051584835E-04
    35   6   6	 1.3834786183E-02	 1.3834786183E-02	 5.6051584835E-04	 5.6051584835E-04
    36   1   1	 1.5749217299E-03	 1.5749217299E-03	 1.8411209262E-09	 1.8411209262E-09
    36   1   2	 1.5749217299E-03	 3.3067915593E-03	 1.8411209262E-09	 3.1944010371E-05
    36   1   3	 1.5749217299E-03	 5.7917766658E-03	 1.8411209262E-09	 3.0340932783E-05
    36   1   4	 1.5749217299E-03	 7.6718962100E-03	 1.8411209262E-09	 8.9386856595E-07
    36   1   5	 1.5749217299E-03	 1.3603399805E-02	 1.8411209262E-09	 2.3683714438E-04
    36   1   6	 1.5749217299E-03	 1.3845016876E-02	 1.8411209262E-09	 6.6326315369E-04
    36   2   2	 3.3067915593E-03	 3.3067915593E-03	 3.1944010371E-05	 3.1944010371E-05
    36   2   3	 3.3067915593E-03	 5.7917766658E-03	 3.1944010371E-05	 3.0340932783E-05
    36   2   4	 3.3067915593E-03	 7.6718962100E-03	 3.1944010371E-05	 8.9386856595E-07
    36   2   5	 3.3067915593E-03	 1.3603399805E-02	 3.1944010371E-05	 2.3683714438E-04
    36   2   6	 3.3067915593E-03	 1.3845016876E-02	 3.1944010371E-05	 6.6326315369E-04
    36   3   3	 5.7917766658E-03	 5.7917766658E-03	 3.0340932783E-05	 3.0340932783E-05
    36   3   4	 5.7917766658E-03	 7.6718962100E-03	 3.0340932783E-05	 8.9386856595E-07
    36   3   5	 5.7917766658E-03	 1.3603399805E-02	 3.0340932783E-05	 2.3683714438E-04
    36   3   6	 5.7917766658E-03	 1.3845016876E-02	 3.0340932783E-05	 6.6326315369E-04
    36   4   4	 7.6718962100E-03	 7.6718962100E-03	 8.9386856595E-07	 8.9386856595E-07
    36   4   5	 7.6718962100E-03	 1.3603399805E-02	 8.9386856595E-07	 2.3683714438E-04
    36   4   6	 7.6718962100E-03	 1.3845016876E-02	 8.9386856595E-07	 6.6326315369E-04
    36   5   5	 1.3603399805E-02	 1.3603399805E-02	 2.3683714438E-04	 2.3683714438E-04
    36   5   6	 1.3603399805E-02	 1.3845016876E-02	 2.3683714438E-04	 6.6326315369E-04
    36   6   6	 1.3845016876E-02	 1.3845016876E-02	 6.6326315369E-04	 6.6326315369E-04
    37   1   1	 1.8246118273E-03	 1.8246118273E-03	 2.3598276814E-09	 2.3598276814E-09
    37   1   2	 1.8246118273E-03	 3.7722395353E-03	 2.3598276814E-09	 4.0189706992E-05
    37   1   3	 1.8246118273E-03	 6.6019026530E-03	 2.3598276814E-09	 7.8571542471E-05
    37   1   4	 1.8246118273E-03	 7.4542921944E-03	 2.3598276814E-09	 8.8680981191E-07
    37   1   5	 1.8246118273E-03	 1.3553631767E-02	 2.3598276814E-09	 2.2377467681E-04
    37   1   6	 1.8246118273E-03	 1.3841133265E-02	 2.3598276814E-09	 6.1043941286E-04
    37   2   2	 3.7722395353E-03	 3.7722395353E-03	 4.0189706992E-05	 4.0189706992E-05
    37   2   3	 3.7722395353E-03	 6.6019026530E-03	 4.0189706992E-05	 7.8571542471E-05
    37   2   4	 3.7722395353E-03	 7.4542921944E-03	 4.0189706992E-05	 8.8680981191E-07
    37   2   5	 3.7722395353E-03	 1.3553631767E-02	 4.0189706992E-05	 2.2377467681E-04
    37   2   6	 3.7722395353E-03	 1.3841133265E-02	 4.0189706992E-05	 6.1043941286E-04
    37   3   3	 6.6019026530E-03	 6.6019026530E-03	 7.8571542471E-05	 7.8571542471E-05
    37   3   4	 6.6019026530E-03	 7.4542921944E-03	 7.8571542471E-05	 8.8680981191E-07
    37   3   5	 6.6019026530E-03	 1.3553631767E-02	 7.8571542471E-05	 2.2377467681E-04
    37   3   6	 6.6019026530E-03	 1.3841133265E-02	 7.8571542471E-05	 6.1043941286E-04
    37   4   4	 7.4542921944E-03	 7.4542921944E-03	 8.8680981191E-07	 8.8680981191E-07
    37   4   5	 7.4542921944E-03	 1.3553631767E-02	 8.8680981191E-07	 2.2377467681E-04
    37   4   6	 7.4542921944E-03	 1.3841133265E-02	 8.8680981191E-07	 6.1043941286E-04
    37   5   5	 1.3553631767E-02	 1.3553631767E-02	 2.2377467681E-04	 2.2377467681E-04
    37   5   6	 1.3553631767E-02	 1.3841133265E-02	 2.2377467681E-04	 6.1043941286E-04
    37   6   6	 1.3841133265E-02	 1.3841133265E-02	 6.1043941286E-04	 6.1043941286E-04
    38   1   1	 2.0714749084E-03	 2.0714749084E-03	 2.9052719887E-09	 2.9052719887E-09
    38   1   2	 2.0714749084E-03	 4.2146903178E-03	 2.9052719887E-09	 3.7713394165E-05
    38   1   3	 2.0714749084E-03	 7.2155637269E-03	 2.9052719887E-09	 7.8865701232E-07
    38   1   4	 2.0714749084E-03	 7.3887665180E-03	 2.9052719887E-09	 5.7187674482E-05
    38   1   5	 2.0714749084E-03	 1.3497411742E-02	 2.9052719887E-09	 2.1978928499E-04
    38   1   6	 2.0714749084E-03	 1.3816878528E-02	 2.9052719887E-09	 6.0408005967E-04
    38   2   2	 4.2146903178E-03	 4.2146903178E-03	 3.7713394165E-05	 3.7713394165E-05
    38   2   3	 4.2146903178E-03	 7.2155637269E-03	 3.7713394165E-05	 7.8865701232E-07
    38   2   4	 4.2146903178E-03	 7.3887665180E-03	 3.7713394165E-05	 5.7187674482E-05
    38   2   5	 4.2146903178E-03	 1.3497411742E-02	 3.7713394165E-05	 2.1978928499E-04
    38   2   6	 4.2146903178E-03	 1.3816878528E-02	 3.7713394165E-05	 6.0408005967E-04
    38   3   3	 7.2155637269E-03	 7.2155637269E-03	 7.8865701232E-07	 7.8865701232E-07
    38   3   4	 7.2155637269E-03	 7.3887665180E-03	 7.8865701232E-07	 5.7187674482E-05
    38   3   5	 7.2155637269E-03	 1.3497411742E-02	 7.8865701232E-07	 2.1978928499E-04
    38   3   6	 7.2155637269E-03	 1.3816878528E-02	 7.8865701232E-07	 6.0408005967E-04
    38   4   4	 7.3887665180E-03	 7.3887665180E-03	 5.7187674482E-05	 5.7187674482E-05
    38   4   5	 7.3887665180E-03	 1.3497411742E-02	 5.7187674482E-05	 2.1978928499E-04
    38   4   6	 7.3887665180E-03	 1.3816878528E-02	 5.7187674482E-05	 6.0408005967E-04
    38   5   5	 1.3497411742E-02	 1.3497411742E-02	 2.1978928499E-04	 2.1978928499E-04
    38   5   6	 1.3497411742E-02	 1.3816878528E-02	 2.1978928499E-04	 6.0408005967E-04
    38   6   6	 1.3816878528E-02	 1.3816878528E-02	 6.0408005967E-04	 6.0408005967E-04
    39   1   1	 2.3147612169E-03	 2.3147612169E-03	 3.4589804696E-09	 3.4589804696E-09
    39   1   2	 2.3147612169E-03	 4.6277106169E-03	 3.4589804696E-09	 2.4658122221E-05
    39   1   3	 2.3147612169E-03	 6.9611016696E-03	 3.4589804696E-09	 5.9447494406E-07
    39   1   4	 2.3147612169E-03	 8.1452773121E-03	 3.4589804696E-09	 1.3302108329E-04
    39   1   5	 2.3147612169E-03	 1.3435968785E-02	 3.4589804696E-09	 1.2437237778E-04
    39   1   6	 2.3147612169E-03	 1.3766196391E-02	 3.4589804696E-09	 5.2301822339E-04
    39   2   2	 4.6277106169E-03	 4.6277106169E-03	 2.4658122221E-05	 2.4658122221E-05
    39   2   3	 4.6277106169E-03	 6.9611016696E-03	 2.4658122221E-05	 5.9447494406E-07
    39   2   4	 4.6277106169E-03	 8.1452773121E-03	 2.4658122221E-05	 1.3302108329E-04
    39   2   5	 4.6277106169E-03	 1.3435968785E-02	 2.4658122221E-05	 1.2437237778E-04
    39   2   6	 4.6277106169E-03	 1.3766196391E-02	 2.4658122221E-05	 5.2301822339E-04
    39   3   3	 6.9611016696E-03	 6.9611016696E-03	 5.9447494406E-07	 5.9447494406E-07
    39   3   4	 6.9611016696E-03	 8.1452773121E-03	 5.9447494406E-07	 1.3302108329E-04
    39   3   5	 6.9611016696E-03	 1.3435968785E-02	 5.9447494406E-07	 1.2437237778E-04
    39   3   6	 6.9611016696E-03	 1.3766196391E-02	 5.9447494406E-07	 5.2301822339E-04
    39   4   4	 8.1452773121E-03	 8.1452773121E-03	 1.3302108329E-04	 1.3302108329E-04
    39   4   5	 8.1452773121E-03	 1.3435968785E-02	 1.3302108329E-04	 1.2437237778E-04
    39   4   6	 8.1452773121E-03	 1.3766196391E-02	 1.3302108329E-04	 5.2301822339E-04
    39   5   5	 1.3435968785E-02	 1.3435968785E-02	 1.2437237778E-04	 1.2437237778E-04
    39   5   6	 1.3435968785E-02	 1.3766196391E-02	 1.2437237778E-04	 5.2301822339E-04
    39   6   6	 1.3766196391E-02	 1.3766196391E-02	 5.2301822339E-04	 5.2301822339E-04
    40   1   1	 2.5533037130E-03	 2.5533037130E-03	 4.0042221850E-09	 4.0042221850E-09
    40   1   2	 2.5533037130E-03	 5.0049825704E-03	 4.0042221850E-09	 1.2023286336E-05
    40   1   3	 2.5533037130E-03	 6.6972387312E-03	 4.0042221850E-09	 5.0050008460E-07
    40   1   4	 2.5533037130E-03	 8.8655959492E-03	 4.0042221850E-09	 2.3698641077E-04
    40   1   5	 2.5533037130E-03	 1.3370836444E-02	 4.0042221850E-09	 1.4680525638E-04
    40   1   6	 2.5533037130E-03	 1.3683678125E-02	 4.0042221850E-09	 4.8108413239E-04
    40   2   2	 5.0049825704E-03	 5.0049825704E-03	 1.2023286336E-05	 1.2023286336E-05
    40   2   3	 5.0049825704E-03	 6.6972387312E-03	 1.2023286336E-05	 5.0050008460E-07
    40   2   4	 5.0049825704E-03	 8.8655959492E-03	 1.2023286336E-05	 2.3698641077E-04
    40   2   5	 5.0049825704E-03	 1.3370836444E-02	 1.2023286336E-05	 1.4680525638E-04
    40   2   6	 5.0049825704E-03	 1.3683678125E-02	 1.2023286336E-05	 4.8108413239E-04
    40   3   3	 6.6972387312E-03	 6.6972387312E-03	 5.0050008460E-07	 5.0050008460E-07
    40   3   4	 6.6972387312E-03	 8.8655959492E-03	 5.0050008460E-07	 2.3698641077E-04
    40   3   5	 6.6972387312E-03	 1.3370836444E-02	 5.0050008460E-07	 1.4680525638E-04
    40   3   6	 6.6972387312E-03	 1.3683678125E-02	 5.0050008460E-07	 4.8108413239E-04
    40   4   4	 8.8655959492E-03	 8.8655959492E-03	 2.3698641077E-04	 2.3698641077E-04
    40   4   5	 8.8655959492E-03	 1.3370836444E-02	 2.3698641077E-04	 1.4680525638E-04
    40   4   6	 8.8655959492E-03	 1.3683678125E-02	 2.3698641077E-04	 4.8108413239E-04
    40   5   5	 1.3370836444E-02	 1.3370836444E-02	 1.4680525638E-04	 1.4680525638E-04
    40   5   6	 1.3370836444E-02	 1.3683678125E-02	 1.4680525638E-04	 4.8108413239E-04
    40   6   6	 1.3683678125E-02	 1.3683678125E-02	 4.8108413239E-04	 4.8108413239E-04
    41   1   1	 2.7849579862E-03	 2.7849579862E-03	 4.5268720335E-09	 4.5268720335E-09
    41   1   2	 2.7849579862E-03	 5.3400836136E-03	 4.5268720335E-09	 6.7256999832E-06
    41   1   3	 2.7849579862E-03	 6.4315767879E-03	 4.5268720335E-09	 3.9519828805E-07
    41   1   4	 2.7849579862E-03	 9.5447850355E-03	 4.5268720335E-09	 3.9421632211E-04
    41   1   5	 2.7849579862E-03	 1.3303104348E-02	 4.5268720335E-09	 7.6637579341E-05
    41   1   6	 2.7849579862E-03	 1.3565552194E-02	 4.5268720335E-09	 5.5368035477E-04
    41   2   2	 5.3400836136E-03	 5.3400836136E-03	 6.7256999832E-06	 6.7256999832E-06
    41   2   3	 5.3400836136E-03	 6.4315767879E-03	 6.7256999832E-06	 3.9519828805E-07
    41   2   4	 5.3400836136E-03	 9.5447850355E-03	 6.7256999832E-06	 3.9421632211E-04
    41   2   5	 5.3400836136E-03	 1.3303104348E-02	 6.7256999832E-06	 7.6637579341E-05
    41   2   6	 5.3400836136E-03	 1.3565552194E-02	 6.7256999832E-06	 5.5368035477E-04
    41   3   3	 6.4315767879E-03	 6.4315767879E-03	 3.9519828805E-07	 3.9519828805E-07
    41   3   4	 6.4315767879E-03	 9.5447850355E-03	 3.9519828805E-07	 3.9421632211E-04
    41   3   5	 6.4315767879E-03	 1.3303104348E-02	 3.9519828805E-07	 7.6637579341E-05
    41   3   6	 6.4315767879E-03	 1.3565552194E-02	 3.9519828805E-07	 5.5368035477E-04
    41   4   4	 9.5447850355E-03	 9.5447850355E-03	 3.9421632211E-04	 3.9421632211E-04
    41   4   5	 9.5447850355E-03	 1.3303104348E-02	 3.9421632211E-04	 7.6637579341E-05
    41   4   6	 9.5447850355E-03	 1.3565552194E-02	 3.9421632211E-04	 5.5368035477E-04
    41   5   5	 1.3303104348E-02	 1.3303104348E-02	 7.6637579341E-05	 7.6637579341E-05
    41   5   6	 1.3303104348E-02	 1.3565552194E-02	 7.6637579341E-05	 5.5368035477E-04
    41   6   6	 1.3565552194E-02	 1.3565552194E-02	 5.5368035477E-04	 5.5368035477E-04
    42   1   1	 3.0056610400E-03	 3.0056610400E-03	 5.0153718122E-09	 5.0153718122E-09
    42   1   2	 3.0056610400E-03	 5.6264924369E-03	 5.0153718122E-09	 4.4178098472E-06
    42   1   3	 3.0056610400E-03	 6.1736523475E-03	 5.0153718122E-09	 3.4053191309E-07
    42   1   4	 3.0056610400E-03	 1.0178654714E-02	 5.0153718122E-09	 3.6124228395E-04
    42   1   5	 3.0056610400E-03	 1.3228902787E-02	 5.0153718122E-09	 1.3172776516E-04
    42   1   6	 3.0056610400E-03	 1.3414302059E-02	 5.0153718122E-09	 2.9700713915E-04
    42   2   2	 5.6264924369E-03	 5.6264924369E-03	 4.4178098472E-06	 4.4178098472E-06
    42   2   3	 5.6264924369E-03	 6.1736523475E-03	 4.4178098472E-06	 3.4053191309E-07
    42   2   4	 5.6264924369E-03	 1.0178654714E-02	 4.4178098472E-06	 3.6124228395E-04
    42   2   5	 5.6264924369E-03	 1.3228902787E-02	 4.4178098472E-06	 1.3172776516E-04
    42   2   6	 5.6264924369E-03	 1.3414302059E-02	 4.4178098472E-06	 2.9700713915E-04
    42   3   3	 6.1736523475E-03	 6.1736523475E-03	 3.4053191309E-07	 3.4053191309E-07
    42   3   4	 6.1736523475E-03	 1.0178654714E-02	 3.4053191309E-07	 3.6124228395E-04
    42   3   5	 6.1736523475E-03	 1.3228902787E-02	 3.4053191309E-07	 1.3172776516E-04
    42   3   6	 6.1736523475E-03	 1.3414302059E-02	 3.4053191309E-07	 2.9700713915E-04
    42   4   4	 1.0178654714E-02	 1.0178654714E-02	 3.6124228395E-04	 3.6124228395E-04
    42   4   5	 1.0178654714E-02	 1.3228902787E-02	 3.6124228395E-04	 1.3172776516E-04
    42   4   6	 1.0178654714E-02	 1.3414302059E-02	 3.6124228395E-04	 2.9700713915E-04
    42   5   5	 1.3228902787E-02	 1.3228902787E-02	 1.3172776516E-04	 1.3172776516E-04
    42   5   6	 1.3228902787E-02	 1.3414302059E-02	 1.3172776516E-04	 2.9700713915E-04
    42   6   6	 1.3414302059E-02	 1.3414302059E-02	 2.9700713915E-04	 2.9700713915E-04
    43   1   1	 3.2078733700E-03	 3.2078733700E-03	 5.4585462547E-09	 5.4585462547E-09
    43   1   2	 3.2078733700E-03	 5.8577899549E-03	 5.4585462547E-09	 3.5546684733E-06
    43   1   3	 3.2078733700E-03	 5.9361751467E-03	 5.4585462547E-09	 3.2079049727E-07
    43   1   4	 3.2078733700E-03	 1.0763697876E-02	 5.4585462547E-09	 1.7845004374E-04
    43   1   5	 3.2078733700E-03	 1.3109061145E-02	 5.4585462547E-09	 1.3476947508E-04
    43   1   6	 3.2078733700E-03	 1.3268936487E-02	 5.4585462547E-09	 6.5853933052E-05
    43   2   2	 5.8577899549E-03	 5.8577899549E-03	 3.5546684733E-06	 3.5546684733E-06
    43   2   3	 5.8577899549E-03	 5.9361751467E-03	 3.5546684733E-06	 3.2079049727E-07
    43   2   4	 5.8577899549E-03	 1.0763697876E-02	 3.5546684733E-06	 1.7845004374E-04
    43   2   5	 5.8577899549E-03	 1.3109061145E-02	 3.5546684733E-06	 1.3476947508E-04
    43   2   6	 5.8577899549E-03	 1.3268936487E-02	 3.5546684733E-06	 6.5853933052E-05
    43   3   3	 5.9361751467E-03	 5.9361751467E-03	 3.2079049727E-07	 3.2079049727E-07
    43   3   4	 5.9361751467E-03	 1.0763697876E-02	 3.2079049727E-07	 1.7845004374E-04
    43   3   5	 5.9361751467E-03	 1.3109061145E-02	 3.2079049727E-07	 1.3476947508E-04
    43   3   6	 5.9361751467E-03	 1.3268936487E-02	 3.2079049727E-07	 6.5853933052E-05
    43   4   4	 1.0763697876E-02	 1.0763697876E-02	 1.7845004374E-04	 1.7845004374E-04
    43   4   5	 1.0763697876E-02	 1.3109061145E-02	 1.7845004374E-04	 1.3476947508E-04
    43   4   6	 1.0763697876E-02	 1.3268936487E-02	 1.7845004374E-04	 6.5853933052E-05
    43   5   5	 1.3109061145E-02	 1.3109061145E-02	 1.3476947508E-04	 1.3476947508E-04
    43   5   6	 1.3109061145E-02	 1.3268936487E-02	 1.3476947508E-04	 6.5853933052E-05
    43   6   6	 1.3268936487E-02	 1.3268936487E-02	 6.5853933052E-05	 6.5853933052E-05
    44   1   1	 3.3783628682E-03	 3.3783628682E-03	 5.8379713039E-09	 5.8379713039E-09
    44   1   2	 3.3783628682E-03	 5.7368983076E-03	 5.8379713039E-09	 2.2382807543E-07
    44   1   3	 3.3783628682E-03	 6.0280504436E-03	 5.8379713039E-09	 3.2379162380E-06
    44   1   4	 3.3783628682E-03	 1.1297039461E-02	 5.8379713039E-09	 1.3326541010E-04
    44   1   5	 3.3783628682E-03	 1.2878887136E-02	 5.8379713039E-09	 1.4886350149E-04
    44   1   6	 3.3783628682E-03	 1.3194968207E-02	 5.8379713039E-09	 4.8734983742E-05
    44   2   2	 5.7368983076E-03	 5.7368983076E-03	 2.2382807543E-07	 2.2382807543E-07
    44   2   3	 5.7368983076E-03	 6.0280504436E-03	 2.2382807543E-07	 3.2379162380E-06
    44   2   4	 5.7368983076E-03	 1.1297039461E-02	 2.2382807543E-07	 1.3326541010E-04
    44   2   5	 5.7368983076E-03	 1.2878887136E-02	 2.2382807543E-07	 1.4886350149E-04
    44   2   6	 5.7368983076E-03	 1.3194968207E-02	 2.2382807543E-07	 4.8734983742E-05
    44   3   3	 6.0280504436E-03	 6.0280504436E-03	 3.2379162380E-06	 3.2379162380E-06
    44   3   4	 6.0280504436E-03	 1.1297039461E-02	 3.2379162380E-06	 1.3326541010E-04
    44   3   5	 6.0280504436E-03	 1.2878887136E-02	 3.2379162380E-06	 1.4886350149E-04
    44   3   6	 6.0280504436E-03	 1.3194968207E-02	 3.2379162380E-06	 4.8734983742E-05
    44   4   4	 1.1297039461E-02	 1.1297039461E-02	 1.3326541010E-04	 1.3326541010E-04
    44   4   5	 1.1297039461E-02	 1.2878887136E-02	 1.3326541010E-04	 1.4886350149E-04
    44   4   6	 1.1297039461E-02	 1.3194968207E-02	 1.3326541010E-04	 4.8734983742E-05
    44   5   5	 1.2878887136E-02	 1.2878887136E-02	 1.4886350149E-04	 1.4886350149E-04
    44   5   6	 1.2878887136E-02	 1.3194968207E-02	 1.4886350149E-04	 4.8734983742E-05
    44   6   6	 1.3194968207E-02	 1.3194968207E-02	 4.8734983742E-05	 4.8734983742E-05
    45   1   1	 3.4967298745E-03	 3.4967298745E-03	 6.1095865546E-09	 6.1095865546E-09
    45   1   2	 3.4967298745E-03	 5.5997532352E-03	 6.1095865546E-09	 1.6946913796E-07
    45   1   3	 3.4967298745E-03	 6.1323872298E-03	 6.1095865546E-09	 3.0704908487E-06
    45   1   4	 3.4967298745E-03	 1.1776175390E-02	 6.1095865546E-09	 1.0214215457E-04
    45   1   5	 3.4967298745E-03	 1.2571598666E-02	 6.1095865546E-09	 6.8184577006E-05
    45   1   6	 3.4967298745E-03	 1.3160792993E-02	 6.1095865546E-09	 4.2198981774E-05
    45   2   2	 5.5997532352E-03	 5.5997532352E-03	 1.6946913796E-07	 1.6946913796E-07
    45   2   3	 5.5997532352E-03	 6.1323872298E-03	 1.6946913796E-07	 3.0704908487E-06
    45   2   4	 5.5997532352E-03	 1.1776175390E-02	 1.6946913796E-07	 1.0214215457E-04
    45   2   5	 5.5997532352E-03	 1.2571598666E-02	 1.6946913796E-07	 6.8184577006E-05
    45   2   6	 5.5997532352E-03	 1.3160792993E-02	 1.6946913796E-07	 4.2198981774E-05
    45   3   3	 6.1323872298E-03	 6.1323872298E-03	 3.0704908487E-06	 3.0704908487E-06
    45   3   4	 6.1323872298E-03	 1.1776175390E-02	 3.0704908487E-06	 1.0214215457E-04
    45   3   5	 6.1323872298E-03	 1.2571598666E-02	 3.0704908487E-06	 6.8184577006E-05
    45   3   6	 6.1323872298E-03	 1.3160792993E-02	 3.0704908487E-06	 4.2198981774E-05
    45   4   4	 1.1776175390E-02	 1.1776175390E-02	 1.0214215457E-04	 1.0214215457E-04
    45   4   5	 1.1776175390E-02	 1.2571598666E-02	 1.0214215457E-04	 6.8184577006E-05
    45   4   6	 1.1776175390E-02	 1.3160792993E-02	 1.0214215457E-04	 4.2198981774E-05
    45   5   5	 1.2571598666E-02	 1.2571598666E-02	 6.8184577006E-05	 6.8184577006E-05
    45   5   6	 1.2571598666E-02	 1.3160792993E-02	 6.8184577006E-05	 4.2198981774E-05
    45   6   6	 1.3160792993E-02	 1.3160792993E-02	 4.2198981774E-05	 4.2198981774E-05
    46   1   1	 3.5398913698E-03	 3.5398913698E-03	 6.1922489930E-09	 6.1922489930E-09
    46   1   2	 3.5398913698E-03	 5.5500744394E-03	 6.1922489930E-09	 1.4984419540E-07
    46   1   3	 3.5398913698E-03	 6.1675477733E-03	 6.1922489930E-09	 2.9597609677E-06
    46   1   4	 3.5398913698E-03	 1.2168102575E-02	 6.1922489930E-09	 1.4465428306E-05
    46   1   5	 3.5398913698E-03	 1.2236345833E-02	 6.1922489930E-09	 1.4691564565E-04
    46   1   6	 3.5398913698E-03	 1.3150018258E-02	 6.1922489930E-09	 3.7220679565E-05
    46   2   2	 5.5500744394E-03	 5.5500744394E-03	 1.4984419540E-07	 1.4984419540E-07
    46   2   3	 5.5500744394E-03	 6.1675477733E-03	 1.4984419540E-07	 2.9597609677E-06
    46   2   4	 5.5500744394E-03	 1.2168102575E-02	 1.4984419540E-07	 1.4465428306E-05
    46   2   5	 5.5500744394E-03	 1.2236345833E-02	 1.4984419540E-07	 1.4691564565E-04
    46   2   6	 5.5500744394E-03	 1.3150018258E-02	 1.4984419540E-07	 3.7220679565E-05
    46   3   3	 6.1675477733E-03	 6.1675477733E-03	 2.9597609677E-06	 2.9597609677E-06
    46   3   4	 6.1675477733E-03	 1.2168102575E-02	 2.9597609677E-06	 1.4465428306E-05
    46   3   5	 6.1675477733E-03	 1.2236345833E-02	 2.9597609677E-06	 1.4691564565E-04
    46   3   6	 6.1675477733E-03	 1.3150018258E-02	 2.9597609677E-06	 3.7220679565E-05
    46   4   4	 1.2168102575E-02	 1.2168102575E-02	 1.4465428306E-05	 1.4465428306E-05
    46   4   5	 1.2168102575E-02	 1.2236345833E-02	 1.4465428306E-05	 1.4691564565E-04
    46   4   6	 1.2168102575E-02	 1.3150018258E-02	 1.4465428306E-05	 3.7220679565E-05
    46   5   5	 1.2236345833E-02	 1.2236345833E-02	 1.4691564565E-04	 1.4691564565E-04
    46   5   6	 1.2236345833E-02	 1.3150018258E-02	 1.4691564565E-04	 3.7220679565E-05
    46   6   6	 1.3150018258E-02	 1.3150018258E-02	 3.7220679565E-05	 3.7220679565E-05
    47   1   1	 1.2414836076E-03	 1.2414836076E-03	 1.2898732651E-09	 1.2898732651E-09
    47   1   2	 1.2414836076E-03	 2.8020411480E-03	 1.2898732651E-09	 1.5166468242E-05
    47   1   3	 1.2414836076E-03	 4.8988462693E-03	 1.2898732651E-09	 1.8743687966E-05
    47   1   4	 1.2414836076E-03	 7.8905254753E-03	 1.2898732651E-09	 7.7219170237E-07
    47   1   5	 1.2414836076E-03	 1.3653481355E-02	 1.2898732651E-09	 3.6522535524E-04
    47   1   6	 1.2414836076E-03	 1.3819273809E-02	 1.2898732651E-09	 4.6994186591E-04
    47   2   2	 2.8020411480E-03	 2.8020411480E-03	 1.5166468242E-05	 1.5166468242E-05
    47   2   3	 2.8020411480E-03	 4.8988462693E-03	 1.5166468242E-05	 1.8743687966E-05
    47   2   4	 2.8020411480E-03	 7.8905254753E-03	 1.5166468242E-05	 7.7219170237E-07
    47   2   5	 2.8020411480E-03	 1.3653481355E-02	 1.5166468242E-05	 3.6522535524E-04
    47   2   6	 2.8020411480E-03	 1.3819273809E-02	 1.5166468242E-05	 4.6994186591E-04
    47   3   3	 4.8988462693E-03	 4.8988462693E-03	 1.8743687966E-05	 1.8743687966E-05
    47   3   4	 4.8988462693E-03	 7.8905254753E-03	 1.8743687966E-05	 7.7219170237E-07
    47   3   5	 4.8988462693E-03	 1.3653481355E-02	 1.8743687966E-05	 3.6522535524E-04
    47   3   6	 4.8988462693E-03	 1.3819273809E-02	 1.8743687966E-05	 4.6994186591E-04
    47   4   4	 7.8905254753E-03	 7.8905254753E-03	 7.7219170237E-07	 7.7219170237E-07
    47   4   5	 7.8905254753E-03	 1.3653481355E-02	 7.7219170237E-07	 3.6522535524E-04
    47   4   6	 7.8905254753E-03	 1.3819273809E-02	 7.7219170237E-07	 4.6994186591E-04
    47   5   5	 1.3653481355E-02	 1.3653481355E-02	 3.6522535524E-04	 3.6522535524E-04
    47   5   6	 1.3653481355E-02	 1.3819273809E-02	 3.6522535524E-04	 4.6994186591E-04
    47   6   6	 1.3819273809E-02	 1.3819273809E-02	 4.6994186591E-04	 4.6994186591E-04
    48   1   1	 1.4926095102E-03	 1.4926095102E-03	 1.7006132393E-09	 1.7006132393E-09
    48   1   2	 1.4926095102E-03	 3.2803456051E-03	 1.7006132393E-09	 3.6078876747E-05
    48   1   3	 1.4926095102E-03	 5.6440569181E-03	 1.7006132393E-09	 2.4930335429E-05
    48   1   4	 1.4926095102E-03	 7.7138173773E-03	 1.7006132393E-09	 1.0363639897E-06
    48   1   5	 1.4926095102E-03	 1.3619567511E-02	 1.7006132393E-09	 3.3083540266E-04
    48   1   6	 1.4926095102E-03	 1.3827493516E-02	 1.7006132393E-09	 6.4626117260E-04
    48   2   2	 3.2803456051E-03	 3.2803456051E-03	 3.6078876747E-05	 3.6078876747E-05
    48   2   3	 3.2803456051E-03	 5.6440569181E-03	 3.6078876747E-05	 2.4930335429E-05
    48   2   4	 3.2803456051E-03	 7.7138173773E-03	 3.6078876747E-05	 1.0363639897E-06
    48   2   5	 3.2803456051E-03	 1.3619567511E-02	 3.6078876747E-05	 3.3083540266E-04
    48   2   6	 3.2803456051E-03	 1.3827493516E-02	 3.6078876747E-05	 6.4626117260E-04
    48   3   3	 5.6440569181E-03	 5.6440569181E-03	 2.4930335429E-05	 2.4930335429E-05
    48   3   4	 5.6440569181E-03	 7.7138173773E-03	 2.4930335429E-05	 1.0363639897E-06
    48   3   5	 5.6440569181E-03	 1.3619567511E-02	 2.4930335429E-05	 3.3083540266E-04
    48   3   6	 5.6440569181E-03	 1.3827493516E-02	 2.4930335429E-05	 6.4626117260E-04
    48   4   4	 7.7138173773E-03	 7.7138173773E-03	 1.0363639897E-06	 1.0363639897E-06
    48   4   5	 7.7138173773E-03	 1.3619567511E-02	 1.0363639897E-06	 3.3083540266E-04
    48   4   6	 7.7138173773E-03	 1.3827493516E-02	 1.0363639897E-06	 6.4626117260E-04
    48   5   5	 1.3619567511E-02	 1.3619567511E-02	 3.3083540266E-04	 3.3083540266E-04
    48   5   6	 1.3619567511E-02	 1.3827493516E-02	 3.3083540266E-04	 6.4626117260E-04
    48   6   6	 1.3827493516E-02	 1.3827493516E-02	 6.4626117260E-04	 6.4626117260E-04
    49   1   1	 1.7430020275E-03	 1.7430020275E-03	 2.1641001248E-09	 2.1641001248E-09
    49   1   2	 1.7430020275E-03	 3.7562789881E-03	 2.1641001248E-09	 6.3857817071E-05
    49   1   3	 1.7430020275E-03	 6.3951072647E-03	 2.1641001248E-09	 6.4545382703E-05
    49   1   4	 1.7430020275E-03	 7.5094502091E-03	 2.1641001248E-09	 8.3620188998E-07
    49   1   5	 1.7430020275E-03	 1.3578503237E-02	 2.1641001248E-09	 3.0596591031E-04
    49   1   6	 1.7430020275E-03	 1.3824351039E-02	 2.1641001248E-09	 5.6445106377E-04
    49   2   2	 3.7562789881E-03	 3.7562789881E-03	 6.3857817071E-05	 6.3857817071E-05
    49   2   3	 3.7562789881E-03	 6.3951072647E-03	 6.3857817071E-05	 6.4545382703E-05
    49   2   4	 3.7562789881E-03	 7.5094502091E-03	 6.3857817071E-05	 8.3620188998E-07
    49   2   5	 3.7562789881E-03	 1.3578503237E-02	 6.3857817071E-05	 3.0596591031E-04
    49   2   6	 3.7562789881E-03	 1.3824351039E-02	 6.3857817071E-05	 5.6445106377E-04
    49   3   3	 6.3951072647E-03	 6.3951072647E-03	 6.4545382703E-05	 6.4545382703E-05
    49   3   4	 6.3951072647E-03	 7.5094502091E-03	 6.4545382703E-05	 8.3620188998E-07
    49   3   5	 6.3951072647E-03	 1.3578503237E-02	 6.4545382703E-05	 3.0596591031E-04
    49   3   6	 6.3951072647E-03	 1.3824351039E-02	 6.4545382703E-05	 5.6445106377E-04
    49   4   4	 7.5094502091E-03	 7.5094502091E-03	 8.3620188998E-07	 8.3620188998E-07
    49   4   5	 7.5094502091E-03	 1.3578503237E-02	 8.3620188998E-07	 3.0596591031E-04
    49   4   6	 7.5094502091E-03	 1.3824351039E-02	 8.3620188998E-07	 5.6445106377E-04
    49   5   5	 1.3578503237E-02	 1.3578503237E-02	 3.0596591031E-04	 3.0596591031E-04
    49   5   6	 1.3578503237E-02	 1.3824351039E-02	 3.0596591031E-04	 5.6445106377E-04
    49   6   6	 1.3824351039E-02	 1.3824351039E-02	 5.6445106377E-04	 5.6445106377E-04
    50   1   1	 1.9913487707E-03	 1.9913487707E-03	 2.6642608677E-09	 2.6642608677E-09
    50   1   2	 1.9913487707E-03	 4.2168498520E-03	 2.6642608677E-09	 8.8819695152E-05
    50   1   3	 1.9913487707E-03	 7.1385925514E-03	 2.6642608677E-09	 6.7011705191E-05
    50   1   4	 1.9913487707E-03	 7.2816027846E-03	 2.6642608677E-09	 6.9146940739E-07
    50   1   5	 1.9913487707E-03	 1.3530592412E-02	 2.6642608677E-09	 2.1761596107E-04
    50   1   6	 1.9913487707E-03	 1.3804111390E-02	 2.6642608677E-09	 5.6061493764E-04
    50   2   2	 4.2168498520E-03	 4.2168498520E-03	 8.8819695152E-05	 8.8819695152E-05
    50   2   3	 4.2168498520E-03	 7.1385925514E-03	 8.8819695152E-05	 6.7011705191E-05
    50   2   4	 4.2168498520E-03	 7.2816027846E-03	 8.8819695152E-05	 6.9146940739E-07
    50   2   5	 4.2168498520E-03	 1.3530592412E-02	 8.8819695152E-05	 2.1761596107E-04
    50   2   6	 4.2168498520E-03	 1.3804111390E-02	 8.8819695152E-05	 5.6061493764E-04
    50   3   3	 7.1385925514E-03	 7.1385925514E-03	 6.7011705191E-05	 6.7011705191E-05
    50   3   4	 7.1385925514E-03	 7.2816027846E-03	 6.7011705191E-05	 6.9146940739E-07
    50   3   5	 7.1385925514E-03	 1.3530592412E-02	 6.7011705191E-05	 2.1761596107E-04
    50   3   6	 7.1385925514E-03	 1.3804111390E-02	 6.7011705191E-05	 5.6061493764E-04
    50   4   4	 7.2816027846E-03	 7.2816027846E-03	 6.9146940739E-07	 6.9146940739E-07
    50   4   5	 7.2816027846E-03	 1.3530592412E-02	 6.9146940739E-07	 2.1761596107E-04
    50   4   6	 7.2816027846E-03	 1.3804111390E-02	 6.9146940739E-07	 5.6061493764E-04
    50   5   5	 1.3530592412E-02	 1.3530592412E-02	 2.1761596107E-04	 2.1761596107E-04
    50   5   6	 1.3530592412E-02	 1.3804111390E-02	 2.1761596107E-04	 5.6061493764E-04
    50   6   6	 1.3804111390E-02	 1.3804111390E-02	 5.6061493764E-04	 5.6061493764E-04
    51   1   1	 2.2367128076E-03	 2.2367128076E-03	 3.1837013268E-09	 3.1837013268E-09
    51   1   2	 2.2367128076E-03	 4.6526713825E-03	 3.1837013268E-09	 9.2975097316E-05
    51   1   3	 2.2367128076E-03	 7.0351816087E-03	 3.1837013268E-09	 7.5531622277E-07
    51   1   4	 2.2367128076E-03	 7.8644767335E-03	 3.1837013268E-09	 1.0853336601E-04
    51   1   5	 2.2367128076E-03	 1.3476357931E-02	 3.1837013268E-09	 1.7122124150E-04
    51   1   6	 2.2367128076E-03	 1.3761218638E-02	 3.1837013268E-09	 4.9906674295E-04
    51   2   2	 4.6526713825E-03	 4.6526713825E-03	 9.2975097316E-05	 9.2975097316E-05
    51   2   3	 4.6526713825E-03	 7.0351816087E-03	 9.2975097316E-05	 7.5531622277E-07
    51   2   4	 4.6526713825E-03	 7.8644767335E-03	 9.2975097316E-05	 1.0853336601E-04
    51   2   5	 4.6526713825E-03	 1.3476357931E-02	 9.2975097316E-05	 1.7122124150E-04
    51   2   6	 4.6526713825E-03	 1.3761218638E-02	 9.2975097316E-05	 4.9906674295E-04
    51   3   3	 7.0351816087E-03	 7.0351816087E-03	 7.5531622277E-07	 7.5531622277E-07
    51   3   4	 7.0351816087E-03	 7.8644767335E-03	 7.5531622277E-07	 1.0853336601E-04
    51   3   5	 7.0351816087E-03	 1.3476357931E-02	 7.5531622277E-07	 1.7122124150E-04
    51   3   6	 7.0351816087E-03	 1.3761218638E-02	 7.5531622277E-07	 4.9906674295E-04
    51   4   4	 7.8644767335E-03	 7.8644767335E-03	 1.0853336601E-04	 1.0853336601E-04
    51   4   5	 7.8644767335E-03	 1.3476357931E-02	 1.0853336601E-04	 1.7122124150E-04
    51   4   6	 7.8644767335E-03	 1.3761218638E-02	 1.0853336601E-04	 4.9906674295E-04
    51   5   5	 1.3476357931E-02	 1.3476357931E-02	 1.7122124150E-04	 1.7122124150E-04
    51   5   6	 1.3476357931E-02	 1.3761218638E-02	 1.7122124150E-04	 4.9906674295E-04
    51   6   6	 1.3761218638E-02	 1.3761218638E-02	 4.9906674295E-04	 4.9906674295E-04
    52   1   1	 2.4781095074E-03	 2.4781095074E-03	 3.7053654978E-09	 3.7053654978E-09
    52   1   2	 2.4781095074E-03	 5.0559738391E-03	 3.7053654978E-09	 6.4565196384E-05
    52   1   3	 2.4781095074E-03	 6.7759094038E-03	 3.7053654978E-09	 5.6174451791E-07
    52   1   4	 2.4781095074E-03	 8.5648089596E-03	 3.7053654978E-09	 1.7100175624E-04
    52   1   5	 2.4781095074E-03	 1.3416303757E-02	 3.7053654978E-09	 1.1667998815E-04
    52   1   6	 2.4781095074E-03	 1.3690908089E-02	 3.7053654978E-09	 4.7007891186E-04
    52   2   2	 5.0559738391E-03	 5.0559738391E-03	 6.4565196384E-05	 6.4565196384E-05
    52   2   3	 5.0559738391E-03	 6.7759094038E-03	 6.4565196384E-05	 5.6174451791E-07
    52   2   4	 5.0559738391E-03	 8.5648089596E-03	 6.4565196384E-05	 1.7100175624E-04
    52   2   5	 5.0559738391E-03	 1.3416303757E-02	 6.4565196384E-05	 1.1667998815E-04
    52   2   6	 5.0559738391E-03	 1.3690908089E-02	 6.4565196384E-05	 4.7007891186E-04
    52   3   3	 6.7759094038E-03	 6.7759094038E-03	 5.6174451791E-07	 5.6174451791E-07
    52   3   4	 6.7759094038E-03	 8.5648089596E-03	 5.6174451791E-07	 1.7100175624E-04
    52   3   5	 6.7759094038E-03	 1.3416303757E-02	 5.6174451791E-07	 1.1667998815E-04
    52   3   6	 6.7759094038E-03	 1.3690908089E-02	 5.6174451791E-07	 4.7007891186E-04
    52   4   4	 8.5648089596E-03	 8.5648089596E-03	 1.7100175624E-04	 1.7100175624E-04
    52   4   5	 8.5648089596E-03	 1.3416303757E-02	 1.7100175624E-04	 1.1667998815E-04
    52   4   6	 8.5648089596E-03	 1.3690908089E-02	 1.7100175624E-04	 4.7007891186E-04
    52   5   5	 1.3416303757E-02	 1.3416303757E-02	 1.1667998815E-04	 1.1667998815E-04
    52   5   6	 1.3416303757E-02	 1.3690908089E-02	 1.1667998815E-04	 4.7007891186E-04
    52   6   6	 1.3690908089E-02	 1.3690908089E-02	 4.7007891186E-04	 4.7007891186E-04
    53   1   1	 2.7140273387E-03	 2.7140273387E-03	 4.2139679224E-09	 4.2139679224E-09
    53   1   2	 2.7140273387E-03	 5.4196577069E-03	 4.2139679224E-09	 2.8674887518E-05
    53   1   3	 2.7140273387E-03	 6.5105351096E-03	 4.2139679224E-09	 3.7512777060E-07
    53   1   4	 2.7140273387E-03	 9.2330583809E-03	 4.2139679224E-09	 2.7663244513E-04
    53   1   5	 2.7140273387E-03	 1.3349735911E-02	 4.2139679224E-09	 1.4153743062E-04
    53   1   6	 2.7140273387E-03	 1.3590684597E-02	 4.2139679224E-09	 4.3430025508E-04
    53   2   2	 5.4196577069E-03	 5.4196577069E-03	 2.8674887518E-05	 2.8674887518E-05
    53   2   3	 5.4196577069E-03	 6.5105351096E-03	 2.8674887518E-05	 3.7512777060E-07
    53   2   4	 5.4196577069E-03	 9.2330583809E-03	 2.8674887518E-05	 2.7663244513E-04
    53   2   5	 5.4196577069E-03	 1.3349735911E-02	 2.8674887518E-05	 1.4153743062E-04
    53   2   6	 5.4196577069E-03	 1.3590684597E-02	 2.8674887518E-05	 4.3430025508E-04
    53   3   3	 6.5105351096E-03	 6.5105351096E-03	 3.7512777060E-07	 3.7512777060E-07
    53   3   4	 6.5105351096E-03	 9.2330583809E-03	 3.7512777060E-07	 2.7663244513E-04
    53   3   5	 6.5105351096E-03	 1.3349735911E-02	 3.7512777060E-07	 1.4153743062E-04
    53   3   6	 6.5105351096E-03	 1.3590684597E-02	 3.7512777060E-07	 4.3430025508E-04
    53   4   4	 9.2330583809E-03	 9.2330583809E-03	 2.7663244513E-04	 2.7663244513E-04
    53   4   5	 9.2330583809E-03	 1.3349735911E-02	 2.7663244513E-04	 1.4153743062E-04
    53   4   6	 9.2330583809E-03	 1.3590684597E-02	 2.7663244513E-04	 4.3430025508E-04
    53   5   5	 1.3349735911E-02	 1.3349735911E-02	 1.4153743062E-04	 1.4153743062E-04
    53   5   6	 1.3349735911E-02	 1.3590684597E-02	 1.4153743062E-04	 4.3430025508E-04
    53   6   6	 1.3590684597E-02	 1.3590684597E-02	 4.3430025508E-04	 4.3430025508E-04
    54   1   1	 2.9416889552E-03	 2.9416889552E-03	 4.6968111721E-09	 4.6968111721E-09
    54   1   2	 2.9416889552E-03	 5.7368878493E-03	 4.6968111721E-09	 1.1756685135E-05
    54   1   3	 2.9416889552E-03	 6.2472926742E-03	 4.6968111721E-09	 3.7384733043E-07
    54   1   4	 2.9416889552E-03	 9.8637653042E-03	 4.6968111721E-09	 6.2094488530E-04
    54   1   5	 2.9416889552E-03	 1.3269341631E-02	 4.6968111721E-09	 1.9409115045E-04
    54   1   6	 2.9416889552E-03	 1.3465929925E-02	 4.6968111721E-09	 3.4190240416E-04
    54   2   2	 5.7368878493E-03	 5.7368878493E-03	 1.1756685135E-05	 1.1756685135E-05
    54   2   3	 5.7368878493E-03	 6.2472926742E-03	 1.1756685135E-05	 3.7384733043E-07
    54   2   4	 5.7368878493E-03	 9.8637653042E-03	 1.1756685135E-05	 6.2094488530E-04
    54   2   5	 5.7368878493E-03	 1.3269341631E-02	 1.1756685135E-05	 1.9409115045E-04
    54   2   6	 5.7368878493E-03	 1.3465929925E-02	 1.1756685135E-05	 3.4190240416E-04
    54   3   3	 6.2472926742E-03	 6.2472926742E-03	 3.7384733043E-07	 3.7384733043E-07
    54   3   4	 6.2472926742E-03	 9.8637653042E-03	 3.7384733043E-07	 6.2094488530E-04
    54   3   5	 6.2472926742E-03	 1.3269341631E-02	 3.7384733043E-07	 1.9409115045E-04
    54   3   6	 6.2472926742E-03	 1.3465929925E-02	 3.7384733043E-07	 3.4190240416E-04
    54   4   4	 9.8637653042E-03	 9.8637653042E-03	 6.2094488530E-04	 6.2094488530E-04
    54   4   5	 9.8637653042E-03	 1.3269341631E-02	 6.2094488530E-04	 1.9409115045E-04
    54   4   6	 9.8637653042E-03	 1.3465929925E-02	 6.2094488530E-04	 3.4190240416E-04
    54   5   5	 1.3269341631E-02	 1.3269341631E-02	 1.9409115045E-04	 1.9409115045E-04
    54   5   6	 1.3269341631E-02	 1.3465929925E-02	 1.9409115045E-04	 3.4190240416E-04
    54   6   6	 1.3465929925E-02	 1.3465929925E-02	 3.4190240416E-04	 3.4190240416E-04
    55   1   1	 3.1557989757E-03	 3.1557989757E-03	 5.1433414903E-09	 5.1433414903E-09
    55   1   2	 3.1557989757E-03	 5.9968367932E-03	 5.1433414903E-09	 3.1121642418E-07
    55   1   3	 3.1557989757E-03	 6.0010248478E-03	 5.1433414903E-09	 6.5936060409E-06
    55   1   4	 3.1557989757E-03	 1.0452357929E-02	 5.1433414903E-09	 2.4938905077E-04
    55   1   5	 3.1557989757E-03	 1.3143602256E-02	 5.1433414903E-09	 1.8299495088E-04
    55   1   6	 3.1557989757E-03	 1.3347524301E-02	 5.1433414903E-09	 1.1518376709E-04
    55   2   2	 5.9968367932E-03	 5.9968367932E-03	 3.1121642418E-07	 3.1121642418E-07
    55   2   3	 5.9968367932E-03	 6.0010248478E-03	 3.1121642418E-07	 6.5936060409E-06
    55   2   4	 5.9968367932E-03	 1.0452357929E-02	 3.1121642418E-07	 2.4938905077E-04
    55   2   5	 5.9968367932E-03	 1.3143602256E-02	 3.1121642418E-07	 1.8299495088E-04
    55   2   6	 5.9968367932E-03	 1.3347524301E-02	 3.1121642418E-07	 1.1518376709E-04
    55   3   3	 6.0010248478E-03	 6.0010248478E-03	 6.5936060409E-06	 6.5936060409E-06
    55   3   4	 6.0010248478E-03	 1.0452357929E-02	 6.5936060409E-06	 2.4938905077E-04
    55   3   5	 6.0010248478E-03	 1.3143602256E-02	 6.5936060409E-06	 1.8299495088E-04
    55   3   6	 6.0010248478E-03	 1.3347524301E-02	 6.5936060409E-06	 1.1518376709E-04
    55   4   4	 1.0452357929E-02	 1.0452357929E-02	 2.4938905077E-04	 2.4938905077E-04
    55   4   5	 1.0452357929E-02	 1.3143602256E-02	 2.4938905077E-04	 1.8299495088E-04
    55   4   6	 1.0452357929E-02	 1.3347524301E-02	 2.4938905077E-04	 1.1518376709E-04
    55   5   5	 1.3143602256E-02	 1.3143602256E-02	 1.8299495088E-04	 1.8299495088E-04
    55   5   6	 1.3143602256E-02	 1.3347524301E-02	 1.8299495088E-04	 1.1518376709E-04
    55   6   6	 1.3347524301E-02	 1.3347524301E-02	 1.1518376709E-04	 1.1518376709E-04
    56   1   1	 3.3464904171E-03	 3.3464904171E-03	 5.5414875378E-09	 5.5414875378E-09
    56   1   2	 3.3464904171E-03	 5.7739456310E-03	 5.5414875378E-09	 2.3294355767E-07
    56   1   3	 3.3464904171E-03	 6.2058187921E-03	 5.5414875378E-09	 4.6851013173E-06
    56   1   4	 3.3464904171E-03	 1.0995043863E-02	 5.5414875378E-09	 1.5633930677E-04
    56   1   5	 3.3464904171E-03	 1.2936525419E-02	 5.5414875378E-09	 1.3487187099E-04
    56   1   6	 3.3464904171E-03	 1.3271973520E-02	 5.5414875378E-09	 8.3410287448E-05
    56   2   2	 5.7739456310E-03	 5.7739456310E-03	 2.3294355767E-07	 2.3294355767E-07
    56   2   3	 5.7739456310E-03	 6.2058187921E-03	 2.3294355767E-07	 4.6851013173E-06
    56   2   4	 5.7739456310E-03	 1.0995043863E-02	 2.3294355767E-07	 1.5633930677E-04
    56   2   5	 5.7739456310E-03	 1.2936525419E-02	 2.3294355767E-07	 1.3487187099E-04
    56   2   6	 5.7739456310E-03	 1.3271973520E-02	 2.3294355767E-07	 8.3410287448E-05
    56   3   3	 6.2058187921E-03	 6.2058187921E-03	 4.6851013173E-06	 4.6851013173E-06
    56   3   4	 6.2058187921E-03	 1.0995043863E-02	 4.6851013173E-06	 1.5633930677E-04
    56   3   5	 6.2058187921E-03	 1.2936525419E-02	 4.6851013173E-06	 1.3487187099E-04
    56   3   6	 6.2058187921E-03	 1.3271973520E-02	 4.6851013173E-06	 8.3410287448E-05
    56   4   4	 1.0995043863E-02	 1.0995043863E-02	 1.5633930677E-04	 1.5633930677E-04
    56   4   5	 1.0995043863E-02	 1.2936525419E-02	 1.5633930677E-04	 1.3487187099E-04
    56   4   6	 1.0995043863E-02	 1.3271973520E-02	 1.5633930677E-04	 8.3410287448E-05
    56   5   5	 1.2936525419E-02	 1.2936525419E-02	 1.3487187099E-04	 1.3487187099E-04
    56   5   6	 1.2936525419E-02	 1.3271973520E-02	 1.3487187099E-04	 8.3410287448E-05
    56   6   6	 1.3271973520E-02	 1.3271973520E-02	 8.3410287448E-05	 8.3410287448E-05
    57   1   1	 3.4967298745E-03	 3.4967298745E-03	 5.8655807815E-09	 5.8655807815E-09
    57   1   2	 3.4967298745E-03	 5.5997532352E-03	 5.8655807815E-09	 1.6258929524E-07
    57   1   3	 3.4967298745E-03	 6.3458207724E-03	 5.8655807815E-09	 3.9249745611E-06
    57   1   4	 3.4967298745E-03	 1.1488659942E-02	 5.8655807815E-09	 1.3088170045E-04
    57   1   5	 3.4967298745E-03	 1.2659664319E-02	 5.8655807815E-09	 8.7816964870E-05
    57   1   6	 3.4967298745E-03	 1.3229141921E-02	 5.8655807815E-09	 8.4660960984E-05
    57   2   2	 5.5997532352E-03	 5.5997532352E-03	 1.6258929524E-07	 1.6258929524E-07
    57   2   3	 5.5997532352E-03	 6.3458207724E-03	 1.6258929524E-07	 3.9249745611E-06
    57   2   4	 5.5997532352E-03	 1.1488659942E-02	 1.6258929524E-07	 1.3088170045E-04
    57   2   5	 5.5997532352E-03	 1.2659664319E-02	 1.6258929524E-07	 8.7816964870E-05
    57   2   6	 5.5997532352E-03	 1.3229141921E-02	 1.6258929524E-07	 8.4660960984E-05
    57   3   3	 6.3458207724E-03	 6.3458207724E-03	 3.9249745611E-06	 3.9249745611E-06
    57   3   4	 6.3458207724E-03	 1.1488659942E-02	 3.9249745611E-06	 1.3088170045E-04
    57   3   5	 6.3458207724E-03	 1.2659664319E-02	 3.9249745611E-06	 8.7816964870E-05
    57   3   6	 6.3458207724E-03	 1.3229141921E-02	 3.9249745611E-06	 8.4660960984E-05
    57   4   4	 1.1488659942E-02	 1.1488659942E-02	 1.3088170045E-04	 1.3088170045E-04
    57   4   5	 1.1488659942E-02	 1.2659664319E-02	 1.3088170045E-04	 8.7816964870E-05
    57   4   6	 1.1488659942E-02	 1.3229141921E-02	 1.3088170045E-04	 8.4660960984E-05
    57   5   5	 1.2659664319E-02	 1.2659664319E-02	 8.7816964870E-05	 8.7816964870E-05
    57   5   6	 1.2659664319E-02	 1.3229141921E-02	 8.7816964870E-05	 8.4660960984E-05
    57   6   6	 1.3229141921E-02	 1.3229141921E-02	 8.4660960984E-05	 8.4660960984E-05
    58   1   1	 3.5823399333E-03	 3.5823399333E-03	 6.0528867364E-09	 6.0528867364E-09
    58   1   2	 3.5823399333E-03	 5.5013921481E-03	 6.0528867364E-09	 1.3066495344E-07
    58   1   3	 3.5823399333E-03	 6.4169304685E-03	 6.0528867364E-09	 3.5707749927E-06
    58   1   4	 3.5823399333E-03	 1.1929345242E-02	 6.0528867364E-09	 1.0353433573E-04
    58   1   5	 3.5823399333E-03	 1.2326413581E-02	 6.0528867364E-09	 1.1788363534E-04
    58   1   6	 3.5823399333E-03	 1.3208771305E-02	 6.0528867364E-09	 7.3781339066E-05
    58   2   2	 5.5013921481E-03	 5.5013921481E-03	 1.3066495344E-07	 1.3066495344E-07
    58   2   3	 5.5013921481E-03	 6.4169304685E-03	 1.3066495344E-07	 3.5707749927E-06
    58   2   4	 5.5013921481E-03	 1.1929345242E-02	 1.3066495344E-07	 1.0353433573E-04
    58   2   5	 5.5013921481E-03	 1.2326413581E-02	 1.3066495344E-07	 1.1788363534E-04
    58   2   6	 5.5013921481E-03	 1.3208771305E-02	 1.3066495344E-07	 7.3781339066E-05
    58   3   3	 6.4169304685E-03	 6.4169304685E-03	 3.5707749927E-06	 3.5707749927E-06
    58   3   4	 6.4169304685E-03	 1.1929345242E-02	 3.5707749927E-06	 1.0353433573E-04
    58   3   5	 6.4169304685E-03	 1.2326413581E-02	 3.5707749927E-06	 1.1788363534E-04
    58   3   6	 6.4169304685E-03	 1.3208771305E-02	 3.5707749927E-06	 7.3781339066E-05
    58   4   4	 1.1929345242E-02	 1.1929345242E-02	 1.0353433573E-04	 1.0353433573E-04
    58   4   5	 1.1929345242E-02	 1.2326413581E-02	 1.0353433573E-04	 1.1788363534E-04
    58   4   6	 1.1929345242E-02	 1.3208771305E-02	 1.0353433573E-04	 7.3781339066E-05
    58   5   5	 1.2326413581E-02	 1.2326413581E-02	 1.1788363534E-04	 1.1788363534E-04
    58   5   6	 1.2326413581E-02	 1.3208771305E-02	 1.1788363534E-04	 7.3781339066E-05
    58   6   6	 1.3208771305E-02	 1.3208771305E-02	 7.3781339066E-05	 7.3781339066E-05
    59   1   1	 1.6790869785E-03	 1.6790869785E-03	 2.0496005684E-09	 2.0496005684E-09
    59   1   2	 1.6790869785E-03	 3.7553840123E-03	 2.0496005684E-09	 5.0302797165E-05
    59   1   3	 1.6790869785E-03	 6.3406809364E-03	 2.0496005684E-09	 4.7299858304E-05
    59   1   4	 1.6790869785E-03	 7.5359769637E-03	 2.0496005684E-09	 7.4344238051E-07
    59   1   5	 1.6790869785E-03	 1.3589586235E-02	 2.0496005684E-09	 3.5176468148E-04
    59   1   6	 1.6790869785E-03	 1.3807043268E-02	 2.0496005684E-09	 4.6646947700E-04
    59   2   2	 3.7553840123E-03	 3.7553840123E-03	 5.0302797165E-05	 5.0302797165E-05
    59   2   3	 3.7553840123E-03	 6.3406809364E-03	 5.0302797165E-05	 4.7299858304E-05
    59   2   4	 3.7553840123E-03	 7.5359769637E-03	 5.0302797165E-05	 7.4344238051E-07
    59   2   5	 3.7553840123E-03	 1.3589586235E-02	 5.0302797165E-05	 3.5176468148E-04
    59   2   6	 3.7553840123E-03	 1.3807043268E-02	 5.0302797165E-05	 4.6646947700E-04
    59   3   3	 6.3406809364E-03	 6.3406809364E-03	 4.7299858304E-05	 4.7299858304E-05
    59   3   4	 6.3406809364E-03	 7.5359769637E-03	 4.7299858304E-05	 7.4344238051E-07
    59   3   5	 6.3406809364E-03	 1.3589586235E-02	 4.7299858304E-05	 3.5176468148E-04
    59   3   6	 6.3406809364E-03	 1.3807043268E-02	 4.7299858304E-05	 4.6646947700E-04
    59   4   4	 7.5359769637E-03	 7.5359769637E-03	 7.4344238051E-07	 7.4344238051E-07
    59   4   5	 7.5359769637E-03	 1.3589586235E-02	 7.4344238051E-07	 3.5176468148E-04
    59   4   6	 7.5359769637E-03	 1.3807043268E-02	 7.4344238051E-07	 4.6646947700E-04
    59   5   5	 1.3589586235E-02	 1.3589586235E-02	 3.5176468148E-04	 3.5176468148E-04
    59   5   6	 1.3589586235E-02	 1.3807043268E-02	 3.5176468148E-04	 4.6646947700E-04
    59   6   6	 1.3807043268E-02	 1.3807043268E-02	 4.6646947700E-04	 4.6646947700E-04
    60   1   1	 1.9279684727E-03	 1.9279684727E-03	 2.4908363821E-09	 2.4908363821E-09
    60   1   2	 1.9279684727E-03	 4.2325198689E-03	 2.4908363821E-09	 9.4442753226E-05
    60   1   3	 1.9279684727E-03	 7.0119890412E-03	 2.4908363821E-09	 5.1075575355E-05
    60   1   4	 1.9279684727E-03	 7.3206732120E-03	 2.4908363821E-09	 7.8727120945E-07
    60   1   5	 1.9279684727E-03	 1.3552928826E-02	 2.4908363821E-09	 2.7876302949E-04
    60   1   6	 1.9279684727E-03	 1.3785556421E-02	 2.4908363821E-09	 4.7601205689E-04
    60   2   2	 4.2325198689E-03	 4.2325198689E-03	 9.4442753226E-05	 9.4442753226E-05
    60   2   3	 4.2325198689E-03	 7.0119890412E-03	 9.4442753226E-05	 5.1075575355E-05
    60   2   4	 4.2325198689E-03	 7.3206732120E-03	 9.4442753226E-05	 7.8727120945E-07
    60   2   5	 4.2325198689E-03	 1.3552928826E-02	 9.4442753226E-05	 2.7876302949E-04
    60   2   6	 4.2325198689E-03	 1.3785556421E-02	 9.4442753226E-05	 4.7601205689E-04
    60   3   3	 7.0119890412E-03	 7.0119890412E-03	 5.1075575355E-05	 5.1075575355E-05
    60   3   4	 7.0119890412E-03	 7.3206732120E-03	 5.1075575355E-05	 7.8727120945E-07
    60   3   5	 7.0119890412E-03	 1.3552928826E-02	 5.1075575355E-05	 2.7876302949E-04
    60   3   6	 7.0119890412E-03	 1.3785556421E-02	 5.1075575355E-05	 4.7601205689E-04
    60   4   4	 7.3206732120E-03	 7.3206732120E-03	 7.8727120945E-07	 7.8727120945E-07
    60   4   5	 7.3206732120E-03	 1.3552928826E-02	 7.8727120945E-07	 2.7876302949E-04
    60   4   6	 7.3206732120E-03	 1.3785556421E-02	 7.8727120945E-07	 4.7601205689E-04
    60   5   5	 1.3552928826E-02	 1.3552928826E-02	 2.7876302949E-04	 2.7876302949E-04
    60   5   6	 1.3552928826E-02	 1.3785556421E-02	 2.7876302949E-04	 4.7601205689E-04
    60   6   6	 1.3785556421E-02	 1.3785556421E-02	 4.7601205689E-04	 4.7601205689E-04
    61   1   1	 2.1747465705E-03	 2.1747465705E-03	 2.9603940774E-09	 2.9603940774E-09
    61   1   2	 2.1747465705E-03	 4.6952677363E-03	 2.9603940774E-09	 1.4354596841E-04
    61   1   3	 2.1747465705E-03	 7.0842694930E-03	 2.9603940774E-09	 8.3849450609E-07
    61   1   4	 2.1747465705E-03	 7.6792893429E-03	 2.9603940774E-09	 1.1233979376E-04
    61   1   5	 2.1747465705E-03	 1.3509754708E-02	 2.9603940774E-09	 1.8980490676E-04
    61   1   6	 2.1747465705E-03	 1.3744434625E-02	 2.9603940774E-09	 4.7224334515E-04
    61   2   2	 4.6952677363E-03	 4.6952677363E-03	 1.4354596841E-04	 1.4354596841E-04
    61   2   3	 4.6952677363E-03	 7.0842694930E-03	 1.4354596841E-04	 8.3849450609E-07
    61   2   4	 4.6952677363E-03	 7.6792893429E-03	 1.4354596841E-04	 1.1233979376E-04
    61   2   5	 4.6952677363E-03	 1.3509754708E-02	 1.4354596841E-04	 1.8980490676E-04
    61   2   6	 4.6952677363E-03	 1.3744434625E-02	 1.4354596841E-04	 4.7224334515E-04
    61   3   3	 7.0842694930E-03	 7.0842694930E-03	 8.3849450609E-07	 8.3849450609E-07
    61   3   4	 7.0842694930E-03	 7.6792893429E-03	 8.3849450609E-07	 1.1233979376E-04
    61   3   5	 7.0842694930E-03	 1.3509754708E-02	 8.3849450609E-07	 1.8980490676E-04
    61   3   6	 7.0842694930E-03	 1.3744434625E-02	 8.3849450609E-07	 4.7224334515E-04
    61   4   4	 7.6792893429E-03	 7.6792893429E-03	 1.1233979376E-04	 1.1233979376E-04
    61   4   5	 7.6792893429E-03	 1.3509754708E-02	 1.1233979376E-04	 1.8980490676E-04
    61   4   6	 7.6792893429E-03	 1.3744434625E-02	 1.1233979376E-04	 4.7224334515E-04
    61   5   5	 1.3509754708E-02	 1.3509754708E-02	 1.8980490676E-04	 1.8980490676E-04
    61   5   6	 1.3509754708E-02	 1.3744434625E-02	 1.8980490676E-04	 4.7224334515E-04
    61   6   6	 1.3744434625E-02	 1.3744434625E-02	 4.7224334515E-04	 4.7224334515E-04
    62   1   1	 2.4182923850E-03	 2.4182923850E-03	 3.4425952891E-09	 3.4425952891E-09
    62   1   2	 2.4182923850E-03	 5.1312917949E-03	 3.4425952891E-09	 1.7229558613E-04
    62   1   3	 2.4182923850E-03	 6.8319350863E-03	 3.4425952891E-09	 4.8157011113E-07
    62   1   4	 2.4182923850E-03	 8.3337139148E-03	 3.4425952891E-09	 1.1853594090E-04
    62   1   5	 2.4182923850E-03	 1.3459226264E-02	 3.4425952891E-09	 1.4062106783E-04
    62   1   6	 2.4182923850E-03	 1.3680006712E-02	 3.4425952891E-09	 4.2856452248E-04
    62   2   2	 5.1312917949E-03	 5.1312917949E-03	 1.7229558613E-04	 1.7229558613E-04
    62   2   3	 5.1312917949E-03	 6.8319350863E-03	 1.7229558613E-04	 4.8157011113E-07
    62   2   4	 5.1312917949E-03	 8.3337139148E-03	 1.7229558613E-04	 1.1853594090E-04
    62   2   5	 5.1312917949E-03	 1.3459226264E-02	 1.7229558613E-04	 1.4062106783E-04
    62   2   6	 5.1312917949E-03	 1.3680006712E-02	 1.7229558613E-04	 4.2856452248E-04
    62   3   3	 6.8319350863E-03	 6.8319350863E-03	 4.8157011113E-07	 4.8157011113E-07
    62   3   4	 6.8319350863E-03	 8.3337139148E-03	 4.8157011113E-07	 1.1853594090E-04
    62   3   5	 6.8319350863E-03	 1.3459226264E-02	 4.8157011113E-07	 1.4062106783E-04
    62   3   6	 6.8319350863E-03	 1.3680006712E-02	 4.8157011113E-07	 4.2856452248E-04
    62   4   4	 8.3337139148E-03	 8.3337139148E-03	 1.1853594090E-04	 1.1853594090E-04
    62   4   5	 8.3337139148E-03	 1.3459226264E-02	 1.1853594090E-04	 1.4062106783E-04
    62   4   6	 8.3337139148E-03	 1.3680006712E-02	 1.1853594090E-04	 4.2856452248E-04
    62   5   5	 1.3459226264E-02	 1.3459226264E-02	 1.4062106783E-04	 1.4062106783E-04
    62   5   6	 1.3459226264E-02	 1.3680006712E-02	 1.4062106783E-04	 4.2856452248E-04
    62   6   6	 1.3680006712E-02	 1.3680006712E-02	 4.2856452248E-04	 4.2856452248E-04
    63   1   1	 2.6574147018E-03	 2.6574147018E-03	 3.9220627286E-09	 3.9220627286E-09
    63   1   2	 2.6574147018E-03	 5.5308701005E-03	 3.9220627286E-09	 1.4090044848E-04
    63   1   3	 2.6574147018E-03	 6.5696772383E-03	 3.9220627286E-09	 4.2608150003E-07
    63   1   4	 2.6574147018E-03	 8.9678272520E-03	 3.9220627286E-09	 1.7628260057E-04
    63   1   5	 2.6574147018E-03	 1.3398101407E-02	 3.9220627286E-09	 1.3078417471E-04
    63   1   6	 2.6574147018E-03	 1.3591907374E-02	 3.9220627286E-09	 3.5428022200E-04
    63   2   2	 5.5308701005E-03	 5.5308701005E-03	 1.4090044848E-04	 1.4090044848E-04
    63   2   3	 5.5308701005E-03	 6.5696772383E-03	 1.4090044848E-04	 4.2608150003E-07
    63   2   4	 5.5308701005E-03	 8.9678272520E-03	 1.4090044848E-04	 1.7628260057E-04
    63   2   5	 5.5308701005E-03	 1.3398101407E-02	 1.4090044848E-04	 1.3078417471E-04
    63   2   6	 5.5308701005E-03	 1.3591907374E-02	 1.4090044848E-04	 3.5428022200E-04
    63   3   3	 6.5696772383E-03	 6.5696772383E-03	 4.2608150003E-07	 4.2608150003E-07
    63   3   4	 6.5696772383E-03	 8.9678272520E-03	 4.2608150003E-07	 1.7628260057E-04
    63   3   5	 6.5696772383E-03	 1.3398101407E-02	 4.2608150003E-07	 1.3078417471E-04
    63   3   6	 6.5696772383E-03	 1.3591907374E-02	 4.2608150003E-07	 3.5428022200E-04
    63   4   4	 8.9678272520E-03	 8.9678272520E-03	 1.7628260057E-04	 1.7628260057E-04
    63   4   5	 8.9678272520E-03	 1.3398101407E-02	 1.7628260057E-04	 1.3078417471E-04
    63   4   6	 8.9678272520E-03	 1.3591907374E-02	 1.7628260057E-04	 3.5428022200E-04
    63   5   5	 1.3398101407E-02	 1.3398101407E-02	 1.3078417471E-04	 1.3078417471E-04
    63   5   6	 1.3398101407E-02	 1.3591907374E-02	 1.3078417471E-04	 3.5428022200E-04
    63   6   6	 1.3591907374E-02	 1.3591907374E-02	 3.5428022200E-04	 3.5428022200E-04
    64   1   1	 2.8902572383E-03	 2.8902572383E-03	 4.3851459417E-09	 4.3851459417E-09
    64   1   2	 2.8902572383E-03	 5.8857418079E-03	 4.3851459417E-09	 6.4174687580E-05
    64   1   3	 2.8902572383E-03	 6.3046288715E-03	 4.3851459417E-09	 4.0091916233E-07
    64   1   4	 2.8902572383E-03	 9.5752378481E-03	 4.3851459417E-09	 2.8588120393E-04
    64   1   5	 2.8902572383E-03	 1.3313679745E-02	 4.3851459417E-09	 1.4966154748E-04
    64   1   6	 2.8902572383E-03	 1.3490385910E-02	 4.3851459417E-09	 3.3735521165E-04
    64   2   2	 5.8857418079E-03	 5.8857418079E-03	 6.4174687580E-05	 6.4174687580E-05
    64   2   3	 5.8857418079E-03	 6.3046288715E-03	 6.4174687580E-05	 4.0091916233E-07
    64   2   4	 5.8857418079E-03	 9.5752378481E-03	 6.4174687580E-05	 2.8588120393E-04
    64   2   5	 5.8857418079E-03	 1.3313679745E-02	 6.4174687580E-05	 1.4966154748E-04
    64   2   6	 5.8857418079E-03	 1.3490385910E-02	 6.4174687580E-05	 3.3735521165E-04
    64   3   3	 6.3046288715E-03	 6.3046288715E-03	 4.0091916233E-07	 4.0091916233E-07
    64   3   4	 6.3046288715E-03	 9.5752378481E-03	 4.0091916233E-07	 2.8588120393E-04
    64   3   5	 6.3046288715E-03	 1.3313679745E-02	 4.0091916233E-07	 1.4966154748E-04
    64   3   6	 6.3046288715E-03	 1.3490385910E-02	 4.0091916233E-07	 3.3735521165E-04
    64   4   4	 9.5752378481E-03	 9.5752378481E-03	 2.8588120393E-04	 2.8588120393E-04
    64   4   5	 9.5752378481E-03	 1.3313679745E-02	 2.8588120393E-04	 1.4966154748E-04
    64   4   6	 9.5752378481E-03	 1.3490385910E-02	 2.8588120393E-04	 3.3735521165E-04
    64   5   5	 1.3313679745E-02	 1.3313679745E-02	 1.4966154748E-04	 1.4966154748E-04
    64   5   6	 1.3313679745E-02	 1.3490385910E-02	 1.4966154748E-04	 3.3735521165E-04
    64   6   6	 1.3490385910E-02	 1.3490385910E-02	 3.3735521165E-04	 3.3735521165E-04
    65   1   1	 3.1133283688E-03	 3.1133283688E-03	 4.8206616450E-09	 4.8206616450E-09
    65   1   2	 3.1133283688E-03	 6.0456939086E-03	 4.8206616450E-09	 2.9019136669E-07
    65   1   3	 3.1133283688E-03	 6.1885084827E-03	 4.8206616450E-09	 2.1600113006E-05
    65   1   4	 3.1133283688E-03	 1.0150416784E-02	 4.8206616450E-09	 5.5042171484E-04
    65   1   5	 3.1133283688E-03	 1.3177188324E-02	 4.8206616450E-09	 2.4064638525E-04
    65   1   6	 3.1133283688E-03	 1.3403051602E-02	 4.8206616450E-09	 1.0429213099E-04
    65   2   2	 6.0456939086E-03	 6.0456939086E-03	 2.9019136669E-07	 2.9019136669E-07
    65   2   3	 6.0456939086E-03	 6.1885084827E-03	 2.9019136669E-07	 2.1600113006E-05
    65   2   4	 6.0456939086E-03	 1.0150416784E-02	 2.9019136669E-07	 5.5042171484E-04
    65   2   5	 6.0456939086E-03	 1.3177188324E-02	 2.9019136669E-07	 2.4064638525E-04
    65   2   6	 6.0456939086E-03	 1.3403051602E-02	 2.9019136669E-07	 1.0429213099E-04
    65   3   3	 6.1885084827E-03	 6.1885084827E-03	 2.1600113006E-05	 2.1600113006E-05
    65   3   4	 6.1885084827E-03	 1.0150416784E-02	 2.1600113006E-05	 5.5042171484E-04
    65   3   5	 6.1885084827E-03	 1.3177188324E-02	 2.1600113006E-05	 2.4064638525E-04
    65   3   6	 6.1885084827E-03	 1.3403051602E-02	 2.1600113006E-05	 1.0429213099E-04
    65   4   4	 1.0150416784E-02	 1.0150416784E-02	 5.5042171484E-04	 5.5042171484E-04
    65   4   5	 1.0150416784E-02	 1.3177188324E-02	 5.5042171484E-04	 2.4064638525E-04
    65   4   6	 1.0150416784E-02	 1.3403051602E-02	 5.5042171484E-04	 1.0429213099E-04
    65   5   5	 1.3177188324E-02	 1.3177188324E-02	 2.4064638525E-04	 2.4064638525E-04
    65   5   6	 1.3177188324E-02	 1.3403051602E-02	 2.4064638525E-04	 1.0429213099E-04
    65   6   6	 1.3403051602E-02	 1.3403051602E-02	 1.0429213099E-04	 1.0429213099E-04
    66   1   1	 3.3198017327E-03	 3.3198017327E-03	 5.2188708625E-09	 5.2188708625E-09
    66   1   2	 3.3198017327E-03	 5.8048898426E-03	 5.2188708625E-09	 2.4382101661E-07
    66   1   3	 3.3198017327E-03	 6.4324389920E-03	 5.2188708625E-09	 9.6547064382E-06
    66   1   4	 3.3198017327E-03	 1.0688610865E-02	 5.2188708625E-09	 2.4805184342E-04
    66   1   5	 3.3198017327E-03	 1.2975801606E-02	 5.2188708625E-09	 1.5009793866E-04
    66   1   6	 3.3198017327E-03	 1.3342826823E-02	 5.2188708625E-09	 8.6050291046E-05
    66   2   2	 5.8048898426E-03	 5.8048898426E-03	 2.4382101661E-07	 2.4382101661E-07
    66   2   3	 5.8048898426E-03	 6.4324389920E-03	 2.4382101661E-07	 9.6547064382E-06
    66   2   4	 5.8048898426E-03	 1.0688610865E-02	 2.4382101661E-07	 2.4805184342E-04
    66   2   5	 5.8048898426E-03	 1.2975801606E-02	 2.4382101661E-07	 1.5009793866E-04
    66   2   6	 5.8048898426E-03	 1.3342826823E-02	 2.4382101661E-07	 8.6050291046E-05
    66   3   3	 6.4324389920E-03	 6.4324389920E-03	 9.6547064382E-06	 9.6547064382E-06
    66   3   4	 6.4324389920E-03	 1.0688610865E-02	 9.6547064382E-06	 2.4805184342E-04
    66   3   5	 6.4324389920E-03	 1.2975801606E-02	 9.6547064382E-06	 1.5009793866E-04
    66   3   6	 6.4324389920E-03	 1.3342826823E-02	 9.6547064382E-06	 8.6050291046E-05
    66   4   4	 1.0688610865E-02	 1.0688610865E-02	 2.4805184342E-04	 2.4805184342E-04
    66   4   5	 1.0688610865E-02	 1.2975801606E-02	 2.4805184342E-04	 1.5009793866E-04
    66   4   6	 1.0688610865E-02	 1.3342826823E-02	 2.4805184342E-04	 8.6050291046E-05
    66   5   5	 1.2975801606E-02	 1.2975801606E-02	 1.5009793866E-04	 1.5009793866E-04
    66   5   6	 1.2975801606E-02	 1.3342826823E-02	 1.5009793866E-04	 8.6050291046E-05
    66   6   6	 1.3342826823E-02	 1.3342826823E-02	 8.6050291046E-05	 8.6050291046E-05
    67   1   1	 3.4967298745E-03	 3.4967298745E-03	 5.5654287742E-09	 5.5654287742E-09
    67   1   2	 3.4967298745E-03	 5.5997532352E-03	 5.5654287742E-09	 1.5432915753E-07
    67   1   3	 3.4967298745E-03	 6.6115947645E-03	 5.5654287742E-09	 6.0275338547E-06
    67   1   4	 3.4967298745E-03	 1.1185756226E-02	 5.5654287742E-09	 1.8066797291E-04
    67   1   5	 3.4967298745E-03	 1.2718081056E-02	 5.5654287742E-09	 1.1941843751E-04
    67   1   6	 3.4967298745E-03	 1.3302335574E-02	 5.5654287742E-09	 1.6183306494E-04
    67   2   2	 5.5997532352E-03	 5.5997532352E-03	 1.5432915753E-07	 1.5432915753E-07
    67   2   3	 5.5997532352E-03	 6.6115947645E-03	 1.5432915753E-07	 6.0275338547E-06
    67   2   4	 5.5997532352E-03	 1.1185756226E-02	 1.5432915753E-07	 1.8066797291E-04
    67   2   5	 5.5997532352E-03	 1.2718081056E-02	 1.5432915753E-07	 1.1941843751E-04
    67   2   6	 5.5997532352E-03	 1.3302335574E-02	 1.5432915753E-07	 1.6183306494E-04
    67   3   3	 6.6115947645E-03	 6.6115947645E-03	 6.0275338547E-06	 6.0275338547E-06
    67   3   4	 6.6115947645E-03	 1.1185756226E-02	 6.0275338547E-06	 1.8066797291E-04
    67   3   5	 6.6115947645E-03	 1.2718081056E-02	 6.0275338547E-06	 1.1941843751E-04
    67   3   6	 6.6115947645E-03	 1.3302335574E-02	 6.0275338547E-06	 1.6183306494E-04
    67   4   4	 1.1185756226E-02	 1.1185756226E-02	 1.8066797291E-04	 1.8066797291E-04
    67   4   5	 1.1185756226E-02	 1.2718081056E-02	 1.8066797291E-04	 1.1941843751E-04
    67   4   6	 1.1185756226E-02	 1.3302335574E-02	 1.8066797291E-04	 1.6183306494E-04
    67   5   5	 1.2718081056E-02	 1.2718081056E-02	 1.1941843751E-04	 1.1941843751E-04
    67   5   6	 1.2718081056E-02	 1.3302335574E-02	 1.1941843751E-04	 1.6183306494E-04
    67   6   6	 1.3302335574E-02	 1.3302335574E-02	 1.6183306494E-04	 1.6183306494E-04
    68   1   1	 3.6221523572E-03	 3.6221523572E-03	 5.8223148401E-09	 5.8223148401E-09
    68   1   2	 3.6221523572E-03	 5.4558572988E-03	 5.8223148401E-09	 1.1264467944E-07
    68   1   3	 3.6221523572E-03	 6.7211953638E-03	 5.8223148401E-09	 4.8401738248E-06
    68   1   4	 3.6221523572E-03	 1.1638021184E-02	 5.8223148401E-09	 1.7568709420E-04
    68   1   5	 3.6221523572E-03	 1.2409831410E-02	 5.8223148401E-09	 1.1093201354E-04
    68   1   6	 3.6221523572E-03	 1.3278092146E-02	 5.8223148401E-09	 1.7242143927E-04
    68   2   2	 5.4558572988E-03	 5.4558572988E-03	 1.1264467944E-07	 1.1264467944E-07
    68   2   3	 5.4558572988E-03	 6.7211953638E-03	 1.1264467944E-07	 4.8401738248E-06
    68   2   4	 5.4558572988E-03	 1.1638021184E-02	 1.1264467944E-07	 1.7568709420E-04
    68   2   5	 5.4558572988E-03	 1.2409831410E-02	 1.1264467944E-07	 1.1093201354E-04
    68   2   6	 5.4558572988E-03	 1.3278092146E-02	 1.1264467944E-07	 1.7242143927E-04
    68   3   3	 6.7211953638E-03	 6.7211953638E-03	 4.8401738248E-06	 4.8401738248E-06
    68   3   4	 6.7211953638E-03	 1.1638021184E-02	 4.8401738248E-06	 1.7568709420E-04
    68   3   5	 6.7211953638E-03	 1.2409831410E-02	 4.8401738248E-06	 1.1093201354E-04
    68   3   6	 6.7211953638E-03	 1.3278092146E-02	 4.8401738248E-06	 1.7242143927E-04
    68   4   4	 1.1638021184E-02	 1.1638021184E-02	 1.7568709420E-04	 1.7568709420E-04
    68   4   5	 1.1638021184E-02	 1.2409831410E-02	 1.7568709420E-04	 1.1093201354E-04
    68   4   6	 1.1638021184E-02	 1.3278092146E-02	 1.7568709420E-04	 1.7242143927E-04
    68   5   5	 1.2409831410E-02	 1.2409831410E-02	 1.1093201354E-04	 1.1093201354E-04
    68   5   6	 1.2409831410E-02	 1.3278092146E-02	 1.1093201354E-04	 1.7242143927E-04
    68   6   6	 1.3278092146E-02	 1.3278092146E-02	 1.7242143927E-04	 1.7242143927E-04
    69   1   1	 3.6686574103E-03	 3.6686574103E-03	 5.9055888074E-09	 5.9055888074E-09
    69   1   2	 3.6686574103E-03	 5.4029285709E-03	 5.9055888074E-09	 1.0020357584E-07
    69   1   3	 3.6686574103E-03	 6.7580961392E-03	 5.9055888074E-09	 4.5376187618E-06
    69   1   4	 3.6686574103E-03	 1.2002186324E-02	 5.9055888074E-09	 3.3385481585E-05
    69   1   5	 3.6686574103E-03	 1.2093794326E-02	 5.9055888074E-09	 1.8714345263E-04
    69   1   6	 3.6686574103E-03	 1.3269940847E-02	 5.9055888074E-09	 1.6593264155E-04
    69   2   2	 5.4029285709E-03	 5.4029285709E-03	 1.0020357584E-07	 1.0020357584E-07
    69   2   3	 5.4029285709E-03	 6.7580961392E-03	 1.0020357584E-07	 4.5376187618E-06
    69   2   4	 5.4029285709E-03	 1.2002186324E-02	 1.0020357584E-07	 3.3385481585E-05
    69   2   5	 5.4029285709E-03	 1.2093794326E-02	 1.0020357584E-07	 1.8714345263E-04
    69   2   6	 5.4029285709E-03	 1.3269940847E-02	 1.0020357584E-07	 1.6593264155E-04
    69   3   3	 6.7580961392E-03	 6.7580961392E-03	 4.5376187618E-06	 4.5376187618E-06
    69   3   4	 6.7580961392E-03	 1.2002186324E-02	 4.5376187618E-06	 3.3385481585E-05
    69   3   5	 6.7580961392E-03	 1.2093794326E-02	 4.5376187618E-06	 1.8714345263E-04
    69   3   6	 6.7580961392E-03	 1.3269940847E-02	 4.5376187618E-06	 1.6593264155E-04
    69   4   4	 1.2002186324E-02	 1.2002186324E-02	 3.3385481585E-05	 3.3385481585E-05
    69   4   5	 1.2002186324E-02	 1.2093794326E-02	 3.3385481585E-05	 1.8714345263E-04
    69   4   6	 1.2002186324E-02	 1.3269940847E-02	 3.3385481585E-05	 1.6593264155E-04
    69   5   5	 1.2093794326E-02	 1.2093794326E-02	 1.8714345263E-04	 1.8714345263E-04
    69   5   6	 1.2093794326E-02	 1.3269940847E-02	 1.8714345263E-04	 1.6593264155E-04
    69   6   6	 1.3269940847E-02	 1.3269940847E-02	 1.6593264155E-04	 1.6593264155E-04
    70   1   1	 2.1294865750E-03	 2.1294865750E-03	 2.8060385758E-09	 2.8060385758E-09
    70   1   2	 2.1294865750E-03	 4.7121313212E-03	 2.8060385758E-09	 1.1656330399E-04
    70   1   3	 2.1294865750E-03	 7.1079821416E-03	 2.8060385758E-09	 7.1569453276E-07
    70   1   4	 2.1294865750E-03	 7.6280904766E-03	 2.8060385758E-09	 9.0710500750E-05
    70   1   5	 2.1294865750E-03	 1.3526446375E-02	 2.8060385758E-09	 2.2530619092E-04
    70   1   6	 2.1294865750E-03	 1.3725677127E-02	 2.8060385758E-09	 4.0874275164E-04
    70   2   2	 4.7121313212E-03	 4.7121313212E-03	 1.1656330399E-04	 1.1656330399E-04
    70   2   3	 4.7121313212E-03	 7.1079821416E-03	 1.1656330399E-04	 7.1569453276E-07
    70   2   4	 4.7121313212E-03	 7.6280904766E-03	 1.1656330399E-04	 9.0710500750E-05
    70   2   5	 4.7121313212E-03	 1.3526446375E-02	 1.1656330399E-04	 2.2530619092E-04
    70   2   6	 4.7121313212E-03	 1.3725677127E-02	 1.1656330399E-04	 4.0874275164E-04
    70   3   3	 7.1079821416E-03	 7.1079821416E-03	 7.1569453276E-07	 7.1569453276E-07
    70   3   4	 7.1079821416E-03	 7.6280904766E-03	 7.1569453276E-07	 9.0710500750E-05
    70   3   5	 7.1079821416E-03	 1.3526446375E-02	 7.1569453276E-07	 2.2530619092E-04
    70   3   6	 7.1079821416E-03	 1.3725677127E-02	 7.1569453276E-07	 4.0874275164E-04
    70   4   4	 7.6280904766E-03	 7.6280904766E-03	 9.0710500750E-05	 9.0710500750E-05
    70   4   5	 7.6280904766E-03	 1.3526446375E-02	 9.0710500750E-05	 2.2530619092E-04
    70   4   6	 7.6280904766E-03	 1.3725677127E-02	 9.0710500750E-05	 4.0874275164E-04
    70   5   5	 1.3526446375E-02	 1.3526446375E-02	 2.2530619092E-04	 2.2530619092E-04
    70   5   6	 1.3526446375E-02	 1.3725677127E-02	 2.2530619092E-04	 4.0874275164E-04
    70   6   6	 1.3725677127E-02	 1.3725677127E-02	 4.0874275164E-04	 4.0874275164E-04
    71   1   1	 2.3741851317E-03	 2.3741851317E-03	 3.2369172162E-09	 3.2369172162E-09
    71   1   2	 2.3741851317E-03	 5.1829193798E-03	 3.2369172162E-09	 1.8610707368E-04
    71   1   3	 2.3741851317E-03	 6.8648429786E-03	 3.2369172162E-09	 4.8522463556E-07
    71   1   4	 2.3741851317E-03	 8.2135236552E-03	 3.2369172162E-09	 1.1262189312E-04
    71   1   5	 2.3741851317E-03	 1.3491098925E-02	 3.2369172162E-09	 1.4959717085E-04
    71   1   6	 2.3741851317E-03	 1.3659290447E-02	 3.2369172162E-09	 3.9100995550E-04
    71   2   2	 5.1829193798E-03	 5.1829193798E-03	 1.8610707368E-04	 1.8610707368E-04
    71   2   3	 5.1829193798E-03	 6.8648429786E-03	 1.8610707368E-04	 4.8522463556E-07
    71   2   4	 5.1829193798E-03	 8.2135236552E-03	 1.8610707368E-04	 1.1262189312E-04
    71   2   5	 5.1829193798E-03	 1.3491098925E-02	 1.8610707368E-04	 1.4959717085E-04
    71   2   6	 5.1829193798E-03	 1.3659290447E-02	 1.8610707368E-04	 3.9100995550E-04
    71   3   3	 6.8648429786E-03	 6.8648429786E-03	 4.8522463556E-07	 4.8522463556E-07
    71   3   4	 6.8648429786E-03	 8.2135236552E-03	 4.8522463556E-07	 1.1262189312E-04
    71   3   5	 6.8648429786E-03	 1.3491098925E-02	 4.8522463556E-07	 1.4959717085E-04
    71   3   6	 6.8648429786E-03	 1.3659290447E-02	 4.8522463556E-07	 3.9100995550E-04
    71   4   4	 8.2135236552E-03	 8.2135236552E-03	 1.1262189312E-04	 1.1262189312E-04
    71   4   5	 8.2135236552E-03	 1.3491098925E-02	 1.1262189312E-04	 1.4959717085E-04
    71   4   6	 8.2135236552E-03	 1.3659290447E-02	 1.1262189312E-04	 3.9100995550E-04
    71   5   5	 1.3491098925E-02	 1.3491098925E-02	 1.4959717085E-04	 1.4959717085E-04
    71   5   6	 1.3491098925E-02	 1.3659290447E-02	 1.4959717085E-04	 3.9100995550E-04
    71   6   6	 1.3659290447E-02	 1.3659290447E-02	 3.9100995550E-04	 3.9100995550E-04
    72   1   1	 2.6153425607E-03	 2.6153425607E-03	 3.6750206774E-09	 3.6750206774E-09
    72   1   2	 2.6153425607E-03	 5.6258775467E-03	 3.6750206774E-09	 2.4797601860E-04
    72   1   3	 2.6153425607E-03	 6.6084500407E-03	 3.6750206774E-09	 5.1257772154E-07
    72   1   4	 2.6153425607E-03	 8.7887499567E-03	 3.6750206774E-09	 1.3656654851E-04
    72   1   5	 2.6153425607E-03	 1.3442811936E-02	 3.6750206774E-09	 1.2965176508E-04
    72   1   6	 2.6153425607E-03	 1.3574020143E-02	 3.6750206774E-09	 3.3726940468E-04
    72   2   2	 5.6258775467E-03	 5.6258775467E-03	 2.4797601860E-04	 2.4797601860E-04
    72   2   3	 5.6258775467E-03	 6.6084500407E-03	 2.4797601860E-04	 5.1257772154E-07
    72   2   4	 5.6258775467E-03	 8.7887499567E-03	 2.4797601860E-04	 1.3656654851E-04
    72   2   5	 5.6258775467E-03	 1.3442811936E-02	 2.4797601860E-04	 1.2965176508E-04
    72   2   6	 5.6258775467E-03	 1.3574020143E-02	 2.4797601860E-04	 3.3726940468E-04
    72   3   3	 6.6084500407E-03	 6.6084500407E-03	 5.1257772154E-07	 5.1257772154E-07
    72   3   4	 6.6084500407E-03	 8.7887499567E-03	 5.1257772154E-07	 1.3656654851E-04
    72   3   5	 6.6084500407E-03	 1.3442811936E-02	 5.1257772154E-07	 1.2965176508E-04
    72   3   6	 6.6084500407E-03	 1.3574020143E-02	 5.1257772154E-07	 3.3726940468E-04
    72   4   4	 8.7887499567E-03	 8.7887499567E-03	 1.3656654851E-04	 1.3656654851E-04
    72   4   5	 8.7887499567E-03	 1.3442811936E-02	 1.3656654851E-04	 1.2965176508E-04
    72   4   6	 8.7887499567E-03	 1.3574020143E-02	 1.3656654851E-04	 3.3726940468E-04
    72   5   5	 1.3442811936E-02	 1.3442811936E-02	 1.2965176508E-04	 1.2965176508E-04
    72   5   6	 1.3442811936E-02	 1.3574020143E-02	 1.2965176508E-04	 3.3726940468E-04
    72   6   6	 1.3574020143E-02	 1.3574020143E-02	 3.3726940468E-04	 3.3726940468E-04
    73   1   1	 2.8516327078E-03	 2.8516327078E-03	 4.1065444204E-09	 4.1065444204E-09
    73   1   2	 2.8516327078E-03	 6.0283948655E-03	 4.1065444204E-09	 2.4134447246E-04
    73   1   3	 2.8516327078E-03	 6.3450169226E-03	 4.1065444204E-09	 4.0048546052E-07
    73   1   4	 2.8516327078E-03	 9.3484319750E-03	 4.1065444204E-09	 2.3983257166E-04
    73   1   5	 2.8516327078E-03	 1.3356640324E-02	 4.1065444204E-09	 1.9460772773E-04
    73   1   6	 2.8516327078E-03	 1.3491903999E-02	 4.1065444204E-09	 2.7945686297E-04
    73   2   2	 6.0283948655E-03	 6.0283948655E-03	 2.4134447246E-04	 2.4134447246E-04
    73   2   3	 6.0283948655E-03	 6.3450169226E-03	 2.4134447246E-04	 4.0048546052E-07
    73   2   4	 6.0283948655E-03	 9.3484319750E-03	 2.4134447246E-04	 2.3983257166E-04
    73   2   5	 6.0283948655E-03	 1.3356640324E-02	 2.4134447246E-04	 1.9460772773E-04
    73   2   6	 6.0283948655E-03	 1.3491903999E-02	 2.4134447246E-04	 2.7945686297E-04
    73   3   3	 6.3450169226E-03	 6.3450169226E-03	 4.0048546052E-07	 4.0048546052E-07
    73   3   4	 6.3450169226E-03	 9.3484319750E-03	 4.0048546052E-07	 2.3983257166E-04
    73   3   5	 6.3450169226E-03	 1.3356640324E-02	 4.0048546052E-07	 1.9460772773E-04
    73   3   6	 6.3450169226E-03	 1.3491903999E-02	 4.0048546052E-07	 2.7945686297E-04
    73   4   4	 9.3484319750E-03	 9.3484319750E-03	 2.3983257166E-04	 2.3983257166E-04
    73   4   5	 9.3484319750E-03	 1.3356640324E-02	 2.3983257166E-04	 1.9460772773E-04
    73   4   6	 9.3484319750E-03	 1.3491903999E-02	 2.3983257166E-04	 2.7945686297E-04
    73   5   5	 1.3356640324E-02	 1.3356640324E-02	 1.9460772773E-04	 1.9460772773E-04
    73   5   6	 1.3356640324E-02	 1.3491903999E-02	 1.9460772773E-04	 2.7945686297E-04
    73   6   6	 1.3491903999E-02	 1.3491903999E-02	 2.7945686297E-04	 2.7945686297E-04
    74   1   1	 3.0808975233E-03	 3.0808975233E-03	 4.5193440096E-09	 4.5193440096E-09
    74   1   2	 3.0808975233E-03	 6.0819937436E-03	 4.5193440096E-09	 2.7275174333E-07
    74   1   3	 3.0808975233E-03	 6.3801935278E-03	 4.5193440096E-09	 1.2675841910E-04
    74   1   4	 3.0808975233E-03	 9.8876142483E-03	 4.5193440096E-09	 3.4786563081E-04
    74   1   5	 3.0808975233E-03	 1.3207085000E-02	 4.5193440096E-09	 1.9886162540E-04
    74   1   6	 3.0808975233E-03	 1.3436744204E-02	 4.5193440096E-09	 9.4981787632E-05
    74   2   2	 6.0819937436E-03	 6.0819937436E-03	 2.7275174333E-07	 2.7275174333E-07
    74   2   3	 6.0819937436E-03	 6.3801935278E-03	 2.7275174333E-07	 1.2675841910E-04
    74   2   4	 6.0819937436E-03	 9.8876142483E-03	 2.7275174333E-07	 3.4786563081E-04
    74   2   5	 6.0819937436E-03	 1.3207085000E-02	 2.7275174333E-07	 1.9886162540E-04
    74   2   6	 6.0819937436E-03	 1.3436744204E-02	 2.7275174333E-07	 9.4981787632E-05
    74   3   3	 6.3801935278E-03	 6.3801935278E-03	 1.2675841910E-04	 1.2675841910E-04
    74   3   4	 6.3801935278E-03	 9.8876142483E-03	 1.2675841910E-04	 3.4786563081E-04
    74   3   5	 6.3801935278E-03	 1.3207085000E-02	 1.2675841910E-04	 1.9886162540E-04
    74   3   6	 6.3801935278E-03	 1.3436744204E-02	 1.2675841910E-04	 9.4981787632E-05
    74   4   4	 9.8876142483E-03	 9.8876142483E-03	 3.4786563081E-04	 3.4786563081E-04
    74   4   5	 9.8876142483E-03	 1.3207085000E-02	 3.4786563081E-04	 1.9886162540E-04
    74   4   6	 9.8876142483E-03	 1.3436744204E-02	 3.4786563081E-04	 9.4981787632E-05
    74   5   5	 1.3207085000E-02	 1.3207085000E-02	 1.9886162540E-04	 1.9886162540E-04
    74   5   6	 1.3207085000E-02	 1.3436744204E-02	 1.9886162540E-04	 9.4981787632E-05
    74   6   6	 1.3436744204E-02	 1.3436744204E-02	 9.4981787632E-05	 9.4981787632E-05
    75   1   1	 3.2988602514E-03	 3.2988602514E-03	 4.9035786160E-09	 4.9035786160E-09
    75   1   2	 3.2988602514E-03	 5.8289859301E-03	 4.9035786160E-09	 2.4750345503E-07
    75   1   3	 3.2988602514E-03	 6.6727322861E-03	 4.9035786160E-09	 3.6823733596E-05
    75   1   4	 3.2988602514E-03	 1.0401588530E-02	 4.9035786160E-09	 3.8872671560E-04
    75   1   5	 3.2988602514E-03	 1.3004718912E-02	 4.9035786160E-09	 1.5283925115E-04
    75   1   6	 3.2988602514E-03	 1.3397572360E-02	 4.9035786160E-09	 7.3468072120E-05
    75   2   2	 5.8289859301E-03	 5.8289859301E-03	 2.4750345503E-07	 2.4750345503E-07
    75   2   3	 5.8289859301E-03	 6.6727322861E-03	 2.4750345503E-07	 3.6823733596E-05
    75   2   4	 5.8289859301E-03	 1.0401588530E-02	 2.4750345503E-07	 3.8872671560E-04
    75   2   5	 5.8289859301E-03	 1.3004718912E-02	 2.4750345503E-07	 1.5283925115E-04
    75   2   6	 5.8289859301E-03	 1.3397572360E-02	 2.4750345503E-07	 7.3468072120E-05
    75   3   3	 6.6727322861E-03	 6.6727322861E-03	 3.6823733596E-05	 3.6823733596E-05
    75   3   4	 6.6727322861E-03	 1.0401588530E-02	 3.6823733596E-05	 3.8872671560E-04
    75   3   5	 6.6727322861E-03	 1.3004718912E-02	 3.6823733596E-05	 1.5283925115E-04
    75   3   6	 6.6727322861E-03	 1.3397572360E-02	 3.6823733596E-05	 7.3468072120E-05
    75   4   4	 1.0401588530E-02	 1.0401588530E-02	 3.8872671560E-04	 3.8872671560E-04
    75   4   5	 1.0401588530E-02	 1.3004718912E-02	 3.8872671560E-04	 1.5283925115E-04
    75   4   6	 1.0401588530E-02	 1.3397572360E-02	 3.8872671560E-04	 7.3468072120E-05
    75   5   5	 1.3004718912E-02	 1.3004718912E-02	 1.5283925115E-04	 1.5283925115E-04
    75   5   6	 1.3004718912E-02	 1.3397572360E-02	 1.5283925115E-04	 7.3468072120E-05
    75   6   6	 1.3397572360E-02	 1.3397572360E-02	 7.3468072120E-05	 7.3468072120E-05
    76   1   1	 3.4967298745E-03	 3.4967298745E-03	 5.2498274960E-09	 5.2498274960E-09
    76   1   2	 3.4967298745E-03	 5.5997532352E-03	 5.2498274960E-09	 1.4253053742E-07
    76   1   3	 3.4967298745E-03	 6.8989189767E-03	 5.2498274960E-09	 1.3304138677E-05
    76   1   4	 3.4967298745E-03	 1.0885875616E-02	 5.2498274960E-09	 2.4224353536E-04
    76   1   5	 3.4967298745E-03	 1.2757289150E-02	 5.2498274960E-09	 1.4660296161E-04
    76   1   6	 3.4967298745E-03	 1.3367507162E-02	 5.2498274960E-09	 7.4264293995E-05
    76   2   2	 5.5997532352E-03	 5.5997532352E-03	 1.4253053742E-07	 1.4253053742E-07
    76   2   3	 5.5997532352E-03	 6.8989189767E-03	 1.4253053742E-07	 1.3304138677E-05
    76   2   4	 5.5997532352E-03	 1.0885875616E-02	 1.4253053742E-07	 2.4224353536E-04
    76   2   5	 5.5997532352E-03	 1.2757289150E-02	 1.4253053742E-07	 1.4660296161E-04
    76   2   6	 5.5997532352E-03	 1.3367507162E-02	 1.4253053742E-07	 7.4264293995E-05
    76   3   3	 6.8989189767E-03	 6.8989189767E-03	 1.3304138677E-05	 1.3304138677E-05
    76   3   4	 6.8989189767E-03	 1.0885875616E-02	 1.3304138677E-05	 2.4224353536E-04
    76   3   5	 6.8989189767E-03	 1.2757289150E-02	 1.3304138677E-05	 1.4660296161E-04
    76   3   6	 6.8989189767E-03	 1.3367507162E-02	 1.3304138677E-05	 7.4264293995E-05
    76   4   4	 1.0885875616E-02	 1.0885875616E-02	 2.4224353536E-04	 2.4224353536E-04
    76   4   5	 1.0885875616E-02	 1.2757289150E-02	 2.4224353536E-04	 1.4660296161E-04
    76   4   6	 1.0885875616E-02	 1.3367507162E-02	 2.4224353536E-04	 7.4264293995E-05
    76   5   5	 1.2757289150E-02	 1.2757289150E-02	 1.4660296161E-04	 1.4660296161E-04
    76   5   6	 1.2757289150E-02	 1.3367507162E-02	 1.4660296161E-04	 7.4264293995E-05
    76   6   6	 1.3367507162E-02	 1.3367507162E-02	 7.4264293995E-05	 7.4264293995E-05
    77   1   1	 3.6572135190E-03	 3.6572135190E-03	 5.5389165380E-09	 5.5389165380E-09
    77   1   2	 3.6572135190E-03	 5.4157891828E-03	 5.5389165380E-09	 9.3489990332E-08
    77   1   3	 3.6572135190E-03	 7.0530971132E-03	 5.5389165380E-09	 7.2390272958E-06
    77   1   4	 3.6572135190E-03	 1.1336058886E-02	 5.5389165380E-09	 2.0853003856E-04
    77   1   5	 3.6572135190E-03	 1.2467111317E-02	 5.5389165380E-09	 9.7976405754E-05
    77   1   6	 3.6572135190E-03	 1.3346362620E-02	 5.5389165380E-09	 7.5798112145E-05
    77   2   2	 5.4157891828E-03	 5.4157891828E-03	 9.3489990332E-08	 9.3489990332E-08
    77   2   3	 5.4157891828E-03	 7.0530971132E-03	 9.3489990332E-08	 7.2390272958E-06
    77   2   4	 5.4157891828E-03	 1.1336058886E-02	 9.3489990332E-08	 2.0853003856E-04
    77   2   5	 5.4157891828E-03	 1.2467111317E-02	 9.3489990332E-08	 9.7976405754E-05
    77   2   6	 5.4157891828E-03	 1.3346362620E-02	 9.3489990332E-08	 7.5798112145E-05
    77   3   3	 7.0530971132E-03	 7.0530971132E-03	 7.2390272958E-06	 7.2390272958E-06
    77   3   4	 7.0530971132E-03	 1.1336058886E-02	 7.2390272958E-06	 2.0853003856E-04
    77   3   5	 7.0530971132E-03	 1.2467111317E-02	 7.2390272958E-06	 9.7976405754E-05
    77   3   6	 7.0530971132E-03	 1.3346362620E-02	 7.2390272958E-06	 7.5798112145E-05
    77   4   4	 1.1336058886E-02	 1.1336058886E-02	 2.0853003856E-04	 2.0853003856E-04
    77   4   5	 1.1336058886E-02	 1.2467111317E-02	 2.0853003856E-04	 9.7976405754E-05
    77   4   6	 1.1336058886E-02	 1.3346362620E-02	 2.0853003856E-04	 7.5798112145E-05
    77   5   5	 1.2467111317E-02	 1.2467111317E-02	 9.7976405754E-05	 9.7976405754E-05
    77   5   6	 1.2467111317E-02	 1.3346362620E-02	 9.7976405754E-05	 7.5798112145E-05
    77   6   6	 1.3346362620E-02	 1.3346362620E-02	 7.5798112145E-05	 7.5798112145E-05
    78   1   1	 3.7516915335E-03	 3.7516915335E-03	 5.7123422103E-09	 5.7123422103E-09
    78   1   2	 3.7516915335E-03	 5.3087666369E-03	 5.7123422103E-09	 6.7967168111E-08
    78   1   3	 3.7516915335E-03	 7.1312422992E-03	 5.7123422103E-09	 5.6942330662E-06
    78   1   4	 3.7516915335E-03	 1.1744426588E-02	 5.7123422103E-09	 1.5020353423E-04
    78   1   5	 3.7516915335E-03	 1.2139449660E-02	 5.7123422103E-09	 1.3210754624E-04
    78   1   6	 3.7516915335E-03	 1.3335344188E-02	 5.7123422103E-09	 9.1216566870E-05
    78   2   2	 5.3087666369E-03	 5.3087666369E-03	 6.7967168111E-08	 6.7967168111E-08
    78   2   3	 5.3087666369E-03	 7.1312422992E-03	 6.7967168111E-08	 5.6942330662E-06
    78   2   4	 5.3087666369E-03	 1.1744426588E-02	 6.7967168111E-08	 1.5020353423E-04
    78   2   5	 5.3087666369E-03	 1.2139449660E-02	 6.7967168111E-08	 1.3210754624E-04
    78   2   6	 5.3087666369E-03	 1.3335344188E-02	 6.7967168111E-08	 9.1216566870E-05
    78   3   3	 7.1312422992E-03	 7.1312422992E-03	 5.6942330662E-06	 5.6942330662E-06
    78   3   4	 7.1312422992E-03	 1.1744426588E-02	 5.6942330662E-06	 1.5020353423E-04
    78   3   5	 7.1312422992E-03	 1.2139449660E-02	 5.6942330662E-06	 1.3210754624E-04
    78   3   6	 7.1312422992E-03	 1.3335344188E-02	 5.6942330662E-06	 9.1216566870E-05
    78   4   4	 1.1744426588E-02	 1.1744426588E-02	 1.5020353423E-04	 1.5020353423E-04
    78   4   5	 1.1744426588E-02	 1.2139449660E-02	 1.5020353423E-04	 1.3210754624E-04
    78   4   6	 1.1744426588E-02	 1.3335344188E-02	 1.5020353423E-04	 9.1216566870E-05
    78   5   5	 1.2139449660E-02	 1.2139449660E-02	 1.3210754624E-04	 1.3210754624E-04
    78   5   6	 1.2139449660E-02	 1.3335344188E-02	 1.3210754624E-04	 9.1216566870E-05
    78   6   6	 1.3335344188E-02	 1.3335344188E-02	 9.1216566870E-05	 9.1216566870E-05
    79   1   1	 2.5881441803E-03	 2.5881441803E-03	 3.4903831135E-09	 3.4903831135E-09
    79   1   2	 2.5881441803E-03	 5.6597270540E-03	 3.4903831135E-09	 2.1068010072E-04
    79   1   3	 2.5881441803E-03	 6.6265195334E-03	 3.4903831135E-09	 5.7127383691E-07
    79   1   4	 2.5881441803E-03	 8.7344667589E-03	 3.4903831135E-09	 1.6119844968E-04
    79   1   5	 2.5881441803E-03	 1.3474071662E-02	 3.4903831135E-09	 1.6875969538E-04
    79   1   6	 2.5881441803E-03	 1.3546481953E-02	 3.4903831135E-09	 3.1616380990E-04
    79   2   2	 5.6597270540E-03	 5.6597270540E-03	 2.1068010072E-04	 2.1068010072E-04
    79   2   3	 5.6597270540E-03	 6.6265195334E-03	 2.1068010072E-04	 5.7127383691E-07
    79   2   4	 5.6597270540E-03	 8.7344667589E-03	 2.1068010072E-04	 1.6119844968E-04
    79   2   5	 5.6597270540E-03	 1.3474071662E-02	 2.1068010072E-04	 1.6875969538E-04
    79   2   6	 5.6597270540E-03	 1.3546481953E-02	 2.1068010072E-04	 3.1616380990E-04
    79   3   3	 6.6265195334E-03	 6.6265195334E-03	 5.7127383691E-07	 5.7127383691E-07
    79   3   4	 6.6265195334E-03	 8.7344667589E-03	 5.7127383691E-07	 1.6119844968E-04
    79   3   5	 6.6265195334E-03	 1.3474071662E-02	 5.7127383691E-07	 1.6875969538E-04
    79   3   6	 6.6265195334E-03	 1.3546481953E-02	 5.7127383691E-07	 3.1616380990E-04
    79   4   4	 8.7344667589E-03	 8.7344667589E-03	 1.6119844968E-04	 1.6119844968E-04
    79   4   5	 8.7344667589E-03	 1.3474071662E-02	 1.6119844968E-04	 1.6875969538E-04
    79   4   6	 8.7344667589E-03	 1.3546481953E-02	 1.6119844968E-04	 3.1616380990E-04
    79   5   5	 1.3474071662E-02	 1.3474071662E-02	 1.6875969538E-04	 1.6875969538E-04
    79   5   6	 1.3474071662E-02	 1.3546481953E-02	 1.6875969538E-04	 3.1616380990E-04
    79   6   6	 1.3546481953E-02	 1.3546481953E-02	 3.1616380990E-04	 3.1616380990E-04
    80   1   1	 2.8260734384E-03	 2.8260734384E-03	 3.8817348106E-09	 3.8817348106E-09
    80   1   2	 2.8260734384E-03	 6.1148013569E-03	 3.8817348106E-09	 2.9680708513E-04
    80   1   3	 2.8260734384E-03	 6.3680254555E-03	 3.8817348106E-09	 4.0665850608E-07
    80   1   4	 2.8260734384E-03	 9.2254734958E-03	 3.8817348106E-09	 2.0670686506E-04
    80   1   5	 2.8260734384E-03	 1.3391233073E-02	 3.8817348106E-09	 1.7965057543E-04
    80   1   6	 2.8260734384E-03	 1.3476800476E-02	 3.8817348106E-09	 1.7662491726E-04
    80   2   2	 6.1148013569E-03	 6.1148013569E-03	 2.9680708513E-04	 2.9680708513E-04
    80   2   3	 6.1148013569E-03	 6.3680254555E-03	 2.9680708513E-04	 4.0665850608E-07
    80   2   4	 6.1148013569E-03	 9.2254734958E-03	 2.9680708513E-04	 2.0670686506E-04
    80   2   5	 6.1148013569E-03	 1.3391233073E-02	 2.9680708513E-04	 1.7965057543E-04
    80   2   6	 6.1148013569E-03	 1.3476800476E-02	 2.9680708513E-04	 1.7662491726E-04
    80   3   3	 6.3680254555E-03	 6.3680254555E-03	 4.0665850608E-07	 4.0665850608E-07
    80   3   4	 6.3680254555E-03	 9.2254734958E-03	 4.0665850608E-07	 2.0670686506E-04
    80   3   5	 6.3680254555E-03	 1.3391233073E-02	 4.0665850608E-07	 1.7965057543E-04
    80   3   6	 6.3680254555E-03	 1.3476800476E-02	 4.0665850608E-07	 1.7662491726E-04
    80   4   4	 9.2254734958E-03	 9.2254734958E-03	 2.0670686506E-04	 2.0670686506E-04
    80   4   5	 9.2254734958E-03	 1.3391233073E-02	 2.0670686506E-04	 1.7965057543E-04
    80   4   6	 9.2254734958E-03	 1.3476800476E-02	 2.0670686506E-04	 1.7662491726E-04
    80   5   5	 1.3391233073E-02	 1.3391233073E-02	 1.7965057543E-04	 1.7965057543E-04
    80   5   6	 1.3391233073E-02	 1.3476800476E-02	 1.7965057543E-04	 1.7662491726E-04
    80   6   6	 1.3476800476E-02	 1.3476800476E-02	 1.7662491726E-04	 1.7662491726E-04
    81   1   1	 3.0588320818E-03	 3.0588320818E-03	 4.2634640600E-09	 4.2634640600E-09
    81   1   2	 3.0588320818E-03	 6.1052038603E-03	 4.2634640600E-09	 2.6146444848E-07
    81   1   3	 3.0588320818E-03	 6.5264100461E-03	 4.2634640600E-09	 3.2501592030E-04
    81   1   4	 3.0588320818E-03	 9.7043611233E-03	 4.2634640600E-09	 2.7996845342E-04
    81   1   5	 3.0588320818E-03	 1.3228315482E-02	 4.2634640600E-09	 1.9021654876E-04
    81   1   6	 3.0588320818E-03	 1.3452560440E-02	 4.2634640600E-09	 1.0842976688E-04
    81   2   2	 6.1052038603E-03	 6.1052038603E-03	 2.6146444848E-07	 2.6146444848E-07
    81   2   3	 6.1052038603E-03	 6.5264100461E-03	 2.6146444848E-07	 3.2501592030E-04
    81   2   4	 6.1052038603E-03	 9.7043611233E-03	 2.6146444848E-07	 2.7996845342E-04
    81   2   5	 6.1052038603E-03	 1.3228315482E-02	 2.6146444848E-07	 1.9021654876E-04
    81   2   6	 6.1052038603E-03	 1.3452560440E-02	 2.6146444848E-07	 1.0842976688E-04
    81   3   3	 6.5264100461E-03	 6.5264100461E-03	 3.2501592030E-04	 3.2501592030E-04
    81   3   4	 6.5264100461E-03	 9.7043611233E-03	 3.2501592030E-04	 2.7996845342E-04
    81   3   5	 6.5264100461E-03	 1.3228315482E-02	 3.2501592030E-04	 1.9021654876E-04
    81   3   6	 6.5264100461E-03	 1.3452560440E-02	 3.2501592030E-04	 1.0842976688E-04
    81   4   4	 9.7043611233E-03	 9.7043611233E-03	 2.7996845342E-04	 2.7996845342E-04
    81   4   5	 9.7043611233E-03	 1.3228315482E-02	 2.7996845342E-04	 1.9021654876E-04
    81   4   6	 9.7043611233E-03	 1.3452560440E-02	 2.7996845342E-04	 1.0842976688E-04
    81   5   5	 1.3228315482E-02	 1.3228315482E-02	 1.9021654876E-04	 1.9021654876E-04
    81   5   6	 1.3228315482E-02	 1.3452560440E-02	 1.9021654876E-04	 1.0842976688E-04
    81   6   6	 1.3452560440E-02	 1.3452560440E-02	 1.0842976688E-04	 1.0842976688E-04
    82   1   1	 3.2840806912E-03	 3.2840806912E-03	 4.6245238169E-09	 4.6245238169E-09
    82   1   2	 3.2840806912E-03	 5.8456815446E-03	 4.6245238169E-09	 2.4105771086E-07
    82   1   3	 3.2840806912E-03	 6.8810097819E-03	 4.6245238169E-09	 1.9852123364E-04
    82   1   4	 3.2840806912E-03	 1.0169185275E-02	 4.6245238169E-09	 4.2892309939E-04
    82   1   5	 3.2840806912E-03	 1.3024601803E-02	 4.6245238169E-09	 1.9289829618E-04
    82   1   6	 3.2840806912E-03	 1.3433560330E-02	 4.6245238169E-09	 7.6373612961E-05
    82   2   2	 5.8456815446E-03	 5.8456815446E-03	 2.4105771086E-07	 2.4105771086E-07
    82   2   3	 5.8456815446E-03	 6.8810097819E-03	 2.4105771086E-07	 1.9852123364E-04
    82   2   4	 5.8456815446E-03	 1.0169185275E-02	 2.4105771086E-07	 4.2892309939E-04
    82   2   5	 5.8456815446E-03	 1.3024601803E-02	 2.4105771086E-07	 1.9289829618E-04
    82   2   6	 5.8456815446E-03	 1.3433560330E-02	 2.4105771086E-07	 7.6373612961E-05
    82   3   3	 6.8810097819E-03	 6.8810097819E-03	 1.9852123364E-04	 1.9852123364E-04
    82   3   4	 6.8810097819E-03	 1.0169185275E-02	 1.9852123364E-04	 4.2892309939E-04
    82   3   5	 6.8810097819E-03	 1.3024601803E-02	 1.9852123364E-04	 1.9289829618E-04
    82   3   6	 6.8810097819E-03	 1.3433560330E-02	 1.9852123364E-04	 7.6373612961E-05
    82   4   4	 1.0169185275E-02	 1.0169185275E-02	 4.2892309939E-04	 4.2892309939E-04
    82   4   5	 1.0169185275E-02	 1.3024601803E-02	 4.2892309939E-04	 1.9289829618E-04
    82   4   6	 1.0169185275E-02	 1.3433560330E-02	 4.2892309939E-04	 7.6373612961E-05
    82   5   5	 1.3024601803E-02	 1.3024601803E-02	 1.9289829618E-04	 1.9289829618E-04
    82   5   6	 1.3024601803E-02	 1.3433560330E-02	 1.9289829618E-04	 7.6373612961E-05
    82   6   6	 1.3433560330E-02	 1.3433560330E-02	 7.6373612961E-05	 7.6373612961E-05
    83   1   1	 3.4967298745E-03	 3.4967298745E-03	 4.9559598909E-09	 4.9559598909E-09
    83   1   2	 3.4967298745E-03	 5.5997532352E-03	 4.9559598909E-09	 1.4407861127E-07
    83   1   3	 3.4967298745E-03	 7.1677231504E-03	 4.9559598909E-09	 5.3556697258E-05
    83   1   4	 3.4967298745E-03	 1.0617406020E-02	 4.9559598909E-09	 3.4190985530E-04
    83   1   5	 3.4967298745E-03	 1.2783182828E-02	 4.9559598909E-09	 1.3809953581E-04
    83   1   6	 3.4967298745E-03	 1.3417179890E-02	 4.9559598909E-09	 7.0506217275E-05
    83   2   2	 5.5997532352E-03	 5.5997532352E-03	 1.4407861127E-07	 1.4407861127E-07
    83   2   3	 5.5997532352E-03	 7.1677231504E-03	 1.4407861127E-07	 5.3556697258E-05
    83   2   4	 5.5997532352E-03	 1.0617406020E-02	 1.4407861127E-07	 3.4190985530E-04
    83   2   5	 5.5997532352E-03	 1.2783182828E-02	 1.4407861127E-07	 1.3809953581E-04
    83   2   6	 5.5997532352E-03	 1.3417179890E-02	 1.4407861127E-07	 7.0506217275E-05
    83   3   3	 7.1677231504E-03	 7.1677231504E-03	 5.3556697258E-05	 5.3556697258E-05
    83   3   4	 7.1677231504E-03	 1.0617406020E-02	 5.3556697258E-05	 3.4190985530E-04
    83   3   5	 7.1677231504E-03	 1.2783182828E-02	 5.3556697258E-05	 1.3809953581E-04
    83   3   6	 7.1677231504E-03	 1.3417179890E-02	 5.3556697258E-05	 7.0506217275E-05
    83   4   4	 1.0617406020E-02	 1.0617406020E-02	 3.4190985530E-04	 3.4190985530E-04
    83   4   5	 1.0617406020E-02	 1.2783182828E-02	 3.4190985530E-04	 1.3809953581E-04
    83   4   6	 1.0617406020E-02	 1.3417179890E-02	 3.4190985530E-04	 7.0506217275E-05
    83   5   5	 1.2783182828E-02	 1.2783182828E-02	 1.3809953581E-04	 1.3809953581E-04
    83   5   6	 1.2783182828E-02	 1.3417179890E-02	 1.3809953581E-04	 7.0506217275E-05
    83   6   6	 1.3417179890E-02	 1.3417179890E-02	 7.0506217275E-05	 7.0506217275E-05
    84   1   1	 3.6853533498E-03	 3.6853533498E-03	 5.2476958708E-09	 5.2476958708E-09
    84   1   2	 3.6853533498E-03	 5.3835330018E-03	 5.2476958708E-09	 7.7633939040E-08
    84   1   3	 3.6853533498E-03	 7.3782695707E-03	 5.2476958708E-09	 1.5583044234E-05
    84   1   4	 3.6853533498E-03	 1.1045473563E-02	 5.2476958708E-09	 2.6125339994E-04
    84   1   5	 3.6853533498E-03	 1.2505252241E-02	 5.2476958708E-09	 1.0056286618E-04
    84   1   6	 3.6853533498E-03	 1.3404217895E-02	 5.2476958708E-09	 1.0587038217E-04
    84   2   2	 5.3835330018E-03	 5.3835330018E-03	 7.7633939040E-08	 7.7633939040E-08
    84   2   3	 5.3835330018E-03	 7.3782695707E-03	 7.7633939040E-08	 1.5583044234E-05
    84   2   4	 5.3835330018E-03	 1.1045473563E-02	 7.7633939040E-08	 2.6125339994E-04
    84   2   5	 5.3835330018E-03	 1.2505252241E-02	 7.7633939040E-08	 1.0056286618E-04
    84   2   6	 5.3835330018E-03	 1.3404217895E-02	 7.7633939040E-08	 1.0587038217E-04
    84   3   3	 7.3782695707E-03	 7.3782695707E-03	 1.5583044234E-05	 1.5583044234E-05
    84   3   4	 7.3782695707E-03	 1.1045473563E-02	 1.5583044234E-05	 2.6125339994E-04
    84   3   5	 7.3782695707E-03	 1.2505252241E-02	 1.5583044234E-05	 1.0056286618E-04
    84   3   6	 7.3782695707E-03	 1.3404217895E-02	 1.5583044234E-05	 1.0587038217E-04
    84   4   4	 1.1045473563E-02	 1.1045473563E-02	 2.6125339994E-04	 2.6125339994E-04
    84   4   5	 1.1045473563E-02	 1.2505252241E-02	 2.6125339994E-04	 1.0056286618E-04
    84   4   6	 1.1045473563E-02	 1.3404217895E-02	 2.6125339994E-04	 1.0587038217E-04
    84   5   5	 1.2505252241E-02	 1.2505252241E-02	 1.0056286618E-04	 1.0056286618E-04
    84   5   6	 1.2505252241E-02	 1.3404217895E-02	 1.0056286618E-04	 1.0587038217E-04
    84   6   6	 1.3404217895E-02	 1.3404217895E-02	 1.0587038217E-04	 1.0587038217E-04
    85   1   1	 3.8259286885E-03	 3.8259286885E-03	 5.4706225159E-09	 5.4706225159E-09
    85   1   2	 3.8259286885E-03	 5.2247825379E-03	 5.4706225159E-09	 4.0858443472E-08
    85   1   3	 3.8259286885E-03	 7.5068662351E-03	 5.4706225159E-09	 7.7343412770E-06
    85   1   4	 3.8259286885E-03	 1.1447491660E-02	 5.4706225159E-09	 2.9794883147E-04
    85   1   5	 3.8259286885E-03	 1.2194406230E-02	 5.4706225159E-09	 1.0186019798E-04
    85   1   6	 3.8259286885E-03	 1.3395829732E-02	 5.4706225159E-09	 1.1935368008E-04
    85   2   2	 5.2247825379E-03	 5.2247825379E-03	 4.0858443472E-08	 4.0858443472E-08
    85   2   3	 5.2247825379E-03	 7.5068662351E-03	 4.0858443472E-08	 7.7343412770E-06
    85   2   4	 5.2247825379E-03	 1.1447491660E-02	 4.0858443472E-08	 2.9794883147E-04
    85   2   5	 5.2247825379E-03	 1.2194406230E-02	 4.0858443472E-08	 1.0186019798E-04
    85   2   6	 5.2247825379E-03	 1.3395829732E-02	 4.0858443472E-08	 1.1935368008E-04
    85   3   3	 7.5068662351E-03	 7.5068662351E-03	 7.7343412770E-06	 7.7343412770E-06
    85   3   4	 7.5068662351E-03	 1.1447491660E-02	 7.7343412770E-06	 2.9794883147E-04
    85   3   5	 7.5068662351E-03	 1.2194406230E-02	 7.7343412770E-06	 1.0186019798E-04
    85   3   6	 7.5068662351E-03	 1.3395829732E-02	 7.7343412770E-06	 1.1935368008E-04
    85   4   4	 1.1447491660E-02	 1.1447491660E-02	 2.9794883147E-04	 2.9794883147E-04
    85   4   5	 1.1447491660E-02	 1.2194406230E-02	 2.9794883147E-04	 1.0186019798E-04
    85   4   6	 1.1447491660E-02	 1.3395829732E-02	 2.9794883147E-04	 1.1935368008E-04
    85   5   5	 1.2194406230E-02	 1.2194406230E-02	 1.0186019798E-04	 1.0186019798E-04
    85   5   6	 1.2194406230E-02	 1.3395829732E-02	 1.0186019798E-04	 1.1935368008E-04
    85   6   6	 1.3395829732E-02	 1.3395829732E-02	 1.1935368008E-04	 1.1935368008E-04
    86   1   1	 3.8804617733E-03	 3.8804617733E-03	 5.5335268080E-09	 5.5335268080E-09
    86   1   2	 3.8804617733E-03	 5.1639123659E-03	 5.5335268080E-09	 3.3414476749E-08
    86   1   3	 3.8804617733E-03	 7.5501065447E-03	 5.5335268080E-09	 6.3335749089E-06
    86   1   4	 3.8804617733E-03	 1.1754075463E-02	 5.5335268080E-09	 6.1160727011E-05
    86   1   5	 3.8804617733E-03	 1.1918407846E-02	 5.5335268080E-09	 2.0269554656E-04
    86   1   6	 3.8804617733E-03	 1.3392920674E-02	 5.5335268080E-09	 1.1431208183E-04
    86   2   2	 5.1639123659E-03	 5.1639123659E-03	 3.3414476749E-08	 3.3414476749E-08
    86   2   3	 5.1639123659E-03	 7.5501065447E-03	 3.3414476749E-08	 6.3335749089E-06
    86   2   4	 5.1639123659E-03	 1.1754075463E-02	 3.3414476749E-08	 6.1160727011E-05
    86   2   5	 5.1639123659E-03	 1.1918407846E-02	 3.3414476749E-08	 2.0269554656E-04
    86   2   6	 5.1639123659E-03	 1.3392920674E-02	 3.3414476749E-08	 1.1431208183E-04
    86   3   3	 7.5501065447E-03	 7.5501065447E-03	 6.3335749089E-06	 6.3335749089E-06
    86   3   4	 7.5501065447E-03	 1.1754075463E-02	 6.3335749089E-06	 6.1160727011E-05
    86   3   5	 7.5501065447E-03	 1.1918407846E-02	 6.3335749089E-06	 2.0269554656E-04
    86   3   6	 7.5501065447E-03	 1.3392920674E-02	 6.3335749089E-06	 1.1431208183E-04
    86   4   4	 1.1754075463E-02	 1.1754075463E-02	 6.1160727011E-05	 6.1160727011E-05
    86   4   5	 1.1754075463E-02	 1.1918407846E-02	 6.1160727011E-05	 2.0269554656E-04
    86   4   6	 1.1754075463E-02	 1.3392920674E-02	 6.1160727011E-05	 1.1431208183E-04
    86   5   5	 1.1918407846E-02	 1.1918407846E-02	 2.0269554656E-04	 2.0269554656E-04
    86   5   6	 1.1918407846E-02	 1.3392920674E-02	 2.0269554656E-04	 1.1431208183E-04
    86   6   6	 1.3392920674E-02	 1.3392920674E-02	 1.1431208183E-04	 1.1431208183E-04
    87   1   1	 3.0473766081E-03	 3.0473766081E-03	 4.0698390091E-09	 4.0698390091E-09
    87   1   2	 3.0473766081E-03	 6.1150005190E-03	 4.0698390091E-09	 2.6318441138E-07
    87   1   3	 3.0473766081E-03	 6.5790195033E-03	 4.0698390091E-09	 3.0990652878E-04
    87   1   4	 3.0473766081E-03	 9.6426020409E-03	 4.0698390091E-09	 2.4495121183E-04
    87   1   5	 3.0473766081E-03	 1.3236151906E-02	 4.0698390091E-09	 2.3982945668E-04
    87   1   6	 3.0473766081E-03	 1.3454642612E-02	 4.0698390091E-09	 1.2729283184E-04
    87   2   2	 6.1150005190E-03	 6.1150005190E-03	 2.6318441138E-07	 2.6318441138E-07
    87   2   3	 6.1150005190E-03	 6.5790195033E-03	 2.6318441138E-07	 3.0990652878E-04
    87   2   4	 6.1150005190E-03	 9.6426020409E-03	 2.6318441138E-07	 2.4495121183E-04
    87   2   5	 6.1150005190E-03	 1.3236151906E-02	 2.6318441138E-07	 2.3982945668E-04
    87   2   6	 6.1150005190E-03	 1.3454642612E-02	 2.6318441138E-07	 1.2729283184E-04
    87   3   3	 6.5790195033E-03	 6.5790195033E-03	 3.0990652878E-04	 3.0990652878E-04
    87   3   4	 6.5790195033E-03	 9.6426020409E-03	 3.0990652878E-04	 2.4495121183E-04
    87   3   5	 6.5790195033E-03	 1.3236151906E-02	 3.0990652878E-04	 2.3982945668E-04
    87   3   6	 6.5790195033E-03	 1.3454642612E-02	 3.0990652878E-04	 1.2729283184E-04
    87   4   4	 9.6426020409E-03	 9.6426020409E-03	 2.4495121183E-04	 2.4495121183E-04
    87   4   5	 9.6426020409E-03	 1.3236151906E-02	 2.4495121183E-04	 2.3982945668E-04
    87   4   6	 9.6426020409E-03	 1.3454642612E-02	 2.4495121183E-04	 1.2729283184E-04
    87   5   5	 1.3236151906E-02	 1.3236151906E-02	 2.3982945668E-04	 2.3982945668E-04
    87   5   6	 1.3236151906E-02	 1.3454642612E-02	 2.3982945668E-04	 1.2729283184E-04
    87   6   6	 1.3454642612E-02	 1.3454642612E-02	 1.2729283184E-04	 1.2729283184E-04
    88   1   1	 3.2757459121E-03	 3.2757459121E-03	 4.4033992987E-09	 4.4033992987E-09
    88   1   2	 3.2757459121E-03	 5.8546080215E-03	 4.4033992987E-09	 2.3129386235E-07
    88   1   3	 3.2757459121E-03	 7.0042067776E-03	 4.4033992987E-09	 3.5635980571E-04
    88   1   4	 3.2757459121E-03	 1.0036698106E-02	 4.4033992987E-09	 3.4014367561E-04
    88   1   5	 3.2757459121E-03	 1.3034566803E-02	 4.4033992987E-09	 1.6756568358E-04
    88   1   6	 3.2757459121E-03	 1.3450847478E-02	 4.4033992987E-09	 9.3471235547E-05
    88   2   2	 5.8546080215E-03	 5.8546080215E-03	 2.3129386235E-07	 2.3129386235E-07
    88   2   3	 5.8546080215E-03	 7.0042067776E-03	 2.3129386235E-07	 3.5635980571E-04
    88   2   4	 5.8546080215E-03	 1.0036698106E-02	 2.3129386235E-07	 3.4014367561E-04
    88   2   5	 5.8546080215E-03	 1.3034566803E-02	 2.3129386235E-07	 1.6756568358E-04
    88   2   6	 5.8546080215E-03	 1.3450847478E-02	 2.3129386235E-07	 9.3471235547E-05
    88   3   3	 7.0042067776E-03	 7.0042067776E-03	 3.5635980571E-04	 3.5635980571E-04
    88   3   4	 7.0042067776E-03	 1.0036698106E-02	 3.5635980571E-04	 3.4014367561E-04
    88   3   5	 7.0042067776E-03	 1.3034566803E-02	 3.5635980571E-04	 1.6756568358E-04
    88   3   6	 7.0042067776E-03	 1.3450847478E-02	 3.5635980571E-04	 9.3471235547E-05
    88   4   4	 1.0036698106E-02	 1.0036698106E-02	 3.4014367561E-04	 3.4014367561E-04
    88   4   5	 1.0036698106E-02	 1.3034566803E-02	 3.4014367561E-04	 1.6756568358E-04
    88   4   6	 1.0036698106E-02	 1.3450847478E-02	 3.4014367561E-04	 9.3471235547E-05
    88   5   5	 1.3034566803E-02	 1.3034566803E-02	 1.6756568358E-04	 1.6756568358E-04
    88   5   6	 1.3034566803E-02	 1.3450847478E-02	 1.6756568358E-04	 9.3471235547E-05
    88   6   6	 1.3450847478E-02	 1.3450847478E-02	 9.3471235547E-05	 9.3471235547E-05
    89   1   1	 3.4967298745E-03	 3.4967298745E-03	 4.7138907646E-09	 4.7138907646E-09
    89   1   2	 3.4967298745E-03	 5.5997532352E-03	 4.7138907646E-09	 1.5125442078E-07
    89   1   3	 3.4967298745E-03	 7.3666864110E-03	 4.7138907646E-09	 2.3362998290E-04
    89   1   4	 3.4967298745E-03	 1.0422489979E-02	 4.7138907646E-09	 4.8041812468E-04
    89   1   5	 3.4967298745E-03	 1.2798224178E-02	 4.7138907646E-09	 1.3761110473E-04
    89   1   6	 3.4967298745E-03	 1.3447867378E-02	 4.7138907646E-09	 9.0001933627E-05
    89   2   2	 5.5997532352E-03	 5.5997532352E-03	 1.5125442078E-07	 1.5125442078E-07
    89   2   3	 5.5997532352E-03	 7.3666864110E-03	 1.5125442078E-07	 2.3362998290E-04
    89   2   4	 5.5997532352E-03	 1.0422489979E-02	 1.5125442078E-07	 4.8041812468E-04
    89   2   5	 5.5997532352E-03	 1.2798224178E-02	 1.5125442078E-07	 1.3761110473E-04
    89   2   6	 5.5997532352E-03	 1.3447867378E-02	 1.5125442078E-07	 9.0001933627E-05
    89   3   3	 7.3666864110E-03	 7.3666864110E-03	 2.3362998290E-04	 2.3362998290E-04
    89   3   4	 7.3666864110E-03	 1.0422489979E-02	 2.3362998290E-04	 4.8041812468E-04
    89   3   5	 7.3666864110E-03	 1.2798224178E-02	 2.3362998290E-04	 1.3761110473E-04
    89   3   6	 7.3666864110E-03	 1.3447867378E-02	 2.3362998290E-04	 9.0001933627E-05
    89   4   4	 1.0422489979E-02	 1.0422489979E-02	 4.8041812468E-04	 4.8041812468E-04
    89   4   5	 1.0422489979E-02	 1.2798224178E-02	 4.8041812468E-04	 1.3761110473E-04
    89   4   6	 1.0422489979E-02	 1.3447867378E-02	 4.8041812468E-04	 9.0001933627E-05
    89   5   5	 1.2798224178E-02	 1.2798224178E-02	 1.3761110473E-04	 1.3761110473E-04
    89   5   6	 1.2798224178E-02	 1.3447867378E-02	 1.3761110473E-04	 9.0001933627E-05
    89   6   6	 1.3447867378E-02	 1.3447867378E-02	 9.0001933627E-05	 9.0001933627E-05
    90   1   1	 3.7045757317E-03	 3.7045757317E-03	 4.9922480118E-09	 4.9922480118E-09
    90   1   2	 3.7045757317E-03	 5.3612267968E-03	 4.9922480118E-09	 6.2638657382E-08
    90   1   3	 3.7045757317E-03	 7.6513351683E-03	 4.9922480118E-09	 5.7317636945E-05
    90   1   4	 3.7045757317E-03	 1.0801247842E-02	 4.9922480118E-09	 3.1247576768E-04
    90   1   5	 3.7045757317E-03	 1.2529081243E-02	 4.9922480118E-09	 9.3221514905E-05
    90   1   6	 3.7045757317E-03	 1.3445542632E-02	 4.9922480118E-09	 1.0797675174E-04
    90   2   2	 5.3612267968E-03	 5.3612267968E-03	 6.2638657382E-08	 6.2638657382E-08
    90   2   3	 5.3612267968E-03	 7.6513351683E-03	 6.2638657382E-08	 5.7317636945E-05
    90   2   4	 5.3612267968E-03	 1.0801247842E-02	 6.2638657382E-08	 3.1247576768E-04
    90   2   5	 5.3612267968E-03	 1.2529081243E-02	 6.2638657382E-08	 9.3221514905E-05
    90   2   6	 5.3612267968E-03	 1.3445542632E-02	 6.2638657382E-08	 1.0797675174E-04
    90   3   3	 7.6513351683E-03	 7.6513351683E-03	 5.7317636945E-05	 5.7317636945E-05
    90   3   4	 7.6513351683E-03	 1.0801247842E-02	 5.7317636945E-05	 3.1247576768E-04
    90   3   5	 7.6513351683E-03	 1.2529081243E-02	 5.7317636945E-05	 9.3221514905E-05
    90   3   6	 7.6513351683E-03	 1.3445542632E-02	 5.7317636945E-05	 1.0797675174E-04
    90   4   4	 1.0801247842E-02	 1.0801247842E-02	 3.1247576768E-04	 3.1247576768E-04
    90   4   5	 1.0801247842E-02	 1.2529081243E-02	 3.1247576768E-04	 9.3221514905E-05
    90   4   6	 1.0801247842E-02	 1.3445542632E-02	 3.1247576768E-04	 1.0797675174E-04
    90   5   5	 1.2529081243E-02	 1.2529081243E-02	 9.3221514905E-05	 9.3221514905E-05
    90   5   6	 1.2529081243E-02	 1.3445542632E-02	 9.3221514905E-05	 1.0797675174E-04
    90   6   6	 1.3445542632E-02	 1.3445542632E-02	 1.0797675174E-04	 1.0797675174E-04
    91   1   1	 3.8841637254E-03	 3.8841637254E-03	 5.2254249615E-09	 5.2254249615E-09
    91   1   2	 3.8841637254E-03	 5.1584887297E-03	 5.2254249615E-09	 3.1401692460E-08
    91   1   3	 3.8841637254E-03	 7.8469025402E-03	 5.2254249615E-09	 1.3427608398E-05
    91   1   4	 3.8841637254E-03	 1.1170935686E-02	 5.2254249615E-09	 3.3840069467E-04
    91   1   5	 3.8841637254E-03	 1.2231576381E-02	 5.2254249615E-09	 7.5998317630E-05
    91   1   6	 3.8841637254E-03	 1.3443900762E-02	 5.2254249615E-09	 1.2931771332E-04
    91   2   2	 5.1584887297E-03	 5.1584887297E-03	 3.1401692460E-08	 3.1401692460E-08
    91   2   3	 5.1584887297E-03	 7.8469025402E-03	 3.1401692460E-08	 1.3427608398E-05
    91   2   4	 5.1584887297E-03	 1.1170935686E-02	 3.1401692460E-08	 3.3840069467E-04
    91   2   5	 5.1584887297E-03	 1.2231576381E-02	 3.1401692460E-08	 7.5998317630E-05
    91   2   6	 5.1584887297E-03	 1.3443900762E-02	 3.1401692460E-08	 1.2931771332E-04
    91   3   3	 7.8469025402E-03	 7.8469025402E-03	 1.3427608398E-05	 1.3427608398E-05
    91   3   4	 7.8469025402E-03	 1.1170935686E-02	 1.3427608398E-05	 3.3840069467E-04
    91   3   5	 7.8469025402E-03	 1.2231576381E-02	 1.3427608398E-05	 7.5998317630E-05
    91   3   6	 7.8469025402E-03	 1.3443900762E-02	 1.3427608398E-05	 1.2931771332E-04
    91   4   4	 1.1170935686E-02	 1.1170935686E-02	 3.3840069467E-04	 3.3840069467E-04
    91   4   5	 1.1170935686E-02	 1.2231576381E-02	 3.3840069467E-04	 7.5998317630E-05
    91   4   6	 1.1170935686E-02	 1.3443900762E-02	 3.3840069467E-04	 1.2931771332E-04
    91   5   5	 1.2231576381E-02	 1.2231576381E-02	 7.5998317630E-05	 7.5998317630E-05
    91   5   6	 1.2231576381E-02	 1.3443900762E-02	 7.5998317630E-05	 1.2931771332E-04
    91   6   6	 1.3443900762E-02	 1.3443900762E-02	 1.2931771332E-04	 1.2931771332E-04
    92   1   1	 3.9994960198E-03	 3.9994960198E-03	 5.3618712623E-09	 5.3618712623E-09
    92   1   2	 3.9994960198E-03	 5.0307329128E-03	 5.3618712623E-09	 2.0693547275E-08
    92   1   3	 3.9994960198E-03	 7.9463229749E-03	 5.3618712623E-09	 6.7230779394E-06
    92   1   4	 3.9994960198E-03	 1.1516426721E-02	 5.3618712623E-09	 1.4560436534E-04
    92   1   5	 3.9994960198E-03	 1.1922014012E-02	 5.3618712623E-09	 1.4054458525E-04
    92   1   6	 3.9994960198E-03	 1.3443040754E-02	 5.3618712623E-09	 1.2412931142E-04
    92   2   2	 5.0307329128E-03	 5.0307329128E-03	 2.0693547275E-08	 2.0693547275E-08
    92   2   3	 5.0307329128E-03	 7.9463229749E-03	 2.0693547275E-08	 6.7230779394E-06
    92   2   4	 5.0307329128E-03	 1.1516426721E-02	 2.0693547275E-08	 1.4560436534E-04
    92   2   5	 5.0307329128E-03	 1.1922014012E-02	 2.0693547275E-08	 1.4054458525E-04
    92   2   6	 5.0307329128E-03	 1.3443040754E-02	 2.0693547275E-08	 1.2412931142E-04
    92   3   3	 7.9463229749E-03	 7.9463229749E-03	 6.7230779394E-06	 6.7230779394E-06
    92   3   4	 7.9463229749E-03	 1.1516426721E-02	 6.7230779394E-06	 1.4560436534E-04
    92   3   5	 7.9463229749E-03	 1.1922014012E-02	 6.7230779394E-06	 1.4054458525E-04
    92   3   6	 7.9463229749E-03	 1.3443040754E-02	 6.7230779394E-06	 1.2412931142E-04
    92   4   4	 1.1516426721E-02	 1.1516426721E-02	 1.4560436534E-04	 1.4560436534E-04
    92   4   5	 1.1516426721E-02	 1.1922014012E-02	 1.4560436534E-04	 1.4054458525E-04
    92   4   6	 1.1516426721E-02	 1.3443040754E-02	 1.4560436534E-04	 1.2412931142E-04
    92   5   5	 1.1922014012E-02	 1.1922014012E-02	 1.4054458525E-04	 1.4054458525E-04
    92   5   6	 1.1922014012E-02	 1.3443040754E-02	 1.4054458525E-04	 1.2412931142E-04
    92   6   6	 1.3443040754E-02	 1.3443040754E-02	 1.2412931142E-04	 1.2412931142E-04
    93   1   1	 3.4967298745E-03	 3.4967298745E-03	 4.5434402670E-09	 4.5434402670E-09
    93   1   2	 3.4967298745E-03	 5.5997532352E-03	 4.5434402670E-09	 1.5450166108E-07
    93   1   3	 3.4967298745E-03	 7.4416251119E-03	 4.5434402670E-09	 3.0477264976E-04
    93   1   4	 3.4967298745E-03	 1.0349551578E-02	 4.5434402670E-09	 3.8526331869E-04
    93   1   5	 3.4967298745E-03	 1.2803188758E-02	 4.5434402670E-09	 1.3962650573E-04
    93   1   6	 3.4967298745E-03	 1.3458209413E-02	 4.5434402670E-09	 9.9953405041E-05
    93   2   2	 5.5997532352E-03	 5.5997532352E-03	 1.5450166108E-07	 1.5450166108E-07
    93   2   3	 5.5997532352E-03	 7.4416251119E-03	 1.5450166108E-07	 3.0477264976E-04
    93   2   4	 5.5997532352E-03	 1.0349551578E-02	 1.5450166108E-07	 3.8526331869E-04
    93   2   5	 5.5997532352E-03	 1.2803188758E-02	 1.5450166108E-07	 1.3962650573E-04
    93   2   6	 5.5997532352E-03	 1.3458209413E-02	 1.5450166108E-07	 9.9953405041E-05
    93   3   3	 7.4416251119E-03	 7.4416251119E-03	 3.0477264976E-04	 3.0477264976E-04
    93   3   4	 7.4416251119E-03	 1.0349551578E-02	 3.0477264976E-04	 3.8526331869E-04
    93   3   5	 7.4416251119E-03	 1.2803188758E-02	 3.0477264976E-04	 1.3962650573E-04
    93   3   6	 7.4416251119E-03	 1.3458209413E-02	 3.0477264976E-04	 9.9953405041E-05
    93   4   4	 1.0349551578E-02	 1.0349551578E-02	 3.8526331869E-04	 3.8526331869E-04
    93   4   5	 1.0349551578E-02	 1.2803188758E-02	 3.8526331869E-04	 1.3962650573E-04
    93   4   6	 1.0349551578E-02	 1.3458209413E-02	 3.8526331869E-04	 9.9953405041E-05
    93   5   5	 1.2803188758E-02	 1.2803188758E-02	 1.3962650573E-04	 1.3962650573E-04
    93   5   6	 1.2803188758E-02	 1.3458209413E-02	 1.3962650573E-04	 9.9953405041E-05
    93   6   6	 1.3458209413E-02	 1.3458209413E-02	 9.9953405041E-05	 9.9953405041E-05
    94   1   1	 3.7133578007E-03	 3.7133578007E-03	 4.8074161529E-09	 4.8074161529E-09
    94   1   2	 3.7133578007E-03	 5.3504990705E-03	 4.8074161529E-09	 6.2191208507E-08
    94   1   3	 3.7133578007E-03	 7.8147299437E-03	 4.8074161529E-09	 1.8378954629E-04
    94   1   4	 3.7133578007E-03	 1.0653729922E-02	 4.8074161529E-09	 4.9869333547E-04
    94   1   5	 3.7133578007E-03	 1.2541223491E-02	 4.8074161529E-09	 1.1028526376E-04
    94   1   6	 3.7133578007E-03	 1.3466925976E-02	 4.8074161529E-09	 1.0629923236E-04
    94   2   2	 5.3504990705E-03	 5.3504990705E-03	 6.2191208507E-08	 6.2191208507E-08
    94   2   3	 5.3504990705E-03	 7.8147299437E-03	 6.2191208507E-08	 1.8378954629E-04
    94   2   4	 5.3504990705E-03	 1.0653729922E-02	 6.2191208507E-08	 4.9869333547E-04
    94   2   5	 5.3504990705E-03	 1.2541223491E-02	 6.2191208507E-08	 1.1028526376E-04
    94   2   6	 5.3504990705E-03	 1.3466925976E-02	 6.2191208507E-08	 1.0629923236E-04
    94   3   3	 7.8147299437E-03	 7.8147299437E-03	 1.8378954629E-04	 1.8378954629E-04
    94   3   4	 7.8147299437E-03	 1.0653729922E-02	 1.8378954629E-04	 4.9869333547E-04
    94   3   5	 7.8147299437E-03	 1.2541223491E-02	 1.8378954629E-04	 1.1028526376E-04
    94   3   6	 7.8147299437E-03	 1.3466925976E-02	 1.8378954629E-04	 1.0629923236E-04
    94   4   4	 1.0653729922E-02	 1.0653729922E-02	 4.9869333547E-04	 4.9869333547E-04
    94   4   5	 1.0653729922E-02	 1.2541223491E-02	 4.9869333547E-04	 1.1028526376E-04
    94   4   6	 1.0653729922E-02	 1.3466925976E-02	 4.9869333547E-04	 1.0629923236E-04
    94   5   5	 1.2541223491E-02	 1.2541223491E-02	 1.1028526376E-04	 1.1028526376E-04
    94   5   6	 1.2541223491E-02	 1.3466925976E-02	 1.1028526376E-04	 1.0629923236E-04
    94   6   6	 1.3466925976E-02	 1.3466925976E-02	 1.0629923236E-04	 1.0629923236E-04
    95   1   1	 3.9183107925E-03	 3.9183107925E-03	 5.0332947392E-09	 5.0332947392E-09
    95   1   2	 3.9183107925E-03	 5.1182207768E-03	 5.0332947392E-09	 2.6356441381E-08
    95   1   3	 3.9183107925E-03	 8.0988449332E-03	 5.0332947392E-09	 3.4425855378E-05
    95   1   4	 3.9183107925E-03	 1.0959979427E-02	 5.0332947392E-09	 4.0245802008E-04
    95   1   5	 3.9183107925E-03	 1.2253911524E-02	 5.0332947392E-09	 8.7896497040E-05
    95   1   6	 3.9183107925E-03	 1.3474399218E-02	 5.0332947392E-09	 1.4676365944E-04
    95   2   2	 5.1182207768E-03	 5.1182207768E-03	 2.6356441381E-08	 2.6356441381E-08
    95   2   3	 5.1182207768E-03	 8.0988449332E-03	 2.6356441381E-08	 3.4425855378E-05
    95   2   4	 5.1182207768E-03	 1.0959979427E-02	 2.6356441381E-08	 4.0245802008E-04
    95   2   5	 5.1182207768E-03	 1.2253911524E-02	 2.6356441381E-08	 8.7896497040E-05
    95   2   6	 5.1182207768E-03	 1.3474399218E-02	 2.6356441381E-08	 1.4676365944E-04
    95   3   3	 8.0988449332E-03	 8.0988449332E-03	 3.4425855378E-05	 3.4425855378E-05
    95   3   4	 8.0988449332E-03	 1.0959979427E-02	 3.4425855378E-05	 4.0245802008E-04
    95   3   5	 8.0988449332E-03	 1.2253911524E-02	 3.4425855378E-05	 8.7896497040E-05
    95   3   6	 8.0988449332E-03	 1.3474399218E-02	 3.4425855378E-05	 1.4676365944E-04
    95   4   4	 1.0959979427E-02	 1.0959979427E-02	 4.0245802008E-04	 4.0245802008E-04
    95   4   5	 1.0959979427E-02	 1.2253911524E-02	 4.0245802008E-04	 8.7896497040E-05
    95   4   6	 1.0959979427E-02	 1.3474399218E-02	 4.0245802008E-04	 1.4676365944E-04
    95   5   5	 1.2253911524E-02	 1.2253911524E-02	 8.7896497040E-05	 8.7896497040E-05
    95   5   6	 1.2253911524E-02	 1.3474399218E-02	 8.7896497040E-05	 1.4676365944E-04
    95   6   6	 1.3474399218E-02	 1.3474399218E-02	 1.4676365944E-04	 1.4676365944E-04
    96   1   1	 4.0913834651E-03	 4.0913834651E-03	 5.1970743032E-09	 5.1970743032E-09
    96   1   2	 4.0913834651E-03	 4.9270383251E-03	 5.1970743032E-09	 1.2470680492E-08
    96   1   3	 4.0913834651E-03	 8.2764744771E-03	 5.1970743032E-09	 7.3682770723E-06
    96   1   4	 4.0913834651E-03	 1.1267359660E-02	 5.1970743032E-09	 2.7747242890E-04
    96   1   5	 4.0913834651E-03	 1.1953240932E-02	 5.1970743032E-09	 7.0671980491E-05
    96   1   6	 4.0913834651E-03	 1.3479398402E-02	 5.1970743032E-09	 1.6141118689E-04
    96   2   2	 4.9270383251E-03	 4.9270383251E-03	 1.2470680492E-08	 1.2470680492E-08
    96   2   3	 4.9270383251E-03	 8.2764744771E-03	 1.2470680492E-08	 7.3682770723E-06
    96   2   4	 4.9270383251E-03	 1.1267359660E-02	 1.2470680492E-08	 2.7747242890E-04
    96   2   5	 4.9270383251E-03	 1.1953240932E-02	 1.2470680492E-08	 7.0671980491E-05
    96   2   6	 4.9270383251E-03	 1.3479398402E-02	 1.2470680492E-08	 1.6141118689E-04
    96   3   3	 8.2764744771E-03	 8.2764744771E-03	 7.3682770723E-06	 7.3682770723E-06
    96   3   4	 8.2764744771E-03	 1.1267359660E-02	 7.3682770723E-06	 2.7747242890E-04
    96   3   5	 8.2764744771E-03	 1.1953240932E-02	 7.3682770723E-06	 7.0671980491E-05
    96   3   6	 8.2764744771E-03	 1.3479398402E-02	 7.3682770723E-06	 1.6141118689E-04
    96   4   4	 1.1267359660E-02	 1.1267359660E-02	 2.7747242890E-04	 2.7747242890E-04
    96   4   5	 1.1267359660E-02	 1.1953240932E-02	 2.7747242890E-04	 7.0671980491E-05
    96   4   6	 1.1267359660E-02	 1.3479398402E-02	 2.7747242890E-04	 1.6141118689E-04
    96   5   5	 1.1953240932E-02	 1.1953240932E-02	 7.0671980491E-05	 7.0671980491E-05
    96   5   6	 1.1953240932E-02	 1.3479398402E-02	 7.0671980491E-05	 1.6141118689E-04
    96   6   6	 1.3479398402E-02	 1.3479398402E-02	 1.6141118689E-04	 1.6141118689E-04
    97   1   1	 4.1699813536E-03	 4.1699813536E-03	 5.1797161727E-09	 5.1797161727E-09
    97   1   2	 4.1699813536E-03	 4.8421067169E-03	 5.1797161727E-09	 9.6438977428E-09
    97   1   3	 4.1699813536E-03	 8.3368556034E-03	 5.1797161727E-09	 4.9378923167E-06
    97   1   4	 4.1699813536E-03	 1.1493805355E-02	 5.1797161727E-09	 5.2888227311E-05
    97   1   5	 4.1699813536E-03	 1.1728272895E-02	 5.1797161727E-09	 1.6092084186E-04
    97   1   6	 4.1699813536E-03	 1.3481152935E-02	 5.1797161727E-09	 1.6493532184E-04
    97   2   2	 4.8421067169E-03	 4.8421067169E-03	 9.6438977428E-09	 9.6438977428E-09
    97   2   3	 4.8421067169E-03	 8.3368556034E-03	 9.6438977428E-09	 4.9378923167E-06
    97   2   4	 4.8421067169E-03	 1.1493805355E-02	 9.6438977428E-09	 5.2888227311E-05
    97   2   5	 4.8421067169E-03	 1.1728272895E-02	 9.6438977428E-09	 1.6092084186E-04
    97   2   6	 4.8421067169E-03	 1.3481152935E-02	 9.6438977428E-09	 1.6493532184E-04
    97   3   3	 8.3368556034E-03	 8.3368556034E-03	 4.9378923167E-06	 4.9378923167E-06
    97   3   4	 8.3368556034E-03	 1.1493805355E-02	 4.9378923167E-06	 5.2888227311E-05
    97   3   5	 8.3368556034E-03	 1.1728272895E-02	 4.9378923167E-06	 1.6092084186E-04
    97   3   6	 8.3368556034E-03	 1.3481152935E-02	 4.9378923167E-06	 1.6493532184E-04
    97   4   4	 1.1493805355E-02	 1.1493805355E-02	 5.2888227311E-05	 5.2888227311E-05
    97   4   5	 1.1493805355E-02	 1.1728272895E-02	 5.2888227311E-05	 1.6092084186E-04
    97   4   6	 1.1493805355E-02	 1.3481152935E-02	 5.2888227311E-05	 1.6493532184E-04
    97   5   5	 1.1728272895E-02	 1.1728272895E-02	 1.6092084186E-04	 1.6092084186E-04
    97   5   6	 1.1728272895E-02	 1.3481152935E-02	 1.6092084186E-04	 1.6493532184E-04
    97   6   6	 1.3481152935E-02	 1.3481152935E-02	 1.6493532184E-04	 1.6493532184E-04
    98   1   1	 3.9220510878E-03	 3.9220510878E-03	 4.9373820627E-09	 4.9373820627E-09
    98   1   2	 3.9220510878E-03	 5.1104883320E-03	 4.9373820627E-09	 2.4822762647E-08
    98   1   3	 3.9220510878E-03	 8.1999366711E-03	 4.9373820627E-09	 6.6722793035E-05
    98   1   4	 3.9220510878E-03	 1.0872461517E-02	 4.9373820627E-09	 5.6138261200E-04
    98   1   5	 3.9220510878E-03	 1.2263530042E-02	 4.9373820627E-09	 1.0304119142E-04
    98   1   6	 3.9220510878E-03	 1.3484385015E-02	 4.9373820627E-09	 1.3288791837E-04
    98   2   2	 5.1104883320E-03	 5.1104883320E-03	 2.4822762647E-08	 2.4822762647E-08
    98   2   3	 5.1104883320E-03	 8.1999366711E-03	 2.4822762647E-08	 6.6722793035E-05
    98   2   4	 5.1104883320E-03	 1.0872461517E-02	 2.4822762647E-08	 5.6138261200E-04
    98   2   5	 5.1104883320E-03	 1.2263530042E-02	 2.4822762647E-08	 1.0304119142E-04
    98   2   6	 5.1104883320E-03	 1.3484385015E-02	 2.4822762647E-08	 1.3288791837E-04
    98   3   3	 8.1999366711E-03	 8.1999366711E-03	 6.6722793035E-05	 6.6722793035E-05
    98   3   4	 8.1999366711E-03	 1.0872461517E-02	 6.6722793035E-05	 5.6138261200E-04
    98   3   5	 8.1999366711E-03	 1.2263530042E-02	 6.6722793035E-05	 1.0304119142E-04
    98   3   6	 8.1999366711E-03	 1.3484385015E-02	 6.6722793035E-05	 1.3288791837E-04
    98   4   4	 1.0872461517E-02	 1.0872461517E-02	 5.6138261200E-04	 5.6138261200E-04
    98   4   5	 1.0872461517E-02	 1.2263530042E-02	 5.6138261200E-04	 1.0304119142E-04
    98   4   6	 1.0872461517E-02	 1.3484385015E-02	 5.6138261200E-04	 1.3288791837E-04
    98   5   5	 1.2263530042E-02	 1.2263530042E-02	 1.0304119142E-04	 1.0304119142E-04
    98   5   6	 1.2263530042E-02	 1.3484385015E-02	 1.0304119142E-04	 1.3288791837E-04
    98   6   6	 1.3484385015E-02	 1.3484385015E-02	 1.3288791837E-04	 1.3288791837E-04
    99   1   1	 4.1277204356E-03	 4.1277204356E-03	 5.1202351309E-09	 5.1202351309E-09
    99   1   2	 4.1277204356E-03	 4.8815631602E-03	 5.1202351309E-09	 9.0328292274E-09
    99   1   3	 4.1277204356E-03	 8.4792765913E-03	 5.1202351309E-09	 8.1856814243E-06
    99   1   4	 4.1277204356E-03	 1.1104546872E-02	 5.1202351309E-09	 4.0910284427E-04
    99   1   5	 4.1277204356E-03	 1.1972756464E-02	 5.1202351309E-09	 9.3396922229E-05
    99   1   6	 4.1277204356E-03	 1.3497710606E-02	 5.1202351309E-09	 1.7108009916E-04
    99   2   2	 4.8815631602E-03	 4.8815631602E-03	 9.0328292274E-09	 9.0328292274E-09
    99   2   3	 4.8815631602E-03	 8.4792765913E-03	 9.0328292274E-09	 8.1856814243E-06
    99   2   4	 4.8815631602E-03	 1.1104546872E-02	 9.0328292274E-09	 4.0910284427E-04
    99   2   5	 4.8815631602E-03	 1.1972756464E-02	 9.0328292274E-09	 9.3396922229E-05
    99   2   6	 4.8815631602E-03	 1.3497710606E-02	 9.0328292274E-09	 1.7108009916E-04
    99   3   3	 8.4792765913E-03	 8.4792765913E-03	 8.1856814243E-06	 8.1856814243E-06
    99   3   4	 8.4792765913E-03	 1.1104546872E-02	 8.1856814243E-06	 4.0910284427E-04
    99   3   5	 8.4792765913E-03	 1.1972756464E-02	 8.1856814243E-06	 9.3396922229E-05
    99   3   6	 8.4792765913E-03	 1.3497710606E-02	 8.1856814243E-06	 1.7108009916E-04
    99   4   4	 1.1104546872E-02	 1.1104546872E-02	 4.0910284427E-04	 4.0910284427E-04
    99   4   5	 1.1104546872E-02	 1.1972756464E-02	 4.0910284427E-04	 9.3396922229E-05
    99   4   6	 1.1104546872E-02	 1.3497710606E-02	 4.0910284427E-04	 1.7108009916E-04
    99   5   5	 1.1972756464E-02	 1.1972756464E-02	 9.3396922229E-05	 9.3396922229E-05
    99   5   6	 1.1972756464E-02	 1.3497710606E-02	 9.3396922229E-05	 1.7108009916E-04
    99   6   6	 1.3497710606E-02	 1.3497710606E-02	 1.7108009916E-04	 1.7108009916E-04
   100   1   1	 4.3048303209E-03	 4.3048303209E-03	 5.1889272857E-09	 5.1889272857E-09
   100   1   2	 4.3048303209E-03	 4.6919144408E-03	 5.1889272857E-09	 5.2039014570E-09
   100   1   3	 4.3048303209E-03	 8.6277111458E-03	 5.1889272857E-09	 3.7071501034E-06
   100   1   4	 4.3048303209E-03	 1.1341281843E-02	 5.1889272857E-09	 8.8163333561E-05
   100   1   5	 4.3048303209E-03	 1.1698985563E-02	 5.1889272857E-09	 8.2548262397E-05
   100   1   6	 4.3048303209E-03	 1.3504885534E-02	 5.1889272857E-09	 1.7363900354E-04
   100   2   2	 4.6919144408E-03	 4.6919144408E-03	 5.2039014570E-09	 5.2039014570E-09
   100   2   3	 4.6919144408E-03	 8.6277111458E-03	 5.2039014570E-09	 3.7071501034E-06
   100   2   4	 4.6919144408E-03	 1.1341281843E-02	 5.2039014570E-09	 8.8163333561E-05
   100   2   5	 4.6919144408E-03	 1.1698985563E-02	 5.2039014570E-09	 8.2548262397E-05
   100   2   6	 4.6919144408E-03	 1.3504885534E-02	 5.2039014570E-09	 1.7363900354E-04
   100   3   3	 8.6277111458E-03	 8.6277111458E-03	 3.7071501034E-06	 3.7071501034E-06
   100   3   4	 8.6277111458E-03	 1.1341281843E-02	 3.7071501034E-06	 8.8163333561E-05
   100   3   5	 8.6277111458E-03	 1.1698985563E-02	 3.7071501034E-06	 8.2548262397E-05
   100   3   6	 8.6277111458E-03	 1.3504885534E-02	 3.7071501034E-06	 1.7363900354E-04
   100   4   4	 1.1341281843E-02	 1.1341281843E-02	 8.8163333561E-05	 8.8163333561E-05
   100   4   5	 1.1341281843E-02	 1.1698985563E-02	 8.8163333561E-05	 8.2548262397E-05
   100   4   6	 1.1341281843E-02	 1.3504885534E-02	 8.8163333561E-05	 1.7363900354E-04
   100   5   5	 1.1698985563E-02	 1.1698985563E-02	 8.2548262397E-05	 8.2548262397E-05
   100   5   6	 1.1698985563E-02	 1.3504885534E-02	 8.2548262397E-05	 1.7363900354E-04
   100   6   6	 1.3504885534E-02	 1.3504885534E-02	 1.7363900354E-04	 1.7363900354E-04
   101   1   1	 4.2842524416E-03	 4.2842524416E-03	 5.2811564852E-09	 5.2811564852E-09
   101   1   2	 4.2842524416E-03	 4.7003386530E-03	 5.2811564852E-09	 5.0016372014E-09
   101   1   3	 4.2842524416E-03	 8.7520525780E-03	 5.2811564852E-09	 3.1237718834E-06
   101   1   4	 4.2842524416E-03	 1.1249148730E-02	 5.2811564852E-09	 9.8361437918E-05
   101   1   5	 4.2842524416E-03	 1.1708874969E-02	 5.2811564852E-09	 9.0741736670E-05
   101   1   6	 4.2842524416E-03	 1.3510935742E-02	 5.2811564852E-09	 2.2085640551E-04
   101   2   2	 4.7003386530E-03	 4.7003386530E-03	 5.0016372014E-09	 5.0016372014E-09
   101   2   3	 4.7003386530E-03	 8.7520525780E-03	 5.0016372014E-09	 3.1237718834E-06
   101   2   4	 4.7003386530E-03	 1.1249148730E-02	 5.0016372014E-09	 9.8361437918E-05
   101   2   5	 4.7003386530E-03	 1.1708874969E-02	 5.0016372014E-09	 9.0741736670E-05
   101   2   6	 4.7003386530E-03	 1.3510935742E-02	 5.0016372014E-09	 2.2085640551E-04
   101   3   3	 8.7520525780E-03	 8.7520525780E-03	 3.1237718834E-06	 3.1237718834E-06
   101   3   4	 8.7520525780E-03	 1.1249148730E-02	 3.1237718834E-06	 9.8361437918E-05
   101   3   5	 8.7520525780E-03	 1.1708874969E-02	 3.1237718834E-06	 9.0741736670E-05
   101   3   6	 8.7520525780E-03	 1.3510935742E-02	 3.1237718834E-06	 2.2085640551E-04
   101   4   4	 1.1249148730E-02	 1.1249148730E-02	 9.8361437918E-05	 9.8361437918E-05
   101   4   5	 1.1249148730E-02	 1.1708874969E-02	 9.8361437918E-05	 9.0741736670E-05
   101   4   6	 1.1249148730E-02	 1.3510935742E-02	 9.8361437918E-05	 2.2085640551E-04
   101   5   5	 1.1708874969E-02	 1.1708874969E-02	 9.0741736670E-05	 9.0741736670E-05
   101   5   6	 1.1708874969E-02	 1.3510935742E-02	 9.0741736670E-05	 2.2085640551E-04
   101   6   6	 1.3510935742E-02	 1.3510935742E-02	 2.2085640551E-04	 2.2085640551E-04
   102   1   1	 4.4497143347E-03	 4.4497143347E-03	 4.6128891110E-09	 4.6128891110E-09
   102   1   2	 4.4497143347E-03	 4.5283902740E-03	 4.6128891110E-09	 5.0085519308E-09
   102   1   3	 4.4497143347E-03	 8.8449981277E-03	 4.6128891110E-09	 2.9447389313E-06
   102   1   4	 4.4497143347E-03	 1.1396695838E-02	 4.6128891110E-09	 3.5763173207E-05
   102   1   5	 4.4497143347E-03	 1.1518127352E-02	 4.6128891110E-09	 1.2400240907E-04
   102   1   6	 4.4497143347E-03	 1.3516214443E-02	 4.6128891110E-09	 2.0159947211E-04
   102   2   2	 4.5283902740E-03	 4.5283902740E-03	 5.0085519308E-09	 5.0085519308E-09
   102   2   3	 4.5283902740E-03	 8.8449981277E-03	 5.0085519308E-09	 2.9447389313E-06
   102   2   4	 4.5283902740E-03	 1.1396695838E-02	 5.0085519308E-09	 3.5763173207E-05
   102   2   5	 4.5283902740E-03	 1.1518127352E-02	 5.0085519308E-09	 1.2400240907E-04
   102   2   6	 4.5283902740E-03	 1.3516214443E-02	 5.0085519308E-09	 2.0159947211E-04
   102   3   3	 8.8449981277E-03	 8.8449981277E-03	 2.9447389313E-06	 2.9447389313E-06
   102   3   4	 8.8449981277E-03	 1.1396695838E-02	 2.9447389313E-06	 3.5763173207E-05
   102   3   5	 8.8449981277E-03	 1.1518127352E-02	 2.9447389313E-06	 1.2400240907E-04
   102   3   6	 8.8449981277E-03	 1.3516214443E-02	 2.9447389313E-06	 2.0159947211E-04
   102   4   4	 1.1396695838E-02	 1.1396695838E-02	 3.5763173207E-05	 3.5763173207E-05
   102   4   5	 1.1396695838E-02	 1.1518127352E-02	 3.5763173207E-05	 1.2400240907E-04
   102   4   6	 1.1396695838E-02	 1.3516214443E-02	 3.5763173207E-05	 2.0159947211E-04
   102   5   5	 1.1518127352E-02	 1.1518127352E-02	 1.2400240907E-04	 1.2400240907E-04
   102   5   6	 1.1518127352E-02	 1.3516214443E-02	 1.2400240907E-04	 2.0159947211E-04
   102   6   6	 1.3516214443E-02	 1.3516214443E-02	 2.0159947211E-04	 2.0159947211E-04
