#  q, mod1, mod2, omega1(Ry),  omega2(Ry),gamma1(Ry),  gamma2(Ry)
     1   4   4	 8.3747823447E-03	 8.3747823447E-03	 2.2791755431E-05	 2.2791755431E-05
     1   4   5	 8.3747823447E-03	 1.3755688509E-02	 2.2791755431E-05	 1.1020740585E-03
     1   4   6	 8.3747823447E-03	 1.3755688509E-02	 2.2791755431E-05	 1.1020740585E-03
     1   5   5	 1.3755688509E-02	 1.3755688509E-02	 1.1020740585E-03	 1.1020740585E-03
     1   5   6	 1.3755688509E-02	 1.3755688509E-02	 1.1020740585E-03	 1.1020740585E-03
     1   6   6	 1.3755688509E-02	 1.3755688509E-02	 1.1020740585E-03	 1.1020740585E-03
     2   1   1	 2.5982512729E-04	 2.5982512729E-04	 6.5578794947E-09	 6.5578794947E-09
     2   1   2	 2.5982512729E-04	 5.3455866006E-04	 6.5578794947E-09	 2.6350929718E-05
     2   1   3	 2.5982512729E-04	 9.6403436070E-04	 6.5578794947E-09	 4.0994507988E-06
     2   1   4	 2.5982512729E-04	 8.3554993639E-03	 6.5578794947E-09	 1.9954968221E-05
     2   1   5	 2.5982512729E-04	 1.3751461033E-02	 6.5578794947E-09	 1.0674582717E-03
     2   1   6	 2.5982512729E-04	 1.3760829516E-02	 6.5578794947E-09	 1.1766417367E-03
     2   2   2	 5.3455866006E-04	 5.3455866006E-04	 2.6350929718E-05	 2.6350929718E-05
     2   2   3	 5.3455866006E-04	 9.6403436070E-04	 2.6350929718E-05	 4.0994507988E-06
     2   2   4	 5.3455866006E-04	 8.3554993639E-03	 2.6350929718E-05	 1.9954968221E-05
     2   2   5	 5.3455866006E-04	 1.3751461033E-02	 2.6350929718E-05	 1.0674582717E-03
     2   2   6	 5.3455866006E-04	 1.3760829516E-02	 2.6350929718E-05	 1.1766417367E-03
     2   3   3	 9.6403436070E-04	 9.6403436070E-04	 4.0994507988E-06	 4.0994507988E-06
     2   3   4	 9.6403436070E-04	 8.3554993639E-03	 4.0994507988E-06	 1.9954968221E-05
     2   3   5	 9.6403436070E-04	 1.3751461033E-02	 4.0994507988E-06	 1.0674582717E-03
     2   3   6	 9.6403436070E-04	 1.3760829516E-02	 4.0994507988E-06	 1.1766417367E-03
     2   4   4	 8.3554993639E-03	 8.3554993639E-03	 1.9954968221E-05	 1.9954968221E-05
     2   4   5	 8.3554993639E-03	 1.3751461033E-02	 1.9954968221E-05	 1.0674582717E-03
     2   4   6	 8.3554993639E-03	 1.3760829516E-02	 1.9954968221E-05	 1.1766417367E-03
     2   5   5	 1.3751461033E-02	 1.3751461033E-02	 1.0674582717E-03	 1.0674582717E-03
     2   5   6	 1.3751461033E-02	 1.3760829516E-02	 1.0674582717E-03	 1.1766417367E-03
     2   6   6	 1.3760829516E-02	 1.3760829516E-02	 1.1766417367E-03	 1.1766417367E-03
     3   1   1	 5.1909447760E-04	 5.1909447760E-04	 3.6032562989E-08	 3.6032562989E-08
     3   1   2	 5.1909447760E-04	 1.0661486360E-03	 3.6032562989E-08	 7.3018182881E-05
     3   1   3	 5.1909447760E-04	 1.9231781699E-03	 3.6032562989E-08	 2.0410367212E-05
     3   1   4	 5.1909447760E-04	 8.2980070619E-03	 3.6032562989E-08	 1.8910337995E-05
     3   1   5	 5.1909447760E-04	 1.3738764482E-02	 3.6032562989E-08	 8.9828057902E-04
     3   1   6	 5.1909447760E-04	 1.3775431041E-02	 3.6032562989E-08	 1.0583438192E-03
     3   2   2	 1.0661486360E-03	 1.0661486360E-03	 7.3018182881E-05	 7.3018182881E-05
     3   2   3	 1.0661486360E-03	 1.9231781699E-03	 7.3018182881E-05	 2.0410367212E-05
     3   2   4	 1.0661486360E-03	 8.2980070619E-03	 7.3018182881E-05	 1.8910337995E-05
     3   2   5	 1.0661486360E-03	 1.3738764482E-02	 7.3018182881E-05	 8.9828057902E-04
     3   2   6	 1.0661486360E-03	 1.3775431041E-02	 7.3018182881E-05	 1.0583438192E-03
     3   3   3	 1.9231781699E-03	 1.9231781699E-03	 2.0410367212E-05	 2.0410367212E-05
     3   3   4	 1.9231781699E-03	 8.2980070619E-03	 2.0410367212E-05	 1.8910337995E-05
     3   3   5	 1.9231781699E-03	 1.3738764482E-02	 2.0410367212E-05	 8.9828057902E-04
     3   3   6	 1.9231781699E-03	 1.3775431041E-02	 2.0410367212E-05	 1.0583438192E-03
     3   4   4	 8.2980070619E-03	 8.2980070619E-03	 1.8910337995E-05	 1.8910337995E-05
     3   4   5	 8.2980070619E-03	 1.3738764482E-02	 1.8910337995E-05	 8.9828057902E-04
     3   4   6	 8.2980070619E-03	 1.3775431041E-02	 1.8910337995E-05	 1.0583438192E-03
     3   5   5	 1.3738764482E-02	 1.3738764482E-02	 8.9828057902E-04	 8.9828057902E-04
     3   5   6	 1.3738764482E-02	 1.3775431041E-02	 8.9828057902E-04	 1.0583438192E-03
     3   6   6	 1.3775431041E-02	 1.3775431041E-02	 1.0583438192E-03	 1.0583438192E-03
     4   1   1	 7.7728017539E-04	 7.7728017539E-04	 9.0937563354E-08	 9.0937563354E-08
     4   1   2	 7.7728017539E-04	 1.5917173279E-03	 9.0937563354E-08	 1.1641288638E-04
     4   1   3	 7.7728017539E-04	 2.8725406909E-03	 9.0937563354E-08	 3.1045539440E-05
     4   1   4	 7.7728017539E-04	 8.2033744830E-03	 9.0937563354E-08	 1.8370353173E-05
     4   1   5	 7.7728017539E-04	 1.3717572006E-02	 9.0937563354E-08	 8.2059536289E-04
     4   1   6	 7.7728017539E-04	 1.3797085720E-02	 9.0937563354E-08	 1.1746637614E-03
     4   2   2	 1.5917173279E-03	 1.5917173279E-03	 1.1641288638E-04	 1.1641288638E-04
     4   2   3	 1.5917173279E-03	 2.8725406909E-03	 1.1641288638E-04	 3.1045539440E-05
     4   2   4	 1.5917173279E-03	 8.2033744830E-03	 1.1641288638E-04	 1.8370353173E-05
     4   2   5	 1.5917173279E-03	 1.3717572006E-02	 1.1641288638E-04	 8.2059536289E-04
     4   2   6	 1.5917173279E-03	 1.3797085720E-02	 1.1641288638E-04	 1.1746637614E-03
     4   3   3	 2.8725406909E-03	 2.8725406909E-03	 3.1045539440E-05	 3.1045539440E-05
     4   3   4	 2.8725406909E-03	 8.2033744830E-03	 3.1045539440E-05	 1.8370353173E-05
     4   3   5	 2.8725406909E-03	 1.3717572006E-02	 3.1045539440E-05	 8.2059536289E-04
     4   3   6	 2.8725406909E-03	 1.3797085720E-02	 3.1045539440E-05	 1.1746637614E-03
     4   4   4	 8.2033744830E-03	 8.2033744830E-03	 1.8370353173E-05	 1.8370353173E-05
     4   4   5	 8.2033744830E-03	 1.3717572006E-02	 1.8370353173E-05	 8.2059536289E-04
     4   4   6	 8.2033744830E-03	 1.3797085720E-02	 1.8370353173E-05	 1.1746637614E-03
     4   5   5	 1.3717572006E-02	 1.3717572006E-02	 8.2059536289E-04	 8.2059536289E-04
     4   5   6	 1.3717572006E-02	 1.3797085720E-02	 8.2059536289E-04	 1.1746637614E-03
     4   6   6	 1.3797085720E-02	 1.3797085720E-02	 1.1746637614E-03	 1.1746637614E-03
     5   1   1	 1.0339055839E-03	 1.0339055839E-03	 2.2268693809E-07	 2.2268693809E-07
     5   1   2	 1.0339055839E-03	 2.1080458364E-03	 2.2268693809E-07	 1.2286988572E-04
     5   1   3	 1.0339055839E-03	 3.8072356682E-03	 2.2268693809E-07	 7.1158938658E-05
     5   1   4	 1.0339055839E-03	 8.0733807618E-03	 2.2268693809E-07	 1.6550354277E-05
     5   1   5	 1.0339055839E-03	 1.3687889738E-02	 2.2268693809E-07	 7.3797413904E-04
     5   1   6	 1.0339055839E-03	 1.3821963948E-02	 2.2268693809E-07	 1.3377796066E-03
     5   2   2	 2.1080458364E-03	 2.1080458364E-03	 1.2286988572E-04	 1.2286988572E-04
     5   2   3	 2.1080458364E-03	 3.8072356682E-03	 1.2286988572E-04	 7.1158938658E-05
     5   2   4	 2.1080458364E-03	 8.0733807618E-03	 1.2286988572E-04	 1.6550354277E-05
     5   2   5	 2.1080458364E-03	 1.3687889738E-02	 1.2286988572E-04	 7.3797413904E-04
     5   2   6	 2.1080458364E-03	 1.3821963948E-02	 1.2286988572E-04	 1.3377796066E-03
     5   3   3	 3.8072356682E-03	 3.8072356682E-03	 7.1158938658E-05	 7.1158938658E-05
     5   3   4	 3.8072356682E-03	 8.0733807618E-03	 7.1158938658E-05	 1.6550354277E-05
     5   3   5	 3.8072356682E-03	 1.3687889738E-02	 7.1158938658E-05	 7.3797413904E-04
     5   3   6	 3.8072356682E-03	 1.3821963948E-02	 7.1158938658E-05	 1.3377796066E-03
     5   4   4	 8.0733807618E-03	 8.0733807618E-03	 1.6550354277E-05	 1.6550354277E-05
     5   4   5	 8.0733807618E-03	 1.3687889738E-02	 1.6550354277E-05	 7.3797413904E-04
     5   4   6	 8.0733807618E-03	 1.3821963948E-02	 1.6550354277E-05	 1.3377796066E-03
     5   5   5	 1.3687889738E-02	 1.3687889738E-02	 7.3797413904E-04	 7.3797413904E-04
     5   5   6	 1.3687889738E-02	 1.3821963948E-02	 7.3797413904E-04	 1.3377796066E-03
     5   6   6	 1.3821963948E-02	 1.3821963948E-02	 1.3377796066E-03	 1.3377796066E-03
     6   1   1	 1.2885584446E-03	 1.2885584446E-03	 4.4460307151E-07	 4.4460307151E-07
     6   1   2	 1.2885584446E-03	 2.6116695464E-03	 4.4460307151E-07	 1.6031834885E-04
     6   1   3	 1.2885584446E-03	 4.7223949764E-03	 4.4460307151E-07	 1.0020883537E-04
     6   1   4	 1.2885584446E-03	 7.9105125234E-03	 4.4460307151E-07	 1.7070585949E-05
     6   1   5	 1.2885584446E-03	 1.3649830204E-02	 4.4460307151E-07	 6.3281903832E-04
     6   1   6	 1.2885584446E-03	 1.3845062586E-02	 4.4460307151E-07	 8.5438304272E-04
     6   2   2	 2.6116695464E-03	 2.6116695464E-03	 1.6031834885E-04	 1.6031834885E-04
     6   2   3	 2.6116695464E-03	 4.7223949764E-03	 1.6031834885E-04	 1.0020883537E-04
     6   2   4	 2.6116695464E-03	 7.9105125234E-03	 1.6031834885E-04	 1.7070585949E-05
     6   2   5	 2.6116695464E-03	 1.3649830204E-02	 1.6031834885E-04	 6.3281903832E-04
     6   2   6	 2.6116695464E-03	 1.3845062586E-02	 1.6031834885E-04	 8.5438304272E-04
     6   3   3	 4.7223949764E-03	 4.7223949764E-03	 1.0020883537E-04	 1.0020883537E-04
     6   3   4	 4.7223949764E-03	 7.9105125234E-03	 1.0020883537E-04	 1.7070585949E-05
     6   3   5	 4.7223949764E-03	 1.3649830204E-02	 1.0020883537E-04	 6.3281903832E-04
     6   3   6	 4.7223949764E-03	 1.3845062586E-02	 1.0020883537E-04	 8.5438304272E-04
     6   4   4	 7.9105125234E-03	 7.9105125234E-03	 1.7070585949E-05	 1.7070585949E-05
     6   4   5	 7.9105125234E-03	 1.3649830204E-02	 1.7070585949E-05	 6.3281903832E-04
     6   4   6	 7.9105125234E-03	 1.3845062586E-02	 1.7070585949E-05	 8.5438304272E-04
     6   5   5	 1.3649830204E-02	 1.3649830204E-02	 6.3281903832E-04	 6.3281903832E-04
     6   5   6	 1.3649830204E-02	 1.3845062586E-02	 6.3281903832E-04	 8.5438304272E-04
     6   6   6	 1.3845062586E-02	 1.3845062586E-02	 8.5438304272E-04	 8.5438304272E-04
     7   1   1	 1.5408857974E-03	 1.5408857974E-03	 7.3014260365E-07	 7.3014260365E-07
     7   1   2	 1.5408857974E-03	 3.0988031456E-03	 7.3014260365E-07	 1.4680446370E-04
     7   1   3	 1.5408857974E-03	 5.6131941088E-03	 7.3014260365E-07	 2.3493406967E-04
     7   1   4	 1.5408857974E-03	 7.7179636673E-03	 7.3014260365E-07	 1.6143833330E-05
     7   1   5	 1.5408857974E-03	 1.3603709162E-02	 7.3014260365E-07	 5.8989092735E-04
     7   1   6	 1.5408857974E-03	 1.3860508740E-02	 7.3014260365E-07	 1.0556478149E-03
     7   2   2	 3.0988031456E-03	 3.0988031456E-03	 1.4680446370E-04	 1.4680446370E-04
     7   2   3	 3.0988031456E-03	 5.6131941088E-03	 1.4680446370E-04	 2.3493406967E-04
     7   2   4	 3.0988031456E-03	 7.7179636673E-03	 1.4680446370E-04	 1.6143833330E-05
     7   2   5	 3.0988031456E-03	 1.3603709162E-02	 1.4680446370E-04	 5.8989092735E-04
     7   2   6	 3.0988031456E-03	 1.3860508740E-02	 1.4680446370E-04	 1.0556478149E-03
     7   3   3	 5.6131941088E-03	 5.6131941088E-03	 2.3493406967E-04	 2.3493406967E-04
     7   3   4	 5.6131941088E-03	 7.7179636673E-03	 2.3493406967E-04	 1.6143833330E-05
     7   3   5	 5.6131941088E-03	 1.3603709162E-02	 2.3493406967E-04	 5.8989092735E-04
     7   3   6	 5.6131941088E-03	 1.3860508740E-02	 2.3493406967E-04	 1.0556478149E-03
     7   4   4	 7.7179636673E-03	 7.7179636673E-03	 1.6143833330E-05	 1.6143833330E-05
     7   4   5	 7.7179636673E-03	 1.3603709162E-02	 1.6143833330E-05	 5.8989092735E-04
     7   4   6	 7.7179636673E-03	 1.3860508740E-02	 1.6143833330E-05	 1.0556478149E-03
     7   5   5	 1.3603709162E-02	 1.3603709162E-02	 5.8989092735E-04	 5.8989092735E-04
     7   5   6	 1.3603709162E-02	 1.3860508740E-02	 5.8989092735E-04	 1.0556478149E-03
     7   6   6	 1.3860508740E-02	 1.3860508740E-02	 1.0556478149E-03	 1.0556478149E-03
     8   1   1	 1.7905583513E-03	 1.7905583513E-03	 7.6848865722E-07	 7.6848865722E-07
     8   1   2	 1.7905583513E-03	 3.5652721689E-03	 7.6848865722E-07	 2.1404649160E-04
     8   1   3	 1.7905583513E-03	 6.4748908062E-03	 7.6848865722E-07	 2.1097092339E-04
     8   1   4	 1.7905583513E-03	 7.4996432190E-03	 7.6848865722E-07	 1.4721238980E-05
     8   1   5	 1.7905583513E-03	 1.3550159567E-02	 7.6848865722E-07	 4.3908502370E-04
     8   1   6	 1.7905583513E-03	 1.3861886304E-02	 7.6848865722E-07	 8.0390122346E-04
     8   2   2	 3.5652721689E-03	 3.5652721689E-03	 2.1404649160E-04	 2.1404649160E-04
     8   2   3	 3.5652721689E-03	 6.4748908062E-03	 2.1404649160E-04	 2.1097092339E-04
     8   2   4	 3.5652721689E-03	 7.4996432190E-03	 2.1404649160E-04	 1.4721238980E-05
     8   2   5	 3.5652721689E-03	 1.3550159567E-02	 2.1404649160E-04	 4.3908502370E-04
     8   2   6	 3.5652721689E-03	 1.3861886304E-02	 2.1404649160E-04	 8.0390122346E-04
     8   3   3	 6.4748908062E-03	 6.4748908062E-03	 2.1097092339E-04	 2.1097092339E-04
     8   3   4	 6.4748908062E-03	 7.4996432190E-03	 2.1097092339E-04	 1.4721238980E-05
     8   3   5	 6.4748908062E-03	 1.3550159567E-02	 2.1097092339E-04	 4.3908502370E-04
     8   3   6	 6.4748908062E-03	 1.3861886304E-02	 2.1097092339E-04	 8.0390122346E-04
     8   4   4	 7.4996432190E-03	 7.4996432190E-03	 1.4721238980E-05	 1.4721238980E-05
     8   4   5	 7.4996432190E-03	 1.3550159567E-02	 1.4721238980E-05	 4.3908502370E-04
     8   4   6	 7.4996432190E-03	 1.3861886304E-02	 1.4721238980E-05	 8.0390122346E-04
     8   5   5	 1.3550159567E-02	 1.3550159567E-02	 4.3908502370E-04	 4.3908502370E-04
     8   5   6	 1.3550159567E-02	 1.3861886304E-02	 4.3908502370E-04	 8.0390122346E-04
     8   6   6	 1.3861886304E-02	 1.3861886304E-02	 8.0390122346E-04	 8.0390122346E-04
     9   1   1	 2.0371845654E-03	 2.0371845654E-03	 1.1420777719E-06	 1.1420777719E-06
     9   1   2	 2.0371845654E-03	 4.0064550880E-03	 1.1420777719E-06	 2.3987248370E-04
     9   1   3	 2.0371845654E-03	 7.2602029422E-03	 1.1420777719E-06	 1.3788964052E-05
     9   1   4	 2.0371845654E-03	 7.3028765771E-03	 1.1420777719E-06	 4.2858656834E-04
     9   1   5	 2.0371845654E-03	 1.3490253384E-02	 1.1420777719E-06	 3.1176757606E-04
     9   1   6	 2.0371845654E-03	 1.3842556263E-02	 1.1420777719E-06	 9.2762892226E-04
     9   2   2	 4.0064550880E-03	 4.0064550880E-03	 2.3987248370E-04	 2.3987248370E-04
     9   2   3	 4.0064550880E-03	 7.2602029422E-03	 2.3987248370E-04	 1.3788964052E-05
     9   2   4	 4.0064550880E-03	 7.3028765771E-03	 2.3987248370E-04	 4.2858656834E-04
     9   2   5	 4.0064550880E-03	 1.3490253384E-02	 2.3987248370E-04	 3.1176757606E-04
     9   2   6	 4.0064550880E-03	 1.3842556263E-02	 2.3987248370E-04	 9.2762892226E-04
     9   3   3	 7.2602029422E-03	 7.2602029422E-03	 1.3788964052E-05	 1.3788964052E-05
     9   3   4	 7.2602029422E-03	 7.3028765771E-03	 1.3788964052E-05	 4.2858656834E-04
     9   3   5	 7.2602029422E-03	 1.3490253384E-02	 1.3788964052E-05	 3.1176757606E-04
     9   3   6	 7.2602029422E-03	 1.3842556263E-02	 1.3788964052E-05	 9.2762892226E-04
     9   4   4	 7.3028765771E-03	 7.3028765771E-03	 4.2858656834E-04	 4.2858656834E-04
     9   4   5	 7.3028765771E-03	 1.3490253384E-02	 4.2858656834E-04	 3.1176757606E-04
     9   4   6	 7.3028765771E-03	 1.3842556263E-02	 4.2858656834E-04	 9.2762892226E-04
     9   5   5	 1.3490253384E-02	 1.3490253384E-02	 3.1176757606E-04	 3.1176757606E-04
     9   5   6	 1.3490253384E-02	 1.3842556263E-02	 3.1176757606E-04	 9.2762892226E-04
     9   6   6	 1.3842556263E-02	 1.3842556263E-02	 9.2762892226E-04	 9.2762892226E-04
    10   1   1	 2.2801418798E-03	 2.2801418798E-03	 1.4861497062E-06	 1.4861497062E-06
    10   1   2	 2.2801418798E-03	 4.4172440627E-03	 1.4861497062E-06	 2.4310659118E-04
    10   1   3	 2.2801418798E-03	 7.0051081946E-03	 1.4861497062E-06	 1.2055821041E-05
    10   1   4	 2.2801418798E-03	 8.0927395556E-03	 1.4861497062E-06	 4.6749695896E-04
    10   1   5	 2.2801418798E-03	 1.3425617396E-02	 1.4861497062E-06	 2.9958150631E-04
    10   1   6	 2.2801418798E-03	 1.3795948826E-02	 1.4861497062E-06	 6.9136974594E-04
    10   2   2	 4.4172440627E-03	 4.4172440627E-03	 2.4310659118E-04	 2.4310659118E-04
    10   2   3	 4.4172440627E-03	 7.0051081946E-03	 2.4310659118E-04	 1.2055821041E-05
    10   2   4	 4.4172440627E-03	 8.0927395556E-03	 2.4310659118E-04	 4.6749695896E-04
    10   2   5	 4.4172440627E-03	 1.3425617396E-02	 2.4310659118E-04	 2.9958150631E-04
    10   2   6	 4.4172440627E-03	 1.3795948826E-02	 2.4310659118E-04	 6.9136974594E-04
    10   3   3	 7.0051081946E-03	 7.0051081946E-03	 1.2055821041E-05	 1.2055821041E-05
    10   3   4	 7.0051081946E-03	 8.0927395556E-03	 1.2055821041E-05	 4.6749695896E-04
    10   3   5	 7.0051081946E-03	 1.3425617396E-02	 1.2055821041E-05	 2.9958150631E-04
    10   3   6	 7.0051081946E-03	 1.3795948826E-02	 1.2055821041E-05	 6.9136974594E-04
    10   4   4	 8.0927395556E-03	 8.0927395556E-03	 4.6749695896E-04	 4.6749695896E-04
    10   4   5	 8.0927395556E-03	 1.3425617396E-02	 4.6749695896E-04	 2.9958150631E-04
    10   4   6	 8.0927395556E-03	 1.3795948826E-02	 4.6749695896E-04	 6.9136974594E-04
    10   5   5	 1.3425617396E-02	 1.3425617396E-02	 2.9958150631E-04	 2.9958150631E-04
    10   5   6	 1.3425617396E-02	 1.3795948826E-02	 2.9958150631E-04	 6.9136974594E-04
    10   6   6	 1.3795948826E-02	 1.3795948826E-02	 6.9136974594E-04	 6.9136974594E-04
    11   1   1	 2.5182700743E-03	 2.5182700743E-03	 1.9805492820E-06	 1.9805492820E-06
    11   1   2	 2.5182700743E-03	 4.7920395704E-03	 1.9805492820E-06	 3.2591664338E-04
    11   1   3	 2.5182700743E-03	 6.7407981022E-03	 1.9805492820E-06	 1.1411097682E-05
    11   1   4	 2.5182700743E-03	 8.8403361672E-03	 1.9805492820E-06	 5.8505790182E-04
    11   1   5	 2.5182700743E-03	 1.3358522012E-02	 1.9805492820E-06	 1.3633018584E-04
    11   1   6	 2.5182700743E-03	 1.3715813727E-02	 1.9805492820E-06	 7.0564237569E-04
    11   2   2	 4.7920395704E-03	 4.7920395704E-03	 3.2591664338E-04	 3.2591664338E-04
    11   2   3	 4.7920395704E-03	 6.7407981022E-03	 3.2591664338E-04	 1.1411097682E-05
    11   2   4	 4.7920395704E-03	 8.8403361672E-03	 3.2591664338E-04	 5.8505790182E-04
    11   2   5	 4.7920395704E-03	 1.3358522012E-02	 3.2591664338E-04	 1.3633018584E-04
    11   2   6	 4.7920395704E-03	 1.3715813727E-02	 3.2591664338E-04	 7.0564237569E-04
    11   3   3	 6.7407981022E-03	 6.7407981022E-03	 1.1411097682E-05	 1.1411097682E-05
    11   3   4	 6.7407981022E-03	 8.8403361672E-03	 1.1411097682E-05	 5.8505790182E-04
    11   3   5	 6.7407981022E-03	 1.3358522012E-02	 1.1411097682E-05	 1.3633018584E-04
    11   3   6	 6.7407981022E-03	 1.3715813727E-02	 1.1411097682E-05	 7.0564237569E-04
    11   4   4	 8.8403361672E-03	 8.8403361672E-03	 5.8505790182E-04	 5.8505790182E-04
    11   4   5	 8.8403361672E-03	 1.3358522012E-02	 5.8505790182E-04	 1.3633018584E-04
    11   4   6	 8.8403361672E-03	 1.3715813727E-02	 5.8505790182E-04	 7.0564237569E-04
    11   5   5	 1.3358522012E-02	 1.3358522012E-02	 1.3633018584E-04	 1.3633018584E-04
    11   5   6	 1.3358522012E-02	 1.3715813727E-02	 1.3633018584E-04	 7.0564237569E-04
    11   6   6	 1.3715813727E-02	 1.3715813727E-02	 7.0564237569E-04	 7.0564237569E-04
    12   1   1	 2.7493329578E-03	 2.7493329578E-03	 2.1866286111E-06	 2.1866286111E-06
    12   1   2	 2.7493329578E-03	 5.1248041751E-03	 2.1866286111E-06	 4.0262030517E-04
    12   1   3	 2.7493329578E-03	 6.4750221985E-03	 2.1866286111E-06	 1.0447855261E-05
    12   1   4	 2.7493329578E-03	 9.5418683631E-03	 2.1866286111E-06	 9.1257817973E-04
    12   1   5	 2.7493329578E-03	 1.3291912475E-02	 2.1866286111E-06	 1.3048762890E-04
    12   1   6	 2.7493329578E-03	 1.3596422920E-02	 2.1866286111E-06	 7.6229401425E-04
    12   2   2	 5.1248041751E-03	 5.1248041751E-03	 4.0262030517E-04	 4.0262030517E-04
    12   2   3	 5.1248041751E-03	 6.4750221985E-03	 4.0262030517E-04	 1.0447855261E-05
    12   2   4	 5.1248041751E-03	 9.5418683631E-03	 4.0262030517E-04	 9.1257817973E-04
    12   2   5	 5.1248041751E-03	 1.3291912475E-02	 4.0262030517E-04	 1.3048762890E-04
    12   2   6	 5.1248041751E-03	 1.3596422920E-02	 4.0262030517E-04	 7.6229401425E-04
    12   3   3	 6.4750221985E-03	 6.4750221985E-03	 1.0447855261E-05	 1.0447855261E-05
    12   3   4	 6.4750221985E-03	 9.5418683631E-03	 1.0447855261E-05	 9.1257817973E-04
    12   3   5	 6.4750221985E-03	 1.3291912475E-02	 1.0447855261E-05	 1.3048762890E-04
    12   3   6	 6.4750221985E-03	 1.3596422920E-02	 1.0447855261E-05	 7.6229401425E-04
    12   4   4	 9.5418683631E-03	 9.5418683631E-03	 9.1257817973E-04	 9.1257817973E-04
    12   4   5	 9.5418683631E-03	 1.3291912475E-02	 9.1257817973E-04	 1.3048762890E-04
    12   4   6	 9.5418683631E-03	 1.3596422920E-02	 9.1257817973E-04	 7.6229401425E-04
    12   5   5	 1.3291912475E-02	 1.3291912475E-02	 1.3048762890E-04	 1.3048762890E-04
    12   5   6	 1.3291912475E-02	 1.3596422920E-02	 1.3048762890E-04	 7.6229401425E-04
    12   6   6	 1.3596422920E-02	 1.3596422920E-02	 7.6229401425E-04	 7.6229401425E-04
    13   1   1	 2.9690958171E-03	 2.9690958171E-03	 2.6908071028E-06	 2.6908071028E-06
    13   1   2	 2.9690958171E-03	 5.4092112369E-03	 2.6908071028E-06	 3.9719689132E-04
    13   1   3	 2.9690958171E-03	 6.2175049481E-03	 2.6908071028E-06	 9.7780936397E-06
    13   1   4	 2.9690958171E-03	 1.0193962272E-02	 2.6908071028E-06	 5.6488924074E-04
    13   1   5	 2.9690958171E-03	 1.3229341955E-02	 2.6908071028E-06	 4.5149709729E-05
    13   1   6	 2.9690958171E-03	 1.3432726557E-02	 2.6908071028E-06	 6.4532781943E-04
    13   2   2	 5.4092112369E-03	 5.4092112369E-03	 3.9719689132E-04	 3.9719689132E-04
    13   2   3	 5.4092112369E-03	 6.2175049481E-03	 3.9719689132E-04	 9.7780936397E-06
    13   2   4	 5.4092112369E-03	 1.0193962272E-02	 3.9719689132E-04	 5.6488924074E-04
    13   2   5	 5.4092112369E-03	 1.3229341955E-02	 3.9719689132E-04	 4.5149709729E-05
    13   2   6	 5.4092112369E-03	 1.3432726557E-02	 3.9719689132E-04	 6.4532781943E-04
    13   3   3	 6.2175049481E-03	 6.2175049481E-03	 9.7780936397E-06	 9.7780936397E-06
    13   3   4	 6.2175049481E-03	 1.0193962272E-02	 9.7780936397E-06	 5.6488924074E-04
    13   3   5	 6.2175049481E-03	 1.3229341955E-02	 9.7780936397E-06	 4.5149709729E-05
    13   3   6	 6.2175049481E-03	 1.3432726557E-02	 9.7780936397E-06	 6.4532781943E-04
    13   4   4	 1.0193962272E-02	 1.0193962272E-02	 5.6488924074E-04	 5.6488924074E-04
    13   4   5	 1.0193962272E-02	 1.3229341955E-02	 5.6488924074E-04	 4.5149709729E-05
    13   4   6	 1.0193962272E-02	 1.3432726557E-02	 5.6488924074E-04	 6.4532781943E-04
    13   5   5	 1.3229341955E-02	 1.3229341955E-02	 4.5149709729E-05	 4.5149709729E-05
    13   5   6	 1.3229341955E-02	 1.3432726557E-02	 4.5149709729E-05	 6.4532781943E-04
    13   6   6	 1.3432726557E-02	 1.3432726557E-02	 6.4532781943E-04	 6.4532781943E-04
    14   1   1	 3.1698262091E-03	 3.1698262091E-03	 2.4339730366E-06	 2.4339730366E-06
    14   1   2	 3.1698262091E-03	 5.6389282215E-03	 2.4339730366E-06	 3.7576725118E-04
    14   1   3	 3.1698262091E-03	 5.9811386756E-03	 2.4339730366E-06	 8.9399374248E-06
    14   1   4	 3.1698262091E-03	 1.0793741081E-02	 2.4339730366E-06	 3.1107281744E-04
    14   1   5	 3.1698262091E-03	 1.3174763004E-02	 2.4339730366E-06	 2.9581647875E-05
    14   1   6	 3.1698262091E-03	 1.3220470093E-02	 2.4339730366E-06	 2.5057536317E-04
    14   2   2	 5.6389282215E-03	 5.6389282215E-03	 3.7576725118E-04	 3.7576725118E-04
    14   2   3	 5.6389282215E-03	 5.9811386756E-03	 3.7576725118E-04	 8.9399374248E-06
    14   2   4	 5.6389282215E-03	 1.0793741081E-02	 3.7576725118E-04	 3.1107281744E-04
    14   2   5	 5.6389282215E-03	 1.3174763004E-02	 3.7576725118E-04	 2.9581647875E-05
    14   2   6	 5.6389282215E-03	 1.3220470093E-02	 3.7576725118E-04	 2.5057536317E-04
    14   3   3	 5.9811386756E-03	 5.9811386756E-03	 8.9399374248E-06	 8.9399374248E-06
    14   3   4	 5.9811386756E-03	 1.0793741081E-02	 8.9399374248E-06	 3.1107281744E-04
    14   3   5	 5.9811386756E-03	 1.3174763004E-02	 8.9399374248E-06	 2.9581647875E-05
    14   3   6	 5.9811386756E-03	 1.3220470093E-02	 8.9399374248E-06	 2.5057536317E-04
    14   4   4	 1.0793741081E-02	 1.0793741081E-02	 3.1107281744E-04	 3.1107281744E-04
    14   4   5	 1.0793741081E-02	 1.3174763004E-02	 3.1107281744E-04	 2.9581647875E-05
    14   4   6	 1.0793741081E-02	 1.3220470093E-02	 3.1107281744E-04	 2.5057536317E-04
    14   5   5	 1.3174763004E-02	 1.3174763004E-02	 2.9581647875E-05	 2.9581647875E-05
    14   5   6	 1.3174763004E-02	 1.3220470093E-02	 2.9581647875E-05	 2.5057536317E-04
    14   6   6	 1.3220470093E-02	 1.3220470093E-02	 2.5057536317E-04	 2.5057536317E-04
    15   1   1	 3.3382637938E-03	 3.3382637938E-03	 3.2172320000E-06	 3.2172320000E-06
    15   1   2	 3.3382637938E-03	 5.7836796245E-03	 3.2172320000E-06	 8.9457938335E-06
    15   1   3	 3.3382637938E-03	 5.8080587523E-03	 3.2172320000E-06	 4.0171628761E-04
    15   1   4	 3.3382637938E-03	 1.1338867916E-02	 3.2172320000E-06	 2.3797535118E-04
    15   1   5	 3.3382637938E-03	 1.2956299631E-02	 3.2172320000E-06	 2.9002562129E-04
    15   1   6	 3.3382637938E-03	 1.3132150189E-02	 3.2172320000E-06	 2.2403170885E-05
    15   2   2	 5.7836796245E-03	 5.7836796245E-03	 8.9457938335E-06	 8.9457938335E-06
    15   2   3	 5.7836796245E-03	 5.8080587523E-03	 8.9457938335E-06	 4.0171628761E-04
    15   2   4	 5.7836796245E-03	 1.1338867916E-02	 8.9457938335E-06	 2.3797535118E-04
    15   2   5	 5.7836796245E-03	 1.2956299631E-02	 8.9457938335E-06	 2.9002562129E-04
    15   2   6	 5.7836796245E-03	 1.3132150189E-02	 8.9457938335E-06	 2.2403170885E-05
    15   3   3	 5.8080587523E-03	 5.8080587523E-03	 4.0171628761E-04	 4.0171628761E-04
    15   3   4	 5.8080587523E-03	 1.1338867916E-02	 4.0171628761E-04	 2.3797535118E-04
    15   3   5	 5.8080587523E-03	 1.2956299631E-02	 4.0171628761E-04	 2.9002562129E-04
    15   3   6	 5.8080587523E-03	 1.3132150189E-02	 4.0171628761E-04	 2.2403170885E-05
    15   4   4	 1.1338867916E-02	 1.1338867916E-02	 2.3797535118E-04	 2.3797535118E-04
    15   4   5	 1.1338867916E-02	 1.2956299631E-02	 2.3797535118E-04	 2.9002562129E-04
    15   4   6	 1.1338867916E-02	 1.3132150189E-02	 2.3797535118E-04	 2.2403170885E-05
    15   5   5	 1.2956299631E-02	 1.2956299631E-02	 2.9002562129E-04	 2.9002562129E-04
    15   5   6	 1.2956299631E-02	 1.3132150189E-02	 2.9002562129E-04	 2.2403170885E-05
    15   6   6	 1.3132150189E-02	 1.3132150189E-02	 2.2403170885E-05	 2.2403170885E-05
    16   1   1	 3.4545258167E-03	 3.4545258167E-03	 3.4770443123E-06	 3.4770443123E-06
    16   1   2	 3.4545258167E-03	 5.6485137954E-03	 3.4770443123E-06	 8.1624022755E-06
    16   1   3	 3.4545258167E-03	 5.9117200026E-03	 3.4770443123E-06	 3.6846504443E-04
    16   1   4	 3.4545258167E-03	 1.1827362793E-02	 3.4770443123E-06	 1.9021868520E-04
    16   1   5	 3.4545258167E-03	 1.2638055172E-02	 3.4770443123E-06	 1.1187493846E-04
    16   1   6	 3.4545258167E-03	 1.3104975032E-02	 3.4770443123E-06	 1.4568144394E-05
    16   2   2	 5.6485137954E-03	 5.6485137954E-03	 8.1624022755E-06	 8.1624022755E-06
    16   2   3	 5.6485137954E-03	 5.9117200026E-03	 8.1624022755E-06	 3.6846504443E-04
    16   2   4	 5.6485137954E-03	 1.1827362793E-02	 8.1624022755E-06	 1.9021868520E-04
    16   2   5	 5.6485137954E-03	 1.2638055172E-02	 8.1624022755E-06	 1.1187493846E-04
    16   2   6	 5.6485137954E-03	 1.3104975032E-02	 8.1624022755E-06	 1.4568144394E-05
    16   3   3	 5.9117200026E-03	 5.9117200026E-03	 3.6846504443E-04	 3.6846504443E-04
    16   3   4	 5.9117200026E-03	 1.1827362793E-02	 3.6846504443E-04	 1.9021868520E-04
    16   3   5	 5.9117200026E-03	 1.2638055172E-02	 3.6846504443E-04	 1.1187493846E-04
    16   3   6	 5.9117200026E-03	 1.3104975032E-02	 3.6846504443E-04	 1.4568144394E-05
    16   4   4	 1.1827362793E-02	 1.1827362793E-02	 1.9021868520E-04	 1.9021868520E-04
    16   4   5	 1.1827362793E-02	 1.2638055172E-02	 1.9021868520E-04	 1.1187493846E-04
    16   4   6	 1.1827362793E-02	 1.3104975032E-02	 1.9021868520E-04	 1.4568144394E-05
    16   5   5	 1.2638055172E-02	 1.2638055172E-02	 1.1187493846E-04	 1.1187493846E-04
    16   5   6	 1.2638055172E-02	 1.3104975032E-02	 1.1187493846E-04	 1.4568144394E-05
    16   6   6	 1.3104975032E-02	 1.3104975032E-02	 1.4568144394E-05	 1.4568144394E-05
    17   1   1	 3.4967298745E-03	 3.4967298745E-03	 3.2023098901E-06	 3.2023098901E-06
    17   1   2	 3.4967298745E-03	 5.5997532352E-03	 3.2023098901E-06	 7.5390973122E-06
    17   1   3	 3.4967298745E-03	 5.9466560185E-03	 3.2023098901E-06	 4.0440783737E-04
    17   1   4	 3.4967298745E-03	 1.2225715256E-02	 3.2023098901E-06	 1.4199237680E-05
    17   1   5	 3.4967298745E-03	 1.2296733733E-02	 3.2023098901E-06	 1.6206402121E-04
    17   1   6	 3.4967298745E-03	 1.3095631078E-02	 3.2023098901E-06	 1.1405407134E-05
    17   2   2	 5.5997532352E-03	 5.5997532352E-03	 7.5390973122E-06	 7.5390973122E-06
    17   2   3	 5.5997532352E-03	 5.9466560185E-03	 7.5390973122E-06	 4.0440783737E-04
    17   2   4	 5.5997532352E-03	 1.2225715256E-02	 7.5390973122E-06	 1.4199237680E-05
    17   2   5	 5.5997532352E-03	 1.2296733733E-02	 7.5390973122E-06	 1.6206402121E-04
    17   2   6	 5.5997532352E-03	 1.3095631078E-02	 7.5390973122E-06	 1.1405407134E-05
    17   3   3	 5.9466560185E-03	 5.9466560185E-03	 4.0440783737E-04	 4.0440783737E-04
    17   3   4	 5.9466560185E-03	 1.2225715256E-02	 4.0440783737E-04	 1.4199237680E-05
    17   3   5	 5.9466560185E-03	 1.2296733733E-02	 4.0440783737E-04	 1.6206402121E-04
    17   3   6	 5.9466560185E-03	 1.3095631078E-02	 4.0440783737E-04	 1.1405407134E-05
    17   4   4	 1.2225715256E-02	 1.2225715256E-02	 1.4199237680E-05	 1.4199237680E-05
    17   4   5	 1.2225715256E-02	 1.2296733733E-02	 1.4199237680E-05	 1.6206402121E-04
    17   4   6	 1.2225715256E-02	 1.3095631078E-02	 1.4199237680E-05	 1.1405407134E-05
    17   5   5	 1.2296733733E-02	 1.2296733733E-02	 1.6206402121E-04	 1.6206402121E-04
    17   5   6	 1.2296733733E-02	 1.3095631078E-02	 1.6206402121E-04	 1.1405407134E-05
    17   6   6	 1.3095631078E-02	 1.3095631078E-02	 1.1405407134E-05	 1.1405407134E-05
    18   1   1	 4.0559899265E-04	 4.0559899265E-04	 2.2427844471E-08	 2.2427844471E-08
    18   1   2	 4.0559899265E-04	 9.2593694585E-04	 2.2427844471E-08	 1.0179256988E-04
    18   1   3	 4.0559899265E-04	 1.6891246492E-03	 2.2427844471E-08	 1.1239513195E-05
    18   1   4	 4.0559899265E-04	 8.3193791025E-03	 2.2427844471E-08	 2.0264764347E-05
    18   1   5	 4.0559899265E-04	 1.3743191119E-02	 2.2427844471E-08	 8.3963140004E-04
    18   1   6	 4.0559899265E-04	 1.3767685842E-02	 2.2427844471E-08	 1.2405338499E-03
    18   2   2	 9.2593694585E-04	 9.2593694585E-04	 1.0179256988E-04	 1.0179256988E-04
    18   2   3	 9.2593694585E-04	 1.6891246492E-03	 1.0179256988E-04	 1.1239513195E-05
    18   2   4	 9.2593694585E-04	 8.3193791025E-03	 1.0179256988E-04	 2.0264764347E-05
    18   2   5	 9.2593694585E-04	 1.3743191119E-02	 1.0179256988E-04	 8.3963140004E-04
    18   2   6	 9.2593694585E-04	 1.3767685842E-02	 1.0179256988E-04	 1.2405338499E-03
    18   3   3	 1.6891246492E-03	 1.6891246492E-03	 1.1239513195E-05	 1.1239513195E-05
    18   3   4	 1.6891246492E-03	 8.3193791025E-03	 1.1239513195E-05	 2.0264764347E-05
    18   3   5	 1.6891246492E-03	 1.3743191119E-02	 1.1239513195E-05	 8.3963140004E-04
    18   3   6	 1.6891246492E-03	 1.3767685842E-02	 1.1239513195E-05	 1.2405338499E-03
    18   4   4	 8.3193791025E-03	 8.3193791025E-03	 2.0264764347E-05	 2.0264764347E-05
    18   4   5	 8.3193791025E-03	 1.3743191119E-02	 2.0264764347E-05	 8.3963140004E-04
    18   4   6	 8.3193791025E-03	 1.3767685842E-02	 2.0264764347E-05	 1.2405338499E-03
    18   5   5	 1.3743191119E-02	 1.3743191119E-02	 8.3963140004E-04	 8.3963140004E-04
    18   5   6	 1.3743191119E-02	 1.3767685842E-02	 8.3963140004E-04	 1.2405338499E-03
    18   6   6	 1.3767685842E-02	 1.3767685842E-02	 1.2405338499E-03	 1.2405338499E-03
    19   1   1	 6.5946878215E-04	 6.5946878215E-04	 8.4217961311E-08	 8.4217961311E-08
    19   1   2	 6.5946878215E-04	 1.4126796835E-03	 8.4217961311E-08	 1.9386520062E-04
    19   1   3	 6.5946878215E-04	 2.5485984210E-03	 8.4217961311E-08	 2.5314301682E-05
    19   1   4	 6.5946878215E-04	 8.2432092931E-03	 8.4217961311E-08	 1.9023943197E-05
    19   1   5	 6.5946878215E-04	 1.3726783119E-02	 8.4217961311E-08	 7.7354495425E-04
    19   1   6	 6.5946878215E-04	 1.3785444390E-02	 8.4217961311E-08	 1.2655741473E-03
    19   2   2	 1.4126796835E-03	 1.4126796835E-03	 1.9386520062E-04	 1.9386520062E-04
    19   2   3	 1.4126796835E-03	 2.5485984210E-03	 1.9386520062E-04	 2.5314301682E-05
    19   2   4	 1.4126796835E-03	 8.2432092931E-03	 1.9386520062E-04	 1.9023943197E-05
    19   2   5	 1.4126796835E-03	 1.3726783119E-02	 1.9386520062E-04	 7.7354495425E-04
    19   2   6	 1.4126796835E-03	 1.3785444390E-02	 1.9386520062E-04	 1.2655741473E-03
    19   3   3	 2.5485984210E-03	 2.5485984210E-03	 2.5314301682E-05	 2.5314301682E-05
    19   3   4	 2.5485984210E-03	 8.2432092931E-03	 2.5314301682E-05	 1.9023943197E-05
    19   3   5	 2.5485984210E-03	 1.3726783119E-02	 2.5314301682E-05	 7.7354495425E-04
    19   3   6	 2.5485984210E-03	 1.3785444390E-02	 2.5314301682E-05	 1.2655741473E-03
    19   4   4	 8.2432092931E-03	 8.2432092931E-03	 1.9023943197E-05	 1.9023943197E-05
    19   4   5	 8.2432092931E-03	 1.3726783119E-02	 1.9023943197E-05	 7.7354495425E-04
    19   4   6	 8.2432092931E-03	 1.3785444390E-02	 1.9023943197E-05	 1.2655741473E-03
    19   5   5	 1.3726783119E-02	 1.3726783119E-02	 7.7354495425E-04	 7.7354495425E-04
    19   5   6	 1.3726783119E-02	 1.3785444390E-02	 7.7354495425E-04	 1.2655741473E-03
    19   6   6	 1.3785444390E-02	 1.3785444390E-02	 1.2655741473E-03	 1.2655741473E-03
    20   1   1	 9.1521079574E-04	 9.1521079574E-04	 1.6564310519E-07	 1.6564310519E-07
    20   1   2	 9.1521079574E-04	 1.9181694576E-03	 1.6564310519E-07	 2.6359757986E-04
    20   1   3	 9.1521079574E-04	 3.4434265332E-03	 1.6564310519E-07	 5.2254997060E-05
    20   1   4	 9.1521079574E-04	 8.1307328346E-03	 1.6564310519E-07	 1.6745042469E-05
    20   1   5	 9.1521079574E-04	 1.3701938913E-02	 1.6564310519E-07	 7.2798955986E-04
    20   1   6	 9.1521079574E-04	 1.3808353180E-02	 1.6564310519E-07	 1.0303769973E-03
    20   2   2	 1.9181694576E-03	 1.9181694576E-03	 2.6359757986E-04	 2.6359757986E-04
    20   2   3	 1.9181694576E-03	 3.4434265332E-03	 2.6359757986E-04	 5.2254997060E-05
    20   2   4	 1.9181694576E-03	 8.1307328346E-03	 2.6359757986E-04	 1.6745042469E-05
    20   2   5	 1.9181694576E-03	 1.3701938913E-02	 2.6359757986E-04	 7.2798955986E-04
    20   2   6	 1.9181694576E-03	 1.3808353180E-02	 2.6359757986E-04	 1.0303769973E-03
    20   3   3	 3.4434265332E-03	 3.4434265332E-03	 5.2254997060E-05	 5.2254997060E-05
    20   3   4	 3.4434265332E-03	 8.1307328346E-03	 5.2254997060E-05	 1.6745042469E-05
    20   3   5	 3.4434265332E-03	 1.3701938913E-02	 5.2254997060E-05	 7.2798955986E-04
    20   3   6	 3.4434265332E-03	 1.3808353180E-02	 5.2254997060E-05	 1.0303769973E-03
    20   4   4	 8.1307328346E-03	 8.1307328346E-03	 1.6745042469E-05	 1.6745042469E-05
    20   4   5	 8.1307328346E-03	 1.3701938913E-02	 1.6745042469E-05	 7.2798955986E-04
    20   4   6	 8.1307328346E-03	 1.3808353180E-02	 1.6745042469E-05	 1.0303769973E-03
    20   5   5	 1.3701938913E-02	 1.3701938913E-02	 7.2798955986E-04	 7.2798955986E-04
    20   5   6	 1.3701938913E-02	 1.3808353180E-02	 7.2798955986E-04	 1.0303769973E-03
    20   6   6	 1.3808353180E-02	 1.3808353180E-02	 1.0303769973E-03	 1.0303769973E-03
    21   1   1	 1.1702313320E-03	 1.1702313320E-03	 3.3111878912E-07	 3.3111878912E-07
    21   1   2	 1.1702313320E-03	 2.4215479925E-03	 3.3111878912E-07	 2.9880829628E-04
    21   1   3	 1.1702313320E-03	 4.3397519271E-03	 3.3111878912E-07	 8.3835561355E-05
    21   1   4	 1.1702313320E-03	 7.9840793328E-03	 3.3111878912E-07	 1.7012993928E-05
    21   1   5	 1.1702313320E-03	 1.3668761385E-02	 3.3111878912E-07	 6.5120910640E-04
    21   1   6	 1.1702313320E-03	 1.3831935905E-02	 3.3111878912E-07	 1.0010922935E-03
    21   2   2	 2.4215479925E-03	 2.4215479925E-03	 2.9880829628E-04	 2.9880829628E-04
    21   2   3	 2.4215479925E-03	 4.3397519271E-03	 2.9880829628E-04	 8.3835561355E-05
    21   2   4	 2.4215479925E-03	 7.9840793328E-03	 2.9880829628E-04	 1.7012993928E-05
    21   2   5	 2.4215479925E-03	 1.3668761385E-02	 2.9880829628E-04	 6.5120910640E-04
    21   2   6	 2.4215479925E-03	 1.3831935905E-02	 2.9880829628E-04	 1.0010922935E-03
    21   3   3	 4.3397519271E-03	 4.3397519271E-03	 8.3835561355E-05	 8.3835561355E-05
    21   3   4	 4.3397519271E-03	 7.9840793328E-03	 8.3835561355E-05	 1.7012993928E-05
    21   3   5	 4.3397519271E-03	 1.3668761385E-02	 8.3835561355E-05	 6.5120910640E-04
    21   3   6	 4.3397519271E-03	 1.3831935905E-02	 8.3835561355E-05	 1.0010922935E-03
    21   4   4	 7.9840793328E-03	 7.9840793328E-03	 1.7012993928E-05	 1.7012993928E-05
    21   4   5	 7.9840793328E-03	 1.3668761385E-02	 1.7012993928E-05	 6.5120910640E-04
    21   4   6	 7.9840793328E-03	 1.3831935905E-02	 1.7012993928E-05	 1.0010922935E-03
    21   5   5	 1.3668761385E-02	 1.3668761385E-02	 6.5120910640E-04	 6.5120910640E-04
    21   5   6	 1.3668761385E-02	 1.3831935905E-02	 6.5120910640E-04	 1.0010922935E-03
    21   6   6	 1.3831935905E-02	 1.3831935905E-02	 1.0010922935E-03	 1.0010922935E-03
    22   1   1	 1.4235349940E-03	 1.4235349940E-03	 4.1309370488E-07	 4.1309370488E-07
    22   1   2	 1.4235349940E-03	 2.9141745395E-03	 4.1309370488E-07	 3.0195052658E-04
    22   1   3	 1.4235349940E-03	 5.2232519010E-03	 4.1309370488E-07	 1.4268037930E-04
    22   1   4	 1.4235349940E-03	 7.8060834961E-03	 4.1309370488E-07	 1.6005747260E-05
    22   1   5	 1.4235349940E-03	 1.3627437489E-02	 4.1309370488E-07	 5.7236703537E-04
    22   1   6	 1.4235349940E-03	 1.3850762234E-02	 4.1309370488E-07	 1.2500268761E-03
    22   2   2	 2.9141745395E-03	 2.9141745395E-03	 3.0195052658E-04	 3.0195052658E-04
    22   2   3	 2.9141745395E-03	 5.2232519010E-03	 3.0195052658E-04	 1.4268037930E-04
    22   2   4	 2.9141745395E-03	 7.8060834961E-03	 3.0195052658E-04	 1.6005747260E-05
    22   2   5	 2.9141745395E-03	 1.3627437489E-02	 3.0195052658E-04	 5.7236703537E-04
    22   2   6	 2.9141745395E-03	 1.3850762234E-02	 3.0195052658E-04	 1.2500268761E-03
    22   3   3	 5.2232519010E-03	 5.2232519010E-03	 1.4268037930E-04	 1.4268037930E-04
    22   3   4	 5.2232519010E-03	 7.8060834961E-03	 1.4268037930E-04	 1.6005747260E-05
    22   3   5	 5.2232519010E-03	 1.3627437489E-02	 1.4268037930E-04	 5.7236703537E-04
    22   3   6	 5.2232519010E-03	 1.3850762234E-02	 1.4268037930E-04	 1.2500268761E-03
    22   4   4	 7.8060834961E-03	 7.8060834961E-03	 1.6005747260E-05	 1.6005747260E-05
    22   4   5	 7.8060834961E-03	 1.3627437489E-02	 1.6005747260E-05	 5.7236703537E-04
    22   4   6	 7.8060834961E-03	 1.3850762234E-02	 1.6005747260E-05	 1.2500268761E-03
    22   5   5	 1.3627437489E-02	 1.3627437489E-02	 5.7236703537E-04	 5.7236703537E-04
    22   5   6	 1.3627437489E-02	 1.3850762234E-02	 5.7236703537E-04	 1.2500268761E-03
    22   6   6	 1.3850762234E-02	 1.3850762234E-02	 1.2500268761E-03	 1.2500268761E-03
    23   1   1	 1.6745452342E-03	 1.6745452342E-03	 7.9400574625E-07	 7.9400574625E-07
    23   1   2	 1.6745452342E-03	 3.3901303849E-03	 7.9400574625E-07	 2.8809244041E-04
    23   1   3	 1.6745452342E-03	 6.0852302286E-03	 7.9400574625E-07	 2.3862521382E-04
    23   1   4	 1.6745452342E-03	 7.6002873546E-03	 7.9400574625E-07	 1.6391575745E-05
    23   1   5	 1.6745452342E-03	 1.3578390778E-02	 7.9400574625E-07	 4.7888792249E-04
    23   1   6	 1.6745452342E-03	 1.3858717567E-02	 7.9400574625E-07	 7.5283545344E-04
    23   2   2	 3.3901303849E-03	 3.3901303849E-03	 2.8809244041E-04	 2.8809244041E-04
    23   2   3	 3.3901303849E-03	 6.0852302286E-03	 2.8809244041E-04	 2.3862521382E-04
    23   2   4	 3.3901303849E-03	 7.6002873546E-03	 2.8809244041E-04	 1.6391575745E-05
    23   2   5	 3.3901303849E-03	 1.3578390778E-02	 2.8809244041E-04	 4.7888792249E-04
    23   2   6	 3.3901303849E-03	 1.3858717567E-02	 2.8809244041E-04	 7.5283545344E-04
    23   3   3	 6.0852302286E-03	 6.0852302286E-03	 2.3862521382E-04	 2.3862521382E-04
    23   3   4	 6.0852302286E-03	 7.6002873546E-03	 2.3862521382E-04	 1.6391575745E-05
    23   3   5	 6.0852302286E-03	 1.3578390778E-02	 2.3862521382E-04	 4.7888792249E-04
    23   3   6	 6.0852302286E-03	 1.3858717567E-02	 2.3862521382E-04	 7.5283545344E-04
    23   4   4	 7.6002873546E-03	 7.6002873546E-03	 1.6391575745E-05	 1.6391575745E-05
    23   4   5	 7.6002873546E-03	 1.3578390778E-02	 1.6391575745E-05	 4.7888792249E-04
    23   4   6	 7.6002873546E-03	 1.3858717567E-02	 1.6391575745E-05	 7.5283545344E-04
    23   5   5	 1.3578390778E-02	 1.3578390778E-02	 4.7888792249E-04	 4.7888792249E-04
    23   5   6	 1.3578390778E-02	 1.3858717567E-02	 4.7888792249E-04	 7.5283545344E-04
    23   6   6	 1.3858717567E-02	 1.3858717567E-02	 7.5283545344E-04	 7.5283545344E-04
    24   1   1	 1.9228050830E-03	 1.9228050830E-03	 1.0358669171E-06	 1.0358669171E-06
    24   1   2	 1.9228050830E-03	 3.8441186315E-03	 1.0358669171E-06	 2.7761363801E-04
    24   1   3	 1.9228050830E-03	 6.9191226311E-03	 1.0358669171E-06	 3.0126970850E-04
    24   1   4	 1.9228050830E-03	 7.3709550249E-03	 1.0358669171E-06	 1.4307587602E-05
    24   1   5	 1.9228050830E-03	 1.3522406184E-02	 1.0358669171E-06	 4.0268358700E-04
    24   1   6	 1.9228050830E-03	 1.3849321710E-02	 1.0358669171E-06	 9.9885231780E-04
    24   2   2	 3.8441186315E-03	 3.8441186315E-03	 2.7761363801E-04	 2.7761363801E-04
    24   2   3	 3.8441186315E-03	 6.9191226311E-03	 2.7761363801E-04	 3.0126970850E-04
    24   2   4	 3.8441186315E-03	 7.3709550249E-03	 2.7761363801E-04	 1.4307587602E-05
    24   2   5	 3.8441186315E-03	 1.3522406184E-02	 2.7761363801E-04	 4.0268358700E-04
    24   2   6	 3.8441186315E-03	 1.3849321710E-02	 2.7761363801E-04	 9.9885231780E-04
    24   3   3	 6.9191226311E-03	 6.9191226311E-03	 3.0126970850E-04	 3.0126970850E-04
    24   3   4	 6.9191226311E-03	 7.3709550249E-03	 3.0126970850E-04	 1.4307587602E-05
    24   3   5	 6.9191226311E-03	 1.3522406184E-02	 3.0126970850E-04	 4.0268358700E-04
    24   3   6	 6.9191226311E-03	 1.3849321710E-02	 3.0126970850E-04	 9.9885231780E-04
    24   4   4	 7.3709550249E-03	 7.3709550249E-03	 1.4307587602E-05	 1.4307587602E-05
    24   4   5	 7.3709550249E-03	 1.3522406184E-02	 1.4307587602E-05	 4.0268358700E-04
    24   4   6	 7.3709550249E-03	 1.3849321710E-02	 1.4307587602E-05	 9.9885231780E-04
    24   5   5	 1.3522406184E-02	 1.3522406184E-02	 4.0268358700E-04	 4.0268358700E-04
    24   5   6	 1.3522406184E-02	 1.3849321710E-02	 4.0268358700E-04	 9.9885231780E-04
    24   6   6	 1.3849321710E-02	 1.3849321710E-02	 9.9885231780E-04	 9.9885231780E-04
    25   1   1	 2.1677842829E-03	 2.1677842829E-03	 1.5131468486E-06	 1.5131468486E-06
    25   1   2	 2.1677842829E-03	 4.2708085424E-03	 1.5131468486E-06	 2.9558468365E-04
    25   1   3	 2.1677842829E-03	 7.1231165063E-03	 1.5131468486E-06	 1.2806439226E-05
    25   1   4	 2.1677842829E-03	 7.7193982448E-03	 1.5131468486E-06	 3.9279238237E-04
    25   1   5	 2.1677842829E-03	 1.3460745026E-02	 1.5131468486E-06	 3.1208321921E-04
    25   1   6	 2.1677842829E-03	 1.3816041817E-02	 1.5131468486E-06	 7.5076221095E-04
    25   2   2	 4.2708085424E-03	 4.2708085424E-03	 2.9558468365E-04	 2.9558468365E-04
    25   2   3	 4.2708085424E-03	 7.1231165063E-03	 2.9558468365E-04	 1.2806439226E-05
    25   2   4	 4.2708085424E-03	 7.7193982448E-03	 2.9558468365E-04	 3.9279238237E-04
    25   2   5	 4.2708085424E-03	 1.3460745026E-02	 2.9558468365E-04	 3.1208321921E-04
    25   2   6	 4.2708085424E-03	 1.3816041817E-02	 2.9558468365E-04	 7.5076221095E-04
    25   3   3	 7.1231165063E-03	 7.1231165063E-03	 1.2806439226E-05	 1.2806439226E-05
    25   3   4	 7.1231165063E-03	 7.7193982448E-03	 1.2806439226E-05	 3.9279238237E-04
    25   3   5	 7.1231165063E-03	 1.3460745026E-02	 1.2806439226E-05	 3.1208321921E-04
    25   3   6	 7.1231165063E-03	 1.3816041817E-02	 1.2806439226E-05	 7.5076221095E-04
    25   4   4	 7.7193982448E-03	 7.7193982448E-03	 3.9279238237E-04	 3.9279238237E-04
    25   4   5	 7.7193982448E-03	 1.3460745026E-02	 3.9279238237E-04	 3.1208321921E-04
    25   4   6	 7.7193982448E-03	 1.3816041817E-02	 3.9279238237E-04	 7.5076221095E-04
    25   5   5	 1.3460745026E-02	 1.3460745026E-02	 3.1208321921E-04	 3.1208321921E-04
    25   5   6	 1.3460745026E-02	 1.3816041817E-02	 3.1208321921E-04	 7.5076221095E-04
    25   6   6	 1.3816041817E-02	 1.3816041817E-02	 7.5076221095E-04	 7.5076221095E-04
    26   1   1	 2.4086258925E-03	 2.4086258925E-03	 1.5410499105E-06	 1.5410499105E-06
    26   1   2	 2.4086258925E-03	 4.6645862502E-03	 1.5410499105E-06	 3.4022777525E-04
    26   1   3	 2.4086258925E-03	 6.8626734239E-03	 1.5410499105E-06	 1.1683334109E-05
    26   1   4	 2.4086258925E-03	 8.4811767371E-03	 1.5410499105E-06	 4.8749523205E-04
    26   1   5	 2.4086258925E-03	 1.3395228367E-02	 1.5410499105E-06	 2.2170968688E-04
    26   1   6	 2.4086258925E-03	 1.3752586792E-02	 1.5410499105E-06	 7.1918316254E-04
    26   2   2	 4.6645862502E-03	 4.6645862502E-03	 3.4022777525E-04	 3.4022777525E-04
    26   2   3	 4.6645862502E-03	 6.8626734239E-03	 3.4022777525E-04	 1.1683334109E-05
    26   2   4	 4.6645862502E-03	 8.4811767371E-03	 3.4022777525E-04	 4.8749523205E-04
    26   2   5	 4.6645862502E-03	 1.3395228367E-02	 3.4022777525E-04	 2.2170968688E-04
    26   2   6	 4.6645862502E-03	 1.3752586792E-02	 3.4022777525E-04	 7.1918316254E-04
    26   3   3	 6.8626734239E-03	 6.8626734239E-03	 1.1683334109E-05	 1.1683334109E-05
    26   3   4	 6.8626734239E-03	 8.4811767371E-03	 1.1683334109E-05	 4.8749523205E-04
    26   3   5	 6.8626734239E-03	 1.3395228367E-02	 1.1683334109E-05	 2.2170968688E-04
    26   3   6	 6.8626734239E-03	 1.3752586792E-02	 1.1683334109E-05	 7.1918316254E-04
    26   4   4	 8.4811767371E-03	 8.4811767371E-03	 4.8749523205E-04	 4.8749523205E-04
    26   4   5	 8.4811767371E-03	 1.3395228367E-02	 4.8749523205E-04	 2.2170968688E-04
    26   4   6	 8.4811767371E-03	 1.3752586792E-02	 4.8749523205E-04	 7.1918316254E-04
    26   5   5	 1.3395228367E-02	 1.3395228367E-02	 2.2170968688E-04	 2.2170968688E-04
    26   5   6	 1.3395228367E-02	 1.3752586792E-02	 2.2170968688E-04	 7.1918316254E-04
    26   6   6	 1.3752586792E-02	 1.3752586792E-02	 7.1918316254E-04	 7.1918316254E-04
    27   1   1	 2.6437297514E-03	 2.6437297514E-03	 2.0489248040E-06	 2.0489248040E-06
    27   1   2	 2.6437297514E-03	 5.0194772219E-03	 2.0489248040E-06	 2.9254983541E-04
    27   1   3	 2.6437297514E-03	 6.5966306856E-03	 2.0489248040E-06	 1.0426706320E-05
    27   1   4	 2.6437297514E-03	 9.2001033311E-03	 2.0489248040E-06	 6.6952074061E-04
    27   1   5	 2.6437297514E-03	 1.3328225133E-02	 2.0489248040E-06	 1.4389900969E-04
    27   1   6	 2.6437297514E-03	 1.3653211752E-02	 2.0489248040E-06	 6.8167919493E-04
    27   2   2	 5.0194772219E-03	 5.0194772219E-03	 2.9254983541E-04	 2.9254983541E-04
    27   2   3	 5.0194772219E-03	 6.5966306856E-03	 2.9254983541E-04	 1.0426706320E-05
    27   2   4	 5.0194772219E-03	 9.2001033311E-03	 2.9254983541E-04	 6.6952074061E-04
    27   2   5	 5.0194772219E-03	 1.3328225133E-02	 2.9254983541E-04	 1.4389900969E-04
    27   2   6	 5.0194772219E-03	 1.3653211752E-02	 2.9254983541E-04	 6.8167919493E-04
    27   3   3	 6.5966306856E-03	 6.5966306856E-03	 1.0426706320E-05	 1.0426706320E-05
    27   3   4	 6.5966306856E-03	 9.2001033311E-03	 1.0426706320E-05	 6.6952074061E-04
    27   3   5	 6.5966306856E-03	 1.3328225133E-02	 1.0426706320E-05	 1.4389900969E-04
    27   3   6	 6.5966306856E-03	 1.3653211752E-02	 1.0426706320E-05	 6.8167919493E-04
    27   4   4	 9.2001033311E-03	 9.2001033311E-03	 6.6952074061E-04	 6.6952074061E-04
    27   4   5	 9.2001033311E-03	 1.3328225133E-02	 6.6952074061E-04	 1.4389900969E-04
    27   4   6	 9.2001033311E-03	 1.3653211752E-02	 6.6952074061E-04	 6.8167919493E-04
    27   5   5	 1.3328225133E-02	 1.3328225133E-02	 1.4389900969E-04	 1.4389900969E-04
    27   5   6	 1.3328225133E-02	 1.3653211752E-02	 1.4389900969E-04	 6.8167919493E-04
    27   6   6	 1.3653211752E-02	 1.3653211752E-02	 6.8167919493E-04	 6.8167919493E-04
    28   1   1	 2.8700408271E-03	 2.8700408271E-03	 2.0825081886E-06	 2.0825081886E-06
    28   1   2	 2.8700408271E-03	 5.3291938566E-03	 2.0825081886E-06	 3.2514888571E-04
    28   1   3	 2.8700408271E-03	 6.3335721607E-03	 2.0825081886E-06	 9.5104940174E-06
    28   1   4	 2.8700408271E-03	 9.8723291371E-03	 2.0825081886E-06	 1.2956842022E-03
    28   1   5	 2.8700408271E-03	 1.3262287789E-02	 2.0825081886E-06	 8.7926246678E-05
    28   1   6	 2.8700408271E-03	 1.3513251740E-02	 2.0825081886E-06	 8.1064897431E-04
    28   2   2	 5.3291938566E-03	 5.3291938566E-03	 3.2514888571E-04	 3.2514888571E-04
    28   2   3	 5.3291938566E-03	 6.3335721607E-03	 3.2514888571E-04	 9.5104940174E-06
    28   2   4	 5.3291938566E-03	 9.8723291371E-03	 3.2514888571E-04	 1.2956842022E-03
    28   2   5	 5.3291938566E-03	 1.3262287789E-02	 3.2514888571E-04	 8.7926246678E-05
    28   2   6	 5.3291938566E-03	 1.3513251740E-02	 3.2514888571E-04	 8.1064897431E-04
    28   3   3	 6.3335721607E-03	 6.3335721607E-03	 9.5104940174E-06	 9.5104940174E-06
    28   3   4	 6.3335721607E-03	 9.8723291371E-03	 9.5104940174E-06	 1.2956842022E-03
    28   3   5	 6.3335721607E-03	 1.3262287789E-02	 9.5104940174E-06	 8.7926246678E-05
    28   3   6	 6.3335721607E-03	 1.3513251740E-02	 9.5104940174E-06	 8.1064897431E-04
    28   4   4	 9.8723291371E-03	 9.8723291371E-03	 1.2956842022E-03	 1.2956842022E-03
    28   4   5	 9.8723291371E-03	 1.3262287789E-02	 1.2956842022E-03	 8.7926246678E-05
    28   4   6	 9.8723291371E-03	 1.3513251740E-02	 1.2956842022E-03	 8.1064897431E-04
    28   5   5	 1.3262287789E-02	 1.3262287789E-02	 8.7926246678E-05	 8.7926246678E-05
    28   5   6	 1.3262287789E-02	 1.3513251740E-02	 8.7926246678E-05	 8.1064897431E-04
    28   6   6	 1.3513251740E-02	 1.3513251740E-02	 8.1064897431E-04	 8.1064897431E-04
    29   1   1	 3.0818519901E-03	 3.0818519901E-03	 2.6176984631E-06	 2.6176984631E-06
    29   1   2	 3.0818519901E-03	 5.5873198717E-03	 2.6176984631E-06	 3.8125635646E-04
    29   1   3	 3.0818519901E-03	 6.0845703143E-03	 2.6176984631E-06	 9.0136608429E-06
    29   1   4	 3.0818519901E-03	 1.0494535112E-02	 2.6176984631E-06	 5.0703447934E-04
    29   1   5	 3.0818519901E-03	 1.3196907801E-02	 2.6176984631E-06	 9.0459920085E-05
    29   1   6	 3.0818519901E-03	 1.3332373229E-02	 2.6176984631E-06	 3.1202552508E-04
    29   2   2	 5.5873198717E-03	 5.5873198717E-03	 3.8125635646E-04	 3.8125635646E-04
    29   2   3	 5.5873198717E-03	 6.0845703143E-03	 3.8125635646E-04	 9.0136608429E-06
    29   2   4	 5.5873198717E-03	 1.0494535112E-02	 3.8125635646E-04	 5.0703447934E-04
    29   2   5	 5.5873198717E-03	 1.3196907801E-02	 3.8125635646E-04	 9.0459920085E-05
    29   2   6	 5.5873198717E-03	 1.3332373229E-02	 3.8125635646E-04	 3.1202552508E-04
    29   3   3	 6.0845703143E-03	 6.0845703143E-03	 9.0136608429E-06	 9.0136608429E-06
    29   3   4	 6.0845703143E-03	 1.0494535112E-02	 9.0136608429E-06	 5.0703447934E-04
    29   3   5	 6.0845703143E-03	 1.3196907801E-02	 9.0136608429E-06	 9.0459920085E-05
    29   3   6	 6.0845703143E-03	 1.3332373229E-02	 9.0136608429E-06	 3.1202552508E-04
    29   4   4	 1.0494535112E-02	 1.0494535112E-02	 5.0703447934E-04	 5.0703447934E-04
    29   4   5	 1.0494535112E-02	 1.3196907801E-02	 5.0703447934E-04	 9.0459920085E-05
    29   4   6	 1.0494535112E-02	 1.3332373229E-02	 5.0703447934E-04	 3.1202552508E-04
    29   5   5	 1.3196907801E-02	 1.3196907801E-02	 9.0459920085E-05	 9.0459920085E-05
    29   5   6	 1.3196907801E-02	 1.3332373229E-02	 9.0459920085E-05	 3.1202552508E-04
    29   6   6	 1.3332373229E-02	 1.3332373229E-02	 3.1202552508E-04	 3.1202552508E-04
    30   1   1	 3.2689621670E-03	 3.2689621670E-03	 2.8693864975E-06	 2.8693864975E-06
    30   1   2	 3.2689621670E-03	 5.7876557948E-03	 2.8693864975E-06	 3.7815576033E-04
    30   1   3	 3.2689621670E-03	 5.8647014121E-03	 2.8693864975E-06	 8.7240348018E-06
    30   1   4	 3.2689621670E-03	 1.1063963015E-02	 2.8693864975E-06	 2.5282831183E-04
    30   1   5	 3.2689621670E-03	 1.3063175149E-02	 2.8693864975E-06	 1.8416038386E-04
    30   1   6	 3.2689621670E-03	 1.3179735130E-02	 2.8693864975E-06	 5.2886582054E-05
    30   2   2	 5.7876557948E-03	 5.7876557948E-03	 3.7815576033E-04	 3.7815576033E-04
    30   2   3	 5.7876557948E-03	 5.8647014121E-03	 3.7815576033E-04	 8.7240348018E-06
    30   2   4	 5.7876557948E-03	 1.1063963015E-02	 3.7815576033E-04	 2.5282831183E-04
    30   2   5	 5.7876557948E-03	 1.3063175149E-02	 3.7815576033E-04	 1.8416038386E-04
    30   2   6	 5.7876557948E-03	 1.3179735130E-02	 3.7815576033E-04	 5.2886582054E-05
    30   3   3	 5.8647014121E-03	 5.8647014121E-03	 8.7240348018E-06	 8.7240348018E-06
    30   3   4	 5.8647014121E-03	 1.1063963015E-02	 8.7240348018E-06	 2.5282831183E-04
    30   3   5	 5.8647014121E-03	 1.3063175149E-02	 8.7240348018E-06	 1.8416038386E-04
    30   3   6	 5.8647014121E-03	 1.3179735130E-02	 8.7240348018E-06	 5.2886582054E-05
    30   4   4	 1.1063963015E-02	 1.1063963015E-02	 2.5282831183E-04	 2.5282831183E-04
    30   4   5	 1.1063963015E-02	 1.3063175149E-02	 2.5282831183E-04	 1.8416038386E-04
    30   4   6	 1.1063963015E-02	 1.3179735130E-02	 2.5282831183E-04	 5.2886582054E-05
    30   5   5	 1.3063175149E-02	 1.3063175149E-02	 1.8416038386E-04	 1.8416038386E-04
    30   5   6	 1.3063175149E-02	 1.3179735130E-02	 1.8416038386E-04	 5.2886582054E-05
    30   6   6	 1.3179735130E-02	 1.3179735130E-02	 5.2886582054E-05	 5.2886582054E-05
    31   1   1	 3.4146849569E-03	 3.4146849569E-03	 3.3455913043E-06	 3.3455913043E-06
    31   1   2	 3.4146849569E-03	 5.6946977337E-03	 3.3455913043E-06	 8.3555902605E-06
    31   1   3	 3.4146849569E-03	 5.9247257714E-03	 3.3455913043E-06	 3.9582286610E-04
    31   1   4	 3.4146849569E-03	 1.1578379893E-02	 3.3455913043E-06	 2.1282803920E-04
    31   1   5	 3.4146849569E-03	 1.2784536146E-02	 3.3455913043E-06	 1.2764480268E-04
    31   1   6	 3.4146849569E-03	 1.3132923213E-02	 3.3455913043E-06	 3.0621933877E-05
    31   2   2	 5.6946977337E-03	 5.6946977337E-03	 8.3555902605E-06	 8.3555902605E-06
    31   2   3	 5.6946977337E-03	 5.9247257714E-03	 8.3555902605E-06	 3.9582286610E-04
    31   2   4	 5.6946977337E-03	 1.1578379893E-02	 8.3555902605E-06	 2.1282803920E-04
    31   2   5	 5.6946977337E-03	 1.2784536146E-02	 8.3555902605E-06	 1.2764480268E-04
    31   2   6	 5.6946977337E-03	 1.3132923213E-02	 8.3555902605E-06	 3.0621933877E-05
    31   3   3	 5.9247257714E-03	 5.9247257714E-03	 3.9582286610E-04	 3.9582286610E-04
    31   3   4	 5.9247257714E-03	 1.1578379893E-02	 3.9582286610E-04	 2.1282803920E-04
    31   3   5	 5.9247257714E-03	 1.2784536146E-02	 3.9582286610E-04	 1.2764480268E-04
    31   3   6	 5.9247257714E-03	 1.3132923213E-02	 3.9582286610E-04	 3.0621933877E-05
    31   4   4	 1.1578379893E-02	 1.1578379893E-02	 2.1282803920E-04	 2.1282803920E-04
    31   4   5	 1.1578379893E-02	 1.2784536146E-02	 2.1282803920E-04	 1.2764480268E-04
    31   4   6	 1.1578379893E-02	 1.3132923213E-02	 2.1282803920E-04	 3.0621933877E-05
    31   5   5	 1.2784536146E-02	 1.2784536146E-02	 1.2764480268E-04	 1.2764480268E-04
    31   5   6	 1.2784536146E-02	 1.3132923213E-02	 1.2764480268E-04	 3.0621933877E-05
    31   6   6	 1.3132923213E-02	 1.3132923213E-02	 3.0621933877E-05	 3.0621933877E-05
    32   1   1	 3.4967298745E-03	 3.4967298745E-03	 3.3959657543E-06	 3.3959657543E-06
    32   1   2	 3.4967298745E-03	 5.5997532352E-03	 3.3959657543E-06	 8.1495345462E-06
    32   1   3	 3.4967298745E-03	 5.9943843798E-03	 3.3959657543E-06	 4.0733782241E-04
    32   1   4	 3.4967298745E-03	 1.2035016109E-02	 3.3959657543E-06	 1.2605414143E-04
    32   1   5	 3.4967298745E-03	 1.2442607528E-02	 3.3959657543E-06	 1.2579936200E-04
    32   1   6	 3.4967298745E-03	 1.3112715440E-02	 3.3959657543E-06	 1.9597883160E-05
    32   2   2	 5.5997532352E-03	 5.5997532352E-03	 8.1495345462E-06	 8.1495345462E-06
    32   2   3	 5.5997532352E-03	 5.9943843798E-03	 8.1495345462E-06	 4.0733782241E-04
    32   2   4	 5.5997532352E-03	 1.2035016109E-02	 8.1495345462E-06	 1.2605414143E-04
    32   2   5	 5.5997532352E-03	 1.2442607528E-02	 8.1495345462E-06	 1.2579936200E-04
    32   2   6	 5.5997532352E-03	 1.3112715440E-02	 8.1495345462E-06	 1.9597883160E-05
    32   3   3	 5.9943843798E-03	 5.9943843798E-03	 4.0733782241E-04	 4.0733782241E-04
    32   3   4	 5.9943843798E-03	 1.2035016109E-02	 4.0733782241E-04	 1.2605414143E-04
    32   3   5	 5.9943843798E-03	 1.2442607528E-02	 4.0733782241E-04	 1.2579936200E-04
    32   3   6	 5.9943843798E-03	 1.3112715440E-02	 4.0733782241E-04	 1.9597883160E-05
    32   4   4	 1.2035016109E-02	 1.2035016109E-02	 1.2605414143E-04	 1.2605414143E-04
    32   4   5	 1.2035016109E-02	 1.2442607528E-02	 1.2605414143E-04	 1.2579936200E-04
    32   4   6	 1.2035016109E-02	 1.3112715440E-02	 1.2605414143E-04	 1.9597883160E-05
    32   5   5	 1.2442607528E-02	 1.2442607528E-02	 1.2579936200E-04	 1.2579936200E-04
    32   5   6	 1.2442607528E-02	 1.3112715440E-02	 1.2579936200E-04	 1.9597883160E-05
    32   6   6	 1.3112715440E-02	 1.3112715440E-02	 1.9597883160E-05	 1.9597883160E-05
    33   1   1	 8.1775298715E-04	 8.1775298715E-04	 1.2102028700E-07	 1.2102028700E-07
    33   1   2	 8.1775298715E-04	 1.8586262165E-03	 1.2102028700E-07	 2.8645451031E-04
    33   1   3	 8.1775298715E-04	 3.3357217607E-03	 1.2102028700E-07	 4.6079948036E-05
    33   1   4	 8.1775298715E-04	 8.1555741372E-03	 1.2102028700E-07	 1.7505203451E-05
    33   1   5	 8.1775298715E-04	 1.3707422594E-02	 1.2102028700E-07	 7.6897912341E-04
    33   1   6	 8.1775298715E-04	 1.3795994427E-02	 1.2102028700E-07	 1.1131936652E-03
    33   2   2	 1.8586262165E-03	 1.8586262165E-03	 2.8645451031E-04	 2.8645451031E-04
    33   2   3	 1.8586262165E-03	 3.3357217607E-03	 2.8645451031E-04	 4.6079948036E-05
    33   2   4	 1.8586262165E-03	 8.1555741372E-03	 2.8645451031E-04	 1.7505203451E-05
    33   2   5	 1.8586262165E-03	 1.3707422594E-02	 2.8645451031E-04	 7.6897912341E-04
    33   2   6	 1.8586262165E-03	 1.3795994427E-02	 2.8645451031E-04	 1.1131936652E-03
    33   3   3	 3.3357217607E-03	 3.3357217607E-03	 4.6079948036E-05	 4.6079948036E-05
    33   3   4	 3.3357217607E-03	 8.1555741372E-03	 4.6079948036E-05	 1.7505203451E-05
    33   3   5	 3.3357217607E-03	 1.3707422594E-02	 4.6079948036E-05	 7.6897912341E-04
    33   3   6	 3.3357217607E-03	 1.3795994427E-02	 4.6079948036E-05	 1.1131936652E-03
    33   4   4	 8.1555741372E-03	 8.1555741372E-03	 1.7505203451E-05	 1.7505203451E-05
    33   4   5	 8.1555741372E-03	 1.3707422594E-02	 1.7505203451E-05	 7.6897912341E-04
    33   4   6	 8.1555741372E-03	 1.3795994427E-02	 1.7505203451E-05	 1.1131936652E-03
    33   5   5	 1.3707422594E-02	 1.3707422594E-02	 7.6897912341E-04	 7.6897912341E-04
    33   5   6	 1.3707422594E-02	 1.3795994427E-02	 7.6897912341E-04	 1.1131936652E-03
    33   6   6	 1.3795994427E-02	 1.3795994427E-02	 1.1131936652E-03	 1.1131936652E-03
    34   1   1	 1.0701152653E-03	 1.0701152653E-03	 2.6933387862E-07	 2.6933387862E-07
    34   1   2	 1.0701152653E-03	 2.3376417491E-03	 2.6933387862E-07	 4.0032329257E-04
    34   1   3	 1.0701152653E-03	 4.1419287774E-03	 2.6933387862E-07	 5.3824179416E-05
    34   1   4	 1.0701152653E-03	 8.0260580679E-03	 2.6933387862E-07	 1.6795730806E-05
    34   1   5	 1.0701152653E-03	 1.3680654524E-02	 2.6933387862E-07	 7.1272905801E-04
    34   1   6	 1.0701152653E-03	 1.3816556498E-02	 2.6933387862E-07	 1.3122710216E-03
    34   2   2	 2.3376417491E-03	 2.3376417491E-03	 4.0032329257E-04	 4.0032329257E-04
    34   2   3	 2.3376417491E-03	 4.1419287774E-03	 4.0032329257E-04	 5.3824179416E-05
    34   2   4	 2.3376417491E-03	 8.0260580679E-03	 4.0032329257E-04	 1.6795730806E-05
    34   2   5	 2.3376417491E-03	 1.3680654524E-02	 4.0032329257E-04	 7.1272905801E-04
    34   2   6	 2.3376417491E-03	 1.3816556498E-02	 4.0032329257E-04	 1.3122710216E-03
    34   3   3	 4.1419287774E-03	 4.1419287774E-03	 5.3824179416E-05	 5.3824179416E-05
    34   3   4	 4.1419287774E-03	 8.0260580679E-03	 5.3824179416E-05	 1.6795730806E-05
    34   3   5	 4.1419287774E-03	 1.3680654524E-02	 5.3824179416E-05	 7.1272905801E-04
    34   3   6	 4.1419287774E-03	 1.3816556498E-02	 5.3824179416E-05	 1.3122710216E-03
    34   4   4	 8.0260580679E-03	 8.0260580679E-03	 1.6795730806E-05	 1.6795730806E-05
    34   4   5	 8.0260580679E-03	 1.3680654524E-02	 1.6795730806E-05	 7.1272905801E-04
    34   4   6	 8.0260580679E-03	 1.3816556498E-02	 1.6795730806E-05	 1.3122710216E-03
    34   5   5	 1.3680654524E-02	 1.3680654524E-02	 7.1272905801E-04	 7.1272905801E-04
    34   5   6	 1.3680654524E-02	 1.3816556498E-02	 7.1272905801E-04	 1.3122710216E-03
    34   6   6	 1.3816556498E-02	 1.3816556498E-02	 1.3122710216E-03	 1.3122710216E-03
    35   1   1	 1.3231006364E-03	 1.3231006364E-03	 4.1693171669E-07	 4.1693171669E-07
    35   1   2	 1.3231006364E-03	 2.8254887299E-03	 4.1693171669E-07	 4.8725669178E-04
    35   1   3	 1.3231006364E-03	 4.9675008153E-03	 4.1693171669E-07	 1.3861265225E-04
    35   1   4	 1.3231006364E-03	 7.8637758188E-03	 4.1693171669E-07	 1.6772627787E-05
    35   1   5	 1.3231006364E-03	 1.3645897426E-02	 4.1693171669E-07	 6.4246801864E-04
    35   1   6	 1.3231006364E-03	 1.3834786183E-02	 4.1693171669E-07	 9.0305390420E-04
    35   2   2	 2.8254887299E-03	 2.8254887299E-03	 4.8725669178E-04	 4.8725669178E-04
    35   2   3	 2.8254887299E-03	 4.9675008153E-03	 4.8725669178E-04	 1.3861265225E-04
    35   2   4	 2.8254887299E-03	 7.8637758188E-03	 4.8725669178E-04	 1.6772627787E-05
    35   2   5	 2.8254887299E-03	 1.3645897426E-02	 4.8725669178E-04	 6.4246801864E-04
    35   2   6	 2.8254887299E-03	 1.3834786183E-02	 4.8725669178E-04	 9.0305390420E-04
    35   3   3	 4.9675008153E-03	 4.9675008153E-03	 1.3861265225E-04	 1.3861265225E-04
    35   3   4	 4.9675008153E-03	 7.8637758188E-03	 1.3861265225E-04	 1.6772627787E-05
    35   3   5	 4.9675008153E-03	 1.3645897426E-02	 1.3861265225E-04	 6.4246801864E-04
    35   3   6	 4.9675008153E-03	 1.3834786183E-02	 1.3861265225E-04	 9.0305390420E-04
    35   4   4	 7.8637758188E-03	 7.8637758188E-03	 1.6772627787E-05	 1.6772627787E-05
    35   4   5	 7.8637758188E-03	 1.3645897426E-02	 1.6772627787E-05	 6.4246801864E-04
    35   4   6	 7.8637758188E-03	 1.3834786183E-02	 1.6772627787E-05	 9.0305390420E-04
    35   5   5	 1.3645897426E-02	 1.3645897426E-02	 6.4246801864E-04	 6.4246801864E-04
    35   5   6	 1.3645897426E-02	 1.3834786183E-02	 6.4246801864E-04	 9.0305390420E-04
    35   6   6	 1.3834786183E-02	 1.3834786183E-02	 9.0305390420E-04	 9.0305390420E-04
    36   1   1	 1.5749217299E-03	 1.5749217299E-03	 7.4287787534E-07	 7.4287787534E-07
    36   1   2	 1.5749217299E-03	 3.3067915593E-03	 7.4287787534E-07	 5.3709780156E-04
    36   1   3	 1.5749217299E-03	 5.7917766658E-03	 7.4287787534E-07	 1.6856577809E-04
    36   1   4	 1.5749217299E-03	 7.6718962100E-03	 7.4287787534E-07	 1.6227263395E-05
    36   1   5	 1.5749217299E-03	 1.3603399805E-02	 7.4287787534E-07	 4.9653256014E-04
    36   1   6	 1.5749217299E-03	 1.3845016876E-02	 7.4287787534E-07	 9.9060434620E-04
    36   2   2	 3.3067915593E-03	 3.3067915593E-03	 5.3709780156E-04	 5.3709780156E-04
    36   2   3	 3.3067915593E-03	 5.7917766658E-03	 5.3709780156E-04	 1.6856577809E-04
    36   2   4	 3.3067915593E-03	 7.6718962100E-03	 5.3709780156E-04	 1.6227263395E-05
    36   2   5	 3.3067915593E-03	 1.3603399805E-02	 5.3709780156E-04	 4.9653256014E-04
    36   2   6	 3.3067915593E-03	 1.3845016876E-02	 5.3709780156E-04	 9.9060434620E-04
    36   3   3	 5.7917766658E-03	 5.7917766658E-03	 1.6856577809E-04	 1.6856577809E-04
    36   3   4	 5.7917766658E-03	 7.6718962100E-03	 1.6856577809E-04	 1.6227263395E-05
    36   3   5	 5.7917766658E-03	 1.3603399805E-02	 1.6856577809E-04	 4.9653256014E-04
    36   3   6	 5.7917766658E-03	 1.3845016876E-02	 1.6856577809E-04	 9.9060434620E-04
    36   4   4	 7.6718962100E-03	 7.6718962100E-03	 1.6227263395E-05	 1.6227263395E-05
    36   4   5	 7.6718962100E-03	 1.3603399805E-02	 1.6227263395E-05	 4.9653256014E-04
    36   4   6	 7.6718962100E-03	 1.3845016876E-02	 1.6227263395E-05	 9.9060434620E-04
    36   5   5	 1.3603399805E-02	 1.3603399805E-02	 4.9653256014E-04	 4.9653256014E-04
    36   5   6	 1.3603399805E-02	 1.3845016876E-02	 4.9653256014E-04	 9.9060434620E-04
    36   6   6	 1.3845016876E-02	 1.3845016876E-02	 9.9060434620E-04	 9.9060434620E-04
    37   1   1	 1.8246118273E-03	 1.8246118273E-03	 9.2202120547E-07	 9.2202120547E-07
    37   1   2	 1.8246118273E-03	 3.7722395353E-03	 9.2202120547E-07	 5.3072465194E-04
    37   1   3	 1.8246118273E-03	 6.6019026530E-03	 9.2202120547E-07	 3.4650079648E-04
    37   1   4	 1.8246118273E-03	 7.4542921944E-03	 9.2202120547E-07	 1.4936879807E-05
    37   1   5	 1.8246118273E-03	 1.3553631767E-02	 9.2202120547E-07	 4.4088373990E-04
    37   1   6	 1.8246118273E-03	 1.3841133265E-02	 9.2202120547E-07	 8.8584410565E-04
    37   2   2	 3.7722395353E-03	 3.7722395353E-03	 5.3072465194E-04	 5.3072465194E-04
    37   2   3	 3.7722395353E-03	 6.6019026530E-03	 5.3072465194E-04	 3.4650079648E-04
    37   2   4	 3.7722395353E-03	 7.4542921944E-03	 5.3072465194E-04	 1.4936879807E-05
    37   2   5	 3.7722395353E-03	 1.3553631767E-02	 5.3072465194E-04	 4.4088373990E-04
    37   2   6	 3.7722395353E-03	 1.3841133265E-02	 5.3072465194E-04	 8.8584410565E-04
    37   3   3	 6.6019026530E-03	 6.6019026530E-03	 3.4650079648E-04	 3.4650079648E-04
    37   3   4	 6.6019026530E-03	 7.4542921944E-03	 3.4650079648E-04	 1.4936879807E-05
    37   3   5	 6.6019026530E-03	 1.3553631767E-02	 3.4650079648E-04	 4.4088373990E-04
    37   3   6	 6.6019026530E-03	 1.3841133265E-02	 3.4650079648E-04	 8.8584410565E-04
    37   4   4	 7.4542921944E-03	 7.4542921944E-03	 1.4936879807E-05	 1.4936879807E-05
    37   4   5	 7.4542921944E-03	 1.3553631767E-02	 1.4936879807E-05	 4.4088373990E-04
    37   4   6	 7.4542921944E-03	 1.3841133265E-02	 1.4936879807E-05	 8.8584410565E-04
    37   5   5	 1.3553631767E-02	 1.3553631767E-02	 4.4088373990E-04	 4.4088373990E-04
    37   5   6	 1.3553631767E-02	 1.3841133265E-02	 4.4088373990E-04	 8.8584410565E-04
    37   6   6	 1.3841133265E-02	 1.3841133265E-02	 8.8584410565E-04	 8.8584410565E-04
    38   1   1	 2.0714749084E-03	 2.0714749084E-03	 1.2951737924E-06	 1.2951737924E-06
    38   1   2	 2.0714749084E-03	 4.2146903178E-03	 1.2951737924E-06	 4.6043366065E-04
    38   1   3	 2.0714749084E-03	 7.2155637269E-03	 1.2951737924E-06	 1.3644347606E-05
    38   1   4	 2.0714749084E-03	 7.3887665180E-03	 1.2951737924E-06	 2.9984779431E-04
    38   1   5	 2.0714749084E-03	 1.3497411742E-02	 1.2951737924E-06	 3.9784592878E-04
    38   1   6	 2.0714749084E-03	 1.3816878528E-02	 1.2951737924E-06	 8.4088979606E-04
    38   2   2	 4.2146903178E-03	 4.2146903178E-03	 4.6043366065E-04	 4.6043366065E-04
    38   2   3	 4.2146903178E-03	 7.2155637269E-03	 4.6043366065E-04	 1.3644347606E-05
    38   2   4	 4.2146903178E-03	 7.3887665180E-03	 4.6043366065E-04	 2.9984779431E-04
    38   2   5	 4.2146903178E-03	 1.3497411742E-02	 4.6043366065E-04	 3.9784592878E-04
    38   2   6	 4.2146903178E-03	 1.3816878528E-02	 4.6043366065E-04	 8.4088979606E-04
    38   3   3	 7.2155637269E-03	 7.2155637269E-03	 1.3644347606E-05	 1.3644347606E-05
    38   3   4	 7.2155637269E-03	 7.3887665180E-03	 1.3644347606E-05	 2.9984779431E-04
    38   3   5	 7.2155637269E-03	 1.3497411742E-02	 1.3644347606E-05	 3.9784592878E-04
    38   3   6	 7.2155637269E-03	 1.3816878528E-02	 1.3644347606E-05	 8.4088979606E-04
    38   4   4	 7.3887665180E-03	 7.3887665180E-03	 2.9984779431E-04	 2.9984779431E-04
    38   4   5	 7.3887665180E-03	 1.3497411742E-02	 2.9984779431E-04	 3.9784592878E-04
    38   4   6	 7.3887665180E-03	 1.3816878528E-02	 2.9984779431E-04	 8.4088979606E-04
    38   5   5	 1.3497411742E-02	 1.3497411742E-02	 3.9784592878E-04	 3.9784592878E-04
    38   5   6	 1.3497411742E-02	 1.3816878528E-02	 3.9784592878E-04	 8.4088979606E-04
    38   6   6	 1.3816878528E-02	 1.3816878528E-02	 8.4088979606E-04	 8.4088979606E-04
    39   1   1	 2.3147612169E-03	 2.3147612169E-03	 1.3535675767E-06	 1.3535675767E-06
    39   1   2	 2.3147612169E-03	 4.6277106169E-03	 1.3535675767E-06	 3.6960459198E-04
    39   1   3	 2.3147612169E-03	 6.9611016696E-03	 1.3535675767E-06	 1.1764855578E-05
    39   1   4	 2.3147612169E-03	 8.1452773121E-03	 1.3535675767E-06	 4.5622278179E-04
    39   1   5	 2.3147612169E-03	 1.3435968785E-02	 1.3535675767E-06	 2.3714028659E-04
    39   1   6	 2.3147612169E-03	 1.3766196391E-02	 1.3535675767E-06	 7.1118280976E-04
    39   2   2	 4.6277106169E-03	 4.6277106169E-03	 3.6960459198E-04	 3.6960459198E-04
    39   2   3	 4.6277106169E-03	 6.9611016696E-03	 3.6960459198E-04	 1.1764855578E-05
    39   2   4	 4.6277106169E-03	 8.1452773121E-03	 3.6960459198E-04	 4.5622278179E-04
    39   2   5	 4.6277106169E-03	 1.3435968785E-02	 3.6960459198E-04	 2.3714028659E-04
    39   2   6	 4.6277106169E-03	 1.3766196391E-02	 3.6960459198E-04	 7.1118280976E-04
    39   3   3	 6.9611016696E-03	 6.9611016696E-03	 1.1764855578E-05	 1.1764855578E-05
    39   3   4	 6.9611016696E-03	 8.1452773121E-03	 1.1764855578E-05	 4.5622278179E-04
    39   3   5	 6.9611016696E-03	 1.3435968785E-02	 1.1764855578E-05	 2.3714028659E-04
    39   3   6	 6.9611016696E-03	 1.3766196391E-02	 1.1764855578E-05	 7.1118280976E-04
    39   4   4	 8.1452773121E-03	 8.1452773121E-03	 4.5622278179E-04	 4.5622278179E-04
    39   4   5	 8.1452773121E-03	 1.3435968785E-02	 4.5622278179E-04	 2.3714028659E-04
    39   4   6	 8.1452773121E-03	 1.3766196391E-02	 4.5622278179E-04	 7.1118280976E-04
    39   5   5	 1.3435968785E-02	 1.3435968785E-02	 2.3714028659E-04	 2.3714028659E-04
    39   5   6	 1.3435968785E-02	 1.3766196391E-02	 2.3714028659E-04	 7.1118280976E-04
    39   6   6	 1.3766196391E-02	 1.3766196391E-02	 7.1118280976E-04	 7.1118280976E-04
    40   1   1	 2.5533037130E-03	 2.5533037130E-03	 1.8280271821E-06	 1.8280271821E-06
    40   1   2	 2.5533037130E-03	 5.0049825704E-03	 1.8280271821E-06	 3.1352397328E-04
    40   1   3	 2.5533037130E-03	 6.6972387312E-03	 1.8280271821E-06	 1.1013032262E-05
    40   1   4	 2.5533037130E-03	 8.8655959492E-03	 1.8280271821E-06	 6.2316810225E-04
    40   1   5	 2.5533037130E-03	 1.3370836444E-02	 1.8280271821E-06	 2.3831357096E-04
    40   1   6	 2.5533037130E-03	 1.3683678125E-02	 1.8280271821E-06	 6.3743928750E-04
    40   2   2	 5.0049825704E-03	 5.0049825704E-03	 3.1352397328E-04	 3.1352397328E-04
    40   2   3	 5.0049825704E-03	 6.6972387312E-03	 3.1352397328E-04	 1.1013032262E-05
    40   2   4	 5.0049825704E-03	 8.8655959492E-03	 3.1352397328E-04	 6.2316810225E-04
    40   2   5	 5.0049825704E-03	 1.3370836444E-02	 3.1352397328E-04	 2.3831357096E-04
    40   2   6	 5.0049825704E-03	 1.3683678125E-02	 3.1352397328E-04	 6.3743928750E-04
    40   3   3	 6.6972387312E-03	 6.6972387312E-03	 1.1013032262E-05	 1.1013032262E-05
    40   3   4	 6.6972387312E-03	 8.8655959492E-03	 1.1013032262E-05	 6.2316810225E-04
    40   3   5	 6.6972387312E-03	 1.3370836444E-02	 1.1013032262E-05	 2.3831357096E-04
    40   3   6	 6.6972387312E-03	 1.3683678125E-02	 1.1013032262E-05	 6.3743928750E-04
    40   4   4	 8.8655959492E-03	 8.8655959492E-03	 6.2316810225E-04	 6.2316810225E-04
    40   4   5	 8.8655959492E-03	 1.3370836444E-02	 6.2316810225E-04	 2.3831357096E-04
    40   4   6	 8.8655959492E-03	 1.3683678125E-02	 6.2316810225E-04	 6.3743928750E-04
    40   5   5	 1.3370836444E-02	 1.3370836444E-02	 2.3831357096E-04	 2.3831357096E-04
    40   5   6	 1.3370836444E-02	 1.3683678125E-02	 2.3831357096E-04	 6.3743928750E-04
    40   6   6	 1.3683678125E-02	 1.3683678125E-02	 6.3743928750E-04	 6.3743928750E-04
    41   1   1	 2.7849579862E-03	 2.7849579862E-03	 2.0246759962E-06	 2.0246759962E-06
    41   1   2	 2.7849579862E-03	 5.3400836136E-03	 2.0246759962E-06	 3.1622683986E-04
    41   1   3	 2.7849579862E-03	 6.4315767879E-03	 2.0246759962E-06	 1.0075327050E-05
    41   1   4	 2.7849579862E-03	 9.5447850355E-03	 2.0246759962E-06	 8.1122235466E-04
    41   1   5	 2.7849579862E-03	 1.3303104348E-02	 2.0246759962E-06	 1.2354066171E-04
    41   1   6	 2.7849579862E-03	 1.3565552194E-02	 2.0246759962E-06	 7.2232280637E-04
    41   2   2	 5.3400836136E-03	 5.3400836136E-03	 3.1622683986E-04	 3.1622683986E-04
    41   2   3	 5.3400836136E-03	 6.4315767879E-03	 3.1622683986E-04	 1.0075327050E-05
    41   2   4	 5.3400836136E-03	 9.5447850355E-03	 3.1622683986E-04	 8.1122235466E-04
    41   2   5	 5.3400836136E-03	 1.3303104348E-02	 3.1622683986E-04	 1.2354066171E-04
    41   2   6	 5.3400836136E-03	 1.3565552194E-02	 3.1622683986E-04	 7.2232280637E-04
    41   3   3	 6.4315767879E-03	 6.4315767879E-03	 1.0075327050E-05	 1.0075327050E-05
    41   3   4	 6.4315767879E-03	 9.5447850355E-03	 1.0075327050E-05	 8.1122235466E-04
    41   3   5	 6.4315767879E-03	 1.3303104348E-02	 1.0075327050E-05	 1.2354066171E-04
    41   3   6	 6.4315767879E-03	 1.3565552194E-02	 1.0075327050E-05	 7.2232280637E-04
    41   4   4	 9.5447850355E-03	 9.5447850355E-03	 8.1122235466E-04	 8.1122235466E-04
    41   4   5	 9.5447850355E-03	 1.3303104348E-02	 8.1122235466E-04	 1.2354066171E-04
    41   4   6	 9.5447850355E-03	 1.3565552194E-02	 8.1122235466E-04	 7.2232280637E-04
    41   5   5	 1.3303104348E-02	 1.3303104348E-02	 1.2354066171E-04	 1.2354066171E-04
    41   5   6	 1.3303104348E-02	 1.3565552194E-02	 1.2354066171E-04	 7.2232280637E-04
    41   6   6	 1.3565552194E-02	 1.3565552194E-02	 7.2232280637E-04	 7.2232280637E-04
    42   1   1	 3.0056610400E-03	 3.0056610400E-03	 2.5063035439E-06	 2.5063035439E-06
    42   1   2	 3.0056610400E-03	 5.6264924369E-03	 2.5063035439E-06	 2.8791801080E-04
    42   1   3	 3.0056610400E-03	 6.1736523475E-03	 2.5063035439E-06	 9.2234205420E-06
    42   1   4	 3.0056610400E-03	 1.0178654714E-02	 2.5063035439E-06	 6.8942791982E-04
    42   1   5	 3.0056610400E-03	 1.3228902787E-02	 2.5063035439E-06	 1.8423377212E-04
    42   1   6	 3.0056610400E-03	 1.3414302059E-02	 2.5063035439E-06	 3.9601665702E-04
    42   2   2	 5.6264924369E-03	 5.6264924369E-03	 2.8791801080E-04	 2.8791801080E-04
    42   2   3	 5.6264924369E-03	 6.1736523475E-03	 2.8791801080E-04	 9.2234205420E-06
    42   2   4	 5.6264924369E-03	 1.0178654714E-02	 2.8791801080E-04	 6.8942791982E-04
    42   2   5	 5.6264924369E-03	 1.3228902787E-02	 2.8791801080E-04	 1.8423377212E-04
    42   2   6	 5.6264924369E-03	 1.3414302059E-02	 2.8791801080E-04	 3.9601665702E-04
    42   3   3	 6.1736523475E-03	 6.1736523475E-03	 9.2234205420E-06	 9.2234205420E-06
    42   3   4	 6.1736523475E-03	 1.0178654714E-02	 9.2234205420E-06	 6.8942791982E-04
    42   3   5	 6.1736523475E-03	 1.3228902787E-02	 9.2234205420E-06	 1.8423377212E-04
    42   3   6	 6.1736523475E-03	 1.3414302059E-02	 9.2234205420E-06	 3.9601665702E-04
    42   4   4	 1.0178654714E-02	 1.0178654714E-02	 6.8942791982E-04	 6.8942791982E-04
    42   4   5	 1.0178654714E-02	 1.3228902787E-02	 6.8942791982E-04	 1.8423377212E-04
    42   4   6	 1.0178654714E-02	 1.3414302059E-02	 6.8942791982E-04	 3.9601665702E-04
    42   5   5	 1.3228902787E-02	 1.3228902787E-02	 1.8423377212E-04	 1.8423377212E-04
    42   5   6	 1.3228902787E-02	 1.3414302059E-02	 1.8423377212E-04	 3.9601665702E-04
    42   6   6	 1.3414302059E-02	 1.3414302059E-02	 3.9601665702E-04	 3.9601665702E-04
    43   1   1	 3.2078733700E-03	 3.2078733700E-03	 2.5957969616E-06	 2.5957969616E-06
    43   1   2	 3.2078733700E-03	 5.8577899549E-03	 2.5957969616E-06	 3.2745833926E-04
    43   1   3	 3.2078733700E-03	 5.9361751467E-03	 2.5957969616E-06	 9.4619754916E-06
    43   1   4	 3.2078733700E-03	 1.0763697876E-02	 2.5957969616E-06	 3.6364462955E-04
    43   1   5	 3.2078733700E-03	 1.3109061145E-02	 2.5957969616E-06	 1.8440433707E-04
    43   1   6	 3.2078733700E-03	 1.3268936487E-02	 2.5957969616E-06	 1.0028342260E-04
    43   2   2	 5.8577899549E-03	 5.8577899549E-03	 3.2745833926E-04	 3.2745833926E-04
    43   2   3	 5.8577899549E-03	 5.9361751467E-03	 3.2745833926E-04	 9.4619754916E-06
    43   2   4	 5.8577899549E-03	 1.0763697876E-02	 3.2745833926E-04	 3.6364462955E-04
    43   2   5	 5.8577899549E-03	 1.3109061145E-02	 3.2745833926E-04	 1.8440433707E-04
    43   2   6	 5.8577899549E-03	 1.3268936487E-02	 3.2745833926E-04	 1.0028342260E-04
    43   3   3	 5.9361751467E-03	 5.9361751467E-03	 9.4619754916E-06	 9.4619754916E-06
    43   3   4	 5.9361751467E-03	 1.0763697876E-02	 9.4619754916E-06	 3.6364462955E-04
    43   3   5	 5.9361751467E-03	 1.3109061145E-02	 9.4619754916E-06	 1.8440433707E-04
    43   3   6	 5.9361751467E-03	 1.3268936487E-02	 9.4619754916E-06	 1.0028342260E-04
    43   4   4	 1.0763697876E-02	 1.0763697876E-02	 3.6364462955E-04	 3.6364462955E-04
    43   4   5	 1.0763697876E-02	 1.3109061145E-02	 3.6364462955E-04	 1.8440433707E-04
    43   4   6	 1.0763697876E-02	 1.3268936487E-02	 3.6364462955E-04	 1.0028342260E-04
    43   5   5	 1.3109061145E-02	 1.3109061145E-02	 1.8440433707E-04	 1.8440433707E-04
    43   5   6	 1.3109061145E-02	 1.3268936487E-02	 1.8440433707E-04	 1.0028342260E-04
    43   6   6	 1.3268936487E-02	 1.3268936487E-02	 1.0028342260E-04	 1.0028342260E-04
    44   1   1	 3.3783628682E-03	 3.3783628682E-03	 2.9612779774E-06	 2.9612779774E-06
    44   1   2	 3.3783628682E-03	 5.7368983076E-03	 2.9612779774E-06	 8.2174253558E-06
    44   1   3	 3.3783628682E-03	 6.0280504436E-03	 2.9612779774E-06	 3.2180128475E-04
    44   1   4	 3.3783628682E-03	 1.1297039461E-02	 2.9612779774E-06	 2.7210279677E-04
    44   1   5	 3.3783628682E-03	 1.2878887136E-02	 2.9612779774E-06	 2.1316756796E-04
    44   1   6	 3.3783628682E-03	 1.3194968207E-02	 2.9612779774E-06	 7.4421025015E-05
    44   2   2	 5.7368983076E-03	 5.7368983076E-03	 8.2174253558E-06	 8.2174253558E-06
    44   2   3	 5.7368983076E-03	 6.0280504436E-03	 8.2174253558E-06	 3.2180128475E-04
    44   2   4	 5.7368983076E-03	 1.1297039461E-02	 8.2174253558E-06	 2.7210279677E-04
    44   2   5	 5.7368983076E-03	 1.2878887136E-02	 8.2174253558E-06	 2.1316756796E-04
    44   2   6	 5.7368983076E-03	 1.3194968207E-02	 8.2174253558E-06	 7.4421025015E-05
    44   3   3	 6.0280504436E-03	 6.0280504436E-03	 3.2180128475E-04	 3.2180128475E-04
    44   3   4	 6.0280504436E-03	 1.1297039461E-02	 3.2180128475E-04	 2.7210279677E-04
    44   3   5	 6.0280504436E-03	 1.2878887136E-02	 3.2180128475E-04	 2.1316756796E-04
    44   3   6	 6.0280504436E-03	 1.3194968207E-02	 3.2180128475E-04	 7.4421025015E-05
    44   4   4	 1.1297039461E-02	 1.1297039461E-02	 2.7210279677E-04	 2.7210279677E-04
    44   4   5	 1.1297039461E-02	 1.2878887136E-02	 2.7210279677E-04	 2.1316756796E-04
    44   4   6	 1.1297039461E-02	 1.3194968207E-02	 2.7210279677E-04	 7.4421025015E-05
    44   5   5	 1.2878887136E-02	 1.2878887136E-02	 2.1316756796E-04	 2.1316756796E-04
    44   5   6	 1.2878887136E-02	 1.3194968207E-02	 2.1316756796E-04	 7.4421025015E-05
    44   6   6	 1.3194968207E-02	 1.3194968207E-02	 7.4421025015E-05	 7.4421025015E-05
    45   1   1	 3.4967298745E-03	 3.4967298745E-03	 3.3215460545E-06	 3.3215460545E-06
    45   1   2	 3.4967298745E-03	 5.5997532352E-03	 3.3215460545E-06	 7.2668832222E-06
    45   1   3	 3.4967298745E-03	 6.1323872298E-03	 3.3215460545E-06	 3.4431222252E-04
    45   1   4	 3.4967298745E-03	 1.1776175390E-02	 3.3215460545E-06	 1.9470072052E-04
    45   1   5	 3.4967298745E-03	 1.2571598666E-02	 3.3215460545E-06	 1.1584368604E-04
    45   1   6	 3.4967298745E-03	 1.3160792993E-02	 3.3215460545E-06	 6.7752241714E-05
    45   2   2	 5.5997532352E-03	 5.5997532352E-03	 7.2668832222E-06	 7.2668832222E-06
    45   2   3	 5.5997532352E-03	 6.1323872298E-03	 7.2668832222E-06	 3.4431222252E-04
    45   2   4	 5.5997532352E-03	 1.1776175390E-02	 7.2668832222E-06	 1.9470072052E-04
    45   2   5	 5.5997532352E-03	 1.2571598666E-02	 7.2668832222E-06	 1.1584368604E-04
    45   2   6	 5.5997532352E-03	 1.3160792993E-02	 7.2668832222E-06	 6.7752241714E-05
    45   3   3	 6.1323872298E-03	 6.1323872298E-03	 3.4431222252E-04	 3.4431222252E-04
    45   3   4	 6.1323872298E-03	 1.1776175390E-02	 3.4431222252E-04	 1.9470072052E-04
    45   3   5	 6.1323872298E-03	 1.2571598666E-02	 3.4431222252E-04	 1.1584368604E-04
    45   3   6	 6.1323872298E-03	 1.3160792993E-02	 3.4431222252E-04	 6.7752241714E-05
    45   4   4	 1.1776175390E-02	 1.1776175390E-02	 1.9470072052E-04	 1.9470072052E-04
    45   4   5	 1.1776175390E-02	 1.2571598666E-02	 1.9470072052E-04	 1.1584368604E-04
    45   4   6	 1.1776175390E-02	 1.3160792993E-02	 1.9470072052E-04	 6.7752241714E-05
    45   5   5	 1.2571598666E-02	 1.2571598666E-02	 1.1584368604E-04	 1.1584368604E-04
    45   5   6	 1.2571598666E-02	 1.3160792993E-02	 1.1584368604E-04	 6.7752241714E-05
    45   6   6	 1.3160792993E-02	 1.3160792993E-02	 6.7752241714E-05	 6.7752241714E-05
    46   1   1	 3.5398913698E-03	 3.5398913698E-03	 3.3702357456E-06	 3.3702357456E-06
    46   1   2	 3.5398913698E-03	 5.5500744394E-03	 3.3702357456E-06	 7.6495453035E-06
    46   1   3	 3.5398913698E-03	 6.1675477733E-03	 3.3702357456E-06	 3.3926771428E-04
    46   1   4	 3.5398913698E-03	 1.2168102575E-02	 3.3702357456E-06	 2.5630117708E-05
    46   1   5	 3.5398913698E-03	 1.2236345833E-02	 3.3702357456E-06	 2.6299736715E-04
    46   1   6	 3.5398913698E-03	 1.3150018258E-02	 3.3702357456E-06	 5.9736169636E-05
    46   2   2	 5.5500744394E-03	 5.5500744394E-03	 7.6495453035E-06	 7.6495453035E-06
    46   2   3	 5.5500744394E-03	 6.1675477733E-03	 7.6495453035E-06	 3.3926771428E-04
    46   2   4	 5.5500744394E-03	 1.2168102575E-02	 7.6495453035E-06	 2.5630117708E-05
    46   2   5	 5.5500744394E-03	 1.2236345833E-02	 7.6495453035E-06	 2.6299736715E-04
    46   2   6	 5.5500744394E-03	 1.3150018258E-02	 7.6495453035E-06	 5.9736169636E-05
    46   3   3	 6.1675477733E-03	 6.1675477733E-03	 3.3926771428E-04	 3.3926771428E-04
    46   3   4	 6.1675477733E-03	 1.2168102575E-02	 3.3926771428E-04	 2.5630117708E-05
    46   3   5	 6.1675477733E-03	 1.2236345833E-02	 3.3926771428E-04	 2.6299736715E-04
    46   3   6	 6.1675477733E-03	 1.3150018258E-02	 3.3926771428E-04	 5.9736169636E-05
    46   4   4	 1.2168102575E-02	 1.2168102575E-02	 2.5630117708E-05	 2.5630117708E-05
    46   4   5	 1.2168102575E-02	 1.2236345833E-02	 2.5630117708E-05	 2.6299736715E-04
    46   4   6	 1.2168102575E-02	 1.3150018258E-02	 2.5630117708E-05	 5.9736169636E-05
    46   5   5	 1.2236345833E-02	 1.2236345833E-02	 2.6299736715E-04	 2.6299736715E-04
    46   5   6	 1.2236345833E-02	 1.3150018258E-02	 2.6299736715E-04	 5.9736169636E-05
    46   6   6	 1.3150018258E-02	 1.3150018258E-02	 5.9736169636E-05	 5.9736169636E-05
    47   1   1	 1.2414836076E-03	 1.2414836076E-03	 4.1960857326E-07	 4.1960857326E-07
    47   1   2	 1.2414836076E-03	 2.8020411480E-03	 4.1960857326E-07	 4.6196126422E-04
    47   1   3	 1.2414836076E-03	 4.8988462693E-03	 4.1960857326E-07	 1.1129386218E-04
    47   1   4	 1.2414836076E-03	 7.8905254753E-03	 4.1960857326E-07	 1.6235535890E-05
    47   1   5	 1.2414836076E-03	 1.3653481355E-02	 4.1960857326E-07	 6.8906645615E-04
    47   1   6	 1.2414836076E-03	 1.3819273809E-02	 4.1960857326E-07	 7.8015393826E-04
    47   2   2	 2.8020411480E-03	 2.8020411480E-03	 4.6196126422E-04	 4.6196126422E-04
    47   2   3	 2.8020411480E-03	 4.8988462693E-03	 4.6196126422E-04	 1.1129386218E-04
    47   2   4	 2.8020411480E-03	 7.8905254753E-03	 4.6196126422E-04	 1.6235535890E-05
    47   2   5	 2.8020411480E-03	 1.3653481355E-02	 4.6196126422E-04	 6.8906645615E-04
    47   2   6	 2.8020411480E-03	 1.3819273809E-02	 4.6196126422E-04	 7.8015393826E-04
    47   3   3	 4.8988462693E-03	 4.8988462693E-03	 1.1129386218E-04	 1.1129386218E-04
    47   3   4	 4.8988462693E-03	 7.8905254753E-03	 1.1129386218E-04	 1.6235535890E-05
    47   3   5	 4.8988462693E-03	 1.3653481355E-02	 1.1129386218E-04	 6.8906645615E-04
    47   3   6	 4.8988462693E-03	 1.3819273809E-02	 1.1129386218E-04	 7.8015393826E-04
    47   4   4	 7.8905254753E-03	 7.8905254753E-03	 1.6235535890E-05	 1.6235535890E-05
    47   4   5	 7.8905254753E-03	 1.3653481355E-02	 1.6235535890E-05	 6.8906645615E-04
    47   4   6	 7.8905254753E-03	 1.3819273809E-02	 1.6235535890E-05	 7.8015393826E-04
    47   5   5	 1.3653481355E-02	 1.3653481355E-02	 6.8906645615E-04	 6.8906645615E-04
    47   5   6	 1.3653481355E-02	 1.3819273809E-02	 6.8906645615E-04	 7.8015393826E-04
    47   6   6	 1.3819273809E-02	 1.3819273809E-02	 7.8015393826E-04	 7.8015393826E-04
    48   1   1	 1.4926095102E-03	 1.4926095102E-03	 6.5059395409E-07	 6.5059395409E-07
    48   1   2	 1.4926095102E-03	 3.2803456051E-03	 6.5059395409E-07	 5.9132046019E-04
    48   1   3	 1.4926095102E-03	 5.6440569181E-03	 6.5059395409E-07	 1.4380551042E-04
    48   1   4	 1.4926095102E-03	 7.7138173773E-03	 6.5059395409E-07	 1.6758752191E-05
    48   1   5	 1.4926095102E-03	 1.3619567511E-02	 6.5059395409E-07	 6.2132236931E-04
    48   1   6	 1.4926095102E-03	 1.3827493516E-02	 6.5059395409E-07	 9.7720069689E-04
    48   2   2	 3.2803456051E-03	 3.2803456051E-03	 5.9132046019E-04	 5.9132046019E-04
    48   2   3	 3.2803456051E-03	 5.6440569181E-03	 5.9132046019E-04	 1.4380551042E-04
    48   2   4	 3.2803456051E-03	 7.7138173773E-03	 5.9132046019E-04	 1.6758752191E-05
    48   2   5	 3.2803456051E-03	 1.3619567511E-02	 5.9132046019E-04	 6.2132236931E-04
    48   2   6	 3.2803456051E-03	 1.3827493516E-02	 5.9132046019E-04	 9.7720069689E-04
    48   3   3	 5.6440569181E-03	 5.6440569181E-03	 1.4380551042E-04	 1.4380551042E-04
    48   3   4	 5.6440569181E-03	 7.7138173773E-03	 1.4380551042E-04	 1.6758752191E-05
    48   3   5	 5.6440569181E-03	 1.3619567511E-02	 1.4380551042E-04	 6.2132236931E-04
    48   3   6	 5.6440569181E-03	 1.3827493516E-02	 1.4380551042E-04	 9.7720069689E-04
    48   4   4	 7.7138173773E-03	 7.7138173773E-03	 1.6758752191E-05	 1.6758752191E-05
    48   4   5	 7.7138173773E-03	 1.3619567511E-02	 1.6758752191E-05	 6.2132236931E-04
    48   4   6	 7.7138173773E-03	 1.3827493516E-02	 1.6758752191E-05	 9.7720069689E-04
    48   5   5	 1.3619567511E-02	 1.3619567511E-02	 6.2132236931E-04	 6.2132236931E-04
    48   5   6	 1.3619567511E-02	 1.3827493516E-02	 6.2132236931E-04	 9.7720069689E-04
    48   6   6	 1.3827493516E-02	 1.3827493516E-02	 9.7720069689E-04	 9.7720069689E-04
    49   1   1	 1.7430020275E-03	 1.7430020275E-03	 9.8162479385E-07	 9.8162479385E-07
    49   1   2	 1.7430020275E-03	 3.7562789881E-03	 9.8162479385E-07	 6.8852315155E-04
    49   1   3	 1.7430020275E-03	 6.3951072647E-03	 9.8162479385E-07	 2.7636702669E-04
    49   1   4	 1.7430020275E-03	 7.5094502091E-03	 9.8162479385E-07	 1.5479776009E-05
    49   1   5	 1.7430020275E-03	 1.3578503237E-02	 9.8162479385E-07	 5.5970845079E-04
    49   1   6	 1.7430020275E-03	 1.3824351039E-02	 9.8162479385E-07	 8.4583428827E-04
    49   2   2	 3.7562789881E-03	 3.7562789881E-03	 6.8852315155E-04	 6.8852315155E-04
    49   2   3	 3.7562789881E-03	 6.3951072647E-03	 6.8852315155E-04	 2.7636702669E-04
    49   2   4	 3.7562789881E-03	 7.5094502091E-03	 6.8852315155E-04	 1.5479776009E-05
    49   2   5	 3.7562789881E-03	 1.3578503237E-02	 6.8852315155E-04	 5.5970845079E-04
    49   2   6	 3.7562789881E-03	 1.3824351039E-02	 6.8852315155E-04	 8.4583428827E-04
    49   3   3	 6.3951072647E-03	 6.3951072647E-03	 2.7636702669E-04	 2.7636702669E-04
    49   3   4	 6.3951072647E-03	 7.5094502091E-03	 2.7636702669E-04	 1.5479776009E-05
    49   3   5	 6.3951072647E-03	 1.3578503237E-02	 2.7636702669E-04	 5.5970845079E-04
    49   3   6	 6.3951072647E-03	 1.3824351039E-02	 2.7636702669E-04	 8.4583428827E-04
    49   4   4	 7.5094502091E-03	 7.5094502091E-03	 1.5479776009E-05	 1.5479776009E-05
    49   4   5	 7.5094502091E-03	 1.3578503237E-02	 1.5479776009E-05	 5.5970845079E-04
    49   4   6	 7.5094502091E-03	 1.3824351039E-02	 1.5479776009E-05	 8.4583428827E-04
    49   5   5	 1.3578503237E-02	 1.3578503237E-02	 5.5970845079E-04	 5.5970845079E-04
    49   5   6	 1.3578503237E-02	 1.3824351039E-02	 5.5970845079E-04	 8.4583428827E-04
    49   6   6	 1.3824351039E-02	 1.3824351039E-02	 8.4583428827E-04	 8.4583428827E-04
    50   1   1	 1.9913487707E-03	 1.9913487707E-03	 1.2010328318E-06	 1.2010328318E-06
    50   1   2	 1.9913487707E-03	 4.2168498520E-03	 1.2010328318E-06	 7.2453388198E-04
    50   1   3	 1.9913487707E-03	 7.1385925514E-03	 1.2010328318E-06	 3.4601266039E-04
    50   1   4	 1.9913487707E-03	 7.2816027846E-03	 1.2010328318E-06	 1.3814594554E-05
    50   1   5	 1.9913487707E-03	 1.3530592412E-02	 1.2010328318E-06	 4.0803955423E-04
    50   1   6	 1.9913487707E-03	 1.3804111390E-02	 1.2010328318E-06	 8.0658749217E-04
    50   2   2	 4.2168498520E-03	 4.2168498520E-03	 7.2453388198E-04	 7.2453388198E-04
    50   2   3	 4.2168498520E-03	 7.1385925514E-03	 7.2453388198E-04	 3.4601266039E-04
    50   2   4	 4.2168498520E-03	 7.2816027846E-03	 7.2453388198E-04	 1.3814594554E-05
    50   2   5	 4.2168498520E-03	 1.3530592412E-02	 7.2453388198E-04	 4.0803955423E-04
    50   2   6	 4.2168498520E-03	 1.3804111390E-02	 7.2453388198E-04	 8.0658749217E-04
    50   3   3	 7.1385925514E-03	 7.1385925514E-03	 3.4601266039E-04	 3.4601266039E-04
    50   3   4	 7.1385925514E-03	 7.2816027846E-03	 3.4601266039E-04	 1.3814594554E-05
    50   3   5	 7.1385925514E-03	 1.3530592412E-02	 3.4601266039E-04	 4.0803955423E-04
    50   3   6	 7.1385925514E-03	 1.3804111390E-02	 3.4601266039E-04	 8.0658749217E-04
    50   4   4	 7.2816027846E-03	 7.2816027846E-03	 1.3814594554E-05	 1.3814594554E-05
    50   4   5	 7.2816027846E-03	 1.3530592412E-02	 1.3814594554E-05	 4.0803955423E-04
    50   4   6	 7.2816027846E-03	 1.3804111390E-02	 1.3814594554E-05	 8.0658749217E-04
    50   5   5	 1.3530592412E-02	 1.3530592412E-02	 4.0803955423E-04	 4.0803955423E-04
    50   5   6	 1.3530592412E-02	 1.3804111390E-02	 4.0803955423E-04	 8.0658749217E-04
    50   6   6	 1.3804111390E-02	 1.3804111390E-02	 8.0658749217E-04	 8.0658749217E-04
    51   1   1	 2.2367128076E-03	 2.2367128076E-03	 1.5321336702E-06	 1.5321336702E-06
    51   1   2	 2.2367128076E-03	 4.6526713825E-03	 1.5321336702E-06	 6.7345683233E-04
    51   1   3	 2.2367128076E-03	 7.0351816087E-03	 1.5321336702E-06	 1.2057203533E-05
    51   1   4	 2.2367128076E-03	 7.8644767335E-03	 1.5321336702E-06	 4.2999808250E-04
    51   1   5	 2.2367128076E-03	 1.3476357931E-02	 1.5321336702E-06	 3.1363120782E-04
    51   1   6	 2.2367128076E-03	 1.3761218638E-02	 1.5321336702E-06	 6.9486191838E-04
    51   2   2	 4.6526713825E-03	 4.6526713825E-03	 6.7345683233E-04	 6.7345683233E-04
    51   2   3	 4.6526713825E-03	 7.0351816087E-03	 6.7345683233E-04	 1.2057203533E-05
    51   2   4	 4.6526713825E-03	 7.8644767335E-03	 6.7345683233E-04	 4.2999808250E-04
    51   2   5	 4.6526713825E-03	 1.3476357931E-02	 6.7345683233E-04	 3.1363120782E-04
    51   2   6	 4.6526713825E-03	 1.3761218638E-02	 6.7345683233E-04	 6.9486191838E-04
    51   3   3	 7.0351816087E-03	 7.0351816087E-03	 1.2057203533E-05	 1.2057203533E-05
    51   3   4	 7.0351816087E-03	 7.8644767335E-03	 1.2057203533E-05	 4.2999808250E-04
    51   3   5	 7.0351816087E-03	 1.3476357931E-02	 1.2057203533E-05	 3.1363120782E-04
    51   3   6	 7.0351816087E-03	 1.3761218638E-02	 1.2057203533E-05	 6.9486191838E-04
    51   4   4	 7.8644767335E-03	 7.8644767335E-03	 4.2999808250E-04	 4.2999808250E-04
    51   4   5	 7.8644767335E-03	 1.3476357931E-02	 4.2999808250E-04	 3.1363120782E-04
    51   4   6	 7.8644767335E-03	 1.3761218638E-02	 4.2999808250E-04	 6.9486191838E-04
    51   5   5	 1.3476357931E-02	 1.3476357931E-02	 3.1363120782E-04	 3.1363120782E-04
    51   5   6	 1.3476357931E-02	 1.3761218638E-02	 3.1363120782E-04	 6.9486191838E-04
    51   6   6	 1.3761218638E-02	 1.3761218638E-02	 6.9486191838E-04	 6.9486191838E-04
    52   1   1	 2.4781095074E-03	 2.4781095074E-03	 1.7969949340E-06	 1.7969949340E-06
    52   1   2	 2.4781095074E-03	 5.0559738391E-03	 1.7969949340E-06	 5.3141700533E-04
    52   1   3	 2.4781095074E-03	 6.7759094038E-03	 1.7969949340E-06	 1.1187288018E-05
    52   1   4	 2.4781095074E-03	 8.5648089596E-03	 1.7969949340E-06	 5.1134871029E-04
    52   1   5	 2.4781095074E-03	 1.3416303757E-02	 1.7969949340E-06	 2.0701749281E-04
    52   1   6	 2.4781095074E-03	 1.3690908089E-02	 1.7969949340E-06	 6.3567481216E-04
    52   2   2	 5.0559738391E-03	 5.0559738391E-03	 5.3141700533E-04	 5.3141700533E-04
    52   2   3	 5.0559738391E-03	 6.7759094038E-03	 5.3141700533E-04	 1.1187288018E-05
    52   2   4	 5.0559738391E-03	 8.5648089596E-03	 5.3141700533E-04	 5.1134871029E-04
    52   2   5	 5.0559738391E-03	 1.3416303757E-02	 5.3141700533E-04	 2.0701749281E-04
    52   2   6	 5.0559738391E-03	 1.3690908089E-02	 5.3141700533E-04	 6.3567481216E-04
    52   3   3	 6.7759094038E-03	 6.7759094038E-03	 1.1187288018E-05	 1.1187288018E-05
    52   3   4	 6.7759094038E-03	 8.5648089596E-03	 1.1187288018E-05	 5.1134871029E-04
    52   3   5	 6.7759094038E-03	 1.3416303757E-02	 1.1187288018E-05	 2.0701749281E-04
    52   3   6	 6.7759094038E-03	 1.3690908089E-02	 1.1187288018E-05	 6.3567481216E-04
    52   4   4	 8.5648089596E-03	 8.5648089596E-03	 5.1134871029E-04	 5.1134871029E-04
    52   4   5	 8.5648089596E-03	 1.3416303757E-02	 5.1134871029E-04	 2.0701749281E-04
    52   4   6	 8.5648089596E-03	 1.3690908089E-02	 5.1134871029E-04	 6.3567481216E-04
    52   5   5	 1.3416303757E-02	 1.3416303757E-02	 2.0701749281E-04	 2.0701749281E-04
    52   5   6	 1.3416303757E-02	 1.3690908089E-02	 2.0701749281E-04	 6.3567481216E-04
    52   6   6	 1.3690908089E-02	 1.3690908089E-02	 6.3567481216E-04	 6.3567481216E-04
    53   1   1	 2.7140273387E-03	 2.7140273387E-03	 1.9419792304E-06	 1.9419792304E-06
    53   1   2	 2.7140273387E-03	 5.4196577069E-03	 1.9419792304E-06	 3.9297203021E-04
    53   1   3	 2.7140273387E-03	 6.5105351096E-03	 1.9419792304E-06	 1.0347852756E-05
    53   1   4	 2.7140273387E-03	 9.2330583809E-03	 1.9419792304E-06	 6.7111473634E-04
    53   1   5	 2.7140273387E-03	 1.3349735911E-02	 1.9419792304E-06	 2.1672259883E-04
    53   1   6	 2.7140273387E-03	 1.3590684597E-02	 1.9419792304E-06	 5.7620380353E-04
    53   2   2	 5.4196577069E-03	 5.4196577069E-03	 3.9297203021E-04	 3.9297203021E-04
    53   2   3	 5.4196577069E-03	 6.5105351096E-03	 3.9297203021E-04	 1.0347852756E-05
    53   2   4	 5.4196577069E-03	 9.2330583809E-03	 3.9297203021E-04	 6.7111473634E-04
    53   2   5	 5.4196577069E-03	 1.3349735911E-02	 3.9297203021E-04	 2.1672259883E-04
    53   2   6	 5.4196577069E-03	 1.3590684597E-02	 3.9297203021E-04	 5.7620380353E-04
    53   3   3	 6.5105351096E-03	 6.5105351096E-03	 1.0347852756E-05	 1.0347852756E-05
    53   3   4	 6.5105351096E-03	 9.2330583809E-03	 1.0347852756E-05	 6.7111473634E-04
    53   3   5	 6.5105351096E-03	 1.3349735911E-02	 1.0347852756E-05	 2.1672259883E-04
    53   3   6	 6.5105351096E-03	 1.3590684597E-02	 1.0347852756E-05	 5.7620380353E-04
    53   4   4	 9.2330583809E-03	 9.2330583809E-03	 6.7111473634E-04	 6.7111473634E-04
    53   4   5	 9.2330583809E-03	 1.3349735911E-02	 6.7111473634E-04	 2.1672259883E-04
    53   4   6	 9.2330583809E-03	 1.3590684597E-02	 6.7111473634E-04	 5.7620380353E-04
    53   5   5	 1.3349735911E-02	 1.3349735911E-02	 2.1672259883E-04	 2.1672259883E-04
    53   5   6	 1.3349735911E-02	 1.3590684597E-02	 2.1672259883E-04	 5.7620380353E-04
    53   6   6	 1.3590684597E-02	 1.3590684597E-02	 5.7620380353E-04	 5.7620380353E-04
    54   1   1	 2.9416889552E-03	 2.9416889552E-03	 2.3105640151E-06	 2.3105640151E-06
    54   1   2	 2.9416889552E-03	 5.7368878493E-03	 2.3105640151E-06	 3.2825523356E-04
    54   1   3	 2.9416889552E-03	 6.2472926742E-03	 2.3105640151E-06	 9.4939511462E-06
    54   1   4	 2.9416889552E-03	 9.8637653042E-03	 2.3105640151E-06	 1.1223582580E-03
    54   1   5	 2.9416889552E-03	 1.3269341631E-02	 2.3105640151E-06	 2.6661619086E-04
    54   1   6	 2.9416889552E-03	 1.3465929925E-02	 2.3105640151E-06	 4.5299221616E-04
    54   2   2	 5.7368878493E-03	 5.7368878493E-03	 3.2825523356E-04	 3.2825523356E-04
    54   2   3	 5.7368878493E-03	 6.2472926742E-03	 3.2825523356E-04	 9.4939511462E-06
    54   2   4	 5.7368878493E-03	 9.8637653042E-03	 3.2825523356E-04	 1.1223582580E-03
    54   2   5	 5.7368878493E-03	 1.3269341631E-02	 3.2825523356E-04	 2.6661619086E-04
    54   2   6	 5.7368878493E-03	 1.3465929925E-02	 3.2825523356E-04	 4.5299221616E-04
    54   3   3	 6.2472926742E-03	 6.2472926742E-03	 9.4939511462E-06	 9.4939511462E-06
    54   3   4	 6.2472926742E-03	 9.8637653042E-03	 9.4939511462E-06	 1.1223582580E-03
    54   3   5	 6.2472926742E-03	 1.3269341631E-02	 9.4939511462E-06	 2.6661619086E-04
    54   3   6	 6.2472926742E-03	 1.3465929925E-02	 9.4939511462E-06	 4.5299221616E-04
    54   4   4	 9.8637653042E-03	 9.8637653042E-03	 1.1223582580E-03	 1.1223582580E-03
    54   4   5	 9.8637653042E-03	 1.3269341631E-02	 1.1223582580E-03	 2.6661619086E-04
    54   4   6	 9.8637653042E-03	 1.3465929925E-02	 1.1223582580E-03	 4.5299221616E-04
    54   5   5	 1.3269341631E-02	 1.3269341631E-02	 2.6661619086E-04	 2.6661619086E-04
    54   5   6	 1.3269341631E-02	 1.3465929925E-02	 2.6661619086E-04	 4.5299221616E-04
    54   6   6	 1.3465929925E-02	 1.3465929925E-02	 4.5299221616E-04	 4.5299221616E-04
    55   1   1	 3.1557989757E-03	 3.1557989757E-03	 2.9184375889E-06	 2.9184375889E-06
    55   1   2	 3.1557989757E-03	 5.9968367932E-03	 2.9184375889E-06	 9.0971345453E-06
    55   1   3	 3.1557989757E-03	 6.0010248478E-03	 2.9184375889E-06	 2.9992876610E-04
    55   1   4	 3.1557989757E-03	 1.0452357929E-02	 2.9184375889E-06	 4.9916676527E-04
    55   1   5	 3.1557989757E-03	 1.3143602256E-02	 2.9184375889E-06	 2.4812039545E-04
    55   1   6	 3.1557989757E-03	 1.3347524301E-02	 2.9184375889E-06	 1.6105272403E-04
    55   2   2	 5.9968367932E-03	 5.9968367932E-03	 9.0971345453E-06	 9.0971345453E-06
    55   2   3	 5.9968367932E-03	 6.0010248478E-03	 9.0971345453E-06	 2.9992876610E-04
    55   2   4	 5.9968367932E-03	 1.0452357929E-02	 9.0971345453E-06	 4.9916676527E-04
    55   2   5	 5.9968367932E-03	 1.3143602256E-02	 9.0971345453E-06	 2.4812039545E-04
    55   2   6	 5.9968367932E-03	 1.3347524301E-02	 9.0971345453E-06	 1.6105272403E-04
    55   3   3	 6.0010248478E-03	 6.0010248478E-03	 2.9992876610E-04	 2.9992876610E-04
    55   3   4	 6.0010248478E-03	 1.0452357929E-02	 2.9992876610E-04	 4.9916676527E-04
    55   3   5	 6.0010248478E-03	 1.3143602256E-02	 2.9992876610E-04	 2.4812039545E-04
    55   3   6	 6.0010248478E-03	 1.3347524301E-02	 2.9992876610E-04	 1.6105272403E-04
    55   4   4	 1.0452357929E-02	 1.0452357929E-02	 4.9916676527E-04	 4.9916676527E-04
    55   4   5	 1.0452357929E-02	 1.3143602256E-02	 4.9916676527E-04	 2.4812039545E-04
    55   4   6	 1.0452357929E-02	 1.3347524301E-02	 4.9916676527E-04	 1.6105272403E-04
    55   5   5	 1.3143602256E-02	 1.3143602256E-02	 2.4812039545E-04	 2.4812039545E-04
    55   5   6	 1.3143602256E-02	 1.3347524301E-02	 2.4812039545E-04	 1.6105272403E-04
    55   6   6	 1.3347524301E-02	 1.3347524301E-02	 1.6105272403E-04	 1.6105272403E-04
    56   1   1	 3.3464904171E-03	 3.3464904171E-03	 3.0922996696E-06	 3.0922996696E-06
    56   1   2	 3.3464904171E-03	 5.7739456310E-03	 3.0922996696E-06	 8.1086784196E-06
    56   1   3	 3.3464904171E-03	 6.2058187921E-03	 3.0922996696E-06	 2.9789491059E-04
    56   1   4	 3.3464904171E-03	 1.0995043863E-02	 3.0922996696E-06	 3.2673468133E-04
    56   1   5	 3.3464904171E-03	 1.2936525419E-02	 3.0922996696E-06	 1.8519295512E-04
    56   1   6	 3.3464904171E-03	 1.3271973520E-02	 3.0922996696E-06	 1.2081079306E-04
    56   2   2	 5.7739456310E-03	 5.7739456310E-03	 8.1086784196E-06	 8.1086784196E-06
    56   2   3	 5.7739456310E-03	 6.2058187921E-03	 8.1086784196E-06	 2.9789491059E-04
    56   2   4	 5.7739456310E-03	 1.0995043863E-02	 8.1086784196E-06	 3.2673468133E-04
    56   2   5	 5.7739456310E-03	 1.2936525419E-02	 8.1086784196E-06	 1.8519295512E-04
    56   2   6	 5.7739456310E-03	 1.3271973520E-02	 8.1086784196E-06	 1.2081079306E-04
    56   3   3	 6.2058187921E-03	 6.2058187921E-03	 2.9789491059E-04	 2.9789491059E-04
    56   3   4	 6.2058187921E-03	 1.0995043863E-02	 2.9789491059E-04	 3.2673468133E-04
    56   3   5	 6.2058187921E-03	 1.2936525419E-02	 2.9789491059E-04	 1.8519295512E-04
    56   3   6	 6.2058187921E-03	 1.3271973520E-02	 2.9789491059E-04	 1.2081079306E-04
    56   4   4	 1.0995043863E-02	 1.0995043863E-02	 3.2673468133E-04	 3.2673468133E-04
    56   4   5	 1.0995043863E-02	 1.2936525419E-02	 3.2673468133E-04	 1.8519295512E-04
    56   4   6	 1.0995043863E-02	 1.3271973520E-02	 3.2673468133E-04	 1.2081079306E-04
    56   5   5	 1.2936525419E-02	 1.2936525419E-02	 1.8519295512E-04	 1.8519295512E-04
    56   5   6	 1.2936525419E-02	 1.3271973520E-02	 1.8519295512E-04	 1.2081079306E-04
    56   6   6	 1.3271973520E-02	 1.3271973520E-02	 1.2081079306E-04	 1.2081079306E-04
    57   1   1	 3.4967298745E-03	 3.4967298745E-03	 3.6701958781E-06	 3.6701958781E-06
    57   1   2	 3.4967298745E-03	 5.5997532352E-03	 3.6701958781E-06	 7.7188105721E-06
    57   1   3	 3.4967298745E-03	 6.3458207724E-03	 3.6701958781E-06	 2.6471722152E-04
    57   1   4	 3.4967298745E-03	 1.1488659942E-02	 3.6701958781E-06	 2.5742182037E-04
    57   1   5	 3.4967298745E-03	 1.2659664319E-02	 3.6701958781E-06	 1.3349286692E-04
    57   1   6	 3.4967298745E-03	 1.3229141921E-02	 3.6701958781E-06	 1.2836952149E-04
    57   2   2	 5.5997532352E-03	 5.5997532352E-03	 7.7188105721E-06	 7.7188105721E-06
    57   2   3	 5.5997532352E-03	 6.3458207724E-03	 7.7188105721E-06	 2.6471722152E-04
    57   2   4	 5.5997532352E-03	 1.1488659942E-02	 7.7188105721E-06	 2.5742182037E-04
    57   2   5	 5.5997532352E-03	 1.2659664319E-02	 7.7188105721E-06	 1.3349286692E-04
    57   2   6	 5.5997532352E-03	 1.3229141921E-02	 7.7188105721E-06	 1.2836952149E-04
    57   3   3	 6.3458207724E-03	 6.3458207724E-03	 2.6471722152E-04	 2.6471722152E-04
    57   3   4	 6.3458207724E-03	 1.1488659942E-02	 2.6471722152E-04	 2.5742182037E-04
    57   3   5	 6.3458207724E-03	 1.2659664319E-02	 2.6471722152E-04	 1.3349286692E-04
    57   3   6	 6.3458207724E-03	 1.3229141921E-02	 2.6471722152E-04	 1.2836952149E-04
    57   4   4	 1.1488659942E-02	 1.1488659942E-02	 2.5742182037E-04	 2.5742182037E-04
    57   4   5	 1.1488659942E-02	 1.2659664319E-02	 2.5742182037E-04	 1.3349286692E-04
    57   4   6	 1.1488659942E-02	 1.3229141921E-02	 2.5742182037E-04	 1.2836952149E-04
    57   5   5	 1.2659664319E-02	 1.2659664319E-02	 1.3349286692E-04	 1.3349286692E-04
    57   5   6	 1.2659664319E-02	 1.3229141921E-02	 1.3349286692E-04	 1.2836952149E-04
    57   6   6	 1.3229141921E-02	 1.3229141921E-02	 1.2836952149E-04	 1.2836952149E-04
    58   1   1	 3.5823399333E-03	 3.5823399333E-03	 3.4486600660E-06	 3.4486600660E-06
    58   1   2	 3.5823399333E-03	 5.5013921481E-03	 3.4486600660E-06	 7.6280947629E-06
    58   1   3	 3.5823399333E-03	 6.4169304685E-03	 3.4486600660E-06	 2.9064951196E-04
    58   1   4	 3.5823399333E-03	 1.1929345242E-02	 3.4486600660E-06	 1.8272852086E-04
    58   1   5	 3.5823399333E-03	 1.2326413581E-02	 3.4486600660E-06	 1.9315139206E-04
    58   1   6	 3.5823399333E-03	 1.3208771305E-02	 3.4486600660E-06	 1.1283593593E-04
    58   2   2	 5.5013921481E-03	 5.5013921481E-03	 7.6280947629E-06	 7.6280947629E-06
    58   2   3	 5.5013921481E-03	 6.4169304685E-03	 7.6280947629E-06	 2.9064951196E-04
    58   2   4	 5.5013921481E-03	 1.1929345242E-02	 7.6280947629E-06	 1.8272852086E-04
    58   2   5	 5.5013921481E-03	 1.2326413581E-02	 7.6280947629E-06	 1.9315139206E-04
    58   2   6	 5.5013921481E-03	 1.3208771305E-02	 7.6280947629E-06	 1.1283593593E-04
    58   3   3	 6.4169304685E-03	 6.4169304685E-03	 2.9064951196E-04	 2.9064951196E-04
    58   3   4	 6.4169304685E-03	 1.1929345242E-02	 2.9064951196E-04	 1.8272852086E-04
    58   3   5	 6.4169304685E-03	 1.2326413581E-02	 2.9064951196E-04	 1.9315139206E-04
    58   3   6	 6.4169304685E-03	 1.3208771305E-02	 2.9064951196E-04	 1.1283593593E-04
    58   4   4	 1.1929345242E-02	 1.1929345242E-02	 1.8272852086E-04	 1.8272852086E-04
    58   4   5	 1.1929345242E-02	 1.2326413581E-02	 1.8272852086E-04	 1.9315139206E-04
    58   4   6	 1.1929345242E-02	 1.3208771305E-02	 1.8272852086E-04	 1.1283593593E-04
    58   5   5	 1.2326413581E-02	 1.2326413581E-02	 1.9315139206E-04	 1.9315139206E-04
    58   5   6	 1.2326413581E-02	 1.3208771305E-02	 1.9315139206E-04	 1.1283593593E-04
    58   6   6	 1.3208771305E-02	 1.3208771305E-02	 1.1283593593E-04	 1.1283593593E-04
    59   1   1	 1.6790869785E-03	 1.6790869785E-03	 9.4533470530E-07	 9.4533470530E-07
    59   1   2	 1.6790869785E-03	 3.7553840123E-03	 9.4533470530E-07	 6.0116534749E-04
    59   1   3	 1.6790869785E-03	 6.3406809364E-03	 9.4533470530E-07	 2.2850257305E-04
    59   1   4	 1.6790869785E-03	 7.5359769637E-03	 9.4533470530E-07	 1.5401462090E-05
    59   1   5	 1.6790869785E-03	 1.3589586235E-02	 9.4533470530E-07	 6.1239038541E-04
    59   1   6	 1.6790869785E-03	 1.3807043268E-02	 9.4533470530E-07	 7.1875484666E-04
    59   2   2	 3.7553840123E-03	 3.7553840123E-03	 6.0116534749E-04	 6.0116534749E-04
    59   2   3	 3.7553840123E-03	 6.3406809364E-03	 6.0116534749E-04	 2.2850257305E-04
    59   2   4	 3.7553840123E-03	 7.5359769637E-03	 6.0116534749E-04	 1.5401462090E-05
    59   2   5	 3.7553840123E-03	 1.3589586235E-02	 6.0116534749E-04	 6.1239038541E-04
    59   2   6	 3.7553840123E-03	 1.3807043268E-02	 6.0116534749E-04	 7.1875484666E-04
    59   3   3	 6.3406809364E-03	 6.3406809364E-03	 2.2850257305E-04	 2.2850257305E-04
    59   3   4	 6.3406809364E-03	 7.5359769637E-03	 2.2850257305E-04	 1.5401462090E-05
    59   3   5	 6.3406809364E-03	 1.3589586235E-02	 2.2850257305E-04	 6.1239038541E-04
    59   3   6	 6.3406809364E-03	 1.3807043268E-02	 2.2850257305E-04	 7.1875484666E-04
    59   4   4	 7.5359769637E-03	 7.5359769637E-03	 1.5401462090E-05	 1.5401462090E-05
    59   4   5	 7.5359769637E-03	 1.3589586235E-02	 1.5401462090E-05	 6.1239038541E-04
    59   4   6	 7.5359769637E-03	 1.3807043268E-02	 1.5401462090E-05	 7.1875484666E-04
    59   5   5	 1.3589586235E-02	 1.3589586235E-02	 6.1239038541E-04	 6.1239038541E-04
    59   5   6	 1.3589586235E-02	 1.3807043268E-02	 6.1239038541E-04	 7.1875484666E-04
    59   6   6	 1.3807043268E-02	 1.3807043268E-02	 7.1875484666E-04	 7.1875484666E-04
    60   1   1	 1.9279684727E-03	 1.9279684727E-03	 1.2505427727E-06	 1.2505427727E-06
    60   1   2	 1.9279684727E-03	 4.2325198689E-03	 1.2505427727E-06	 7.4896064274E-04
    60   1   3	 1.9279684727E-03	 7.0119890412E-03	 1.2505427727E-06	 3.0603149595E-04
    60   1   4	 1.9279684727E-03	 7.3206732120E-03	 1.2505427727E-06	 1.3793558262E-05
    60   1   5	 1.9279684727E-03	 1.3552928826E-02	 1.2505427727E-06	 4.9694185369E-04
    60   1   6	 1.9279684727E-03	 1.3785556421E-02	 1.2505427727E-06	 7.0846842248E-04
    60   2   2	 4.2325198689E-03	 4.2325198689E-03	 7.4896064274E-04	 7.4896064274E-04
    60   2   3	 4.2325198689E-03	 7.0119890412E-03	 7.4896064274E-04	 3.0603149595E-04
    60   2   4	 4.2325198689E-03	 7.3206732120E-03	 7.4896064274E-04	 1.3793558262E-05
    60   2   5	 4.2325198689E-03	 1.3552928826E-02	 7.4896064274E-04	 4.9694185369E-04
    60   2   6	 4.2325198689E-03	 1.3785556421E-02	 7.4896064274E-04	 7.0846842248E-04
    60   3   3	 7.0119890412E-03	 7.0119890412E-03	 3.0603149595E-04	 3.0603149595E-04
    60   3   4	 7.0119890412E-03	 7.3206732120E-03	 3.0603149595E-04	 1.3793558262E-05
    60   3   5	 7.0119890412E-03	 1.3552928826E-02	 3.0603149595E-04	 4.9694185369E-04
    60   3   6	 7.0119890412E-03	 1.3785556421E-02	 3.0603149595E-04	 7.0846842248E-04
    60   4   4	 7.3206732120E-03	 7.3206732120E-03	 1.3793558262E-05	 1.3793558262E-05
    60   4   5	 7.3206732120E-03	 1.3552928826E-02	 1.3793558262E-05	 4.9694185369E-04
    60   4   6	 7.3206732120E-03	 1.3785556421E-02	 1.3793558262E-05	 7.0846842248E-04
    60   5   5	 1.3552928826E-02	 1.3552928826E-02	 4.9694185369E-04	 4.9694185369E-04
    60   5   6	 1.3552928826E-02	 1.3785556421E-02	 4.9694185369E-04	 7.0846842248E-04
    60   6   6	 1.3785556421E-02	 1.3785556421E-02	 7.0846842248E-04	 7.0846842248E-04
    61   1   1	 2.1747465705E-03	 2.1747465705E-03	 1.6210834935E-06	 1.6210834935E-06
    61   1   2	 2.1747465705E-03	 4.6952677363E-03	 1.6210834935E-06	 8.5877612899E-04
    61   1   3	 2.1747465705E-03	 7.0842694930E-03	 1.6210834935E-06	 1.2523650564E-05
    61   1   4	 2.1747465705E-03	 7.6792893429E-03	 1.6210834935E-06	 4.9119137650E-04
    61   1   5	 2.1747465705E-03	 1.3509754708E-02	 1.6210834935E-06	 3.4938257611E-04
    61   1   6	 2.1747465705E-03	 1.3744434625E-02	 1.6210834935E-06	 6.7830522454E-04
    61   2   2	 4.6952677363E-03	 4.6952677363E-03	 8.5877612899E-04	 8.5877612899E-04
    61   2   3	 4.6952677363E-03	 7.0842694930E-03	 8.5877612899E-04	 1.2523650564E-05
    61   2   4	 4.6952677363E-03	 7.6792893429E-03	 8.5877612899E-04	 4.9119137650E-04
    61   2   5	 4.6952677363E-03	 1.3509754708E-02	 8.5877612899E-04	 3.4938257611E-04
    61   2   6	 4.6952677363E-03	 1.3744434625E-02	 8.5877612899E-04	 6.7830522454E-04
    61   3   3	 7.0842694930E-03	 7.0842694930E-03	 1.2523650564E-05	 1.2523650564E-05
    61   3   4	 7.0842694930E-03	 7.6792893429E-03	 1.2523650564E-05	 4.9119137650E-04
    61   3   5	 7.0842694930E-03	 1.3509754708E-02	 1.2523650564E-05	 3.4938257611E-04
    61   3   6	 7.0842694930E-03	 1.3744434625E-02	 1.2523650564E-05	 6.7830522454E-04
    61   4   4	 7.6792893429E-03	 7.6792893429E-03	 4.9119137650E-04	 4.9119137650E-04
    61   4   5	 7.6792893429E-03	 1.3509754708E-02	 4.9119137650E-04	 3.4938257611E-04
    61   4   6	 7.6792893429E-03	 1.3744434625E-02	 4.9119137650E-04	 6.7830522454E-04
    61   5   5	 1.3509754708E-02	 1.3509754708E-02	 3.4938257611E-04	 3.4938257611E-04
    61   5   6	 1.3509754708E-02	 1.3744434625E-02	 3.4938257611E-04	 6.7830522454E-04
    61   6   6	 1.3744434625E-02	 1.3744434625E-02	 6.7830522454E-04	 6.7830522454E-04
    62   1   1	 2.4182923850E-03	 2.4182923850E-03	 1.5450356193E-06	 1.5450356193E-06
    62   1   2	 2.4182923850E-03	 5.1312917949E-03	 1.5450356193E-06	 8.5914681264E-04
    62   1   3	 2.4182923850E-03	 6.8319350863E-03	 1.5450356193E-06	 1.1078578878E-05
    62   1   4	 2.4182923850E-03	 8.3337139148E-03	 1.5450356193E-06	 4.6723748721E-04
    62   1   5	 2.4182923850E-03	 1.3459226264E-02	 1.5450356193E-06	 2.5543264252E-04
    62   1   6	 2.4182923850E-03	 1.3680006712E-02	 1.5450356193E-06	 5.9550927715E-04
    62   2   2	 5.1312917949E-03	 5.1312917949E-03	 8.5914681264E-04	 8.5914681264E-04
    62   2   3	 5.1312917949E-03	 6.8319350863E-03	 8.5914681264E-04	 1.1078578878E-05
    62   2   4	 5.1312917949E-03	 8.3337139148E-03	 8.5914681264E-04	 4.6723748721E-04
    62   2   5	 5.1312917949E-03	 1.3459226264E-02	 8.5914681264E-04	 2.5543264252E-04
    62   2   6	 5.1312917949E-03	 1.3680006712E-02	 8.5914681264E-04	 5.9550927715E-04
    62   3   3	 6.8319350863E-03	 6.8319350863E-03	 1.1078578878E-05	 1.1078578878E-05
    62   3   4	 6.8319350863E-03	 8.3337139148E-03	 1.1078578878E-05	 4.6723748721E-04
    62   3   5	 6.8319350863E-03	 1.3459226264E-02	 1.1078578878E-05	 2.5543264252E-04
    62   3   6	 6.8319350863E-03	 1.3680006712E-02	 1.1078578878E-05	 5.9550927715E-04
    62   4   4	 8.3337139148E-03	 8.3337139148E-03	 4.6723748721E-04	 4.6723748721E-04
    62   4   5	 8.3337139148E-03	 1.3459226264E-02	 4.6723748721E-04	 2.5543264252E-04
    62   4   6	 8.3337139148E-03	 1.3680006712E-02	 4.6723748721E-04	 5.9550927715E-04
    62   5   5	 1.3459226264E-02	 1.3459226264E-02	 2.5543264252E-04	 2.5543264252E-04
    62   5   6	 1.3459226264E-02	 1.3680006712E-02	 2.5543264252E-04	 5.9550927715E-04
    62   6   6	 1.3680006712E-02	 1.3680006712E-02	 5.9550927715E-04	 5.9550927715E-04
    63   1   1	 2.6574147018E-03	 2.6574147018E-03	 1.8070579590E-06	 1.8070579590E-06
    63   1   2	 2.6574147018E-03	 5.5308701005E-03	 1.8070579590E-06	 7.0469333170E-04
    63   1   3	 2.6574147018E-03	 6.5696772383E-03	 1.8070579590E-06	 1.0594174800E-05
    63   1   4	 2.6574147018E-03	 8.9678272520E-03	 1.8070579590E-06	 5.1965455262E-04
    63   1   5	 2.6574147018E-03	 1.3398101407E-02	 1.8070579590E-06	 2.0937880236E-04
    63   1   6	 2.6574147018E-03	 1.3591907374E-02	 1.8070579590E-06	 4.7831246695E-04
    63   2   2	 5.5308701005E-03	 5.5308701005E-03	 7.0469333170E-04	 7.0469333170E-04
    63   2   3	 5.5308701005E-03	 6.5696772383E-03	 7.0469333170E-04	 1.0594174800E-05
    63   2   4	 5.5308701005E-03	 8.9678272520E-03	 7.0469333170E-04	 5.1965455262E-04
    63   2   5	 5.5308701005E-03	 1.3398101407E-02	 7.0469333170E-04	 2.0937880236E-04
    63   2   6	 5.5308701005E-03	 1.3591907374E-02	 7.0469333170E-04	 4.7831246695E-04
    63   3   3	 6.5696772383E-03	 6.5696772383E-03	 1.0594174800E-05	 1.0594174800E-05
    63   3   4	 6.5696772383E-03	 8.9678272520E-03	 1.0594174800E-05	 5.1965455262E-04
    63   3   5	 6.5696772383E-03	 1.3398101407E-02	 1.0594174800E-05	 2.0937880236E-04
    63   3   6	 6.5696772383E-03	 1.3591907374E-02	 1.0594174800E-05	 4.7831246695E-04
    63   4   4	 8.9678272520E-03	 8.9678272520E-03	 5.1965455262E-04	 5.1965455262E-04
    63   4   5	 8.9678272520E-03	 1.3398101407E-02	 5.1965455262E-04	 2.0937880236E-04
    63   4   6	 8.9678272520E-03	 1.3591907374E-02	 5.1965455262E-04	 4.7831246695E-04
    63   5   5	 1.3398101407E-02	 1.3398101407E-02	 2.0937880236E-04	 2.0937880236E-04
    63   5   6	 1.3398101407E-02	 1.3591907374E-02	 2.0937880236E-04	 4.7831246695E-04
    63   6   6	 1.3591907374E-02	 1.3591907374E-02	 4.7831246695E-04	 4.7831246695E-04
    64   1   1	 2.8902572383E-03	 2.8902572383E-03	 2.2714919642E-06	 2.2714919642E-06
    64   1   2	 2.8902572383E-03	 5.8857418079E-03	 2.2714919642E-06	 4.6024653373E-04
    64   1   3	 2.8902572383E-03	 6.3046288715E-03	 2.2714919642E-06	 1.0008312411E-05
    64   1   4	 2.8902572383E-03	 9.5752378481E-03	 2.2714919642E-06	 6.6131434639E-04
    64   1   5	 2.8902572383E-03	 1.3313679745E-02	 2.2714919642E-06	 2.1482591095E-04
    64   1   6	 2.8902572383E-03	 1.3490385910E-02	 2.2714919642E-06	 4.4740416861E-04
    64   2   2	 5.8857418079E-03	 5.8857418079E-03	 4.6024653373E-04	 4.6024653373E-04
    64   2   3	 5.8857418079E-03	 6.3046288715E-03	 4.6024653373E-04	 1.0008312411E-05
    64   2   4	 5.8857418079E-03	 9.5752378481E-03	 4.6024653373E-04	 6.6131434639E-04
    64   2   5	 5.8857418079E-03	 1.3313679745E-02	 4.6024653373E-04	 2.1482591095E-04
    64   2   6	 5.8857418079E-03	 1.3490385910E-02	 4.6024653373E-04	 4.4740416861E-04
    64   3   3	 6.3046288715E-03	 6.3046288715E-03	 1.0008312411E-05	 1.0008312411E-05
    64   3   4	 6.3046288715E-03	 9.5752378481E-03	 1.0008312411E-05	 6.6131434639E-04
    64   3   5	 6.3046288715E-03	 1.3313679745E-02	 1.0008312411E-05	 2.1482591095E-04
    64   3   6	 6.3046288715E-03	 1.3490385910E-02	 1.0008312411E-05	 4.4740416861E-04
    64   4   4	 9.5752378481E-03	 9.5752378481E-03	 6.6131434639E-04	 6.6131434639E-04
    64   4   5	 9.5752378481E-03	 1.3313679745E-02	 6.6131434639E-04	 2.1482591095E-04
    64   4   6	 9.5752378481E-03	 1.3490385910E-02	 6.6131434639E-04	 4.4740416861E-04
    64   5   5	 1.3313679745E-02	 1.3313679745E-02	 2.1482591095E-04	 2.1482591095E-04
    64   5   6	 1.3313679745E-02	 1.3490385910E-02	 2.1482591095E-04	 4.4740416861E-04
    64   6   6	 1.3490385910E-02	 1.3490385910E-02	 4.4740416861E-04	 4.4740416861E-04
    65   1   1	 3.1133283688E-03	 3.1133283688E-03	 2.7352237997E-06	 2.7352237997E-06
    65   1   2	 3.1133283688E-03	 6.0456939086E-03	 2.7352237997E-06	 8.6527234041E-06
    65   1   3	 3.1133283688E-03	 6.1885084827E-03	 2.7352237997E-06	 3.2590999738E-04
    65   1   4	 3.1133283688E-03	 1.0150416784E-02	 2.7352237997E-06	 1.0010446454E-03
    65   1   5	 3.1133283688E-03	 1.3177188324E-02	 2.7352237997E-06	 3.2315662915E-04
    65   1   6	 3.1133283688E-03	 1.3403051602E-02	 2.7352237997E-06	 1.5164970110E-04
    65   2   2	 6.0456939086E-03	 6.0456939086E-03	 8.6527234041E-06	 8.6527234041E-06
    65   2   3	 6.0456939086E-03	 6.1885084827E-03	 8.6527234041E-06	 3.2590999738E-04
    65   2   4	 6.0456939086E-03	 1.0150416784E-02	 8.6527234041E-06	 1.0010446454E-03
    65   2   5	 6.0456939086E-03	 1.3177188324E-02	 8.6527234041E-06	 3.2315662915E-04
    65   2   6	 6.0456939086E-03	 1.3403051602E-02	 8.6527234041E-06	 1.5164970110E-04
    65   3   3	 6.1885084827E-03	 6.1885084827E-03	 3.2590999738E-04	 3.2590999738E-04
    65   3   4	 6.1885084827E-03	 1.0150416784E-02	 3.2590999738E-04	 1.0010446454E-03
    65   3   5	 6.1885084827E-03	 1.3177188324E-02	 3.2590999738E-04	 3.2315662915E-04
    65   3   6	 6.1885084827E-03	 1.3403051602E-02	 3.2590999738E-04	 1.5164970110E-04
    65   4   4	 1.0150416784E-02	 1.0150416784E-02	 1.0010446454E-03	 1.0010446454E-03
    65   4   5	 1.0150416784E-02	 1.3177188324E-02	 1.0010446454E-03	 3.2315662915E-04
    65   4   6	 1.0150416784E-02	 1.3403051602E-02	 1.0010446454E-03	 1.5164970110E-04
    65   5   5	 1.3177188324E-02	 1.3177188324E-02	 3.2315662915E-04	 3.2315662915E-04
    65   5   6	 1.3177188324E-02	 1.3403051602E-02	 3.2315662915E-04	 1.5164970110E-04
    65   6   6	 1.3403051602E-02	 1.3403051602E-02	 1.5164970110E-04	 1.5164970110E-04
    66   1   1	 3.3198017327E-03	 3.3198017327E-03	 3.2347830668E-06	 3.2347830668E-06
    66   1   2	 3.3198017327E-03	 5.8048898426E-03	 3.2347830668E-06	 8.3441853571E-06
    66   1   3	 3.3198017327E-03	 6.4324389920E-03	 3.2347830668E-06	 2.8992747236E-04
    66   1   4	 3.3198017327E-03	 1.0688610865E-02	 3.2347830668E-06	 4.9128763953E-04
    66   1   5	 3.3198017327E-03	 1.2975801606E-02	 3.2347830668E-06	 2.0589929267E-04
    66   1   6	 3.3198017327E-03	 1.3342826823E-02	 3.2347830668E-06	 1.2643577079E-04
    66   2   2	 5.8048898426E-03	 5.8048898426E-03	 8.3441853571E-06	 8.3441853571E-06
    66   2   3	 5.8048898426E-03	 6.4324389920E-03	 8.3441853571E-06	 2.8992747236E-04
    66   2   4	 5.8048898426E-03	 1.0688610865E-02	 8.3441853571E-06	 4.9128763953E-04
    66   2   5	 5.8048898426E-03	 1.2975801606E-02	 8.3441853571E-06	 2.0589929267E-04
    66   2   6	 5.8048898426E-03	 1.3342826823E-02	 8.3441853571E-06	 1.2643577079E-04
    66   3   3	 6.4324389920E-03	 6.4324389920E-03	 2.8992747236E-04	 2.8992747236E-04
    66   3   4	 6.4324389920E-03	 1.0688610865E-02	 2.8992747236E-04	 4.9128763953E-04
    66   3   5	 6.4324389920E-03	 1.2975801606E-02	 2.8992747236E-04	 2.0589929267E-04
    66   3   6	 6.4324389920E-03	 1.3342826823E-02	 2.8992747236E-04	 1.2643577079E-04
    66   4   4	 1.0688610865E-02	 1.0688610865E-02	 4.9128763953E-04	 4.9128763953E-04
    66   4   5	 1.0688610865E-02	 1.2975801606E-02	 4.9128763953E-04	 2.0589929267E-04
    66   4   6	 1.0688610865E-02	 1.3342826823E-02	 4.9128763953E-04	 1.2643577079E-04
    66   5   5	 1.2975801606E-02	 1.2975801606E-02	 2.0589929267E-04	 2.0589929267E-04
    66   5   6	 1.2975801606E-02	 1.3342826823E-02	 2.0589929267E-04	 1.2643577079E-04
    66   6   6	 1.3342826823E-02	 1.3342826823E-02	 1.2643577079E-04	 1.2643577079E-04
    67   1   1	 3.4967298745E-03	 3.4967298745E-03	 4.0226310664E-06	 4.0226310664E-06
    67   1   2	 3.4967298745E-03	 5.5997532352E-03	 4.0226310664E-06	 7.3631012114E-06
    67   1   3	 3.4967298745E-03	 6.6115947645E-03	 4.0226310664E-06	 2.5788180709E-04
    67   1   4	 3.4967298745E-03	 1.1185756226E-02	 4.0226310664E-06	 3.5076490705E-04
    67   1   5	 3.4967298745E-03	 1.2718081056E-02	 4.0226310664E-06	 1.7231288135E-04
    67   1   6	 3.4967298745E-03	 1.3302335574E-02	 4.0226310664E-06	 2.2534566491E-04
    67   2   2	 5.5997532352E-03	 5.5997532352E-03	 7.3631012114E-06	 7.3631012114E-06
    67   2   3	 5.5997532352E-03	 6.6115947645E-03	 7.3631012114E-06	 2.5788180709E-04
    67   2   4	 5.5997532352E-03	 1.1185756226E-02	 7.3631012114E-06	 3.5076490705E-04
    67   2   5	 5.5997532352E-03	 1.2718081056E-02	 7.3631012114E-06	 1.7231288135E-04
    67   2   6	 5.5997532352E-03	 1.3302335574E-02	 7.3631012114E-06	 2.2534566491E-04
    67   3   3	 6.6115947645E-03	 6.6115947645E-03	 2.5788180709E-04	 2.5788180709E-04
    67   3   4	 6.6115947645E-03	 1.1185756226E-02	 2.5788180709E-04	 3.5076490705E-04
    67   3   5	 6.6115947645E-03	 1.2718081056E-02	 2.5788180709E-04	 1.7231288135E-04
    67   3   6	 6.6115947645E-03	 1.3302335574E-02	 2.5788180709E-04	 2.2534566491E-04
    67   4   4	 1.1185756226E-02	 1.1185756226E-02	 3.5076490705E-04	 3.5076490705E-04
    67   4   5	 1.1185756226E-02	 1.2718081056E-02	 3.5076490705E-04	 1.7231288135E-04
    67   4   6	 1.1185756226E-02	 1.3302335574E-02	 3.5076490705E-04	 2.2534566491E-04
    67   5   5	 1.2718081056E-02	 1.2718081056E-02	 1.7231288135E-04	 1.7231288135E-04
    67   5   6	 1.2718081056E-02	 1.3302335574E-02	 1.7231288135E-04	 2.2534566491E-04
    67   6   6	 1.3302335574E-02	 1.3302335574E-02	 2.2534566491E-04	 2.2534566491E-04
    68   1   1	 3.6221523572E-03	 3.6221523572E-03	 4.5718233033E-06	 4.5718233033E-06
    68   1   2	 3.6221523572E-03	 5.4558572988E-03	 4.5718233033E-06	 7.3989898399E-06
    68   1   3	 3.6221523572E-03	 6.7211953638E-03	 4.5718233033E-06	 2.5130528533E-04
    68   1   4	 3.6221523572E-03	 1.1638021184E-02	 4.5718233033E-06	 3.0384532210E-04
    68   1   5	 3.6221523572E-03	 1.2409831410E-02	 4.5718233033E-06	 1.6997942665E-04
    68   1   6	 3.6221523572E-03	 1.3278092146E-02	 4.5718233033E-06	 2.4521104434E-04
    68   2   2	 5.4558572988E-03	 5.4558572988E-03	 7.3989898399E-06	 7.3989898399E-06
    68   2   3	 5.4558572988E-03	 6.7211953638E-03	 7.3989898399E-06	 2.5130528533E-04
    68   2   4	 5.4558572988E-03	 1.1638021184E-02	 7.3989898399E-06	 3.0384532210E-04
    68   2   5	 5.4558572988E-03	 1.2409831410E-02	 7.3989898399E-06	 1.6997942665E-04
    68   2   6	 5.4558572988E-03	 1.3278092146E-02	 7.3989898399E-06	 2.4521104434E-04
    68   3   3	 6.7211953638E-03	 6.7211953638E-03	 2.5130528533E-04	 2.5130528533E-04
    68   3   4	 6.7211953638E-03	 1.1638021184E-02	 2.5130528533E-04	 3.0384532210E-04
    68   3   5	 6.7211953638E-03	 1.2409831410E-02	 2.5130528533E-04	 1.6997942665E-04
    68   3   6	 6.7211953638E-03	 1.3278092146E-02	 2.5130528533E-04	 2.4521104434E-04
    68   4   4	 1.1638021184E-02	 1.1638021184E-02	 3.0384532210E-04	 3.0384532210E-04
    68   4   5	 1.1638021184E-02	 1.2409831410E-02	 3.0384532210E-04	 1.6997942665E-04
    68   4   6	 1.1638021184E-02	 1.3278092146E-02	 3.0384532210E-04	 2.4521104434E-04
    68   5   5	 1.2409831410E-02	 1.2409831410E-02	 1.6997942665E-04	 1.6997942665E-04
    68   5   6	 1.2409831410E-02	 1.3278092146E-02	 1.6997942665E-04	 2.4521104434E-04
    68   6   6	 1.3278092146E-02	 1.3278092146E-02	 2.4521104434E-04	 2.4521104434E-04
    69   1   1	 3.6686574103E-03	 3.6686574103E-03	 4.2554852468E-06	 4.2554852468E-06
    69   1   2	 3.6686574103E-03	 5.4029285709E-03	 4.2554852468E-06	 6.5570748066E-06
    69   1   3	 3.6686574103E-03	 6.7580961392E-03	 4.2554852468E-06	 2.6543357128E-04
    69   1   4	 3.6686574103E-03	 1.2002186324E-02	 4.2554852468E-06	 5.5796022382E-05
    69   1   5	 3.6686574103E-03	 1.2093794326E-02	 4.2554852468E-06	 3.1199170129E-04
    69   1   6	 3.6686574103E-03	 1.3269940847E-02	 4.2554852468E-06	 2.3758738303E-04
    69   2   2	 5.4029285709E-03	 5.4029285709E-03	 6.5570748066E-06	 6.5570748066E-06
    69   2   3	 5.4029285709E-03	 6.7580961392E-03	 6.5570748066E-06	 2.6543357128E-04
    69   2   4	 5.4029285709E-03	 1.2002186324E-02	 6.5570748066E-06	 5.5796022382E-05
    69   2   5	 5.4029285709E-03	 1.2093794326E-02	 6.5570748066E-06	 3.1199170129E-04
    69   2   6	 5.4029285709E-03	 1.3269940847E-02	 6.5570748066E-06	 2.3758738303E-04
    69   3   3	 6.7580961392E-03	 6.7580961392E-03	 2.6543357128E-04	 2.6543357128E-04
    69   3   4	 6.7580961392E-03	 1.2002186324E-02	 2.6543357128E-04	 5.5796022382E-05
    69   3   5	 6.7580961392E-03	 1.2093794326E-02	 2.6543357128E-04	 3.1199170129E-04
    69   3   6	 6.7580961392E-03	 1.3269940847E-02	 2.6543357128E-04	 2.3758738303E-04
    69   4   4	 1.2002186324E-02	 1.2002186324E-02	 5.5796022382E-05	 5.5796022382E-05
    69   4   5	 1.2002186324E-02	 1.2093794326E-02	 5.5796022382E-05	 3.1199170129E-04
    69   4   6	 1.2002186324E-02	 1.3269940847E-02	 5.5796022382E-05	 2.3758738303E-04
    69   5   5	 1.2093794326E-02	 1.2093794326E-02	 3.1199170129E-04	 3.1199170129E-04
    69   5   6	 1.2093794326E-02	 1.3269940847E-02	 3.1199170129E-04	 2.3758738303E-04
    69   6   6	 1.3269940847E-02	 1.3269940847E-02	 2.3758738303E-04	 2.3758738303E-04
    70   1   1	 2.1294865750E-03	 2.1294865750E-03	 1.5489390478E-06	 1.5489390478E-06
    70   1   2	 2.1294865750E-03	 4.7121313212E-03	 1.5489390478E-06	 7.3827823494E-04
    70   1   3	 2.1294865750E-03	 7.1079821416E-03	 1.5489390478E-06	 1.2172756581E-05
    70   1   4	 2.1294865750E-03	 7.6280904766E-03	 1.5489390478E-06	 5.3945146861E-04
    70   1   5	 2.1294865750E-03	 1.3526446375E-02	 1.5489390478E-06	 4.0333827992E-04
    70   1   6	 2.1294865750E-03	 1.3725677127E-02	 1.5489390478E-06	 6.0470048779E-04
    70   2   2	 4.7121313212E-03	 4.7121313212E-03	 7.3827823494E-04	 7.3827823494E-04
    70   2   3	 4.7121313212E-03	 7.1079821416E-03	 7.3827823494E-04	 1.2172756581E-05
    70   2   4	 4.7121313212E-03	 7.6280904766E-03	 7.3827823494E-04	 5.3945146861E-04
    70   2   5	 4.7121313212E-03	 1.3526446375E-02	 7.3827823494E-04	 4.0333827992E-04
    70   2   6	 4.7121313212E-03	 1.3725677127E-02	 7.3827823494E-04	 6.0470048779E-04
    70   3   3	 7.1079821416E-03	 7.1079821416E-03	 1.2172756581E-05	 1.2172756581E-05
    70   3   4	 7.1079821416E-03	 7.6280904766E-03	 1.2172756581E-05	 5.3945146861E-04
    70   3   5	 7.1079821416E-03	 1.3526446375E-02	 1.2172756581E-05	 4.0333827992E-04
    70   3   6	 7.1079821416E-03	 1.3725677127E-02	 1.2172756581E-05	 6.0470048779E-04
    70   4   4	 7.6280904766E-03	 7.6280904766E-03	 5.3945146861E-04	 5.3945146861E-04
    70   4   5	 7.6280904766E-03	 1.3526446375E-02	 5.3945146861E-04	 4.0333827992E-04
    70   4   6	 7.6280904766E-03	 1.3725677127E-02	 5.3945146861E-04	 6.0470048779E-04
    70   5   5	 1.3526446375E-02	 1.3526446375E-02	 4.0333827992E-04	 4.0333827992E-04
    70   5   6	 1.3526446375E-02	 1.3725677127E-02	 4.0333827992E-04	 6.0470048779E-04
    70   6   6	 1.3725677127E-02	 1.3725677127E-02	 6.0470048779E-04	 6.0470048779E-04
    71   1   1	 2.3741851317E-03	 2.3741851317E-03	 1.5533932295E-06	 1.5533932295E-06
    71   1   2	 2.3741851317E-03	 5.1829193798E-03	 1.5533932295E-06	 8.8942829114E-04
    71   1   3	 2.3741851317E-03	 6.8648429786E-03	 1.5533932295E-06	 1.1028089165E-05
    71   1   4	 2.3741851317E-03	 8.2135236552E-03	 1.5533932295E-06	 5.2325722107E-04
    71   1   5	 2.3741851317E-03	 1.3491098925E-02	 1.5533932295E-06	 2.7923904528E-04
    71   1   6	 2.3741851317E-03	 1.3659290447E-02	 1.5533932295E-06	 5.6259367378E-04
    71   2   2	 5.1829193798E-03	 5.1829193798E-03	 8.8942829114E-04	 8.8942829114E-04
    71   2   3	 5.1829193798E-03	 6.8648429786E-03	 8.8942829114E-04	 1.1028089165E-05
    71   2   4	 5.1829193798E-03	 8.2135236552E-03	 8.8942829114E-04	 5.2325722107E-04
    71   2   5	 5.1829193798E-03	 1.3491098925E-02	 8.8942829114E-04	 2.7923904528E-04
    71   2   6	 5.1829193798E-03	 1.3659290447E-02	 8.8942829114E-04	 5.6259367378E-04
    71   3   3	 6.8648429786E-03	 6.8648429786E-03	 1.1028089165E-05	 1.1028089165E-05
    71   3   4	 6.8648429786E-03	 8.2135236552E-03	 1.1028089165E-05	 5.2325722107E-04
    71   3   5	 6.8648429786E-03	 1.3491098925E-02	 1.1028089165E-05	 2.7923904528E-04
    71   3   6	 6.8648429786E-03	 1.3659290447E-02	 1.1028089165E-05	 5.6259367378E-04
    71   4   4	 8.2135236552E-03	 8.2135236552E-03	 5.2325722107E-04	 5.2325722107E-04
    71   4   5	 8.2135236552E-03	 1.3491098925E-02	 5.2325722107E-04	 2.7923904528E-04
    71   4   6	 8.2135236552E-03	 1.3659290447E-02	 5.2325722107E-04	 5.6259367378E-04
    71   5   5	 1.3491098925E-02	 1.3491098925E-02	 2.7923904528E-04	 2.7923904528E-04
    71   5   6	 1.3491098925E-02	 1.3659290447E-02	 2.7923904528E-04	 5.6259367378E-04
    71   6   6	 1.3659290447E-02	 1.3659290447E-02	 5.6259367378E-04	 5.6259367378E-04
    72   1   1	 2.6153425607E-03	 2.6153425607E-03	 1.6144423954E-06	 1.6144423954E-06
    72   1   2	 2.6153425607E-03	 5.6258775467E-03	 1.6144423954E-06	 9.7189285990E-04
    72   1   3	 2.6153425607E-03	 6.6084500407E-03	 1.6144423954E-06	 1.0907197040E-05
    72   1   4	 2.6153425607E-03	 8.7887499567E-03	 1.6144423954E-06	 4.8976334822E-04
    72   1   5	 2.6153425607E-03	 1.3442811936E-02	 1.6144423954E-06	 2.2125068252E-04
    72   1   6	 2.6153425607E-03	 1.3574020143E-02	 1.6144423954E-06	 4.7211305319E-04
    72   2   2	 5.6258775467E-03	 5.6258775467E-03	 9.7189285990E-04	 9.7189285990E-04
    72   2   3	 5.6258775467E-03	 6.6084500407E-03	 9.7189285990E-04	 1.0907197040E-05
    72   2   4	 5.6258775467E-03	 8.7887499567E-03	 9.7189285990E-04	 4.8976334822E-04
    72   2   5	 5.6258775467E-03	 1.3442811936E-02	 9.7189285990E-04	 2.2125068252E-04
    72   2   6	 5.6258775467E-03	 1.3574020143E-02	 9.7189285990E-04	 4.7211305319E-04
    72   3   3	 6.6084500407E-03	 6.6084500407E-03	 1.0907197040E-05	 1.0907197040E-05
    72   3   4	 6.6084500407E-03	 8.7887499567E-03	 1.0907197040E-05	 4.8976334822E-04
    72   3   5	 6.6084500407E-03	 1.3442811936E-02	 1.0907197040E-05	 2.2125068252E-04
    72   3   6	 6.6084500407E-03	 1.3574020143E-02	 1.0907197040E-05	 4.7211305319E-04
    72   4   4	 8.7887499567E-03	 8.7887499567E-03	 4.8976334822E-04	 4.8976334822E-04
    72   4   5	 8.7887499567E-03	 1.3442811936E-02	 4.8976334822E-04	 2.2125068252E-04
    72   4   6	 8.7887499567E-03	 1.3574020143E-02	 4.8976334822E-04	 4.7211305319E-04
    72   5   5	 1.3442811936E-02	 1.3442811936E-02	 2.2125068252E-04	 2.2125068252E-04
    72   5   6	 1.3442811936E-02	 1.3574020143E-02	 2.2125068252E-04	 4.7211305319E-04
    72   6   6	 1.3574020143E-02	 1.3574020143E-02	 4.7211305319E-04	 4.7211305319E-04
    73   1   1	 2.8516327078E-03	 2.8516327078E-03	 2.2239997483E-06	 2.2239997483E-06
    73   1   2	 2.8516327078E-03	 6.0283948655E-03	 2.2239997483E-06	 8.8128365325E-04
    73   1   3	 2.8516327078E-03	 6.3450169226E-03	 2.2239997483E-06	 1.0208704888E-05
    73   1   4	 2.8516327078E-03	 9.3484319750E-03	 2.2239997483E-06	 6.0572530042E-04
    73   1   5	 2.8516327078E-03	 1.3356640324E-02	 2.2239997483E-06	 2.7936604434E-04
    73   1   6	 2.8516327078E-03	 1.3491903999E-02	 2.2239997483E-06	 3.9071334616E-04
    73   2   2	 6.0283948655E-03	 6.0283948655E-03	 8.8128365325E-04	 8.8128365325E-04
    73   2   3	 6.0283948655E-03	 6.3450169226E-03	 8.8128365325E-04	 1.0208704888E-05
    73   2   4	 6.0283948655E-03	 9.3484319750E-03	 8.8128365325E-04	 6.0572530042E-04
    73   2   5	 6.0283948655E-03	 1.3356640324E-02	 8.8128365325E-04	 2.7936604434E-04
    73   2   6	 6.0283948655E-03	 1.3491903999E-02	 8.8128365325E-04	 3.9071334616E-04
    73   3   3	 6.3450169226E-03	 6.3450169226E-03	 1.0208704888E-05	 1.0208704888E-05
    73   3   4	 6.3450169226E-03	 9.3484319750E-03	 1.0208704888E-05	 6.0572530042E-04
    73   3   5	 6.3450169226E-03	 1.3356640324E-02	 1.0208704888E-05	 2.7936604434E-04
    73   3   6	 6.3450169226E-03	 1.3491903999E-02	 1.0208704888E-05	 3.9071334616E-04
    73   4   4	 9.3484319750E-03	 9.3484319750E-03	 6.0572530042E-04	 6.0572530042E-04
    73   4   5	 9.3484319750E-03	 1.3356640324E-02	 6.0572530042E-04	 2.7936604434E-04
    73   4   6	 9.3484319750E-03	 1.3491903999E-02	 6.0572530042E-04	 3.9071334616E-04
    73   5   5	 1.3356640324E-02	 1.3356640324E-02	 2.7936604434E-04	 2.7936604434E-04
    73   5   6	 1.3356640324E-02	 1.3491903999E-02	 2.7936604434E-04	 3.9071334616E-04
    73   6   6	 1.3491903999E-02	 1.3491903999E-02	 3.9071334616E-04	 3.9071334616E-04
    74   1   1	 3.0808975233E-03	 3.0808975233E-03	 2.4704126070E-06	 2.4704126070E-06
    74   1   2	 3.0808975233E-03	 6.0819937436E-03	 2.4704126070E-06	 9.1445813682E-06
    74   1   3	 3.0808975233E-03	 6.3801935278E-03	 2.4704126070E-06	 5.6540824040E-04
    74   1   4	 3.0808975233E-03	 9.8876142483E-03	 2.4704126070E-06	 7.2016804984E-04
    74   1   5	 3.0808975233E-03	 1.3207085000E-02	 2.4704126070E-06	 2.7144651618E-04
    74   1   6	 3.0808975233E-03	 1.3436744204E-02	 2.4704126070E-06	 1.4215019725E-04
    74   2   2	 6.0819937436E-03	 6.0819937436E-03	 9.1445813682E-06	 9.1445813682E-06
    74   2   3	 6.0819937436E-03	 6.3801935278E-03	 9.1445813682E-06	 5.6540824040E-04
    74   2   4	 6.0819937436E-03	 9.8876142483E-03	 9.1445813682E-06	 7.2016804984E-04
    74   2   5	 6.0819937436E-03	 1.3207085000E-02	 9.1445813682E-06	 2.7144651618E-04
    74   2   6	 6.0819937436E-03	 1.3436744204E-02	 9.1445813682E-06	 1.4215019725E-04
    74   3   3	 6.3801935278E-03	 6.3801935278E-03	 5.6540824040E-04	 5.6540824040E-04
    74   3   4	 6.3801935278E-03	 9.8876142483E-03	 5.6540824040E-04	 7.2016804984E-04
    74   3   5	 6.3801935278E-03	 1.3207085000E-02	 5.6540824040E-04	 2.7144651618E-04
    74   3   6	 6.3801935278E-03	 1.3436744204E-02	 5.6540824040E-04	 1.4215019725E-04
    74   4   4	 9.8876142483E-03	 9.8876142483E-03	 7.2016804984E-04	 7.2016804984E-04
    74   4   5	 9.8876142483E-03	 1.3207085000E-02	 7.2016804984E-04	 2.7144651618E-04
    74   4   6	 9.8876142483E-03	 1.3436744204E-02	 7.2016804984E-04	 1.4215019725E-04
    74   5   5	 1.3207085000E-02	 1.3207085000E-02	 2.7144651618E-04	 2.7144651618E-04
    74   5   6	 1.3207085000E-02	 1.3436744204E-02	 2.7144651618E-04	 1.4215019725E-04
    74   6   6	 1.3436744204E-02	 1.3436744204E-02	 1.4215019725E-04	 1.4215019725E-04
    75   1   1	 3.2988602514E-03	 3.2988602514E-03	 3.1394874045E-06	 3.1394874045E-06
    75   1   2	 3.2988602514E-03	 5.8289859301E-03	 3.1394874045E-06	 8.4465694127E-06
    75   1   3	 3.2988602514E-03	 6.6727322861E-03	 3.1394874045E-06	 3.3309265337E-04
    75   1   4	 3.2988602514E-03	 1.0401588530E-02	 3.1394874045E-06	 7.2585389826E-04
    75   1   5	 3.2988602514E-03	 1.3004718912E-02	 3.1394874045E-06	 2.1501074755E-04
    75   1   6	 3.2988602514E-03	 1.3397572360E-02	 3.1394874045E-06	 1.0730691433E-04
    75   2   2	 5.8289859301E-03	 5.8289859301E-03	 8.4465694127E-06	 8.4465694127E-06
    75   2   3	 5.8289859301E-03	 6.6727322861E-03	 8.4465694127E-06	 3.3309265337E-04
    75   2   4	 5.8289859301E-03	 1.0401588530E-02	 8.4465694127E-06	 7.2585389826E-04
    75   2   5	 5.8289859301E-03	 1.3004718912E-02	 8.4465694127E-06	 2.1501074755E-04
    75   2   6	 5.8289859301E-03	 1.3397572360E-02	 8.4465694127E-06	 1.0730691433E-04
    75   3   3	 6.6727322861E-03	 6.6727322861E-03	 3.3309265337E-04	 3.3309265337E-04
    75   3   4	 6.6727322861E-03	 1.0401588530E-02	 3.3309265337E-04	 7.2585389826E-04
    75   3   5	 6.6727322861E-03	 1.3004718912E-02	 3.3309265337E-04	 2.1501074755E-04
    75   3   6	 6.6727322861E-03	 1.3397572360E-02	 3.3309265337E-04	 1.0730691433E-04
    75   4   4	 1.0401588530E-02	 1.0401588530E-02	 7.2585389826E-04	 7.2585389826E-04
    75   4   5	 1.0401588530E-02	 1.3004718912E-02	 7.2585389826E-04	 2.1501074755E-04
    75   4   6	 1.0401588530E-02	 1.3397572360E-02	 7.2585389826E-04	 1.0730691433E-04
    75   5   5	 1.3004718912E-02	 1.3004718912E-02	 2.1501074755E-04	 2.1501074755E-04
    75   5   6	 1.3004718912E-02	 1.3397572360E-02	 2.1501074755E-04	 1.0730691433E-04
    75   6   6	 1.3397572360E-02	 1.3397572360E-02	 1.0730691433E-04	 1.0730691433E-04
    76   1   1	 3.4967298745E-03	 3.4967298745E-03	 3.8486936780E-06	 3.8486936780E-06
    76   1   2	 3.4967298745E-03	 5.5997532352E-03	 3.8486936780E-06	 7.2858763039E-06
    76   1   3	 3.4967298745E-03	 6.8989189767E-03	 3.8486936780E-06	 2.4171646964E-04
    76   1   4	 3.4967298745E-03	 1.0885875616E-02	 3.8486936780E-06	 4.6180783549E-04
    76   1   5	 3.4967298745E-03	 1.2757289150E-02	 3.8486936780E-06	 2.0578772963E-04
    76   1   6	 3.4967298745E-03	 1.3367507162E-02	 3.8486936780E-06	 1.1421322438E-04
    76   2   2	 5.5997532352E-03	 5.5997532352E-03	 7.2858763039E-06	 7.2858763039E-06
    76   2   3	 5.5997532352E-03	 6.8989189767E-03	 7.2858763039E-06	 2.4171646964E-04
    76   2   4	 5.5997532352E-03	 1.0885875616E-02	 7.2858763039E-06	 4.6180783549E-04
    76   2   5	 5.5997532352E-03	 1.2757289150E-02	 7.2858763039E-06	 2.0578772963E-04
    76   2   6	 5.5997532352E-03	 1.3367507162E-02	 7.2858763039E-06	 1.1421322438E-04
    76   3   3	 6.8989189767E-03	 6.8989189767E-03	 2.4171646964E-04	 2.4171646964E-04
    76   3   4	 6.8989189767E-03	 1.0885875616E-02	 2.4171646964E-04	 4.6180783549E-04
    76   3   5	 6.8989189767E-03	 1.2757289150E-02	 2.4171646964E-04	 2.0578772963E-04
    76   3   6	 6.8989189767E-03	 1.3367507162E-02	 2.4171646964E-04	 1.1421322438E-04
    76   4   4	 1.0885875616E-02	 1.0885875616E-02	 4.6180783549E-04	 4.6180783549E-04
    76   4   5	 1.0885875616E-02	 1.2757289150E-02	 4.6180783549E-04	 2.0578772963E-04
    76   4   6	 1.0885875616E-02	 1.3367507162E-02	 4.6180783549E-04	 1.1421322438E-04
    76   5   5	 1.2757289150E-02	 1.2757289150E-02	 2.0578772963E-04	 2.0578772963E-04
    76   5   6	 1.2757289150E-02	 1.3367507162E-02	 2.0578772963E-04	 1.1421322438E-04
    76   6   6	 1.3367507162E-02	 1.3367507162E-02	 1.1421322438E-04	 1.1421322438E-04
    77   1   1	 3.6572135190E-03	 3.6572135190E-03	 4.4281534665E-06	 4.4281534665E-06
    77   1   2	 3.6572135190E-03	 5.4157891828E-03	 4.4281534665E-06	 7.0491191314E-06
    77   1   3	 3.6572135190E-03	 7.0530971132E-03	 4.4281534665E-06	 2.3326609623E-04
    77   1   4	 3.6572135190E-03	 1.1336058886E-02	 4.4281534665E-06	 3.6708851774E-04
    77   1   5	 3.6572135190E-03	 1.2467111317E-02	 4.4281534665E-06	 1.4676203720E-04
    77   1   6	 3.6572135190E-03	 1.3346362620E-02	 4.4281534665E-06	 1.1764520704E-04
    77   2   2	 5.4157891828E-03	 5.4157891828E-03	 7.0491191314E-06	 7.0491191314E-06
    77   2   3	 5.4157891828E-03	 7.0530971132E-03	 7.0491191314E-06	 2.3326609623E-04
    77   2   4	 5.4157891828E-03	 1.1336058886E-02	 7.0491191314E-06	 3.6708851774E-04
    77   2   5	 5.4157891828E-03	 1.2467111317E-02	 7.0491191314E-06	 1.4676203720E-04
    77   2   6	 5.4157891828E-03	 1.3346362620E-02	 7.0491191314E-06	 1.1764520704E-04
    77   3   3	 7.0530971132E-03	 7.0530971132E-03	 2.3326609623E-04	 2.3326609623E-04
    77   3   4	 7.0530971132E-03	 1.1336058886E-02	 2.3326609623E-04	 3.6708851774E-04
    77   3   5	 7.0530971132E-03	 1.2467111317E-02	 2.3326609623E-04	 1.4676203720E-04
    77   3   6	 7.0530971132E-03	 1.3346362620E-02	 2.3326609623E-04	 1.1764520704E-04
    77   4   4	 1.1336058886E-02	 1.1336058886E-02	 3.6708851774E-04	 3.6708851774E-04
    77   4   5	 1.1336058886E-02	 1.2467111317E-02	 3.6708851774E-04	 1.4676203720E-04
    77   4   6	 1.1336058886E-02	 1.3346362620E-02	 3.6708851774E-04	 1.1764520704E-04
    77   5   5	 1.2467111317E-02	 1.2467111317E-02	 1.4676203720E-04	 1.4676203720E-04
    77   5   6	 1.2467111317E-02	 1.3346362620E-02	 1.4676203720E-04	 1.1764520704E-04
    77   6   6	 1.3346362620E-02	 1.3346362620E-02	 1.1764520704E-04	 1.1764520704E-04
    78   1   1	 3.7516915335E-03	 3.7516915335E-03	 4.4418316455E-06	 4.4418316455E-06
    78   1   2	 3.7516915335E-03	 5.3087666369E-03	 4.4418316455E-06	 6.7633283406E-06
    78   1   3	 3.7516915335E-03	 7.1312422992E-03	 4.4418316455E-06	 2.2925399886E-04
    78   1   4	 3.7516915335E-03	 1.1744426588E-02	 4.4418316455E-06	 2.4613715692E-04
    78   1   5	 3.7516915335E-03	 1.2139449660E-02	 4.4418316455E-06	 2.0761466843E-04
    78   1   6	 3.7516915335E-03	 1.3335344188E-02	 4.4418316455E-06	 1.4357339395E-04
    78   2   2	 5.3087666369E-03	 5.3087666369E-03	 6.7633283406E-06	 6.7633283406E-06
    78   2   3	 5.3087666369E-03	 7.1312422992E-03	 6.7633283406E-06	 2.2925399886E-04
    78   2   4	 5.3087666369E-03	 1.1744426588E-02	 6.7633283406E-06	 2.4613715692E-04
    78   2   5	 5.3087666369E-03	 1.2139449660E-02	 6.7633283406E-06	 2.0761466843E-04
    78   2   6	 5.3087666369E-03	 1.3335344188E-02	 6.7633283406E-06	 1.4357339395E-04
    78   3   3	 7.1312422992E-03	 7.1312422992E-03	 2.2925399886E-04	 2.2925399886E-04
    78   3   4	 7.1312422992E-03	 1.1744426588E-02	 2.2925399886E-04	 2.4613715692E-04
    78   3   5	 7.1312422992E-03	 1.2139449660E-02	 2.2925399886E-04	 2.0761466843E-04
    78   3   6	 7.1312422992E-03	 1.3335344188E-02	 2.2925399886E-04	 1.4357339395E-04
    78   4   4	 1.1744426588E-02	 1.1744426588E-02	 2.4613715692E-04	 2.4613715692E-04
    78   4   5	 1.1744426588E-02	 1.2139449660E-02	 2.4613715692E-04	 2.0761466843E-04
    78   4   6	 1.1744426588E-02	 1.3335344188E-02	 2.4613715692E-04	 1.4357339395E-04
    78   5   5	 1.2139449660E-02	 1.2139449660E-02	 2.0761466843E-04	 2.0761466843E-04
    78   5   6	 1.2139449660E-02	 1.3335344188E-02	 2.0761466843E-04	 1.4357339395E-04
    78   6   6	 1.3335344188E-02	 1.3335344188E-02	 1.4357339395E-04	 1.4357339395E-04
    79   1   1	 2.5881441803E-03	 2.5881441803E-03	 1.3912726330E-06	 1.3912726330E-06
    79   1   2	 2.5881441803E-03	 5.6597270540E-03	 1.3912726330E-06	 8.5940720472E-04
    79   1   3	 2.5881441803E-03	 6.6265195334E-03	 1.3912726330E-06	 1.1081387881E-05
    79   1   4	 2.5881441803E-03	 8.7344667589E-03	 1.3912726330E-06	 5.1807105410E-04
    79   1   5	 2.5881441803E-03	 1.3474071662E-02	 1.3912726330E-06	 2.9362674266E-04
    79   1   6	 2.5881441803E-03	 1.3546481953E-02	 1.3912726330E-06	 4.6433156052E-04
    79   2   2	 5.6597270540E-03	 5.6597270540E-03	 8.5940720472E-04	 8.5940720472E-04
    79   2   3	 5.6597270540E-03	 6.6265195334E-03	 8.5940720472E-04	 1.1081387881E-05
    79   2   4	 5.6597270540E-03	 8.7344667589E-03	 8.5940720472E-04	 5.1807105410E-04
    79   2   5	 5.6597270540E-03	 1.3474071662E-02	 8.5940720472E-04	 2.9362674266E-04
    79   2   6	 5.6597270540E-03	 1.3546481953E-02	 8.5940720472E-04	 4.6433156052E-04
    79   3   3	 6.6265195334E-03	 6.6265195334E-03	 1.1081387881E-05	 1.1081387881E-05
    79   3   4	 6.6265195334E-03	 8.7344667589E-03	 1.1081387881E-05	 5.1807105410E-04
    79   3   5	 6.6265195334E-03	 1.3474071662E-02	 1.1081387881E-05	 2.9362674266E-04
    79   3   6	 6.6265195334E-03	 1.3546481953E-02	 1.1081387881E-05	 4.6433156052E-04
    79   4   4	 8.7344667589E-03	 8.7344667589E-03	 5.1807105410E-04	 5.1807105410E-04
    79   4   5	 8.7344667589E-03	 1.3474071662E-02	 5.1807105410E-04	 2.9362674266E-04
    79   4   6	 8.7344667589E-03	 1.3546481953E-02	 5.1807105410E-04	 4.6433156052E-04
    79   5   5	 1.3474071662E-02	 1.3474071662E-02	 2.9362674266E-04	 2.9362674266E-04
    79   5   6	 1.3474071662E-02	 1.3546481953E-02	 2.9362674266E-04	 4.6433156052E-04
    79   6   6	 1.3546481953E-02	 1.3546481953E-02	 4.6433156052E-04	 4.6433156052E-04
    80   1   1	 2.8260734384E-03	 2.8260734384E-03	 2.2334048825E-06	 2.2334048825E-06
    80   1   2	 2.8260734384E-03	 6.1148013569E-03	 2.2334048825E-06	 9.9805532772E-04
    80   1   3	 2.8260734384E-03	 6.3680254555E-03	 2.2334048825E-06	 1.0467638300E-05
    80   1   4	 2.8260734384E-03	 9.2254734958E-03	 2.2334048825E-06	 5.3815509431E-04
    80   1   5	 2.8260734384E-03	 1.3391233073E-02	 2.2334048825E-06	 2.6479021348E-04
    80   1   6	 2.8260734384E-03	 1.3476800476E-02	 2.2334048825E-06	 2.6672609707E-04
    80   2   2	 6.1148013569E-03	 6.1148013569E-03	 9.9805532772E-04	 9.9805532772E-04
    80   2   3	 6.1148013569E-03	 6.3680254555E-03	 9.9805532772E-04	 1.0467638300E-05
    80   2   4	 6.1148013569E-03	 9.2254734958E-03	 9.9805532772E-04	 5.3815509431E-04
    80   2   5	 6.1148013569E-03	 1.3391233073E-02	 9.9805532772E-04	 2.6479021348E-04
    80   2   6	 6.1148013569E-03	 1.3476800476E-02	 9.9805532772E-04	 2.6672609707E-04
    80   3   3	 6.3680254555E-03	 6.3680254555E-03	 1.0467638300E-05	 1.0467638300E-05
    80   3   4	 6.3680254555E-03	 9.2254734958E-03	 1.0467638300E-05	 5.3815509431E-04
    80   3   5	 6.3680254555E-03	 1.3391233073E-02	 1.0467638300E-05	 2.6479021348E-04
    80   3   6	 6.3680254555E-03	 1.3476800476E-02	 1.0467638300E-05	 2.6672609707E-04
    80   4   4	 9.2254734958E-03	 9.2254734958E-03	 5.3815509431E-04	 5.3815509431E-04
    80   4   5	 9.2254734958E-03	 1.3391233073E-02	 5.3815509431E-04	 2.6479021348E-04
    80   4   6	 9.2254734958E-03	 1.3476800476E-02	 5.3815509431E-04	 2.6672609707E-04
    80   5   5	 1.3391233073E-02	 1.3391233073E-02	 2.6479021348E-04	 2.6479021348E-04
    80   5   6	 1.3391233073E-02	 1.3476800476E-02	 2.6479021348E-04	 2.6672609707E-04
    80   6   6	 1.3476800476E-02	 1.3476800476E-02	 2.6672609707E-04	 2.6672609707E-04
    81   1   1	 3.0588320818E-03	 3.0588320818E-03	 2.3615126635E-06	 2.3615126635E-06
    81   1   2	 3.0588320818E-03	 6.1052038603E-03	 2.3615126635E-06	 9.5972237706E-06
    81   1   3	 3.0588320818E-03	 6.5264100461E-03	 2.3615126635E-06	 9.9541216286E-04
    81   1   4	 3.0588320818E-03	 9.7043611233E-03	 2.3615126635E-06	 6.3107015459E-04
    81   1   5	 3.0588320818E-03	 1.3228315482E-02	 2.3615126635E-06	 2.6888027085E-04
    81   1   6	 3.0588320818E-03	 1.3452560440E-02	 2.3615126635E-06	 1.6442740902E-04
    81   2   2	 6.1052038603E-03	 6.1052038603E-03	 9.5972237706E-06	 9.5972237706E-06
    81   2   3	 6.1052038603E-03	 6.5264100461E-03	 9.5972237706E-06	 9.9541216286E-04
    81   2   4	 6.1052038603E-03	 9.7043611233E-03	 9.5972237706E-06	 6.3107015459E-04
    81   2   5	 6.1052038603E-03	 1.3228315482E-02	 9.5972237706E-06	 2.6888027085E-04
    81   2   6	 6.1052038603E-03	 1.3452560440E-02	 9.5972237706E-06	 1.6442740902E-04
    81   3   3	 6.5264100461E-03	 6.5264100461E-03	 9.9541216286E-04	 9.9541216286E-04
    81   3   4	 6.5264100461E-03	 9.7043611233E-03	 9.9541216286E-04	 6.3107015459E-04
    81   3   5	 6.5264100461E-03	 1.3228315482E-02	 9.9541216286E-04	 2.6888027085E-04
    81   3   6	 6.5264100461E-03	 1.3452560440E-02	 9.9541216286E-04	 1.6442740902E-04
    81   4   4	 9.7043611233E-03	 9.7043611233E-03	 6.3107015459E-04	 6.3107015459E-04
    81   4   5	 9.7043611233E-03	 1.3228315482E-02	 6.3107015459E-04	 2.6888027085E-04
    81   4   6	 9.7043611233E-03	 1.3452560440E-02	 6.3107015459E-04	 1.6442740902E-04
    81   5   5	 1.3228315482E-02	 1.3228315482E-02	 2.6888027085E-04	 2.6888027085E-04
    81   5   6	 1.3228315482E-02	 1.3452560440E-02	 2.6888027085E-04	 1.6442740902E-04
    81   6   6	 1.3452560440E-02	 1.3452560440E-02	 1.6442740902E-04	 1.6442740902E-04
    82   1   1	 3.2840806912E-03	 3.2840806912E-03	 3.1076175916E-06	 3.1076175916E-06
    82   1   2	 3.2840806912E-03	 5.8456815446E-03	 3.1076175916E-06	 8.7880575479E-06
    82   1   3	 3.2840806912E-03	 6.8810097819E-03	 3.1076175916E-06	 6.6702164175E-04
    82   1   4	 3.2840806912E-03	 1.0169185275E-02	 3.1076175916E-06	 8.1675144138E-04
    82   1   5	 3.2840806912E-03	 1.3024601803E-02	 3.1076175916E-06	 2.6938854886E-04
    82   1   6	 3.2840806912E-03	 1.3433560330E-02	 3.1076175916E-06	 1.2298658248E-04
    82   2   2	 5.8456815446E-03	 5.8456815446E-03	 8.7880575479E-06	 8.7880575479E-06
    82   2   3	 5.8456815446E-03	 6.8810097819E-03	 8.7880575479E-06	 6.6702164175E-04
    82   2   4	 5.8456815446E-03	 1.0169185275E-02	 8.7880575479E-06	 8.1675144138E-04
    82   2   5	 5.8456815446E-03	 1.3024601803E-02	 8.7880575479E-06	 2.6938854886E-04
    82   2   6	 5.8456815446E-03	 1.3433560330E-02	 8.7880575479E-06	 1.2298658248E-04
    82   3   3	 6.8810097819E-03	 6.8810097819E-03	 6.6702164175E-04	 6.6702164175E-04
    82   3   4	 6.8810097819E-03	 1.0169185275E-02	 6.6702164175E-04	 8.1675144138E-04
    82   3   5	 6.8810097819E-03	 1.3024601803E-02	 6.6702164175E-04	 2.6938854886E-04
    82   3   6	 6.8810097819E-03	 1.3433560330E-02	 6.6702164175E-04	 1.2298658248E-04
    82   4   4	 1.0169185275E-02	 1.0169185275E-02	 8.1675144138E-04	 8.1675144138E-04
    82   4   5	 1.0169185275E-02	 1.3024601803E-02	 8.1675144138E-04	 2.6938854886E-04
    82   4   6	 1.0169185275E-02	 1.3433560330E-02	 8.1675144138E-04	 1.2298658248E-04
    82   5   5	 1.3024601803E-02	 1.3024601803E-02	 2.6938854886E-04	 2.6938854886E-04
    82   5   6	 1.3024601803E-02	 1.3433560330E-02	 2.6938854886E-04	 1.2298658248E-04
    82   6   6	 1.3433560330E-02	 1.3433560330E-02	 1.2298658248E-04	 1.2298658248E-04
    83   1   1	 3.4967298745E-03	 3.4967298745E-03	 3.6623993233E-06	 3.6623993233E-06
    83   1   2	 3.4967298745E-03	 5.5997532352E-03	 3.6623993233E-06	 7.2147680019E-06
    83   1   3	 3.4967298745E-03	 7.1677231504E-03	 3.6623993233E-06	 3.2186098453E-04
    83   1   4	 3.4967298745E-03	 1.0617406020E-02	 3.6623993233E-06	 6.2803079668E-04
    83   1   5	 3.4967298745E-03	 1.2783182828E-02	 3.6623993233E-06	 1.9588005574E-04
    83   1   6	 3.4967298745E-03	 1.3417179890E-02	 3.6623993233E-06	 1.0545587676E-04
    83   2   2	 5.5997532352E-03	 5.5997532352E-03	 7.2147680019E-06	 7.2147680019E-06
    83   2   3	 5.5997532352E-03	 7.1677231504E-03	 7.2147680019E-06	 3.2186098453E-04
    83   2   4	 5.5997532352E-03	 1.0617406020E-02	 7.2147680019E-06	 6.2803079668E-04
    83   2   5	 5.5997532352E-03	 1.2783182828E-02	 7.2147680019E-06	 1.9588005574E-04
    83   2   6	 5.5997532352E-03	 1.3417179890E-02	 7.2147680019E-06	 1.0545587676E-04
    83   3   3	 7.1677231504E-03	 7.1677231504E-03	 3.2186098453E-04	 3.2186098453E-04
    83   3   4	 7.1677231504E-03	 1.0617406020E-02	 3.2186098453E-04	 6.2803079668E-04
    83   3   5	 7.1677231504E-03	 1.2783182828E-02	 3.2186098453E-04	 1.9588005574E-04
    83   3   6	 7.1677231504E-03	 1.3417179890E-02	 3.2186098453E-04	 1.0545587676E-04
    83   4   4	 1.0617406020E-02	 1.0617406020E-02	 6.2803079668E-04	 6.2803079668E-04
    83   4   5	 1.0617406020E-02	 1.2783182828E-02	 6.2803079668E-04	 1.9588005574E-04
    83   4   6	 1.0617406020E-02	 1.3417179890E-02	 6.2803079668E-04	 1.0545587676E-04
    83   5   5	 1.2783182828E-02	 1.2783182828E-02	 1.9588005574E-04	 1.9588005574E-04
    83   5   6	 1.2783182828E-02	 1.3417179890E-02	 1.9588005574E-04	 1.0545587676E-04
    83   6   6	 1.3417179890E-02	 1.3417179890E-02	 1.0545587676E-04	 1.0545587676E-04
    84   1   1	 3.6853533498E-03	 3.6853533498E-03	 4.0118262713E-06	 4.0118262713E-06
    84   1   2	 3.6853533498E-03	 5.3835330018E-03	 4.0118262713E-06	 6.5106593883E-06
    84   1   3	 3.6853533498E-03	 7.3782695707E-03	 4.0118262713E-06	 2.1665703412E-04
    84   1   4	 3.6853533498E-03	 1.1045473563E-02	 4.0118262713E-06	 4.5316134907E-04
    84   1   5	 3.6853533498E-03	 1.2505252241E-02	 4.0118262713E-06	 1.5027204462E-04
    84   1   6	 3.6853533498E-03	 1.3404217895E-02	 4.0118262713E-06	 1.5474271656E-04
    84   2   2	 5.3835330018E-03	 5.3835330018E-03	 6.5106593883E-06	 6.5106593883E-06
    84   2   3	 5.3835330018E-03	 7.3782695707E-03	 6.5106593883E-06	 2.1665703412E-04
    84   2   4	 5.3835330018E-03	 1.1045473563E-02	 6.5106593883E-06	 4.5316134907E-04
    84   2   5	 5.3835330018E-03	 1.2505252241E-02	 6.5106593883E-06	 1.5027204462E-04
    84   2   6	 5.3835330018E-03	 1.3404217895E-02	 6.5106593883E-06	 1.5474271656E-04
    84   3   3	 7.3782695707E-03	 7.3782695707E-03	 2.1665703412E-04	 2.1665703412E-04
    84   3   4	 7.3782695707E-03	 1.1045473563E-02	 2.1665703412E-04	 4.5316134907E-04
    84   3   5	 7.3782695707E-03	 1.2505252241E-02	 2.1665703412E-04	 1.5027204462E-04
    84   3   6	 7.3782695707E-03	 1.3404217895E-02	 2.1665703412E-04	 1.5474271656E-04
    84   4   4	 1.1045473563E-02	 1.1045473563E-02	 4.5316134907E-04	 4.5316134907E-04
    84   4   5	 1.1045473563E-02	 1.2505252241E-02	 4.5316134907E-04	 1.5027204462E-04
    84   4   6	 1.1045473563E-02	 1.3404217895E-02	 4.5316134907E-04	 1.5474271656E-04
    84   5   5	 1.2505252241E-02	 1.2505252241E-02	 1.5027204462E-04	 1.5027204462E-04
    84   5   6	 1.2505252241E-02	 1.3404217895E-02	 1.5027204462E-04	 1.5474271656E-04
    84   6   6	 1.3404217895E-02	 1.3404217895E-02	 1.5474271656E-04	 1.5474271656E-04
    85   1   1	 3.8259286885E-03	 3.8259286885E-03	 3.8560839929E-06	 3.8560839929E-06
    85   1   2	 3.8259286885E-03	 5.2247825379E-03	 3.8560839929E-06	 6.0215862200E-06
    85   1   3	 3.8259286885E-03	 7.5068662351E-03	 3.8560839929E-06	 1.9242212448E-04
    85   1   4	 3.8259286885E-03	 1.1447491660E-02	 3.8560839929E-06	 4.6841805421E-04
    85   1   5	 3.8259286885E-03	 1.2194406230E-02	 3.8560839929E-06	 1.5784089702E-04
    85   1   6	 3.8259286885E-03	 1.3395829732E-02	 3.8560839929E-06	 1.7897543332E-04
    85   2   2	 5.2247825379E-03	 5.2247825379E-03	 6.0215862200E-06	 6.0215862200E-06
    85   2   3	 5.2247825379E-03	 7.5068662351E-03	 6.0215862200E-06	 1.9242212448E-04
    85   2   4	 5.2247825379E-03	 1.1447491660E-02	 6.0215862200E-06	 4.6841805421E-04
    85   2   5	 5.2247825379E-03	 1.2194406230E-02	 6.0215862200E-06	 1.5784089702E-04
    85   2   6	 5.2247825379E-03	 1.3395829732E-02	 6.0215862200E-06	 1.7897543332E-04
    85   3   3	 7.5068662351E-03	 7.5068662351E-03	 1.9242212448E-04	 1.9242212448E-04
    85   3   4	 7.5068662351E-03	 1.1447491660E-02	 1.9242212448E-04	 4.6841805421E-04
    85   3   5	 7.5068662351E-03	 1.2194406230E-02	 1.9242212448E-04	 1.5784089702E-04
    85   3   6	 7.5068662351E-03	 1.3395829732E-02	 1.9242212448E-04	 1.7897543332E-04
    85   4   4	 1.1447491660E-02	 1.1447491660E-02	 4.6841805421E-04	 4.6841805421E-04
    85   4   5	 1.1447491660E-02	 1.2194406230E-02	 4.6841805421E-04	 1.5784089702E-04
    85   4   6	 1.1447491660E-02	 1.3395829732E-02	 4.6841805421E-04	 1.7897543332E-04
    85   5   5	 1.2194406230E-02	 1.2194406230E-02	 1.5784089702E-04	 1.5784089702E-04
    85   5   6	 1.2194406230E-02	 1.3395829732E-02	 1.5784089702E-04	 1.7897543332E-04
    85   6   6	 1.3395829732E-02	 1.3395829732E-02	 1.7897543332E-04	 1.7897543332E-04
    86   1   1	 3.8804617733E-03	 3.8804617733E-03	 4.6118096038E-06	 4.6118096038E-06
    86   1   2	 3.8804617733E-03	 5.1639123659E-03	 4.6118096038E-06	 5.7263561130E-06
    86   1   3	 3.8804617733E-03	 7.5501065447E-03	 4.6118096038E-06	 1.9249012296E-04
    86   1   4	 3.8804617733E-03	 1.1754075463E-02	 4.6118096038E-06	 1.0030659874E-04
    86   1   5	 3.8804617733E-03	 1.1918407846E-02	 4.6118096038E-06	 3.2264208546E-04
    86   1   6	 3.8804617733E-03	 1.3392920674E-02	 4.6118096038E-06	 1.7429148523E-04
    86   2   2	 5.1639123659E-03	 5.1639123659E-03	 5.7263561130E-06	 5.7263561130E-06
    86   2   3	 5.1639123659E-03	 7.5501065447E-03	 5.7263561130E-06	 1.9249012296E-04
    86   2   4	 5.1639123659E-03	 1.1754075463E-02	 5.7263561130E-06	 1.0030659874E-04
    86   2   5	 5.1639123659E-03	 1.1918407846E-02	 5.7263561130E-06	 3.2264208546E-04
    86   2   6	 5.1639123659E-03	 1.3392920674E-02	 5.7263561130E-06	 1.7429148523E-04
    86   3   3	 7.5501065447E-03	 7.5501065447E-03	 1.9249012296E-04	 1.9249012296E-04
    86   3   4	 7.5501065447E-03	 1.1754075463E-02	 1.9249012296E-04	 1.0030659874E-04
    86   3   5	 7.5501065447E-03	 1.1918407846E-02	 1.9249012296E-04	 3.2264208546E-04
    86   3   6	 7.5501065447E-03	 1.3392920674E-02	 1.9249012296E-04	 1.7429148523E-04
    86   4   4	 1.1754075463E-02	 1.1754075463E-02	 1.0030659874E-04	 1.0030659874E-04
    86   4   5	 1.1754075463E-02	 1.1918407846E-02	 1.0030659874E-04	 3.2264208546E-04
    86   4   6	 1.1754075463E-02	 1.3392920674E-02	 1.0030659874E-04	 1.7429148523E-04
    86   5   5	 1.1918407846E-02	 1.1918407846E-02	 3.2264208546E-04	 3.2264208546E-04
    86   5   6	 1.1918407846E-02	 1.3392920674E-02	 3.2264208546E-04	 1.7429148523E-04
    86   6   6	 1.3392920674E-02	 1.3392920674E-02	 1.7429148523E-04	 1.7429148523E-04
    87   1   1	 3.0473766081E-03	 3.0473766081E-03	 2.3500236622E-06	 2.3500236622E-06
    87   1   2	 3.0473766081E-03	 6.1150005190E-03	 2.3500236622E-06	 9.9547857252E-06
    87   1   3	 3.0473766081E-03	 6.5790195033E-03	 2.3500236622E-06	 9.4689715290E-04
    87   1   4	 3.0473766081E-03	 9.6426020409E-03	 2.3500236622E-06	 5.5451751126E-04
    87   1   5	 3.0473766081E-03	 1.3236151906E-02	 2.3500236622E-06	 3.4248194293E-04
    87   1   6	 3.0473766081E-03	 1.3454642612E-02	 2.3500236622E-06	 2.0833639537E-04
    87   2   2	 6.1150005190E-03	 6.1150005190E-03	 9.9547857252E-06	 9.9547857252E-06
    87   2   3	 6.1150005190E-03	 6.5790195033E-03	 9.9547857252E-06	 9.4689715290E-04
    87   2   4	 6.1150005190E-03	 9.6426020409E-03	 9.9547857252E-06	 5.5451751126E-04
    87   2   5	 6.1150005190E-03	 1.3236151906E-02	 9.9547857252E-06	 3.4248194293E-04
    87   2   6	 6.1150005190E-03	 1.3454642612E-02	 9.9547857252E-06	 2.0833639537E-04
    87   3   3	 6.5790195033E-03	 6.5790195033E-03	 9.4689715290E-04	 9.4689715290E-04
    87   3   4	 6.5790195033E-03	 9.6426020409E-03	 9.4689715290E-04	 5.5451751126E-04
    87   3   5	 6.5790195033E-03	 1.3236151906E-02	 9.4689715290E-04	 3.4248194293E-04
    87   3   6	 6.5790195033E-03	 1.3454642612E-02	 9.4689715290E-04	 2.0833639537E-04
    87   4   4	 9.6426020409E-03	 9.6426020409E-03	 5.5451751126E-04	 5.5451751126E-04
    87   4   5	 9.6426020409E-03	 1.3236151906E-02	 5.5451751126E-04	 3.4248194293E-04
    87   4   6	 9.6426020409E-03	 1.3454642612E-02	 5.5451751126E-04	 2.0833639537E-04
    87   5   5	 1.3236151906E-02	 1.3236151906E-02	 3.4248194293E-04	 3.4248194293E-04
    87   5   6	 1.3236151906E-02	 1.3454642612E-02	 3.4248194293E-04	 2.0833639537E-04
    87   6   6	 1.3454642612E-02	 1.3454642612E-02	 2.0833639537E-04	 2.0833639537E-04
    88   1   1	 3.2757459121E-03	 3.2757459121E-03	 3.1272890067E-06	 3.1272890067E-06
    88   1   2	 3.2757459121E-03	 5.8546080215E-03	 3.1272890067E-06	 8.6703428218E-06
    88   1   3	 3.2757459121E-03	 7.0042067776E-03	 3.1272890067E-06	 9.8599205413E-04
    88   1   4	 3.2757459121E-03	 1.0036698106E-02	 3.1272890067E-06	 6.7871362421E-04
    88   1   5	 3.2757459121E-03	 1.3034566803E-02	 3.1272890067E-06	 2.4329472250E-04
    88   1   6	 3.2757459121E-03	 1.3450847478E-02	 3.1272890067E-06	 1.4089338894E-04
    88   2   2	 5.8546080215E-03	 5.8546080215E-03	 8.6703428218E-06	 8.6703428218E-06
    88   2   3	 5.8546080215E-03	 7.0042067776E-03	 8.6703428218E-06	 9.8599205413E-04
    88   2   4	 5.8546080215E-03	 1.0036698106E-02	 8.6703428218E-06	 6.7871362421E-04
    88   2   5	 5.8546080215E-03	 1.3034566803E-02	 8.6703428218E-06	 2.4329472250E-04
    88   2   6	 5.8546080215E-03	 1.3450847478E-02	 8.6703428218E-06	 1.4089338894E-04
    88   3   3	 7.0042067776E-03	 7.0042067776E-03	 9.8599205413E-04	 9.8599205413E-04
    88   3   4	 7.0042067776E-03	 1.0036698106E-02	 9.8599205413E-04	 6.7871362421E-04
    88   3   5	 7.0042067776E-03	 1.3034566803E-02	 9.8599205413E-04	 2.4329472250E-04
    88   3   6	 7.0042067776E-03	 1.3450847478E-02	 9.8599205413E-04	 1.4089338894E-04
    88   4   4	 1.0036698106E-02	 1.0036698106E-02	 6.7871362421E-04	 6.7871362421E-04
    88   4   5	 1.0036698106E-02	 1.3034566803E-02	 6.7871362421E-04	 2.4329472250E-04
    88   4   6	 1.0036698106E-02	 1.3450847478E-02	 6.7871362421E-04	 1.4089338894E-04
    88   5   5	 1.3034566803E-02	 1.3034566803E-02	 2.4329472250E-04	 2.4329472250E-04
    88   5   6	 1.3034566803E-02	 1.3450847478E-02	 2.4329472250E-04	 1.4089338894E-04
    88   6   6	 1.3450847478E-02	 1.3450847478E-02	 1.4089338894E-04	 1.4089338894E-04
    89   1   1	 3.4967298745E-03	 3.4967298745E-03	 3.5736037790E-06	 3.5736037790E-06
    89   1   2	 3.4967298745E-03	 5.5997532352E-03	 3.5736037790E-06	 7.3472255222E-06
    89   1   3	 3.4967298745E-03	 7.3666864110E-03	 3.5736037790E-06	 6.7281584403E-04
    89   1   4	 3.4967298745E-03	 1.0422489979E-02	 3.5736037790E-06	 8.2146693116E-04
    89   1   5	 3.4967298745E-03	 1.2798224178E-02	 3.5736037790E-06	 2.0311008370E-04
    89   1   6	 3.4967298745E-03	 1.3447867378E-02	 3.5736037790E-06	 1.3196254857E-04
    89   2   2	 5.5997532352E-03	 5.5997532352E-03	 7.3472255222E-06	 7.3472255222E-06
    89   2   3	 5.5997532352E-03	 7.3666864110E-03	 7.3472255222E-06	 6.7281584403E-04
    89   2   4	 5.5997532352E-03	 1.0422489979E-02	 7.3472255222E-06	 8.2146693116E-04
    89   2   5	 5.5997532352E-03	 1.2798224178E-02	 7.3472255222E-06	 2.0311008370E-04
    89   2   6	 5.5997532352E-03	 1.3447867378E-02	 7.3472255222E-06	 1.3196254857E-04
    89   3   3	 7.3666864110E-03	 7.3666864110E-03	 6.7281584403E-04	 6.7281584403E-04
    89   3   4	 7.3666864110E-03	 1.0422489979E-02	 6.7281584403E-04	 8.2146693116E-04
    89   3   5	 7.3666864110E-03	 1.2798224178E-02	 6.7281584403E-04	 2.0311008370E-04
    89   3   6	 7.3666864110E-03	 1.3447867378E-02	 6.7281584403E-04	 1.3196254857E-04
    89   4   4	 1.0422489979E-02	 1.0422489979E-02	 8.2146693116E-04	 8.2146693116E-04
    89   4   5	 1.0422489979E-02	 1.2798224178E-02	 8.2146693116E-04	 2.0311008370E-04
    89   4   6	 1.0422489979E-02	 1.3447867378E-02	 8.2146693116E-04	 1.3196254857E-04
    89   5   5	 1.2798224178E-02	 1.2798224178E-02	 2.0311008370E-04	 2.0311008370E-04
    89   5   6	 1.2798224178E-02	 1.3447867378E-02	 2.0311008370E-04	 1.3196254857E-04
    89   6   6	 1.3447867378E-02	 1.3447867378E-02	 1.3196254857E-04	 1.3196254857E-04
    90   1   1	 3.7045757317E-03	 3.7045757317E-03	 3.8304742618E-06	 3.8304742618E-06
    90   1   2	 3.7045757317E-03	 5.3612267968E-03	 3.8304742618E-06	 6.2620867400E-06
    90   1   3	 3.7045757317E-03	 7.6513351683E-03	 3.8304742618E-06	 2.8904417325E-04
    90   1   4	 3.7045757317E-03	 1.0801247842E-02	 3.8304742618E-06	 5.2117407570E-04
    90   1   5	 3.7045757317E-03	 1.2529081243E-02	 3.8304742618E-06	 1.4521974516E-04
    90   1   6	 3.7045757317E-03	 1.3445542632E-02	 3.8304742618E-06	 1.5573383696E-04
    90   2   2	 5.3612267968E-03	 5.3612267968E-03	 6.2620867400E-06	 6.2620867400E-06
    90   2   3	 5.3612267968E-03	 7.6513351683E-03	 6.2620867400E-06	 2.8904417325E-04
    90   2   4	 5.3612267968E-03	 1.0801247842E-02	 6.2620867400E-06	 5.2117407570E-04
    90   2   5	 5.3612267968E-03	 1.2529081243E-02	 6.2620867400E-06	 1.4521974516E-04
    90   2   6	 5.3612267968E-03	 1.3445542632E-02	 6.2620867400E-06	 1.5573383696E-04
    90   3   3	 7.6513351683E-03	 7.6513351683E-03	 2.8904417325E-04	 2.8904417325E-04
    90   3   4	 7.6513351683E-03	 1.0801247842E-02	 2.8904417325E-04	 5.2117407570E-04
    90   3   5	 7.6513351683E-03	 1.2529081243E-02	 2.8904417325E-04	 1.4521974516E-04
    90   3   6	 7.6513351683E-03	 1.3445542632E-02	 2.8904417325E-04	 1.5573383696E-04
    90   4   4	 1.0801247842E-02	 1.0801247842E-02	 5.2117407570E-04	 5.2117407570E-04
    90   4   5	 1.0801247842E-02	 1.2529081243E-02	 5.2117407570E-04	 1.4521974516E-04
    90   4   6	 1.0801247842E-02	 1.3445542632E-02	 5.2117407570E-04	 1.5573383696E-04
    90   5   5	 1.2529081243E-02	 1.2529081243E-02	 1.4521974516E-04	 1.4521974516E-04
    90   5   6	 1.2529081243E-02	 1.3445542632E-02	 1.4521974516E-04	 1.5573383696E-04
    90   6   6	 1.3445542632E-02	 1.3445542632E-02	 1.5573383696E-04	 1.5573383696E-04
    91   1   1	 3.8841637254E-03	 3.8841637254E-03	 3.7867784130E-06	 3.7867784130E-06
    91   1   2	 3.8841637254E-03	 5.1584887297E-03	 3.7867784130E-06	 5.9798236207E-06
    91   1   3	 3.8841637254E-03	 7.8469025402E-03	 3.7867784130E-06	 1.6983750365E-04
    91   1   4	 3.8841637254E-03	 1.1170935686E-02	 3.7867784130E-06	 5.3247918174E-04
    91   1   5	 3.8841637254E-03	 1.2231576381E-02	 3.7867784130E-06	 1.2198815695E-04
    91   1   6	 3.8841637254E-03	 1.3443900762E-02	 3.7867784130E-06	 1.8888962657E-04
    91   2   2	 5.1584887297E-03	 5.1584887297E-03	 5.9798236207E-06	 5.9798236207E-06
    91   2   3	 5.1584887297E-03	 7.8469025402E-03	 5.9798236207E-06	 1.6983750365E-04
    91   2   4	 5.1584887297E-03	 1.1170935686E-02	 5.9798236207E-06	 5.3247918174E-04
    91   2   5	 5.1584887297E-03	 1.2231576381E-02	 5.9798236207E-06	 1.2198815695E-04
    91   2   6	 5.1584887297E-03	 1.3443900762E-02	 5.9798236207E-06	 1.8888962657E-04
    91   3   3	 7.8469025402E-03	 7.8469025402E-03	 1.6983750365E-04	 1.6983750365E-04
    91   3   4	 7.8469025402E-03	 1.1170935686E-02	 1.6983750365E-04	 5.3247918174E-04
    91   3   5	 7.8469025402E-03	 1.2231576381E-02	 1.6983750365E-04	 1.2198815695E-04
    91   3   6	 7.8469025402E-03	 1.3443900762E-02	 1.6983750365E-04	 1.8888962657E-04
    91   4   4	 1.1170935686E-02	 1.1170935686E-02	 5.3247918174E-04	 5.3247918174E-04
    91   4   5	 1.1170935686E-02	 1.2231576381E-02	 5.3247918174E-04	 1.2198815695E-04
    91   4   6	 1.1170935686E-02	 1.3443900762E-02	 5.3247918174E-04	 1.8888962657E-04
    91   5   5	 1.2231576381E-02	 1.2231576381E-02	 1.2198815695E-04	 1.2198815695E-04
    91   5   6	 1.2231576381E-02	 1.3443900762E-02	 1.2198815695E-04	 1.8888962657E-04
    91   6   6	 1.3443900762E-02	 1.3443900762E-02	 1.8888962657E-04	 1.8888962657E-04
    92   1   1	 3.9994960198E-03	 3.9994960198E-03	 4.2567260539E-06	 4.2567260539E-06
    92   1   2	 3.9994960198E-03	 5.0307329128E-03	 4.2567260539E-06	 5.7144820205E-06
    92   1   3	 3.9994960198E-03	 7.9463229749E-03	 4.2567260539E-06	 1.3949366397E-04
    92   1   4	 3.9994960198E-03	 1.1516426721E-02	 4.2567260539E-06	 2.4152055525E-04
    92   1   5	 3.9994960198E-03	 1.1922014012E-02	 4.2567260539E-06	 2.2311038033E-04
    92   1   6	 3.9994960198E-03	 1.3443040754E-02	 4.2567260539E-06	 1.8535729202E-04
    92   2   2	 5.0307329128E-03	 5.0307329128E-03	 5.7144820205E-06	 5.7144820205E-06
    92   2   3	 5.0307329128E-03	 7.9463229749E-03	 5.7144820205E-06	 1.3949366397E-04
    92   2   4	 5.0307329128E-03	 1.1516426721E-02	 5.7144820205E-06	 2.4152055525E-04
    92   2   5	 5.0307329128E-03	 1.1922014012E-02	 5.7144820205E-06	 2.2311038033E-04
    92   2   6	 5.0307329128E-03	 1.3443040754E-02	 5.7144820205E-06	 1.8535729202E-04
    92   3   3	 7.9463229749E-03	 7.9463229749E-03	 1.3949366397E-04	 1.3949366397E-04
    92   3   4	 7.9463229749E-03	 1.1516426721E-02	 1.3949366397E-04	 2.4152055525E-04
    92   3   5	 7.9463229749E-03	 1.1922014012E-02	 1.3949366397E-04	 2.2311038033E-04
    92   3   6	 7.9463229749E-03	 1.3443040754E-02	 1.3949366397E-04	 1.8535729202E-04
    92   4   4	 1.1516426721E-02	 1.1516426721E-02	 2.4152055525E-04	 2.4152055525E-04
    92   4   5	 1.1516426721E-02	 1.1922014012E-02	 2.4152055525E-04	 2.2311038033E-04
    92   4   6	 1.1516426721E-02	 1.3443040754E-02	 2.4152055525E-04	 1.8535729202E-04
    92   5   5	 1.1922014012E-02	 1.1922014012E-02	 2.2311038033E-04	 2.2311038033E-04
    92   5   6	 1.1922014012E-02	 1.3443040754E-02	 2.2311038033E-04	 1.8535729202E-04
    92   6   6	 1.3443040754E-02	 1.3443040754E-02	 1.8535729202E-04	 1.8535729202E-04
    93   1   1	 3.4967298745E-03	 3.4967298745E-03	 3.6542004143E-06	 3.6542004143E-06
    93   1   2	 3.4967298745E-03	 5.5997532352E-03	 3.6542004143E-06	 7.0558273494E-06
    93   1   3	 3.4967298745E-03	 7.4416251119E-03	 3.6542004143E-06	 8.2012644004E-04
    93   1   4	 3.4967298745E-03	 1.0349551578E-02	 3.6542004143E-06	 6.7446922679E-04
    93   1   5	 3.4967298745E-03	 1.2803188758E-02	 3.6542004143E-06	 2.1346007051E-04
    93   1   6	 3.4967298745E-03	 1.3458209413E-02	 3.6542004143E-06	 1.5907727599E-04
    93   2   2	 5.5997532352E-03	 5.5997532352E-03	 7.0558273494E-06	 7.0558273494E-06
    93   2   3	 5.5997532352E-03	 7.4416251119E-03	 7.0558273494E-06	 8.2012644004E-04
    93   2   4	 5.5997532352E-03	 1.0349551578E-02	 7.0558273494E-06	 6.7446922679E-04
    93   2   5	 5.5997532352E-03	 1.2803188758E-02	 7.0558273494E-06	 2.1346007051E-04
    93   2   6	 5.5997532352E-03	 1.3458209413E-02	 7.0558273494E-06	 1.5907727599E-04
    93   3   3	 7.4416251119E-03	 7.4416251119E-03	 8.2012644004E-04	 8.2012644004E-04
    93   3   4	 7.4416251119E-03	 1.0349551578E-02	 8.2012644004E-04	 6.7446922679E-04
    93   3   5	 7.4416251119E-03	 1.2803188758E-02	 8.2012644004E-04	 2.1346007051E-04
    93   3   6	 7.4416251119E-03	 1.3458209413E-02	 8.2012644004E-04	 1.5907727599E-04
    93   4   4	 1.0349551578E-02	 1.0349551578E-02	 6.7446922679E-04	 6.7446922679E-04
    93   4   5	 1.0349551578E-02	 1.2803188758E-02	 6.7446922679E-04	 2.1346007051E-04
    93   4   6	 1.0349551578E-02	 1.3458209413E-02	 6.7446922679E-04	 1.5907727599E-04
    93   5   5	 1.2803188758E-02	 1.2803188758E-02	 2.1346007051E-04	 2.1346007051E-04
    93   5   6	 1.2803188758E-02	 1.3458209413E-02	 2.1346007051E-04	 1.5907727599E-04
    93   6   6	 1.3458209413E-02	 1.3458209413E-02	 1.5907727599E-04	 1.5907727599E-04
    94   1   1	 3.7133578007E-03	 3.7133578007E-03	 3.8572417444E-06	 3.8572417444E-06
    94   1   2	 3.7133578007E-03	 5.3504990705E-03	 3.8572417444E-06	 6.1689563460E-06
    94   1   3	 3.7133578007E-03	 7.8147299437E-03	 3.8572417444E-06	 5.2909526517E-04
    94   1   4	 3.7133578007E-03	 1.0653729922E-02	 3.8572417444E-06	 7.9979637827E-04
    94   1   5	 3.7133578007E-03	 1.2541223491E-02	 3.8572417444E-06	 1.7479560024E-04
    94   1   6	 3.7133578007E-03	 1.3466925976E-02	 3.8572417444E-06	 1.5612718275E-04
    94   2   2	 5.3504990705E-03	 5.3504990705E-03	 6.1689563460E-06	 6.1689563460E-06
    94   2   3	 5.3504990705E-03	 7.8147299437E-03	 6.1689563460E-06	 5.2909526517E-04
    94   2   4	 5.3504990705E-03	 1.0653729922E-02	 6.1689563460E-06	 7.9979637827E-04
    94   2   5	 5.3504990705E-03	 1.2541223491E-02	 6.1689563460E-06	 1.7479560024E-04
    94   2   6	 5.3504990705E-03	 1.3466925976E-02	 6.1689563460E-06	 1.5612718275E-04
    94   3   3	 7.8147299437E-03	 7.8147299437E-03	 5.2909526517E-04	 5.2909526517E-04
    94   3   4	 7.8147299437E-03	 1.0653729922E-02	 5.2909526517E-04	 7.9979637827E-04
    94   3   5	 7.8147299437E-03	 1.2541223491E-02	 5.2909526517E-04	 1.7479560024E-04
    94   3   6	 7.8147299437E-03	 1.3466925976E-02	 5.2909526517E-04	 1.5612718275E-04
    94   4   4	 1.0653729922E-02	 1.0653729922E-02	 7.9979637827E-04	 7.9979637827E-04
    94   4   5	 1.0653729922E-02	 1.2541223491E-02	 7.9979637827E-04	 1.7479560024E-04
    94   4   6	 1.0653729922E-02	 1.3466925976E-02	 7.9979637827E-04	 1.5612718275E-04
    94   5   5	 1.2541223491E-02	 1.2541223491E-02	 1.7479560024E-04	 1.7479560024E-04
    94   5   6	 1.2541223491E-02	 1.3466925976E-02	 1.7479560024E-04	 1.5612718275E-04
    94   6   6	 1.3466925976E-02	 1.3466925976E-02	 1.5612718275E-04	 1.5612718275E-04
    95   1   1	 3.9183107925E-03	 3.9183107925E-03	 3.8126940424E-06	 3.8126940424E-06
    95   1   2	 3.9183107925E-03	 5.1182207768E-03	 3.8126940424E-06	 6.2969758760E-06
    95   1   3	 3.9183107925E-03	 8.0988449332E-03	 3.8126940424E-06	 1.9191744263E-04
    95   1   4	 3.9183107925E-03	 1.0959979427E-02	 3.8126940424E-06	 6.3700585499E-04
    95   1   5	 3.9183107925E-03	 1.2253911524E-02	 3.8126940424E-06	 1.4498149750E-04
    95   1   6	 3.9183107925E-03	 1.3474399218E-02	 3.8126940424E-06	 2.1271273577E-04
    95   2   2	 5.1182207768E-03	 5.1182207768E-03	 6.2969758760E-06	 6.2969758760E-06
    95   2   3	 5.1182207768E-03	 8.0988449332E-03	 6.2969758760E-06	 1.9191744263E-04
    95   2   4	 5.1182207768E-03	 1.0959979427E-02	 6.2969758760E-06	 6.3700585499E-04
    95   2   5	 5.1182207768E-03	 1.2253911524E-02	 6.2969758760E-06	 1.4498149750E-04
    95   2   6	 5.1182207768E-03	 1.3474399218E-02	 6.2969758760E-06	 2.1271273577E-04
    95   3   3	 8.0988449332E-03	 8.0988449332E-03	 1.9191744263E-04	 1.9191744263E-04
    95   3   4	 8.0988449332E-03	 1.0959979427E-02	 1.9191744263E-04	 6.3700585499E-04
    95   3   5	 8.0988449332E-03	 1.2253911524E-02	 1.9191744263E-04	 1.4498149750E-04
    95   3   6	 8.0988449332E-03	 1.3474399218E-02	 1.9191744263E-04	 2.1271273577E-04
    95   4   4	 1.0959979427E-02	 1.0959979427E-02	 6.3700585499E-04	 6.3700585499E-04
    95   4   5	 1.0959979427E-02	 1.2253911524E-02	 6.3700585499E-04	 1.4498149750E-04
    95   4   6	 1.0959979427E-02	 1.3474399218E-02	 6.3700585499E-04	 2.1271273577E-04
    95   5   5	 1.2253911524E-02	 1.2253911524E-02	 1.4498149750E-04	 1.4498149750E-04
    95   5   6	 1.2253911524E-02	 1.3474399218E-02	 1.4498149750E-04	 2.1271273577E-04
    95   6   6	 1.3474399218E-02	 1.3474399218E-02	 2.1271273577E-04	 2.1271273577E-04
    96   1   1	 4.0913834651E-03	 4.0913834651E-03	 4.1792896152E-06	 4.1792896152E-06
    96   1   2	 4.0913834651E-03	 4.9270383251E-03	 4.1792896152E-06	 5.1751021485E-06
    96   1   3	 4.0913834651E-03	 8.2764744771E-03	 4.1792896152E-06	 1.0813042326E-04
    96   1   4	 4.0913834651E-03	 1.1267359660E-02	 4.1792896152E-06	 4.4254263581E-04
    96   1   5	 4.0913834651E-03	 1.1953240932E-02	 4.1792896152E-06	 1.2685582846E-04
    96   1   6	 4.0913834651E-03	 1.3479398402E-02	 4.1792896152E-06	 2.3179363207E-04
    96   2   2	 4.9270383251E-03	 4.9270383251E-03	 5.1751021485E-06	 5.1751021485E-06
    96   2   3	 4.9270383251E-03	 8.2764744771E-03	 5.1751021485E-06	 1.0813042326E-04
    96   2   4	 4.9270383251E-03	 1.1267359660E-02	 5.1751021485E-06	 4.4254263581E-04
    96   2   5	 4.9270383251E-03	 1.1953240932E-02	 5.1751021485E-06	 1.2685582846E-04
    96   2   6	 4.9270383251E-03	 1.3479398402E-02	 5.1751021485E-06	 2.3179363207E-04
    96   3   3	 8.2764744771E-03	 8.2764744771E-03	 1.0813042326E-04	 1.0813042326E-04
    96   3   4	 8.2764744771E-03	 1.1267359660E-02	 1.0813042326E-04	 4.4254263581E-04
    96   3   5	 8.2764744771E-03	 1.1953240932E-02	 1.0813042326E-04	 1.2685582846E-04
    96   3   6	 8.2764744771E-03	 1.3479398402E-02	 1.0813042326E-04	 2.3179363207E-04
    96   4   4	 1.1267359660E-02	 1.1267359660E-02	 4.4254263581E-04	 4.4254263581E-04
    96   4   5	 1.1267359660E-02	 1.1953240932E-02	 4.4254263581E-04	 1.2685582846E-04
    96   4   6	 1.1267359660E-02	 1.3479398402E-02	 4.4254263581E-04	 2.3179363207E-04
    96   5   5	 1.1953240932E-02	 1.1953240932E-02	 1.2685582846E-04	 1.2685582846E-04
    96   5   6	 1.1953240932E-02	 1.3479398402E-02	 1.2685582846E-04	 2.3179363207E-04
    96   6   6	 1.3479398402E-02	 1.3479398402E-02	 2.3179363207E-04	 2.3179363207E-04
    97   1   1	 4.1699813536E-03	 4.1699813536E-03	 4.0060188410E-06	 4.0060188410E-06
    97   1   2	 4.1699813536E-03	 4.8421067169E-03	 4.0060188410E-06	 4.7928634866E-06
    97   1   3	 4.1699813536E-03	 8.3368556034E-03	 4.0060188410E-06	 1.0357852452E-04
    97   1   4	 4.1699813536E-03	 1.1493805355E-02	 4.0060188410E-06	 1.0264257488E-04
    97   1   5	 4.1699813536E-03	 1.1728272895E-02	 4.0060188410E-06	 2.5482707057E-04
    97   1   6	 4.1699813536E-03	 1.3481152935E-02	 4.0060188410E-06	 2.3662723565E-04
    97   2   2	 4.8421067169E-03	 4.8421067169E-03	 4.7928634866E-06	 4.7928634866E-06
    97   2   3	 4.8421067169E-03	 8.3368556034E-03	 4.7928634866E-06	 1.0357852452E-04
    97   2   4	 4.8421067169E-03	 1.1493805355E-02	 4.7928634866E-06	 1.0264257488E-04
    97   2   5	 4.8421067169E-03	 1.1728272895E-02	 4.7928634866E-06	 2.5482707057E-04
    97   2   6	 4.8421067169E-03	 1.3481152935E-02	 4.7928634866E-06	 2.3662723565E-04
    97   3   3	 8.3368556034E-03	 8.3368556034E-03	 1.0357852452E-04	 1.0357852452E-04
    97   3   4	 8.3368556034E-03	 1.1493805355E-02	 1.0357852452E-04	 1.0264257488E-04
    97   3   5	 8.3368556034E-03	 1.1728272895E-02	 1.0357852452E-04	 2.5482707057E-04
    97   3   6	 8.3368556034E-03	 1.3481152935E-02	 1.0357852452E-04	 2.3662723565E-04
    97   4   4	 1.1493805355E-02	 1.1493805355E-02	 1.0264257488E-04	 1.0264257488E-04
    97   4   5	 1.1493805355E-02	 1.1728272895E-02	 1.0264257488E-04	 2.5482707057E-04
    97   4   6	 1.1493805355E-02	 1.3481152935E-02	 1.0264257488E-04	 2.3662723565E-04
    97   5   5	 1.1728272895E-02	 1.1728272895E-02	 2.5482707057E-04	 2.5482707057E-04
    97   5   6	 1.1728272895E-02	 1.3481152935E-02	 2.5482707057E-04	 2.3662723565E-04
    97   6   6	 1.3481152935E-02	 1.3481152935E-02	 2.3662723565E-04	 2.3662723565E-04
    98   1   1	 3.9220510878E-03	 3.9220510878E-03	 3.8418205881E-06	 3.8418205881E-06
    98   1   2	 3.9220510878E-03	 5.1104883320E-03	 3.8418205881E-06	 5.7817153716E-06
    98   1   3	 3.9220510878E-03	 8.1999366711E-03	 3.8418205881E-06	 2.5566822171E-04
    98   1   4	 3.9220510878E-03	 1.0872461517E-02	 3.8418205881E-06	 8.8403828340E-04
    98   1   5	 3.9220510878E-03	 1.2263530042E-02	 3.8418205881E-06	 1.7752982562E-04
    98   1   6	 3.9220510878E-03	 1.3484385015E-02	 3.8418205881E-06	 1.8941217797E-04
    98   2   2	 5.1104883320E-03	 5.1104883320E-03	 5.7817153716E-06	 5.7817153716E-06
    98   2   3	 5.1104883320E-03	 8.1999366711E-03	 5.7817153716E-06	 2.5566822171E-04
    98   2   4	 5.1104883320E-03	 1.0872461517E-02	 5.7817153716E-06	 8.8403828340E-04
    98   2   5	 5.1104883320E-03	 1.2263530042E-02	 5.7817153716E-06	 1.7752982562E-04
    98   2   6	 5.1104883320E-03	 1.3484385015E-02	 5.7817153716E-06	 1.8941217797E-04
    98   3   3	 8.1999366711E-03	 8.1999366711E-03	 2.5566822171E-04	 2.5566822171E-04
    98   3   4	 8.1999366711E-03	 1.0872461517E-02	 2.5566822171E-04	 8.8403828340E-04
    98   3   5	 8.1999366711E-03	 1.2263530042E-02	 2.5566822171E-04	 1.7752982562E-04
    98   3   6	 8.1999366711E-03	 1.3484385015E-02	 2.5566822171E-04	 1.8941217797E-04
    98   4   4	 1.0872461517E-02	 1.0872461517E-02	 8.8403828340E-04	 8.8403828340E-04
    98   4   5	 1.0872461517E-02	 1.2263530042E-02	 8.8403828340E-04	 1.7752982562E-04
    98   4   6	 1.0872461517E-02	 1.3484385015E-02	 8.8403828340E-04	 1.8941217797E-04
    98   5   5	 1.2263530042E-02	 1.2263530042E-02	 1.7752982562E-04	 1.7752982562E-04
    98   5   6	 1.2263530042E-02	 1.3484385015E-02	 1.7752982562E-04	 1.8941217797E-04
    98   6   6	 1.3484385015E-02	 1.3484385015E-02	 1.8941217797E-04	 1.8941217797E-04
    99   1   1	 4.1277204356E-03	 4.1277204356E-03	 4.2046274735E-06	 4.2046274735E-06
    99   1   2	 4.1277204356E-03	 4.8815631602E-03	 4.2046274735E-06	 5.2367024613E-06
    99   1   3	 4.1277204356E-03	 8.4792765913E-03	 4.2046274735E-06	 1.3119556128E-04
    99   1   4	 4.1277204356E-03	 1.1104546872E-02	 4.2046274735E-06	 6.4265870240E-04
    99   1   5	 4.1277204356E-03	 1.1972756464E-02	 4.2046274735E-06	 1.6837857490E-04
    99   1   6	 4.1277204356E-03	 1.3497710606E-02	 4.2046274735E-06	 2.4481379454E-04
    99   2   2	 4.8815631602E-03	 4.8815631602E-03	 5.2367024613E-06	 5.2367024613E-06
    99   2   3	 4.8815631602E-03	 8.4792765913E-03	 5.2367024613E-06	 1.3119556128E-04
    99   2   4	 4.8815631602E-03	 1.1104546872E-02	 5.2367024613E-06	 6.4265870240E-04
    99   2   5	 4.8815631602E-03	 1.1972756464E-02	 5.2367024613E-06	 1.6837857490E-04
    99   2   6	 4.8815631602E-03	 1.3497710606E-02	 5.2367024613E-06	 2.4481379454E-04
    99   3   3	 8.4792765913E-03	 8.4792765913E-03	 1.3119556128E-04	 1.3119556128E-04
    99   3   4	 8.4792765913E-03	 1.1104546872E-02	 1.3119556128E-04	 6.4265870240E-04
    99   3   5	 8.4792765913E-03	 1.1972756464E-02	 1.3119556128E-04	 1.6837857490E-04
    99   3   6	 8.4792765913E-03	 1.3497710606E-02	 1.3119556128E-04	 2.4481379454E-04
    99   4   4	 1.1104546872E-02	 1.1104546872E-02	 6.4265870240E-04	 6.4265870240E-04
    99   4   5	 1.1104546872E-02	 1.1972756464E-02	 6.4265870240E-04	 1.6837857490E-04
    99   4   6	 1.1104546872E-02	 1.3497710606E-02	 6.4265870240E-04	 2.4481379454E-04
    99   5   5	 1.1972756464E-02	 1.1972756464E-02	 1.6837857490E-04	 1.6837857490E-04
    99   5   6	 1.1972756464E-02	 1.3497710606E-02	 1.6837857490E-04	 2.4481379454E-04
    99   6   6	 1.3497710606E-02	 1.3497710606E-02	 2.4481379454E-04	 2.4481379454E-04
   100   1   1	 4.3048303209E-03	 4.3048303209E-03	 4.4797588656E-06	 4.4797588656E-06
   100   1   2	 4.3048303209E-03	 4.6919144408E-03	 4.4797588656E-06	 5.0907882856E-06
   100   1   3	 4.3048303209E-03	 8.6277111458E-03	 4.4797588656E-06	 9.3299590599E-05
   100   1   4	 4.3048303209E-03	 1.1341281843E-02	 4.4797588656E-06	 1.6516894080E-04
   100   1   5	 4.3048303209E-03	 1.1698985563E-02	 4.4797588656E-06	 1.4634322341E-04
   100   1   6	 4.3048303209E-03	 1.3504885534E-02	 4.4797588656E-06	 2.4622449198E-04
   100   2   2	 4.6919144408E-03	 4.6919144408E-03	 5.0907882856E-06	 5.0907882856E-06
   100   2   3	 4.6919144408E-03	 8.6277111458E-03	 5.0907882856E-06	 9.3299590599E-05
   100   2   4	 4.6919144408E-03	 1.1341281843E-02	 5.0907882856E-06	 1.6516894080E-04
   100   2   5	 4.6919144408E-03	 1.1698985563E-02	 5.0907882856E-06	 1.4634322341E-04
   100   2   6	 4.6919144408E-03	 1.3504885534E-02	 5.0907882856E-06	 2.4622449198E-04
   100   3   3	 8.6277111458E-03	 8.6277111458E-03	 9.3299590599E-05	 9.3299590599E-05
   100   3   4	 8.6277111458E-03	 1.1341281843E-02	 9.3299590599E-05	 1.6516894080E-04
   100   3   5	 8.6277111458E-03	 1.1698985563E-02	 9.3299590599E-05	 1.4634322341E-04
   100   3   6	 8.6277111458E-03	 1.3504885534E-02	 9.3299590599E-05	 2.4622449198E-04
   100   4   4	 1.1341281843E-02	 1.1341281843E-02	 1.6516894080E-04	 1.6516894080E-04
   100   4   5	 1.1341281843E-02	 1.1698985563E-02	 1.6516894080E-04	 1.4634322341E-04
   100   4   6	 1.1341281843E-02	 1.3504885534E-02	 1.6516894080E-04	 2.4622449198E-04
   100   5   5	 1.1698985563E-02	 1.1698985563E-02	 1.4634322341E-04	 1.4634322341E-04
   100   5   6	 1.1698985563E-02	 1.3504885534E-02	 1.4634322341E-04	 2.4622449198E-04
   100   6   6	 1.3504885534E-02	 1.3504885534E-02	 2.4622449198E-04	 2.4622449198E-04
   101   1   1	 4.2842524416E-03	 4.2842524416E-03	 4.1253083860E-06	 4.1253083860E-06
   101   1   2	 4.2842524416E-03	 4.7003386530E-03	 4.1253083860E-06	 4.8253710622E-06
   101   1   3	 4.2842524416E-03	 8.7520525780E-03	 4.1253083860E-06	 1.2170894686E-04
   101   1   4	 4.2842524416E-03	 1.1249148730E-02	 4.1253083860E-06	 1.8213741098E-04
   101   1   5	 4.2842524416E-03	 1.1708874969E-02	 4.1253083860E-06	 1.6313413593E-04
   101   1   6	 4.2842524416E-03	 1.3510935742E-02	 4.1253083860E-06	 3.0953743819E-04
   101   2   2	 4.7003386530E-03	 4.7003386530E-03	 4.8253710622E-06	 4.8253710622E-06
   101   2   3	 4.7003386530E-03	 8.7520525780E-03	 4.8253710622E-06	 1.2170894686E-04
   101   2   4	 4.7003386530E-03	 1.1249148730E-02	 4.8253710622E-06	 1.8213741098E-04
   101   2   5	 4.7003386530E-03	 1.1708874969E-02	 4.8253710622E-06	 1.6313413593E-04
   101   2   6	 4.7003386530E-03	 1.3510935742E-02	 4.8253710622E-06	 3.0953743819E-04
   101   3   3	 8.7520525780E-03	 8.7520525780E-03	 1.2170894686E-04	 1.2170894686E-04
   101   3   4	 8.7520525780E-03	 1.1249148730E-02	 1.2170894686E-04	 1.8213741098E-04
   101   3   5	 8.7520525780E-03	 1.1708874969E-02	 1.2170894686E-04	 1.6313413593E-04
   101   3   6	 8.7520525780E-03	 1.3510935742E-02	 1.2170894686E-04	 3.0953743819E-04
   101   4   4	 1.1249148730E-02	 1.1249148730E-02	 1.8213741098E-04	 1.8213741098E-04
   101   4   5	 1.1249148730E-02	 1.1708874969E-02	 1.8213741098E-04	 1.6313413593E-04
   101   4   6	 1.1249148730E-02	 1.3510935742E-02	 1.8213741098E-04	 3.0953743819E-04
   101   5   5	 1.1708874969E-02	 1.1708874969E-02	 1.6313413593E-04	 1.6313413593E-04
   101   5   6	 1.1708874969E-02	 1.3510935742E-02	 1.6313413593E-04	 3.0953743819E-04
   101   6   6	 1.3510935742E-02	 1.3510935742E-02	 3.0953743819E-04	 3.0953743819E-04
   102   1   1	 4.4497143347E-03	 4.4497143347E-03	 4.4388332771E-06	 4.4388332771E-06
   102   1   2	 4.4497143347E-03	 4.5283902740E-03	 4.4388332771E-06	 4.8936870970E-06
   102   1   3	 4.4497143347E-03	 8.8449981277E-03	 4.4388332771E-06	 1.3633784671E-04
   102   1   4	 4.4497143347E-03	 1.1396695838E-02	 4.4388332771E-06	 8.9359768402E-05
   102   1   5	 4.4497143347E-03	 1.1518127352E-02	 4.4388332771E-06	 2.0124856871E-04
   102   1   6	 4.4497143347E-03	 1.3516214443E-02	 4.4388332771E-06	 2.8344081559E-04
   102   2   2	 4.5283902740E-03	 4.5283902740E-03	 4.8936870970E-06	 4.8936870970E-06
   102   2   3	 4.5283902740E-03	 8.8449981277E-03	 4.8936870970E-06	 1.3633784671E-04
   102   2   4	 4.5283902740E-03	 1.1396695838E-02	 4.8936870970E-06	 8.9359768402E-05
   102   2   5	 4.5283902740E-03	 1.1518127352E-02	 4.8936870970E-06	 2.0124856871E-04
   102   2   6	 4.5283902740E-03	 1.3516214443E-02	 4.8936870970E-06	 2.8344081559E-04
   102   3   3	 8.8449981277E-03	 8.8449981277E-03	 1.3633784671E-04	 1.3633784671E-04
   102   3   4	 8.8449981277E-03	 1.1396695838E-02	 1.3633784671E-04	 8.9359768402E-05
   102   3   5	 8.8449981277E-03	 1.1518127352E-02	 1.3633784671E-04	 2.0124856871E-04
   102   3   6	 8.8449981277E-03	 1.3516214443E-02	 1.3633784671E-04	 2.8344081559E-04
   102   4   4	 1.1396695838E-02	 1.1396695838E-02	 8.9359768402E-05	 8.9359768402E-05
   102   4   5	 1.1396695838E-02	 1.1518127352E-02	 8.9359768402E-05	 2.0124856871E-04
   102   4   6	 1.1396695838E-02	 1.3516214443E-02	 8.9359768402E-05	 2.8344081559E-04
   102   5   5	 1.1518127352E-02	 1.1518127352E-02	 2.0124856871E-04	 2.0124856871E-04
   102   5   6	 1.1518127352E-02	 1.3516214443E-02	 2.0124856871E-04	 2.8344081559E-04
   102   6   6	 1.3516214443E-02	 1.3516214443E-02	 2.8344081559E-04	 2.8344081559E-04
